{
  "PPR": 8.286585365853659,
  "TPI": 0.7223283658132722,
  "OV_block_step": 2379254,
  "OV_frac": 1.8478724164391052,
  "GE2_frac": 0.4684753534581582,
  "peak_blocks": 1359,
  "peak_step": 3146,
  "gpu_blocks": 164,
  "total_steps": 7851,
  "type1_count": 35,
  "type2_count": 29,
  "plot_path": "traces/requests_types_8k/all_traces_arrival_rate_CV/SS00_SM00_SL00_MS00_MM00_ML00_LS33_LM00_LL67/lognormal_lambda3.0x_cv4/lognormal_lambda3.0x_cv4.png"
}