{
  "PPR": 3.8842345773038844,
  "TPI": 0.6798801631113207,
  "OV_block_step": 119675072,
  "OV_frac": 0.8427999375282624,
  "GE2_frac": 0.4098865433160421,
  "peak_blocks": 15300,
  "peak_step": 20894,
  "gpu_blocks": 3939,
  "total_steps": 36049,
  "type1_count": 33,
  "type2_count": 12,
  "plot_path": "traces/SS22_SL19_LS47_LL09/tsa05/tsa05_hi_ov84.png"
}