{
  "PPR": 2.7071428571428573,
  "TPI": 0.13920379646717637,
  "OV_block_step": 127214,
  "OV_frac": 0.05989134119242213,
  "GE2_frac": 0.015291326127076193,
  "peak_blocks": 379,
  "peak_step": 8592,
  "gpu_blocks": 140,
  "total_steps": 15172,
  "type1_count": 54,
  "type2_count": 53,
  "plot_path": "traces/requests_types_8k/all_traces_arrival_rate_CV/SS06_SM27_SL20_MS09_MM11_ML01_LS04_LM12_LL10/lognormal_lambda1.5x_cv3/lognormal_lambda1.5x_cv3.png"
}