{
  "PPR": 3.216326530612245,
  "TPI": 0.4774913428241631,
  "OV_block_step": 223717,
  "OV_frac": 0.35133921209884494,
  "GE2_frac": 0.13043478260869565,
  "peak_blocks": 788,
  "peak_step": 1519,
  "gpu_blocks": 245,
  "total_steps": 2599,
  "type1_count": 22,
  "type2_count": 22,
  "plot_path": "traces/requests_types_16k/all_traces_arrival_rate_CV/SS54_SM10_SL01_MS02_MM09_ML02_LS06_LM14_LL01/lognormal_lambda3.0x_cv4/lognormal_lambda3.0x_cv4.png"
}