{
  "PPR": 8.506369426751592,
  "TPI": 0.6163786008230453,
  "OV_block_step": 4177145,
  "OV_frac": 1.0948979056905455,
  "GE2_frac": 0.39539094650205764,
  "peak_blocks": 2671,
  "peak_step": 10369,
  "gpu_blocks": 314,
  "total_steps": 12150,
  "type1_count": 22,
  "type2_count": 20,
  "plot_path": "traces/requests_types_16k/all_traces_arrival_rate_CV/SS00_SM00_SL00_MS00_MM00_ML00_LS00_LM00_LL100/lognormal_lambda2.0x_cv6/lognormal_lambda2.0x_cv6.png"
}