{
  "PPR": 3.1779359430604983,
  "TPI": 0.24165582098324867,
  "OV_block_step": 2689889,
  "OV_frac": 0.20094375748060814,
  "GE2_frac": 0.06771904781896805,
  "peak_blocks": 1786,
  "peak_step": 20350,
  "gpu_blocks": 562,
  "total_steps": 23819,
  "type1_count": 23,
  "type2_count": 10,
  "plot_path": "traces/requests_types_32k/all_traces_arrival_rate_CV/SS04_SM15_SL55_MS02_MM04_ML04_LS04_LM04_LL05/lognormal_lambda2.5x_cv3/lognormal_lambda2.5x_cv3.png"
}