{
  "PPR": 3.3,
  "TPI": 0.7124614089250632,
  "OV_block_step": 557444,
  "OV_frac": 0.521511834596314,
  "GE2_frac": 0.18102722424922818,
  "peak_blocks": 495,
  "peak_step": 2857,
  "gpu_blocks": 150,
  "total_steps": 7126,
  "type1_count": 76,
  "type2_count": 40,
  "plot_path": "traces/requests_types_8k/all_traces_arrival_rate_CV/SS00_SM00_SL00_MS00_MM00_ML00_LS33_LM66_LL01/lognormal_lambda4.0x_cv1/lognormal_lambda4.0x_cv1.png"
}