{
  "PPR": 3.830721003134796,
  "TPI": 0.42887594145232344,
  "OV_block_step": 2689467,
  "OV_frac": 0.2995214947592283,
  "GE2_frac": 0.09499786840983374,
  "peak_blocks": 1222,
  "peak_step": 21103,
  "gpu_blocks": 319,
  "total_steps": 28148,
  "type1_count": 73,
  "type2_count": 43,
  "plot_path": "traces/requests_types_16k/all_traces_arrival_rate_CV/SS11_SM11_SL11_MS11_MM11_ML11_LS11_LM11_LL11/lognormal_lambda2.0x_cv1/lognormal_lambda2.0x_cv1.png"
}