{
  "PPR": 5.5945485519591145,
  "TPI": 0.4089653054958551,
  "OV_block_step": 15499284,
  "OV_frac": 0.9007686584976542,
  "GE2_frac": 0.324258861256098,
  "peak_blocks": 3284,
  "peak_step": 9977,
  "gpu_blocks": 587,
  "total_steps": 29313,
  "type1_count": 19,
  "type2_count": 13,
  "plot_path": "traces/requests_types_32k/all_traces_arrival_rate_CV/SS19_SM26_SL11_MS14_MM09_ML02_LS10_LM01_LL08/lognormal_lambda4.5x_cv2/lognormal_lambda4.5x_cv2.png"
}