{
  "PPR": 5.106227106227106,
  "TPI": 0.39834710743801655,
  "OV_block_step": 542079,
  "OV_frac": 0.3282045227499773,
  "GE2_frac": 0.08628099173553719,
  "peak_blocks": 1394,
  "peak_step": 4821,
  "gpu_blocks": 273,
  "total_steps": 6050,
  "type1_count": 43,
  "type2_count": 25,
  "plot_path": "traces/requests_types_16k/all_traces_arrival_rate_CV/SS06_SM27_SL20_MS09_MM11_ML01_LS04_LM12_LL10/lognormal_lambda3.0x_cv7/lognormal_lambda3.0x_cv7.png"
}