{
  "PPR": 2.995919408314206,
  "TPI": 0.6444926651748378,
  "OV_block_step": 102195416,
  "OV_frac": 0.5891279650888092,
  "GE2_frac": 0.2538369385863791,
  "peak_blocks": 11747,
  "peak_step": 25839,
  "gpu_blocks": 3921,
  "total_steps": 44241,
  "type1_count": 46,
  "type2_count": 13,
  "plot_path": "traces/request_types/SS08_SL61_LS23_LL06/poi05/poi05_mh_ov59.png"
}