{
  "PPR": 2.671387790953008,
  "TPI": 0.5628728580495028,
  "OV_block_step": 153358898,
  "OV_frac": 0.35620528181716915,
  "GE2_frac": 0.10425216839433044,
  "peak_blocks": 24331,
  "peak_step": 29208,
  "gpu_blocks": 9108,
  "total_steps": 47270,
  "type1_count": 74,
  "type2_count": 15,
  "plot_path": "traces/request_types/SS00_SL00_LS00_LL100/uni05/uni05_md_ov36.png"
}