{
  "PPR": 3.939453125,
  "TPI": 0.30874516247926775,
  "OV_block_step": 59428261,
  "OV_frac": 0.22281547980839003,
  "GE2_frac": 0.0886610049757356,
  "peak_blocks": 4034,
  "peak_step": 192853,
  "gpu_blocks": 1024,
  "total_steps": 260464,
  "type1_count": 124,
  "type2_count": 74,
  "plot_path": "traces/request_types/all_traces/SS07_SL67_LS17_LL07/bim50/bim50_ml_ov23.png"
}