{
  "PPR": 7.003472222222222,
  "TPI": 0.5614787456231956,
  "OV_block_step": 109024859,
  "OV_frac": 0.7267003082852994,
  "GE2_frac": 0.26094585048221636,
  "peak_blocks": 4034,
  "peak_step": 192853,
  "gpu_blocks": 576,
  "total_steps": 260464,
  "type1_count": 182,
  "type2_count": 77,
  "plot_path": "traces/request_types/all_traces/SS07_SL67_LS17_LL07/bim50/bim50_hi_ov76.png"
}