{
  "PPR": 5.691131498470948,
  "TPI": 0.8768139309900033,
  "OV_block_step": 3157321,
  "OV_frac": 1.5568229445567032,
  "GE2_frac": 0.6314092228313447,
  "peak_blocks": 1861,
  "peak_step": 2745,
  "gpu_blocks": 327,
  "total_steps": 6202,
  "type1_count": 19,
  "type2_count": 15,
  "plot_path": "traces/requests_types_16k/all_traces_arrival_rate_CV/SS00_SM00_SL00_MS00_MM00_ML00_LS00_LM33_LL67/lognormal_lambda4.5x_cv1/lognormal_lambda4.5x_cv1.png"
}