{
  "batch_size": 4,
  "max_model_len": 32384,
  "num_gpu_blocks_override": 1951,
  "arrival_pattern": "PoissonArrival(lambda=0.005748778384593274,max=17395)",
  "vocab": [200, 30000],
  "requests": {
    "request_0": {"category": "SS_I192-304_O816-1216", "input_length": 257, "output_length": 896, "arrival_time": 0, "sched_time": 0, "wait_time": 0, "slo": 0.050674623172689344},
    "request_1": {"category": "SL_I1632-2448_O6544-9824", "input_length": 1784, "output_length": 7658, "arrival_time": 0, "sched_time": 0, "wait_time": 0, "slo": 0.058978072417128755},
    "request_2": {"category": "SL_I1632-2448_O3264-4912", "input_length": 2425, "output_length": 3369, "arrival_time": 0, "sched_time": 0, "wait_time": 0, "slo": 0.05532371328530164},
    "request_3": {"category": "LS_I6544-9824_O192-304", "input_length": 9394, "output_length": 220, "arrival_time": 0, "sched_time": 0, "wait_time": 0, "slo": 0.059150372244616216},
    "request_4": {"category": "LS_I6544-9824_O1632-2448", "input_length": 8836, "output_length": 1941, "arrival_time": 1139, "sched_time": 1139, "wait_time": 0, "slo": 0.06031539956652272},
    "request_5": {"category": "LS_I3264-4912_O1632-2448", "input_length": 3389, "output_length": 1981, "arrival_time": 1268, "sched_time": 1268, "wait_time": 0, "slo": 0.05489897417568138},
    "request_6": {"category": "SL_I1632-2448_O3264-4912", "input_length": 2240, "output_length": 3797, "arrival_time": 1284, "sched_time": 3081, "wait_time": 1797, "slo": 0.05556713687878683},
    "request_7": {"category": "LS_I3264-4912_O192-304", "input_length": 4077, "output_length": 207, "arrival_time": 1398, "sched_time": 3250, "wait_time": 1852, "slo": 0.053811081078871004},
    "request_8": {"category": "SS_I192-304_O192-304", "input_length": 273, "output_length": 278, "arrival_time": 1561, "sched_time": 3370, "wait_time": 1809, "slo": 0.050071573776483226},
    "request_9": {"category": "LS_I3264-4912_O816-1216", "input_length": 3596, "output_length": 917, "arrival_time": 1651, "sched_time": 3458, "wait_time": 1807, "slo": 0.05404048026779327},
    "request_10": {"category": "LS_I3264-4912_O1632-2448", "input_length": 3988, "output_length": 2010, "arrival_time": 1664, "sched_time": 3649, "wait_time": 1985, "slo": 0.05552806889464723},
    "request_11": {"category": "SS_I400-608_O192-304", "input_length": 454, "output_length": 217, "arrival_time": 1746, "sched_time": 4376, "wait_time": 2630, "slo": 0.050191782958451225},
    "request_12": {"category": "LS_I6544-9824_O400-608", "input_length": 9255, "output_length": 413, "arrival_time": 1804, "sched_time": 4594, "wait_time": 2790, "slo": 0.05920446637650181},
    "request_13": {"category": "SS_I400-608_O816-1216", "input_length": 555, "output_length": 989, "arrival_time": 1950, "sched_time": 5008, "wait_time": 3058, "slo": 0.0510663047572684},
    "request_14": {"category": "SS_I192-304_O400-608", "input_length": 228, "output_length": 590, "arrival_time": 2696, "sched_time": 5660, "wait_time": 2964, "slo": 0.05033903920636202},
    "request_15": {"category": "LS_I3264-4912_O192-304", "input_length": 3638, "output_length": 206, "arrival_time": 2724, "sched_time": 5998, "wait_time": 3274, "slo": 0.053370314078321685},
    "request_16": {"category": "LS_I6544-9824_O192-304", "input_length": 9271, "output_length": 267, "arrival_time": 2746, "sched_time": 6205, "wait_time": 3459, "slo": 0.05907423976270315},
    "request_17": {"category": "LS_I6544-9824_O192-304", "input_length": 8437, "output_length": 202, "arrival_time": 2802, "sched_time": 6251, "wait_time": 3449, "slo": 0.05817367264112624},
    "request_18": {"category": "SS_I400-608_O192-304", "input_length": 524, "output_length": 245, "arrival_time": 2946, "sched_time": 6454, "wait_time": 3508, "slo": 0.05028995379039176},
    "request_19": {"category": "SL_I1632-2448_O3264-4912", "input_length": 2252, "output_length": 4585, "arrival_time": 2961, "sched_time": 6473, "wait_time": 3512, "slo": 0.05636853142524015},
    "request_20": {"category": "LS_I6544-9824_O816-1216", "input_length": 8315, "output_length": 921, "arrival_time": 2977, "sched_time": 6700, "wait_time": 3723, "slo": 0.05877171332141702},
    "request_21": {"category": "SL_I816-1216_O13104-19648", "input_length": 1079, "output_length": 16630, "arrival_time": 3214, "sched_time": 6879, "wait_time": 3665, "slo": 0.06725948331154069},
    "request_22": {"category": "LS_I3264-4912_O192-304", "input_length": 3816, "output_length": 217, "arrival_time": 3285, "sched_time": 7622, "wait_time": 4337, "slo": 0.05355964353992128},
    "request_23": {"category": "SL_I1632-2448_O6544-9824", "input_length": 1925, "output_length": 9700, "arrival_time": 3334, "sched_time": 7659, "wait_time": 4325, "slo": 0.06116487778576323},
    "request_24": {"category": "LS_I6544-9824_O1632-2448", "input_length": 9305, "output_length": 2246, "arrival_time": 3799, "sched_time": 7840, "wait_time": 4041, "slo": 0.0610907487902163},
    "request_25": {"category": "SS_I400-608_O400-608", "input_length": 572, "output_length": 505, "arrival_time": 3904, "sched_time": 10087, "wait_time": 6183, "slo": 0.05059849069077628},
    "request_26": {"category": "SS_I400-608_O192-304", "input_length": 599, "output_length": 212, "arrival_time": 4309, "sched_time": 10593, "wait_time": 6284, "slo": 0.05033202700408056},
    "request_27": {"category": "SL_I816-1216_O13104-19648", "input_length": 1168, "output_length": 14489, "arrival_time": 4320, "sched_time": 10806, "wait_time": 6486, "slo": 0.06520390629988794},
    "request_28": {"category": "SS_I816-1216_O1632-2448", "input_length": 907, "output_length": 2137, "arrival_time": 4325, "sched_time": 11059, "wait_time": 6734, "slo": 0.05256891953186837},
    "request_29": {"category": "SL_I1632-2448_O6544-9824", "input_length": 2357, "output_length": 9783, "arrival_time": 4800, "sched_time": 13197, "wait_time": 8397, "slo": 0.06168077552504256},
    "request_30": {"category": "SL_I1632-2448_O6544-9824", "input_length": 1683, "output_length": 8740, "arrival_time": 4842, "sched_time": 17360, "wait_time": 12518, "slo": 0.05996078247971713},
    "request_31": {"category": "SS_I192-304_O192-304", "input_length": 216, "output_length": 264, "arrival_time": 4917, "sched_time": 22981, "wait_time": 18064, "slo": 0.050000450010485496},
    "request_32": {"category": "SL_I1632-2448_O6544-9824", "input_length": 1719, "output_length": 7679, "arrival_time": 4992, "sched_time": 23246, "wait_time": 18254, "slo": 0.05893399571707382},
    "request_33": {"category": "LS_I3264-4912_O816-1216", "input_length": 3790, "output_length": 1159, "arrival_time": 5086, "sched_time": 23510, "wait_time": 18424, "slo": 0.054477240295610324},
    "request_34": {"category": "LS_I6544-9824_O400-608", "input_length": 8958, "output_length": 456, "arrival_time": 5120, "sched_time": 24670, "wait_time": 19550, "slo": 0.05895002360800289},
    "request_35": {"category": "SS_I400-608_O192-304", "input_length": 589, "output_length": 232, "arrival_time": 5460, "sched_time": 25127, "wait_time": 19667, "slo": 0.05034204443591122},
    "request_36": {"category": "LS_I3264-4912_O816-1216", "input_length": 3602, "output_length": 1013, "arrival_time": 5530, "sched_time": 25296, "wait_time": 19766, "slo": 0.054142658072466064},
    "request_37": {"category": "LS_I3264-4912_O400-608", "input_length": 4680, "output_length": 508, "arrival_time": 6061, "sched_time": 25360, "wait_time": 19299, "slo": 0.05471665691636325},
    "request_38": {"category": "SL_I1632-2448_O3264-4912", "input_length": 1887, "output_length": 3448, "arrival_time": 6067, "sched_time": 25869, "wait_time": 19802, "slo": 0.054863913164274046},
    "request_39": {"category": "LS_I3264-4912_O1632-2448", "input_length": 3551, "output_length": 2079, "arrival_time": 6500, "sched_time": 26101, "wait_time": 19601, "slo": 0.055159427403278706},
    "request_40": {"category": "LS_I6544-9824_O816-1216", "input_length": 7540, "output_length": 962, "arrival_time": 6597, "sched_time": 26310,