{
  "PPR": 3.2982758620689654,
  "TPI": 0.4120075046904315,
  "OV_block_step": 6420386,
  "OV_frac": 0.2186161950129902,
  "GE2_frac": 0.050360422632566404,
  "peak_blocks": 1913,
  "peak_step": 13517,
  "gpu_blocks": 580,
  "total_steps": 50635,
  "type1_count": 91,
  "type2_count": 53,
  "plot_path": "traces/requests_types_32k/all_traces_arrival_rate_CV/SS15_SM17_SL08_MS09_MM06_ML17_LS06_LM14_LL09/lognormal_lambda2.5x_cv1/lognormal_lambda2.5x_cv1.png"
}