{
  "PPR": 4.818840579710145,
  "TPI": 0.6433734939759036,
  "OV_block_step": 474550,
  "OV_frac": 0.8286188231185612,
  "GE2_frac": 0.4004819277108434,
  "peak_blocks": 665,
  "peak_step": 775,
  "gpu_blocks": 138,
  "total_steps": 4150,
  "type1_count": 32,
  "type2_count": 13,
  "plot_path": "traces/requests_types_8k/all_traces_arrival_rate_CV/SS18_SM04_SL04_MS07_MM51_ML04_LS07_LM02_LL03/lognormal_lambda3.5x_cv6/lognormal_lambda3.5x_cv6.png"
}