{
  "PPR": 4.64951768488746,
  "TPI": 0.5514526201466196,
  "OV_block_step": 10352158,
  "OV_frac": 0.7531605048426492,
  "GE2_frac": 0.3302108788125622,
  "peak_blocks": 2892,
  "peak_step": 18092,
  "gpu_blocks": 622,
  "total_steps": 22098,
  "type1_count": 26,
  "type2_count": 30,
  "plot_path": "traces/requests_types_32k/all_traces_arrival_rate_CV/SS00_SM00_SL00_MS00_MM00_ML00_LS00_LM33_LL67/lognormal_lambda2.0x_cv6/lognormal_lambda2.0x_cv6.png"
}