{
  "PPR": 4.578778135048232,
  "TPI": 0.4744554299444598,
  "OV_block_step": 8934813,
  "OV_frac": 0.5658270423997294,
  "GE2_frac": 0.2489463111041084,
  "peak_blocks": 2848,
  "peak_step": 20307,
  "gpu_blocks": 622,
  "total_steps": 25387,
  "type1_count": 26,
  "type2_count": 34,
  "plot_path": "traces/requests_types_32k/all_traces_arrival_rate_CV/SS00_SM00_SL00_MS00_MM00_ML00_LS00_LM33_LL67/lognormal_lambda1.5x_cv6/lognormal_lambda1.5x_cv6.png"
}