{
  "PPR": 7.2757527733755945,
  "TPI": 0.8802176584167105,
  "OV_block_step": 29628295,
  "OV_frac": 1.6483941975188097,
  "GE2_frac": 0.6219062664560295,
  "peak_blocks": 4591,
  "peak_step": 16939,
  "gpu_blocks": 631,
  "total_steps": 28485,
  "type1_count": 26,
  "type2_count": 18,
  "plot_path": "traces/requests_types_32k/all_traces_arrival_rate_CV/SS00_SM00_SL00_MS00_MM00_ML00_LS33_LM00_LL67/lognormal_lambda3.5x_cv3/lognormal_lambda3.5x_cv3.png"
}