{
  "PPR": 1.138121546961326,
  "TPI": 0.01876236679020902,
  "OV_block_step": 100130,
  "OV_frac": 0.0009260728261894764,
  "GE2_frac": 0.0,
  "peak_blocks": 1236,
  "peak_step": 67958,
  "gpu_blocks": 1086,
  "total_steps": 99561,
  "type1_count": 6,
  "type2_count": 15,
  "plot_path": "traces/requests_types_32k_bs8/all_traces_arrival_rate_CV/SS14_SM21_SL27_MS03_MM10_ML05_LS17_LM02_LL01/lognormal_lambda1.0x_cv1/lognormal_lambda1.0x_cv1.png"
}