{
  "PPR": 1.5630358607321255,
  "TPI": 0.334428671573782,
  "OV_block_step": 61149053,
  "OV_frac": 0.0998716112996664,
  "GE2_frac": 0.0,
  "peak_blocks": 20965,
  "peak_step": 24593,
  "gpu_blocks": 13413,
  "total_steps": 45648,
  "type1_count": 61,
  "type2_count": 17,
  "plot_path": "traces/SS00_SL25_LS00_LL75/per05/per05_lo_ov10.png"
}