{
  "PPR": 1.9373631187034603,
  "TPI": 0.17670659185823137,
  "OV_block_step": 99539498,
  "OV_frac": 0.04260280369240987,
  "GE2_frac": 0.0,
  "peak_blocks": 8846,
  "peak_step": 92713,
  "gpu_blocks": 4566,
  "total_steps": 511707,
  "type1_count": 88,
  "type2_count": 83,
  "plot_path": "traces/requests_types_128k_bs8/all_traces_arrival_rate_CV/SS00_SM00_SL00_MS00_MM00_ML00_LS33_LM00_LL67/lognormal_lambda2.0x_cv1/lognormal_lambda2.0x_cv1.png"
}