{
  "PPR": 2.3862332695984705,
  "TPI": 0.4752186588921283,
  "OV_block_step": 3470386,
  "OV_frac": 0.20363778686189465,
  "GE2_frac": 0.04096977136719349,
  "peak_blocks": 1248,
  "peak_step": 6850,
  "gpu_blocks": 523,
  "total_steps": 32585,
  "type1_count": 73,
  "type2_count": 52,
  "plot_path": "traces/requests_types_32k/all_traces_arrival_rate_CV/SS06_SM01_SL07_MS08_MM02_ML49_LS05_LM19_LL03/lognormal_lambda3.0x_cv1/lognormal_lambda3.0x_cv1.png"
}