{
  "PPR": 6.2214285714285715,
  "TPI": 0.8036416033534189,
  "OV_block_step": 1618886,
  "OV_frac": 1.5147329615629328,
  "GE2_frac": 0.5755829185223998,
  "peak_blocks": 871,
  "peak_step": 4830,
  "gpu_blocks": 140,
  "total_steps": 7634,
  "type1_count": 34,
  "type2_count": 16,
  "plot_path": "traces/requests_types_8k/all_traces_arrival_rate_CV/SS06_SM02_SL13_MS06_MM04_ML06_LS51_LM09_LL05/lognormal_lambda5.0x_cv1/lognormal_lambda5.0x_cv1.png"
}