{
  "PPR": 2.7111111111111112,
  "TPI": 0.2171109200343938,
  "OV_block_step": 120297,
  "OV_frac": 0.09577481608865959,
  "GE2_frac": 0.04299226139294927,
  "peak_blocks": 366,
  "peak_step": 1524,
  "gpu_blocks": 135,
  "total_steps": 9304,
  "type1_count": 44,
  "type2_count": 30,
  "plot_path": "traces/requests_types_8k/all_traces_arrival_rate_CV/SS15_SM13_SL18_MS00_MM19_ML17_LS06_LM03_LL09/lognormal_lambda2.0x_cv5/lognormal_lambda2.0x_cv5.png"
}