{
  "PPR": 7.770440251572327,
  "TPI": 0.7901903257353494,
  "OV_block_step": 5872881,
  "OV_frac": 1.3893161246733634,
  "GE2_frac": 0.5247122545700744,
  "peak_blocks": 2471,
  "peak_step": 8027,
  "gpu_blocks": 318,
  "total_steps": 13293,
  "type1_count": 31,
  "type2_count": 14,
  "plot_path": "traces/requests_types_16k/all_traces_arrival_rate_CV/SS00_SM00_SL00_MS00_MM00_ML00_LS33_LM00_LL67/lognormal_lambda2.5x_cv5/lognormal_lambda2.5x_cv5.png"
}