{
  "PPR": 1.6962962962962962,
  "TPI": 0.1000589448865311,
  "OV_block_step": 41404,
  "OV_frac": 0.022597722980864744,
  "GE2_frac": 0.0,
  "peak_blocks": 229,
  "peak_step": 1329,
  "gpu_blocks": 135,
  "total_steps": 13572,
  "type1_count": 31,
  "type2_count": 30,
  "plot_path": "traces/requests_types_8k/all_traces_arrival_rate_CV/SS15_SM13_SL18_MS00_MM19_ML17_LS06_LM03_LL09/lognormal_lambda1.5x_cv1/lognormal_lambda1.5x_cv1.png"
}