{
  "PPR": 7.219512195121951,
  "TPI": 0.5995987388936658,
  "OV_block_step": 734607,
  "OV_frac": 0.7336217459951285,
  "GE2_frac": 0.22098022355975924,
  "peak_blocks": 2072,
  "peak_step": 832,
  "gpu_blocks": 287,
  "total_steps": 3489,
  "type1_count": 19,
  "type2_count": 23,
  "plot_path": "traces/requests_types_16k/all_traces_arrival_rate_CV/SS00_SM00_SL00_MS00_MM00_ML00_LS00_LM99_LL01/lognormal_lambda2.5x_cv7/lognormal_lambda2.5x_cv7.png"
}