{
  "PPR": 3.049019607843137,
  "TPI": 0.20306748466257668,
  "OV_block_step": 3269138,
  "OV_frac": 0.15986020524225453,
  "GE2_frac": 0.06684123896453688,
  "peak_blocks": 933,
  "peak_step": 14983,
  "gpu_blocks": 306,
  "total_steps": 66830,
  "type1_count": 79,
  "type2_count": 27,
  "plot_path": "traces/requests_types_16k/all_traces_arrival_rate_CV/SS18_SM08_SL17_MS21_MM06_ML10_LS10_LM03_LL07/lognormal_lambda1.0x_cv7/lognormal_lambda1.0x_cv7.png"
}