{
  "PPR": 2.642857142857143,
  "TPI": 0.6298290244335325,
  "OV_block_step": 7345836,
  "OV_frac": 0.35274976162688404,
  "GE2_frac": 0.09477607525291368,
  "peak_blocks": 1628,
  "peak_step": 5871,
  "gpu_blocks": 616,
  "total_steps": 33806,
  "type1_count": 92,
  "type2_count": 40,
  "plot_path": "traces/requests_types_32k/all_traces_arrival_rate_CV/SS18_SM08_SL17_MS21_MM06_ML10_LS10_LM03_LL07/lognormal_lambda3.5x_cv3/lognormal_lambda3.5x_cv3.png"
}