{
  "PPR": 13.146496815286625,
  "TPI": 0.7285108569960169,
  "OV_block_step": 4915932,
  "OV_frac": 2.0115423865995705,
  "GE2_frac": 0.5391237312090453,
  "peak_blocks": 4128,
  "peak_step": 6611,
  "gpu_blocks": 314,
  "total_steps": 7783,
  "type1_count": 19,
  "type2_count": 13,
  "plot_path": "traces/requests_types_16k/all_traces_arrival_rate_CV/SS00_SM00_SL00_MS00_MM00_ML00_LS00_LM00_LL100/lognormal_lambda3.0x_cv6/lognormal_lambda3.0x_cv6.png"
}