{
  "PPR": 6.159863945578231,
  "TPI": 0.5236400610066091,
  "OV_block_step": 1547941,
  "OV_frac": 0.8922395258730504,
  "GE2_frac": 0.3465514319606846,
  "peak_blocks": 1811,
  "peak_step": 3146,
  "gpu_blocks": 294,
  "total_steps": 5901,
  "type1_count": 18,
  "type2_count": 22,
  "plot_path": "traces/requests_types_16k/all_traces_arrival_rate_CV/SS00_SM00_SL00_MS00_MM00_ML00_LS00_LM66_LL34/lognormal_lambda3.0x_cv5/lognormal_lambda3.0x_cv5.png"
}