{
  "PPR": 3.272241992882562,
  "TPI": 0.4050687817573429,
  "OV_block_step": 3653392,
  "OV_frac": 0.4028192780330151,
  "GE2_frac": 0.17226422109307224,
  "peak_blocks": 1839,
  "peak_step": 11931,
  "gpu_blocks": 562,
  "total_steps": 16138,
  "type1_count": 30,
  "type2_count": 12,
  "plot_path": "traces/requests_types_32k/all_traces_arrival_rate_CV/SS04_SM15_SL55_MS02_MM04_ML04_LS04_LM04_LL05/lognormal_lambda3.5x_cv4/lognormal_lambda3.5x_cv4.png"
}