{
  "PPR": 2.652173913043478,
  "TPI": 0.3659479728146239,
  "OV_block_step": 393839,
  "OV_frac": 0.16720797967550088,
  "GE2_frac": 0.040895242559175066,
  "peak_blocks": 366,
  "peak_step": 9430,
  "gpu_blocks": 138,
  "total_steps": 17068,
  "type1_count": 111,
  "type2_count": 52,
  "plot_path": "traces/requests_types_8k/all_traces_arrival_rate_CV/SS06_SM06_SL19_MS24_MM08_ML20_LS10_LM05_LL02/lognormal_lambda2.5x_cv1/lognormal_lambda2.5x_cv1.png"
}