{
  "PPR": 3.378205128205128,
  "TPI": 0.17709293394777265,
  "OV_block_step": 2273323,
  "OV_frac": 0.13990575396825397,
  "GE2_frac": 0.04379800307219662,
  "peak_blocks": 1054,
  "peak_step": 36770,
  "gpu_blocks": 312,
  "total_steps": 52080,
  "type1_count": 41,
  "type2_count": 28,
  "plot_path": "traces/requests_types_16k/all_traces_arrival_rate_CV/SS08_SM22_SL00_MS03_MM03_ML08_LS25_LM08_LL23/lognormal_lambda1.0x_cv7/lognormal_lambda1.0x_cv7.png"
}