{
  "PPR": 1.4363490792634108,
  "TPI": 0.5674418604651162,
  "OV_block_step": 857366,
  "OV_frac": 0.09977353976204219,
  "GE2_frac": 0.0,
  "peak_blocks": 1794,
  "peak_step": 2253,
  "gpu_blocks": 1249,
  "total_steps": 6880,
  "type1_count": 122,
  "type2_count": 51,
  "plot_path": "traces/SS100_SL00_LS00_LL00/per05/per05_lo_ov10.png"
}