{
  "PPR": 4.390287769784172,
  "TPI": 0.8102878335886479,
  "OV_block_step": 34180727,
  "OV_frac": 0.8260921779386939,
  "GE2_frac": 0.2897282915423688,
  "peak_blocks": 7323,
  "peak_step": 6702,
  "gpu_blocks": 1668,
  "total_steps": 24806,
  "type1_count": 39,
  "type2_count": 9,
  "plot_path": "traces/SS83_SL00_LS08_LL08/poi05/poi05_sv_ov82.png"
}