{
  "PPR": 4.201376936316695,
  "TPI": 0.7900507941627025,
  "OV_block_step": 32693314,
  "OV_frac": 0.7561445376072424,
  "GE2_frac": 0.2784003870031444,
  "peak_blocks": 7323,
  "peak_step": 6702,
  "gpu_blocks": 1743,
  "total_steps": 24806,
  "type1_count": 40,
  "type2_count": 8,
  "plot_path": "traces/SS83_SL00_LS08_LL08/poi05/poi05_hi_ov75.png"
}