{
  "PPR": 1.5584415584415585,
  "TPI": 0.4807436526468241,
  "OV_block_step": 26173671,
  "OV_frac": 0.09947456104131891,
  "GE2_frac": 0.0,
  "peak_blocks": 12120,
  "peak_step": 16017,
  "gpu_blocks": 7777,
  "total_steps": 33833,
  "type1_count": 79,
  "type2_count": 47,
  "plot_path": "traces/SS25_SL25_LS25_LL25/tsa05/tsa05_lo_ov10.png"
}