{
  "PPR": 3.7837837837837838,
  "TPI": 0.6973275326289621,
  "OV_block_step": 966661,
  "OV_frac": 0.6765582394078354,
  "GE2_frac": 0.30381189144396104,
  "peak_blocks": 560,
  "peak_step": 1741,
  "gpu_blocks": 148,
  "total_steps": 9654,
  "type1_count": 63,
  "type2_count": 24,
  "plot_path": "traces/requests_types_8k/all_traces_arrival_rate_CV/SS01_SM18_SL11_MS32_MM14_ML02_LS14_LM07_LL01/lognormal_lambda3.5x_cv7/lognormal_lambda3.5x_cv7.png"
}