{
  "PPR": 2.8077413866439813,
  "TPI": 0.45334335599822323,
  "OV_block_step": 17645749,
  "OV_frac": 0.2564538720834479,
  "GE2_frac": 0.08873475245156662,
  "peak_blocks": 6601,
  "peak_step": 9649,
  "gpu_blocks": 2351,
  "total_steps": 29267,
  "type1_count": 34,
  "type2_count": 17,
  "plot_path": "traces/SS83_SL00_LS08_LL08/per10/per10_md_ov26.png"
}