{
  "PPR": 2.9671532846715327,
  "TPI": 0.09063183716767222,
  "OV_block_step": 1725869,
  "OV_frac": 0.03480072471658446,
  "GE2_frac": 0.01029857013414661,
  "peak_blocks": 1626,
  "peak_step": 29266,
  "gpu_blocks": 548,
  "total_steps": 90498,
  "type1_count": 47,
  "type2_count": 42,
  "plot_path": "traces/requests_types_32k/all_traces_arrival_rate_CV/SS05_SM22_SL01_MS13_MM01_ML37_LS03_LM03_LL15/lognormal_lambda1.0x_cv5/lognormal_lambda1.0x_cv5.png"
}