{
  "PPR": 2.05599075382047,
  "TPI": 0.5780514690295502,
  "OV_block_step": 94397462,
  "OV_frac": 0.25697296793284774,
  "GE2_frac": 0.010323483274685208,
  "peak_blocks": 16010,
  "peak_step": 25888,
  "gpu_blocks": 7787,
  "total_steps": 47174,
  "type1_count": 71,
  "type2_count": 34,
  "plot_path": "traces/SS12_SL37_LS06_LL43/tsa05/tsa05_md_ov26.png"
}