{
  "PPR": 3.4454545454545453,
  "TPI": 0.6313091012482918,
  "OV_block_step": 349330582,
  "OV_frac": 0.5825482327887743,
  "GE2_frac": 0.2862862174283906,
  "peak_blocks": 9475,
  "peak_step": 83921,
  "gpu_blocks": 2750,
  "total_steps": 218058,
  "type1_count": 58,
  "type2_count": 32,
  "plot_path": "traces/requests_types_96k/all_traces_arrival_rate_CV/SS10_SM00_SL12_MS50_MM04_ML04_LS04_LM08_LL09/lognormal_lambda3.0x_cv1/lognormal_lambda3.0x_cv1.png"
}