{
  "PPR": 3.4639498432601883,
  "TPI": 0.12605751057510575,
  "OV_block_step": 2630334,
  "OV_frac": 0.09276349033082808,
  "GE2_frac": 0.03853163531635316,
  "peak_blocks": 1105,
  "peak_step": 83999,
  "gpu_blocks": 319,
  "total_steps": 88888,
  "type1_count": 72,
  "type2_count": 39,
  "plot_path": "traces/requests_types_16k/all_traces_arrival_rate_CV/SS11_SM11_SL11_MS11_MM11_ML11_LS11_LM11_LL11/lognormal_lambda3.5x_cv4/lognormal_lambda3.5x_cv4.png"
}