{
  "PPR": 7.485530546623794,
  "TPI": 0.5921243356418103,
  "OV_block_step": 3772811,
  "OV_frac": 0.9769065131571792,
  "GE2_frac": 0.34458044773715574,
  "peak_blocks": 2328,
  "peak_step": 6198,
  "gpu_blocks": 311,
  "total_steps": 12418,
  "type1_count": 30,
  "type2_count": 26,
  "plot_path": "traces/requests_types_16k/all_traces_arrival_rate_CV/SS06_SM03_SL09_MS03_MM03_ML06_LS03_LM03_LL64/lognormal_lambda3.0x_cv3/lognormal_lambda3.0x_cv3.png"
}