{
  "PPR": 1.439249935782173,
  "TPI": 0.2769171925798432,
  "OV_block_step": 13614280,
  "OV_frac": 0.047770919104036975,
  "GE2_frac": 0.0,
  "peak_blocks": 11206,
  "peak_step": 18138,
  "gpu_blocks": 7786,
  "total_steps": 36603,
  "type1_count": 42,
  "type2_count": 18,
  "plot_path": "traces/SS13_SL07_LS74_LL04/tsa05/tsa05_sk_ov5.png"
}