{
  "PPR": 1.4610631998970267,
  "TPI": 0.2669678296528585,
  "OV_block_step": 17995236,
  "OV_frac": 0.050794660109696,
  "GE2_frac": 0.0,
  "peak_blocks": 11351,
  "peak_step": 26283,
  "gpu_blocks": 7769,
  "total_steps": 45601,
  "type1_count": 49,
  "type2_count": 34,
  "plot_path": "traces/request_types/SS07_SL67_LS17_LL07/poi05/poi05_vl_ov5.png"
}