{
  "PPR": 2.90625,
  "TPI": 0.4332481849959667,
  "OV_block_step": 1671434,
  "OV_frac": 0.3901311022975113,
  "GE2_frac": 0.17504705566012368,
  "peak_blocks": 837,
  "peak_step": 9076,
  "gpu_blocks": 288,
  "total_steps": 14876,
  "type1_count": 48,
  "type2_count": 12,
  "plot_path": "traces/requests_types_16k/all_traces_arrival_rate_CV/SS15_SM13_SL18_MS00_MM19_ML17_LS06_LM03_LL09/lognormal_lambda5.0x_cv2/lognormal_lambda5.0x_cv2.png"
}