{
  "PPR": 1.6886563876651983,
  "TPI": 0.38743304274761053,
  "OV_block_step": 38180178,
  "OV_frac": 0.11041028827072268,
  "GE2_frac": 0.0,
  "peak_blocks": 15333,
  "peak_step": 18183,
  "gpu_blocks": 9080,
  "total_steps": 38084,
  "type1_count": 55,
  "type2_count": 14,
  "plot_path": "traces/request_types/SS43_SL12_LS12_LL31/poi05/poi05_lo_ov11.png"
}