{
  "PPR": 3.076444622792937,
  "TPI": 0.5925060392815881,
  "OV_block_step": 108524324,
  "OV_frac": 0.5717504290170095,
  "GE2_frac": 0.36280327696670517,
  "peak_blocks": 15333,
  "peak_step": 18183,
  "gpu_blocks": 4984,
  "total_steps": 38084,
  "type1_count": 31,
  "type2_count": 10,
  "plot_path": "traces/request_types/SS43_SL12_LS12_LL31/poi05/poi05_mh_ov57.png"
}