{
  "PPR": 4.606299212598425,
  "TPI": 0.5900654056920629,
  "OV_block_step": 609658,
  "OV_frac": 0.8485870059949419,
  "GE2_frac": 0.4028637086795121,
  "peak_blocks": 585,
  "peak_step": 4254,
  "gpu_blocks": 127,
  "total_steps": 5657,
  "type1_count": 35,
  "type2_count": 22,
  "plot_path": "traces/requests_types_8k/all_traces_arrival_rate_CV/SS15_SM17_SL08_MS09_MM06_ML17_LS06_LM14_LL09/lognormal_lambda5.0x_cv5/lognormal_lambda5.0x_cv5.png"
}