{
  "PPR": 2.7244094488188977,
  "TPI": 0.46238914971309336,
  "OV_block_step": 357475,
  "OV_frac": 0.2936634094447114,
  "GE2_frac": 0.08085550339071466,
  "peak_blocks": 346,
  "peak_step": 3674,
  "gpu_blocks": 127,
  "total_steps": 9585,
  "type1_count": 55,
  "type2_count": 34,
  "plot_path": "traces/requests_types_8k/all_traces_arrival_rate_CV/SS15_SM17_SL08_MS09_MM06_ML17_LS06_LM14_LL09/lognormal_lambda5.0x_cv2/lognormal_lambda5.0x_cv2.png"
}