{
  "PPR": 4.068181818181818,
  "TPI": 0.5851769324632606,
  "OV_block_step": 11453319,
  "OV_frac": 0.5311497948176287,
  "GE2_frac": 0.20823385856013582,
  "peak_blocks": 2327,
  "peak_step": 15255,
  "gpu_blocks": 572,
  "total_steps": 37698,
  "type1_count": 53,
  "type2_count": 21,
  "plot_path": "traces/requests_types_32k/all_traces_arrival_rate_CV/SS18_SM04_SL04_MS07_MM51_ML04_LS07_LM02_LL03/lognormal_lambda2.0x_cv7/lognormal_lambda2.0x_cv7.png"
}