{
  "PPR": 4.066666666666666,
  "TPI": 0.4784585786742844,
  "OV_block_step": 7289949,
  "OV_frac": 0.38287889125060465,
  "GE2_frac": 0.16507316504401562,
  "peak_blocks": 2257,
  "peak_step": 23414,
  "gpu_blocks": 555,
  "total_steps": 34306,
  "type1_count": 52,
  "type2_count": 32,
  "plot_path": "traces/requests_types_32k/all_traces_arrival_rate_CV/SS02_SM04_SL04_MS04_MM15_ML55_LS04_LM04_LL05/lognormal_lambda1.2x_cv4/lognormal_lambda1.2x_cv4.png"
}