{
  "PPR": 3.2538181818181817,
  "TPI": 0.33695091850703773,
  "OV_block_step": 201527847,
  "OV_frac": 0.2501795823943843,
  "GE2_frac": 0.09619317153771836,
  "peak_blocks": 8948,
  "peak_step": 194376,
  "gpu_blocks": 2750,
  "total_steps": 292921,
  "type1_count": 38,
  "type2_count": 63,
  "plot_path": "traces/requests_types_96k/all_traces_arrival_rate_CV/SS00_SM00_SL00_MS00_MM00_ML00_LS00_LM00_LL100/lognormal_lambda1.0x_cv1/lognormal_lambda1.0x_cv1.png"
}