{
  "PPR": 3.528985507246377,
  "TPI": 0.2697911712568637,
  "OV_block_step": 567789,
  "OV_frac": 0.17788979391578802,
  "GE2_frac": 0.07229019845215963,
  "peak_blocks": 487,
  "peak_step": 9985,
  "gpu_blocks": 138,
  "total_steps": 23129,
  "type1_count": 108,
  "type2_count": 41,
  "plot_path": "traces/requests_types_8k/all_traces_arrival_rate_CV/SS06_SM06_SL19_MS24_MM08_ML20_LS10_LM05_LL02/lognormal_lambda2.0x_cv2/lognormal_lambda2.0x_cv2.png"
}