{
  "PPR": 1.6946454413892909,
  "TPI": 0.28941247092368877,
  "OV_block_step": 8994326,
  "OV_frac": 0.09766932346410132,
  "GE2_frac": 0.0,
  "peak_blocks": 5855,
  "peak_step": 11797,
  "gpu_blocks": 3455,
  "total_steps": 26654,
  "type1_count": 52,
  "type2_count": 11,
  "plot_path": "traces/SS62_SL37_LS00_LL00/tsa05/tsa05_lo_ov10.png"
}