{
  "PPR": 3.585964912280702,
  "TPI": 0.4105384173213259,
  "OV_block_step": 2044920,
  "OV_frac": 0.2749629390587025,
  "GE2_frac": 0.1017053075301782,
  "peak_blocks": 1022,
  "peak_step": 22741,
  "gpu_blocks": 285,
  "total_steps": 26095,
  "type1_count": 90,
  "type2_count": 35,
  "plot_path": "traces/requests_types_16k/all_traces_arrival_rate_CV/SS05_SM22_SL01_MS13_MM01_ML37_LS03_LM03_LL15/lognormal_lambda2.5x_cv4/lognormal_lambda2.5x_cv4.png"
}