{
  "PPR": 2.614630159378831,
  "TPI": 0.571188683085691,
  "OV_block_step": 25604431,
  "OV_frac": 0.5324445723384188,
  "GE2_frac": 0.37064929778139627,
  "peak_blocks": 6398,
  "peak_step": 6613,
  "gpu_blocks": 2447,
  "total_steps": 19652,
  "type1_count": 34,
  "type2_count": 9,
  "plot_path": "traces/request_types/SS62_SL37_LS00_LL00/bim05/bim05_mh_ov53.png"
}