{
  "PPR": 1.9905454545454546,
  "TPI": 0.1751226510427302,
  "OV_block_step": 74110866,
  "OV_frac": 0.07055224598846482,
  "GE2_frac": 0.0,
  "peak_blocks": 5474,
  "peak_step": 381975,
  "gpu_blocks": 2750,
  "total_steps": 381978,
  "type1_count": 46,
  "type2_count": 28,
  "plot_path": "traces/sy_requests/all_traces_arrival_rate_CV/SS18_SM04_SL04_MS07_MM51_ML04_LS07_LM02_LL03/lognormal_lambda1.5x_cv1/lognormal_lambda1.5x_cv1.png"
}