{
  "PPR": 3.547755281690141,
  "TPI": 0.6584771615175153,
  "OV_block_step": 173656715,
  "OV_frac": 0.7824397896551555,
  "GE2_frac": 0.42792211780603157,
  "peak_blocks": 16121,
  "peak_step": 23907,
  "gpu_blocks": 4544,
  "total_steps": 48843,
  "type1_count": 31,
  "type2_count": 9,
  "plot_path": "traces/request_types/SS12_SL37_LS06_LL43/poi05/poi05_hi_ov78.png"
}