{
  "PPR": 1.618086921609957,
  "TPI": 0.30241795139528693,
  "OV_block_step": 27216400,
  "OV_frac": 0.05592914983974785,
  "GE2_frac": 0.0,
  "peak_blocks": 16121,
  "peak_step": 23907,
  "gpu_blocks": 9963,
  "total_steps": 48843,
  "type1_count": 68,
  "type2_count": 40,
  "plot_path": "traces/request_types/SS12_SL37_LS06_LL43/poi05/poi05_vl_ov6.png"
}