{
  "PPR": 4.2368421052631575,
  "TPI": 0.41144541099982784,
  "OV_block_step": 19345674,
  "OV_frac": 0.3222228803220138,
  "GE2_frac": 0.1308191641265051,
  "peak_blocks": 2576,
  "peak_step": 79760,
  "gpu_blocks": 608,
  "total_steps": 98747,
  "type1_count": 106,
  "type2_count": 62,
  "plot_path": "traces/requests_types_32k/all_traces_arrival_rate_CV/SS10_SM00_SL12_MS50_MM04_ML04_LS04_LM08_LL09/lognormal_lambda1.2x_cv3/lognormal_lambda1.2x_cv3.png"
}