{
  "PPR": 3.851590106007067,
  "TPI": 0.7778628750291365,
  "OV_block_step": 14078208,
  "OV_frac": 0.8282494425960076,
  "GE2_frac": 0.3596283840031967,
  "peak_blocks": 2180,
  "peak_step": 6919,
  "gpu_blocks": 566,
  "total_steps": 30031,
  "type1_count": 50,
  "type2_count": 22,
  "plot_path": "traces/requests_types_32k/all_traces_arrival_rate_CV/SS00_SM06_SL06_MS06_MM39_ML00_LS06_LM18_LL19/lognormal_lambda4.5x_cv4/lognormal_lambda4.5x_cv4.png"
}