{
  "PPR": 3.0533807829181496,
  "TPI": 0.1037106017191977,
  "OV_block_step": 2691328,
  "OV_frac": 0.06860802088325567,
  "GE2_frac": 0.014613180515759312,
  "peak_blocks": 1716,
  "peak_step": 67660,
  "gpu_blocks": 562,
  "total_steps": 69800,
  "type1_count": 37,
  "type2_count": 16,
  "plot_path": "traces/requests_types_32k/all_traces_arrival_rate_CV/SS04_SM15_SL55_MS02_MM04_ML04_LS04_LM04_LL05/lognormal_lambda3.5x_cv6/lognormal_lambda3.5x_cv6.png"
}