{
  "PPR": 4.796875,
  "TPI": 0.6758610777191241,
  "OV_block_step": 129276927,
  "OV_frac": 0.6767579656222233,
  "GE2_frac": 0.26736964058607293,
  "peak_blocks": 3991,
  "peak_step": 19681,
  "gpu_blocks": 832,
  "total_steps": 229596,
  "type1_count": 155,
  "type2_count": 71,
  "plot_path": "traces/request_types/all_traces/SS12_SL06_LS43_LL37/bim50/bim50_hi_ov82.png"
}