{
  "PPR": 2.2271205357142856,
  "TPI": 0.2282835937908326,
  "OV_block_step": 37755770,
  "OV_frac": 0.09176583250734831,
  "GE2_frac": 0.013432289761145664,
  "peak_blocks": 3991,
  "peak_step": 19681,
  "gpu_blocks": 1792,
  "total_steps": 229596,
  "type1_count": 95,
  "type2_count": 73,
  "plot_path": "traces/request_types/all_traces/SS12_SL06_LS43_LL37/bim50/bim50_lo_ov12.png"
}