{
  "PPR": 3.11796875,
  "TPI": 0.4074374118015993,
  "OV_block_step": 73999624,
  "OV_frac": 0.2517997101430339,
  "GE2_frac": 0.09065924493458075,
  "peak_blocks": 3991,
  "peak_step": 19681,
  "gpu_blocks": 1280,
  "total_steps": 229596,
  "type1_count": 119,
  "type2_count": 88,
  "plot_path": "traces/request_types/all_traces/SS12_SL06_LS43_LL37/bim50/bim50_md_ov34.png"
}