{
  "PPR": 5.371428571428571,
  "TPI": 0.6246657483186128,
  "OV_block_step": 1300140,
  "OV_frac": 0.7525090580758679,
  "GE2_frac": 0.3388704318936877,
  "peak_blocks": 752,
  "peak_step": 5930,
  "gpu_blocks": 140,
  "total_steps": 12341,
  "type1_count": 86,
  "type2_count": 33,
  "plot_path": "traces/requests_types_8k/all_traces_arrival_rate_CV/SS06_SM02_SL13_MS06_MM04_ML06_LS51_LM09_LL05/lognormal_lambda3.0x_cv3/lognormal_lambda3.0x_cv3.png"
}