{
  "PPR": 3.1918402777777777,
  "TPI": 0.1431971109129746,
  "OV_block_step": 65769821,
  "OV_frac": 0.09155381198314343,
  "GE2_frac": 0.03372418968934617,
  "peak_blocks": 7354,
  "peak_step": 228736,
  "gpu_blocks": 2304,
  "total_steps": 311794,
  "type1_count": 51,
  "type2_count": 33,
  "plot_path": "traces/request_types/all_traces/SS12_SL37_LS06_LL43/bim50/bim50_lo_ov11.png"
}