{
  "PPR": 4.777486910994765,
  "TPI": 0.7846558317399618,
  "OV_block_step": 4928645,
  "OV_frac": 1.541851343437478,
  "GE2_frac": 0.5657265774378585,
  "peak_blocks": 3650,
  "peak_step": 1911,
  "gpu_blocks": 764,
  "total_steps": 4184,
  "type1_count": 13,
  "type2_count": 6,
  "plot_path": "traces/SS100_SL00_LS00_LL00/bim05/bim05_sv_ov1p5.png"
}