{
  "PPR": 2.3717339667458432,
  "TPI": 0.2775592627755926,
  "OV_block_step": 58606209,
  "OV_frac": 0.08741048876305976,
  "GE2_frac": 0.005098683384320167,
  "peak_blocks": 7988,
  "peak_step": 86032,
  "gpu_blocks": 3368,
  "total_steps": 199071,
  "type1_count": 84,
  "type2_count": 67,
  "plot_path": "traces/requests_types_128k_bs8/all_traces_arrival_rate_CV/SS09_SM11_SL08_MS09_MM08_ML09_LS18_LM23_LL05/lognormal_lambda4.0x_cv1/lognormal_lambda4.0x_cv1.png"
}