{
  "PPR": 3.434584755403868,
  "TPI": 0.5839427662957075,
  "OV_block_step": 92192562,
  "OV_frac": 0.8337318024710114,
  "GE2_frac": 0.46686804451510333,
  "peak_blocks": 12076,
  "peak_step": 14023,
  "gpu_blocks": 3516,
  "total_steps": 31450,
  "type1_count": 19,
  "type2_count": 8,
  "plot_path": "traces/SS37_SL21_LS05_LL35/poi05/poi05_hi_ov83.png"
}