{
  "PPR": 2.9345770508561206,
  "TPI": 0.5054986120008541,
  "OV_block_step": 16095531,
  "OV_frac": 0.21958936955659392,
  "GE2_frac": 0.08333333333333333,
  "peak_blocks": 11483,
  "peak_step": 2511,
  "gpu_blocks": 3913,
  "total_steps": 18732,
  "type1_count": 33,
  "type2_count": 27,
  "plot_path": "traces/request_types/SS41_SL16_LS41_LL00/bim05/bim05_ml_ov22.png"
}