{
  "PPR": 1.7850147676045391,
  "TPI": 0.147501601537476,
  "OV_block_step": 5755654,
  "OV_frac": 0.04776359179105947,
  "GE2_frac": 0.0,
  "peak_blocks": 11483,
  "peak_step": 2511,
  "gpu_blocks": 6433,
  "total_steps": 18732,
  "type1_count": 30,
  "type2_count": 7,
  "plot_path": "traces/request_types/SS41_SL16_LS41_LL00/bim05/bim05_vl_ov5.png"
}