{
  "PPR": 2.101667563206025,
  "TPI": 0.12270861833105336,
  "OV_block_step": 6344856,
  "OV_frac": 0.05836265176473532,
  "GE2_frac": 0.0054035567715458276,
  "peak_blocks": 3907,
  "peak_step": 31303,
  "gpu_blocks": 1859,
  "total_steps": 58480,
  "type1_count": 37,
  "type2_count": 17,
  "plot_path": "traces/request_types_request_52_for_both_dyn_arrival_rate_CV/all_traces_arrival_rate_CV/SS06_SM02_SL13_MS06_MM04_ML06_LS51_LM09_LL05/lognormal_lambda4.0x_cv4/lognormal_lambda4.0x_cv4.png"
}