{
  "PPR": 8.783521809369951,
  "TPI": 0.9311462130417173,
  "OV_block_step": 21265151,
  "OV_frac": 2.7828303270734818,
  "GE2_frac": 0.8236533009315512,
  "peak_blocks": 5437,
  "peak_step": 8759,
  "gpu_blocks": 619,
  "total_steps": 12345,
  "type1_count": 9,
  "type2_count": 7,
  "plot_path": "traces/requests_types_32k/all_traces_arrival_rate_CV/SS00_SM00_SL00_MS00_MM00_ML00_LS00_LM00_LL100/lognormal_lambda3.0x_cv5/lognormal_lambda3.0x_cv5.png"
}