{
  "batch_size": 4,
  "max_model_len": 32384,
  "num_gpu_blocks_override": 1206,
  "arrival_pattern": "PoissonBurstyArrivalPattern(lb=1,lg=4022)",
  "vocab": [200, 30000],
  "requests": {
    "request_0": {"category": "LS_I6544-9824_O816-1216", "input_length": 7815, "output_length": 861, "arrival_time": 0, "sched_time": 0, "wait_time": 0, "slo": 0.0582107371388997},
    "request_1": {"category": "SL_I400-608_O6544-9824", "input_length": 546, "output_length": 8743, "arrival_time": 0, "sched_time": 0, "wait_time": 0, "slo": 0.058824805710119554},
    "request_2": {"category": "LS_I6544-9824_O816-1216", "input_length": 7659, "output_length": 1082, "arrival_time": 0, "sched_time": 0, "wait_time": 0, "slo": 0.058275850445799034},
    "request_3": {"category": "SL_I192-304_O3264-4912", "input_length": 227, "output_length": 4368, "arrival_time": 0, "sched_time": 0, "wait_time": 0, "slo": 0.05412262320880473},
    "request_4": {"category": "LS_I3264-4912_O192-304", "input_length": 4177, "output_length": 202, "arrival_time": 8745, "sched_time": 8745, "wait_time": 0, "slo": 0.053906246681262336},
    "request_5": {"category": "SL_I192-304_O3264-4912", "input_length": 278, "output_length": 3437, "arrival_time": 8949, "sched_time": 8949, "wait_time": 0, "slo": 0.05324108920770609},
    "request_6": {"category": "SL_I192-304_O3264-4912", "input_length": 238, "output_length": 3762, "arrival_time": 12388, "sched_time": 12388, "wait_time": 0, "slo": 0.05352658601488008},
    "request_7": {"category": "SL_I1632-2448_O3264-4912", "input_length": 1961, "output_length": 3849, "arrival_time": 16152, "sched_time": 16152, "wait_time": 0, "slo": 0.0553397411762307},
    "request_8": {"category": "SL_I816-1216_O3264-4912", "input_length": 954, "output_length": 4716, "arrival_time": 20003, "sched_time": 20003, "wait_time": 0, "slo": 0.05519949713060137},
    "request_9": {"category": "LS_I6544-9824_O400-608", "input_length": 7036, "output_length": 518, "arrival_time": 24721, "sched_time": 24721, "wait_time": 0, "slo": 0.05708678128749893},
    "request_10": {"category": "SL_I400-608_O3264-4912", "input_length": 467, "output_length": 4053, "arrival_time": 25241, "sched_time": 25241, "wait_time": 0, "slo": 0.05404749247007473},
    "request_11": {"category": "SL_I400-608_O3264-4912", "input_length": 499, "output_length": 4106, "arrival_time": 29296, "sched_time": 29296, "wait_time": 0, "slo": 0.0541326406406354},
    "request_12": {"category": "SL_I400-608_O13104-19648", "input_length": 581, "output_length": 18091, "arrival_time": 29296, "sched_time": 29296, "wait_time": 0, "slo": 0.06822416199683387},
    "request_13": {"category": "SS_I1632-2448_O400-608", "input_length": 1900, "output_length": 529, "arrival_time": 39158, "sched_time": 39158, "wait_time": 0, "slo": 0.05195284747428238},
    "request_14": {"category": "SL_I400-608_O13104-19648", "input_length": 501, "output_length": 18792, "arrival_time": 39689, "sched_time": 39689, "wait_time": 0, "slo": 0.06884624451351826},
    "request_15": {"category": "LS_I6544-9824_O816-1216", "input_length": 7618, "output_length": 975, "arrival_time": 49808, "sched_time": 49808, "wait_time": 0, "slo": 0.05812759245470517},
    "request_16": {"category": "SL_I1632-2448_O6544-9824", "input_length": 2237, "output_length": 9672, "arrival_time": 50785, "sched_time": 50785, "wait_time": 0, "slo": 0.06144937284975416},
    "request_17": {"category": "LS_I6544-9824_O816-1216", "input_length": 8739, "output_length": 868, "arrival_time": 50785, "sched_time": 50785, "wait_time": 0, "slo": 0.059143360042334746},
    "request_18": {"category": "SS_I1632-2448_O1632-2448", "input_length": 2307, "output_length": 2142, "arrival_time": 57458, "sched_time": 57458, "wait_time": 0, "slo": 0.053976368704077},
    "request_19": {"category": "LS_I3264-4912_O400-608", "input_length": 4052, "output_length": 458, "arrival_time": 57458, "sched_time": 57458, "wait_time": 0, "slo": 0.05403747503824407},
    "request_20": {"category": "LS_I3264-4912_O400-608", "input_length": 4555, "output_length": 544, "arrival_time": 59602, "sched_time": 59602, "wait_time": 0, "slo": 0.05462750177307032},
    "request_21": {"category": "SL_I1632-2448_O6544-9824", "input_length": 2199, "output_length": 8128, "arrival_time": 60148, "sched_time": 60148, "wait_time": 0, "slo": 0.059864615134142735},
    "request_22": {"category": "SL_I816-1216_O3264-4912", "input_length": 1149, "output_length": 4757, "arrival_time": 68278, "sched_time": 68278, "wait_time": 0, "slo": 0.0554359085218051},
    "request_23": {"category": "LS_I6544-9824_O816-1216", "input_length": 8139, "output_length": 819, "arrival_time": 73037, "sched_time": 73037, "wait_time": 0, "slo": 0.058493228716524494},
    "request_24": {"category": "LS_I6544-9824_O192-304", "input_length": 9422, "output_length": 297, "arrival_time": 73858, "sched_time": 73858, "wait_time": 0, "slo": 0.05925555527883821},
    "request_25": {"category": "LS_I6544-9824_O1632-2448", "input_length": 7277, "output_length": 2317, "arrival_time": 74157, "sched_time": 74157, "wait_time": 0, "slo": 0.059130337380954884},
    "request_26": {"category": "SL_I816-1216_O6544-9824", "input_length": 963, "output_length": 8793, "arrival_time": 76476, "sched_time": 76476, "wait_time": 0, "slo": 0.059292619776611676},
    "request_27": {"category": "LS_I6544-9824_O816-1216", "input_length": 9184, "output_length": 1088, "arrival_time": 76476, "sched_time": 76476, "wait_time": 0, "slo": 0.059809519259074066},
    "request_28": {"category": "SS_I1632-2448_O1632-2448", "input_length": 1719, "output_length": 1725, "arrival_time": 85271, "sched_time": 85271, "wait_time": 0, "slo": 0.05296961680509502},
    "request_29": {"category": "LS_I6544-9824_O1632-2448", "input_length": 7040, "output_length": 1813, "arrival_time": 85271, "sched_time": 85271, "wait_time": 0, "slo": 0.0583880456823025},
    "request_30": {"category": "SS_I1632-2448_O400-608", "input_length": 2332, "output_length": 565, "arrival_time": 87086, "sched_time": 87086, "wait_time": 0, "slo": 0.05242166328395757},
    "request_31": {"category": "SL_I816-1216_O6544-9824", "input_length": 959, "output_length": 8210, "arrival_time": 87653, "sched_time": 87653, "wait_time": 0, "slo": 0.058704596528151555},
    "request_32": {"category": "SS_I1632-2448_O816-1216", "input_length": 2189, "output_length": 882, "arrival_time": 95865, "sched_time": 95865, "wait_time": 0, "slo": 0.05259596659781117},
    "request_33": {"category": "SL_I192-304_O6544-9824", "input_length": 193, "output_length": 7848, "arrival_time": 96749, "sched_time": 96749, "wait_time": 0, "slo": 0.057574630217652384},
    "request_34": {"category": "LS_I3264-4912_O400-608", "input_length": 3855, "output_length": 510, "arrival_time": 104599, "sched_time": 104599, "wait_time": 0, "slo": 0.0538922222766994},
    "request_35": {"category": "SS_I1632-2448_O400-608", "input_length": 2101, "output_length": 477, "arrival_time": 105111, "sched_time": 105111, "wait_time": 0, "slo": 0.05210210720855931},
    "request_36": {"category": "SS_I1632-2448_O1632-2448", "input_length": 1697, "output_length": 2108, "arrival_time": 105590, "sched_time": 105590, "wait_time": 0, "slo": 0.053331246094182085},
    "request_37": {"category": "SL_I400-608_O13104-19648", "input_length": 544, "output_length": 16576, "arrival_time": 107700, "sched_time": 107700, "wait_time": 0, "slo": 0.06666945657671444},
    "request_38": {"category": "LS_I3264-4912_O816-1216", "input_length": 4081, "output_length": 1199, "arrival_time": 124278, "sched_time": 124278, "wait_time": 0, "slo": 0.054808817289205385},
    "request_39": {"category": "SL_I400-608_O13104-19648", "input_length": 546, "output_length": 13623, "arrival_time": 125479, "sched_time": 125479, "wait_time": 0, "slo": 0.06371331244348477},
    "request_40": {"category": "SL_I400-608_O6544-9824", "input_length": 429, "output_length": 9264, "arrival_time": 139104, "sched_time": 139104, "wait_time": 0,