{
  "PPR": 3.6159420289855073,
  "TPI": 0.39380225029857313,
  "OV_block_step": 659097,
  "OV_frac": 0.3002115291590486,
  "GE2_frac": 0.11264064366082092,
  "peak_blocks": 499,
  "peak_step": 11585,
  "gpu_blocks": 138,
  "total_steps": 15909,
  "type1_count": 89,
  "type2_count": 44,
  "plot_path": "traces/requests_types_8k/all_traces_arrival_rate_CV/SS06_SM06_SL19_MS24_MM08_ML20_LS10_LM05_LL02/lognormal_lambda2.0x_cv4/lognormal_lambda2.0x_cv4.png"
}