{
  "PPR": 3.7670019157088124,
  "TPI": 0.6268905959253781,
  "OV_block_step": 146034924,
  "OV_frac": 0.8342489825510452,
  "GE2_frac": 0.4716112409943222,
  "peak_blocks": 15731,
  "peak_step": 12153,
  "gpu_blocks": 4176,
  "total_steps": 41918,
  "type1_count": 20,
  "type2_count": 7,
  "plot_path": "traces/request_types/SS14_SL39_LS12_LL33/per05/per05_hi_ov83.png"
}