{
  "PPR": 2.1289755041277574,
  "TPI": 0.5148623503029724,
  "OV_block_step": 68269954,
  "OV_frac": 0.22041613884762903,
  "GE2_frac": 0.00722839830144568,
  "peak_blocks": 15731,
  "peak_step": 12153,
  "gpu_blocks": 7389,
  "total_steps": 41918,
  "type1_count": 81,
  "type2_count": 21,
  "plot_path": "traces/request_types/SS14_SL39_LS12_LL33/per05/per05_ml_ov22.png"
}