{
    "NoPrefetch":{
        "linear":{
            "A":1.2253712874e-06,
            "B":3.5445444183e-02,
            "R2":0.989
        },
        "upper_quad":{
            "A":8.38e-12,
            "B":8.06e-07,
            "C":4.46e-02,
            "R2":0.895
        }
    },
    "Communication":{
        "upper_quad":{
            "A":1.38e-11,
            "B":3.79e-05,
            "C":8.71e-02,
            "R2":0.9852
        },
        "linear":{
            "A":3.91e-05,
            "B":1.94e-02,
            "R2":0.9804
        }
    }
}