{
    "NoPrefetch":{
        "linear":{
            "A":1.2253712874e-06,
            "B":3.5445444183e-02,
            "R2":0.989
        },
        "upper_quad":{
            "A":8.38e-12,
            "B":8.06e-07,
            "C":4.46e-02,
            "R2":0.895
        }
    },
    "Communication":{
        "upper_quad":{
            "A":-8.29239999e-12,
            "B":3.7894e-05,
            "C":4.19e-02,
            "R2":0
        }
    }
}