{
  "PPR": 6.743243243243243,
  "TPI": 0.9118137363858635,
  "OV_block_step": 24922374,
  "OV_frac": 2.3393312252572644,
  "GE2_frac": 0.813291842631696,
  "peak_blocks": 3992,
  "peak_step": 11848,
  "gpu_blocks": 592,
  "total_steps": 17996,
  "type1_count": 8,
  "type2_count": 6,
  "plot_path": "traces/requests_types_32k/all_traces_arrival_rate_CV/SS06_SM02_SL13_MS06_MM04_ML06_LS51_LM09_LL05/lognormal_lambda4.5x_cv5/lognormal_lambda4.5x_cv5.png"
}