{
  "PPR": 2.433257055682685,
  "TPI": 0.26140193987755383,
  "OV_block_step": 109293698,
  "OV_frac": 0.11469583152110291,
  "GE2_frac": 0.027928733576391276,
  "peak_blocks": 6380,
  "peak_step": 235700,
  "gpu_blocks": 2622,
  "total_steps": 363425,
  "type1_count": 70,
  "type2_count": 43,
  "plot_path": "traces/requests_types_128k/all_traces_arrival_rate_CV/SS18_SM08_SL17_MS21_MM06_ML10_LS10_LM03_LL07/lognormal_lambda1.5x_cv1/lognormal_lambda1.5x_cv1.png"
}