{
  "PPR": 1.8626302083333333,
  "TPI": 0.20298565733777174,
  "OV_block_step": 13907069,
  "OV_frac": 0.046511329163113534,
  "GE2_frac": 0.0,
  "peak_blocks": 2861,
  "peak_step": 122846,
  "gpu_blocks": 1536,
  "total_steps": 194664,
  "type1_count": 93,
  "type2_count": 88,
  "plot_path": "traces/request_types/all_traces/SS00_SL12_LS87_LL00/bim50/bim50_vl_ov6.png"
}