{
  "PPR": 1.6222635274679884,
  "TPI": 0.34118035146644277,
  "OV_block_step": 16902693,
  "OV_frac": 0.052342851352173904,
  "GE2_frac": 0.0,
  "peak_blocks": 15710,
  "peak_step": 17149,
  "gpu_blocks": 9684,
  "total_steps": 33346,
  "type1_count": 64,
  "type2_count": 38,
  "plot_path": "traces/SS24_SL23_LS23_LL28/per05/per05_sk_ov5.png"
}