{
  "PPR": 2.3642857142857143,
  "TPI": 0.08027402072720885,
  "OV_block_step": 60046,
  "OV_frac": 0.025112711517067746,
  "GE2_frac": 0.004098600620645237,
  "peak_blocks": 331,
  "peak_step": 16174,
  "gpu_blocks": 140,
  "total_steps": 17079,
  "type1_count": 23,
  "type2_count": 34,
  "plot_path": "traces/requests_types_8k/all_traces_arrival_rate_CV/SS06_SM27_SL20_MS09_MM11_ML01_LS04_LM12_LL10/lognormal_lambda1.0x_cv1/lognormal_lambda1.0x_cv1.png"
}