{
  "PPR": 6.0316957210776545,
  "TPI": 0.43440891280403027,
  "OV_block_step": 27813398,
  "OV_frac": 0.7959098835609631,
  "GE2_frac": 0.32186128816742204,
  "peak_blocks": 3806,
  "peak_step": 7309,
  "gpu_blocks": 631,
  "total_steps": 55381,
  "type1_count": 27,
  "type2_count": 22,
  "plot_path": "traces/requests_types_32k/all_traces_arrival_rate_CV/SS00_SM00_SL00_MS00_MM00_ML00_LS33_LM00_LL67/lognormal_lambda4.0x_cv6/lognormal_lambda4.0x_cv6.png"
}