{
  "PPR": 2.8998096556497663,
  "TPI": 0.6112350116758062,
  "OV_block_step": 115617539,
  "OV_frac": 0.5249257670745467,
  "GE2_frac": 0.24705481069451368,
  "peak_blocks": 16758,
  "peak_step": 22193,
  "gpu_blocks": 5779,
  "total_steps": 38113,
  "type1_count": 35,
  "type2_count": 18,
  "plot_path": "traces/request_types/SS12_SL06_LS43_LL37/tsa05/tsa05_mh_ov53.png"
}