{
  "PPR": 4.948727272727273,
  "TPI": 0.5910927617709065,
  "OV_block_step": 195936671,
  "OV_frac": 0.5215631481718095,
  "GE2_frac": 0.18706810728507847,
  "peak_blocks": 13609,
  "peak_step": 111457,
  "gpu_blocks": 2750,
  "total_steps": 136608,
  "type1_count": 71,
  "type2_count": 29,
  "plot_path": "traces/requests_types_96k/all_traces_arrival_rate_CV/SS05_SM22_SL01_MS13_MM01_ML37_LS03_LM03_LL15/lognormal_lambda3.5x_cv1/lognormal_lambda3.5x_cv1.png"
}