{
  "PPR": 4.228346456692913,
  "TPI": 0.5712796455564243,
  "OV_block_step": 1807009,
  "OV_frac": 0.6180356755640103,
  "GE2_frac": 0.24506993310746242,
  "peak_blocks": 1074,
  "peak_step": 6568,
  "gpu_blocks": 254,
  "total_steps": 11511,
  "type1_count": 48,
  "type2_count": 28,
  "plot_path": "traces/requests_types_16k/all_traces_arrival_rate_CV/SS03_SM42_SL05_MS03_MM05_ML25_LS13_LM02_LL00/lognormal_lambda4.0x_cv1/lognormal_lambda4.0x_cv1.png"
}