{
  "PPR": 5.545731707317073,
  "TPI": 0.7020753458909819,
  "OV_block_step": 15119549,
  "OV_frac": 0.9604972907069877,
  "GE2_frac": 0.4080263377229538,
  "peak_blocks": 3638,
  "peak_step": 22694,
  "gpu_blocks": 656,
  "total_steps": 23996,
  "type1_count": 34,
  "type2_count": 24,
  "plot_path": "traces/requests_types_32k/all_traces_arrival_rate_CV/SS02_SM02_SL02_MS01_MM01_ML02_LS01_LM03_LL86/lognormal_lambda3.5x_cv2/lognormal_lambda3.5x_cv2.png"
}