{
  "PPR": 1.3376753507014028,
  "TPI": 0.0435894011941779,
  "OV_block_step": 332750,
  "OV_frac": 0.0063603676707299495,
  "GE2_frac": 0.0,
  "peak_blocks": 1335,
  "peak_step": 31624,
  "gpu_blocks": 998,
  "total_steps": 52421,
  "type1_count": 9,
  "type2_count": 11,
  "plot_path": "traces/requests_types_32k_bs8/all_traces_arrival_rate_CV/SS02_SM04_SL04_MS04_MM15_ML55_LS04_LM04_LL05/lognormal_lambda2.0x_cv1/lognormal_lambda2.0x_cv1.png"
}