{
  "PPR": 1.445132186319765,
  "TPI": 0.3670952132454101,
  "OV_block_step": 21483862,
  "OV_frac": 0.05346238398931566,
  "GE2_frac": 0.0,
  "peak_blocks": 13775,
  "peak_step": 12598,
  "gpu_blocks": 9532,
  "total_steps": 42158,
  "type1_count": 64,
  "type2_count": 62,
  "plot_path": "traces/SS14_SL39_LS12_LL33/uni05/uni05_sk_ov5.png"
}