{
  "PPR": 2.123076923076923,
  "TPI": 0.12615314958401722,
  "OV_block_step": 104933,
  "OV_frac": 0.045683226163162775,
  "GE2_frac": 0.0053766483671967855,
  "peak_blocks": 276,
  "peak_step": 10099,
  "gpu_blocks": 130,
  "total_steps": 17669,
  "type1_count": 42,
  "type2_count": 28,
  "plot_path": "traces/requests_types_8k/all_traces_arrival_rate_CV/SS03_SM35_SL00_MS13_MM01_ML28_LS01_LM18_LL02/lognormal_lambda1.5x_cv1/lognormal_lambda1.5x_cv1.png"
}