{
  "PPR": 8.554421768707483,
  "TPI": 0.6743089779301479,
  "OV_block_step": 1442484,
  "OV_frac": 1.0512980851221998,
  "GE2_frac": 0.36318834368973646,
  "peak_blocks": 2515,
  "peak_step": 2785,
  "gpu_blocks": 294,
  "total_steps": 4667,
  "type1_count": 24,
  "type2_count": 27,
  "plot_path": "traces/requests_types_16k/all_traces_arrival_rate_CV/SS00_SM00_SL00_MS00_MM00_ML00_LS00_LM66_LL34/lognormal_lambda1.5x_cv5/lognormal_lambda1.5x_cv5.png"
}