{
  "PPR": 6.950819672131147,
  "TPI": 0.8049578457279477,
  "OV_block_step": 3700446,
  "OV_frac": 1.526690554431304,
  "GE2_frac": 0.5155404555178055,
  "peak_blocks": 2120,
  "peak_step": 3105,
  "gpu_blocks": 305,
  "total_steps": 7947,
  "type1_count": 26,
  "type2_count": 24,
  "plot_path": "traces/requests_types_16k/all_traces_arrival_rate_CV/SS02_SM02_SL02_MS01_MM01_ML02_LS01_LM03_LL86/lognormal_lambda4.0x_cv3/lognormal_lambda4.0x_cv3.png"
}