{
  "PPR": 2.6608863198458574,
  "TPI": 0.7553946053946053,
  "OV_block_step": 4657023,
  "OV_frac": 0.44820526294514734,
  "GE2_frac": 0.13291708291708293,
  "peak_blocks": 1381,
  "peak_step": 9277,
  "gpu_blocks": 519,
  "total_steps": 20020,
  "type1_count": 85,
  "type2_count": 43,
  "plot_path": "traces/requests_types_32k/all_traces_arrival_rate_CV/SS06_SM27_SL20_MS09_MM11_ML01_LS04_LM12_LL10/lognormal_lambda4.0x_cv1/lognormal_lambda4.0x_cv1.png"
}