{
  "PPR": 3.2896440129449838,
  "TPI": 0.4048744922403916,
  "OV_block_step": 6986474,
  "OV_frac": 0.23549576315034607,
  "GE2_frac": 0.06653473596500364,
  "peak_blocks": 2033,
  "peak_step": 18812,
  "gpu_blocks": 618,
  "total_steps": 48005,
  "type1_count": 72,
  "type2_count": 58,
  "plot_path": "traces/requests_types_32k/all_traces_arrival_rate_CV/SS00_SM00_SL00_MS00_MM00_ML00_LS33_LM66_LL01/lognormal_lambda2.0x_cv2/lognormal_lambda2.0x_cv2.png"
}