{
  "PPR": 4.310909090909091,
  "TPI": 0.29285828407093784,
  "OV_block_step": 1684261,
  "OV_frac": 0.24463114932678762,
  "GE2_frac": 0.10313149065345902,
  "peak_blocks": 2371,
  "peak_step": 6963,
  "gpu_blocks": 550,
  "total_steps": 12518,
  "type1_count": 25,
  "type2_count": 45,
  "plot_path": "traces/requests_types_32k/all_traces_arrival_rate_CV/SS00_SM00_SL00_MS00_MM00_ML00_LS00_LM99_LL01/lognormal_lambda1.0x_cv2/lognormal_lambda1.0x_cv2.png"
}