{
  "PPR": 2.838093948829024,
  "TPI": 0.5847572730459166,
  "OV_block_step": 177437223,
  "OV_frac": 0.5262048886717607,
  "GE2_frac": 0.2815019277953032,
  "peak_blocks": 20965,
  "peak_step": 24593,
  "gpu_blocks": 7387,
  "total_steps": 45648,
  "type1_count": 37,
  "type2_count": 45,
  "plot_path": "traces/request_types/SS00_SL25_LS00_LL75/per05/per05_mh_ov53.png"
}