{
  "PPR": 1.6406892500489525,
  "TPI": 0.3165586545273266,
  "OV_block_step": 37530517,
  "OV_frac": 0.09640855169115661,
  "GE2_frac": 0.0,
  "peak_blocks": 16758,
  "peak_step": 22193,
  "gpu_blocks": 10214,
  "total_steps": 38113,
  "type1_count": 55,
  "type2_count": 22,
  "plot_path": "traces/SS12_SL06_LS43_LL37/tsa05/tsa05_lo_ov10.png"
}