{
  "PPR": 4.97131931166348,
  "TPI": 0.7451175656984785,
  "OV_block_step": 7314646,
  "OV_frac": 0.7737725485218008,
  "GE2_frac": 0.29770401106500693,
  "peak_blocks": 2600,
  "peak_step": 10653,
  "gpu_blocks": 523,
  "total_steps": 18075,
  "type1_count": 38,
  "type2_count": 22,
  "plot_path": "traces/requests_types_32k/all_traces_arrival_rate_CV/SS06_SM01_SL07_MS08_MM02_ML49_LS05_LM19_LL03/lognormal_lambda4.5x_cv3/lognormal_lambda4.5x_cv3.png"
}