{
  "PPR": 3.1904761904761907,
  "TPI": 0.4330149716055756,
  "OV_block_step": 426107,
  "OV_frac": 0.3741206859615297,
  "GE2_frac": 0.1461022199277233,
  "peak_blocks": 469,
  "peak_step": 4704,
  "gpu_blocks": 147,
  "total_steps": 7748,
  "type1_count": 44,
  "type2_count": 21,
  "plot_path": "traces/requests_types_8k/all_traces_arrival_rate_CV/SS04_SM15_SL55_MS02_MM04_ML04_LS04_LM04_LL05/lognormal_lambda3.5x_cv4/lognormal_lambda3.5x_cv4.png"
}