{
  "PPR": 4.299212598425197,
  "TPI": 0.336880013095433,
  "OV_block_step": 284140,
  "OV_frac": 0.36623389010405455,
  "GE2_frac": 0.15403503028318874,
  "peak_blocks": 546,
  "peak_step": 291,
  "gpu_blocks": 127,
  "total_steps": 6109,
  "type1_count": 37,
  "type2_count": 22,
  "plot_path": "traces/requests_types_8k/all_traces_arrival_rate_CV/SS05_SM22_SL01_MS13_MM01_ML37_LS03_LM03_LL15/lognormal_lambda3.0x_cv6/lognormal_lambda3.0x_cv6.png"
}