{
  "PPR": 5.4935064935064934,
  "TPI": 0.646760343481655,
  "OV_block_step": 785128,
  "OV_frac": 0.9949714610136156,
  "GE2_frac": 0.4213505074160812,
  "peak_blocks": 846,
  "peak_step": 426,
  "gpu_blocks": 154,
  "total_steps": 5124,
  "type1_count": 30,
  "type2_count": 18,
  "plot_path": "traces/requests_types_8k/all_traces_arrival_rate_CV/SS00_SM00_SL00_MS00_MM00_ML00_LS00_LM33_LL67/lognormal_lambda2.0x_cv2/lognormal_lambda2.0x_cv2.png"
}