{
  "PPR": 2.992831541218638,
  "TPI": 0.12795549374130738,
  "OV_block_step": 360211,
  "OV_frac": 0.039036066186327475,
  "GE2_frac": 0.009040333796940195,
  "peak_blocks": 835,
  "peak_step": 1033,
  "gpu_blocks": 279,
  "total_steps": 33074,
  "type1_count": 44,
  "type2_count": 68,
  "plot_path": "traces/requests_types_16k/all_traces_arrival_rate_CV/SS00_SM00_SL00_MS00_MM00_ML00_LS33_LM66_LL01/lognormal_lambda1.0x_cv7/lognormal_lambda1.0x_cv7.png"
}