{
  "PPR": 2.150566988660227,
  "TPI": 0.7752367752367753,
  "OV_block_step": 52087382,
  "OV_frac": 0.252671089336356,
  "GE2_frac": 0.009286209286209286,
  "peak_blocks": 20482,
  "peak_step": 2935,
  "gpu_blocks": 9524,
  "total_steps": 21645,
  "type1_count": 34,
  "type2_count": 13,
  "plot_path": "traces/SS26_SL12_LS36_LL24/bim05/bim05_md_ov25.png"
}