{
  "PPR": 3.3571545648254384,
  "TPI": 0.8127050127050127,
  "OV_block_step": 110732015,
  "OV_frac": 0.8385222437017225,
  "GE2_frac": 0.3391083391083391,
  "peak_blocks": 20482,
  "peak_step": 2935,
  "gpu_blocks": 6101,
  "total_steps": 21645,
  "type1_count": 19,
  "type2_count": 11,
  "plot_path": "traces/SS26_SL12_LS36_LL24/bim05/bim05_hi_ov84.png"
}