{
  "PPR": 2.0182291666666665,
  "TPI": 0.1837727156385974,
  "OV_block_step": 20670199,
  "OV_frac": 0.049205312103885575,
  "GE2_frac": 0.000653588796665326,
  "peak_blocks": 3875,
  "peak_step": 157160,
  "gpu_blocks": 1920,
  "total_steps": 218792,
  "type1_count": 85,
  "type2_count": 67,
  "plot_path": "traces/request_types/all_traces/SS24_SL23_LS23_LL28/bim50/bim50_vl_ov6.png"
}