{
  "PPR": 3.20411214953271,
  "TPI": 0.5206794869475551,
  "OV_block_step": 271818982,
  "OV_frac": 0.36765588838135344,
  "GE2_frac": 0.14953054615843842,
  "peak_blocks": 8571,
  "peak_step": 134527,
  "gpu_blocks": 2675,
  "total_steps": 276385,
  "type1_count": 76,
  "type2_count": 57,
  "plot_path": "traces/requests_types_128k/all_traces_arrival_rate_CV/SS00_SM00_SL00_MS00_MM00_ML00_LS33_LM33_LL34/lognormal_lambda2.0x_cv1/lognormal_lambda2.0x_cv1.png"
}