{
  "PPR": 2.1204379562043796,
  "TPI": 0.21657563524103537,
  "OV_block_step": 2623218,
  "OV_frac": 0.0947299564747871,
  "GE2_frac": 0.006174305390643553,
  "peak_blocks": 1162,
  "peak_step": 8421,
  "gpu_blocks": 548,
  "total_steps": 50532,
  "type1_count": 46,
  "type2_count": 29,
  "plot_path": "traces/requests_types_32k/all_traces_arrival_rate_CV/SS05_SM22_SL01_MS13_MM01_ML37_LS03_LM03_LL15/lognormal_lambda1.5x_cv2/lognormal_lambda1.5x_cv2.png"
}