{
  "PPR": 2.593900481540931,
  "TPI": 0.07764537454208598,
  "OV_block_step": 3386714,
  "OV_frac": 0.038149943448380616,
  "GE2_frac": 0.009747778853846478,
  "peak_blocks": 1616,
  "peak_step": 32555,
  "gpu_blocks": 623,
  "total_steps": 142494,
  "type1_count": 26,
  "type2_count": 29,
  "plot_path": "traces/requests_types_32k/all_traces_arrival_rate_CV/SS11_SM02_SL03_MS00_MM36_ML08_LS16_LM20_LL04/lognormal_lambda1.5x_cv7/lognormal_lambda1.5x_cv7.png"
}