{
  "PPR": 2.6120996441281137,
  "TPI": 0.3513914896364693,
  "OV_block_step": 627301,
  "OV_frac": 0.14414592240949647,
  "GE2_frac": 0.015303157486924518,
  "peak_blocks": 734,
  "peak_step": 4749,
  "gpu_blocks": 281,
  "total_steps": 15487,
  "type1_count": 49,
  "type2_count": 44,
  "plot_path": "traces/requests_types_16k/all_traces_arrival_rate_CV/SS00_SM06_SL06_MS06_MM39_ML00_LS06_LM18_LL19/lognormal_lambda2.5x_cv3/lognormal_lambda2.5x_cv3.png"
}