{
  "PPR": 4.860557768924303,
  "TPI": 0.7637809506596783,
  "OV_block_step": 1553171,
  "OV_frac": 1.1183683844056271,
  "GE2_frac": 0.5026206397975782,
  "peak_blocks": 1220,
  "peak_step": 3225,
  "gpu_blocks": 251,
  "total_steps": 5533,
  "type1_count": 22,
  "type2_count": 21,
  "plot_path": "traces/requests_types_16k/all_traces_arrival_rate_CV/SS15_SM17_SL08_MS09_MM06_ML17_LS06_LM14_LL09/lognormal_lambda5.0x_cv1/lognormal_lambda5.0x_cv1.png"
}