{
  "PPR": 1.848585690515807,
  "TPI": 0.18588130827290217,
  "OV_block_step": 2816075,
  "OV_frac": 0.053342390438055325,
  "GE2_frac": 0.0,
  "peak_blocks": 1111,
  "peak_step": 51057,
  "gpu_blocks": 601,
  "total_steps": 87841,
  "type1_count": 50,
  "type2_count": 51,
  "plot_path": "traces/requests_types_32k/all_traces_arrival_rate_CV/SS09_SM11_SL08_MS09_MM08_ML09_LS18_LM23_LL05/lognormal_lambda2.0x_cv2/lognormal_lambda2.0x_cv2.png"
}