{
  "PPR": 6.512022367194781,
  "TPI": 0.8923419453592467,
  "OV_block_step": 176827987,
  "OV_frac": 1.528807005565732,
  "GE2_frac": 0.48875179739320007,
  "peak_blocks": 34937,
  "peak_step": 2491,
  "gpu_blocks": 5365,
  "total_steps": 21559,
  "type1_count": 11,
  "type2_count": 7,
  "plot_path": "traces/SS16_SL02_LS38_LL41/bim05/bim05_sv_ov1p5.png"
}