{
  "PPR": 3.848648648648649,
  "TPI": 0.26780918991496344,
  "OV_block_step": 8465029,
  "OV_frac": 0.2844305628916997,
  "GE2_frac": 0.12956884976876026,
  "peak_blocks": 2136,
  "peak_step": 23798,
  "gpu_blocks": 555,
  "total_steps": 53624,
  "type1_count": 32,
  "type2_count": 19,
  "plot_path": "traces/requests_types_32k/all_traces_arrival_rate_CV/SS06_SM06_SL19_MS24_MM08_ML20_LS10_LM05_LL02/lognormal_lambda2.5x_cv1/lognormal_lambda2.5x_cv1.png"
}