{
  "PPR": 3.1266178953292063,
  "TPI": 0.6514033196298885,
  "OV_block_step": 77829437,
  "OV_frac": 0.5188932201566786,
  "GE2_frac": 0.2204556494129634,
  "peak_blocks": 5556,
  "peak_step": 55208,
  "gpu_blocks": 1777,
  "total_steps": 84407,
  "type1_count": 54,
  "type2_count": 29,
  "plot_path": "traces/requests_types_64k/all_traces_arrival_rate_CV/SS54_SM10_SL01_MS02_MM09_ML02_LS06_LM14_LL01/lognormal_lambda3.5x_cv1/lognormal_lambda3.5x_cv1.png"
}