{
  "PPR": 5.074829931972789,
  "TPI": 0.8889644232948107,
  "OV_block_step": 451772,
  "OV_frac": 0.6964148904519887,
  "GE2_frac": 0.18717425787446182,
  "peak_blocks": 746,
  "peak_step": 2560,
  "gpu_blocks": 147,
  "total_steps": 4413,
  "type1_count": 60,
  "type2_count": 19,
  "plot_path": "traces/requests_types_8k/all_traces_arrival_rate_CV/SS19_SM26_SL11_MS14_MM09_ML02_LS10_LM01_LL08/lognormal_lambda4.5x_cv5/lognormal_lambda4.5x_cv5.png"
}