{
  "PPR": 3.082474226804124,
  "TPI": 0.2586975914362177,
  "OV_block_step": 6256400,
  "OV_frac": 0.1997812254440633,
  "GE2_frac": 0.09143621766280106,
  "peak_blocks": 1794,
  "peak_step": 39136,
  "gpu_blocks": 582,
  "total_steps": 53808,
  "type1_count": 50,
  "type2_count": 26,
  "plot_path": "traces/requests_types_32k/all_traces_arrival_rate_CV/SS10_SM24_SL05_MS05_MM03_ML14_LS09_LM12_LL18/lognormal_lambda1.5x_cv3/lognormal_lambda1.5x_cv3.png"
}