{
  "PPR": 3.2982954545454546,
  "TPI": 0.5502287536392625,
  "OV_block_step": 6619240,
  "OV_frac": 0.521410206319398,
  "GE2_frac": 0.25900457507278524,
  "peak_blocks": 1161,
  "peak_step": 31705,
  "gpu_blocks": 352,
  "total_steps": 36065,
  "type1_count": 68,
  "type2_count": 19,
  "plot_path": "traces/request_types/all_traces/SS15_SM13_SL18_MS00_MM19_ML17_LS06_LM03_LL09/bim50/bim50_mh_ov52.png"
}