{
  "PPR": 2.267578125,
  "TPI": 0.3867184250658533,
  "OV_block_step": 3849264,
  "OV_frac": 0.20845955219742132,
  "GE2_frac": 0.055621793983086094,
  "peak_blocks": 1161,
  "peak_step": 31705,
  "gpu_blocks": 512,
  "total_steps": 36065,
  "type1_count": 50,
  "type2_count": 43,
  "plot_path": "traces/request_types/all_traces/SS15_SM13_SL18_MS00_MM19_ML17_LS06_LM03_LL09/bim50/bim50_ml_ov22.png"
}