{
  "PPR": 3.301038062283737,
  "TPI": 0.2623350094280327,
  "OV_block_step": 2290574,
  "OV_frac": 0.20757022815041645,
  "GE2_frac": 0.08817829457364341,
  "peak_blocks": 954,
  "peak_step": 36311,
  "gpu_blocks": 289,
  "total_steps": 38184,
  "type1_count": 62,
  "type2_count": 35,
  "plot_path": "traces/requests_types_16k/all_traces_arrival_rate_CV/SS19_SM26_SL11_MS14_MM09_ML02_LS10_LM01_LL08/lognormal_lambda2.5x_cv2/lognormal_lambda2.5x_cv2.png"
}