{
  "PPR": 4.374607447285778,
  "TPI": 0.3998877980364656,
  "OV_block_step": 129671924,
  "OV_frac": 0.32636708138354736,
  "GE2_frac": 0.12811220196353437,
  "peak_blocks": 9751,
  "peak_step": 161154,
  "gpu_blocks": 2229,
  "total_steps": 178250,
  "type1_count": 64,
  "type2_count": 46,
  "plot_path": "traces/requests_types_128k/all_traces_arrival_rate_CV/SS06_SM63_SL03_MS03_MM03_ML06_LS03_LM09_LL04/lognormal_lambda3.0x_cv1/lognormal_lambda3.0x_cv1.png"
}