{
  "PPR": 5.491289198606272,
  "TPI": 0.7224080267558528,
  "OV_block_step": 719641,
  "OV_frac": 0.8386153613088926,
  "GE2_frac": 0.33645484949832777,
  "peak_blocks": 1576,
  "peak_step": 1353,
  "gpu_blocks": 287,
  "total_steps": 2990,
  "type1_count": 31,
  "type2_count": 19,
  "plot_path": "traces/requests_types_16k/all_traces_arrival_rate_CV/SS00_SM00_SL00_MS00_MM00_ML00_LS00_LM99_LL01/lognormal_lambda3.5x_cv2/lognormal_lambda3.5x_cv2.png"
}