{
  "PPR": 3.5942028985507246,
  "TPI": 0.360252447192169,
  "OV_block_step": 637697,
  "OV_frac": 0.297590981042194,
  "GE2_frac": 0.12442040185471406,
  "peak_blocks": 496,
  "peak_step": 8770,
  "gpu_blocks": 138,
  "total_steps": 15528,
  "type1_count": 83,
  "type2_count": 38,
  "plot_path": "traces/requests_types_8k/all_traces_arrival_rate_CV/SS06_SM06_SL19_MS24_MM08_ML20_LS10_LM05_LL02/lognormal_lambda2.5x_cv2/lognormal_lambda2.5x_cv2.png"
}