{
  "PPR": 2.732824427480916,
  "TPI": 0.26016161616161615,
  "OV_block_step": 3799299,
  "OV_frac": 0.1464761739532732,
  "GE2_frac": 0.0497979797979798,
  "peak_blocks": 1432,
  "peak_step": 31382,
  "gpu_blocks": 524,
  "total_steps": 49500,
  "type1_count": 47,
  "type2_count": 23,
  "plot_path": "traces/requests_types_32k/all_traces_arrival_rate_CV/SS03_SM42_SL05_MS03_MM05_ML25_LS13_LM02_LL00/lognormal_lambda1.0x_cv6/lognormal_lambda1.0x_cv6.png"
}