{
  "PPR": 3.162962962962963,
  "TPI": 0.6731627142521719,
  "OV_block_step": 260491,
  "OV_frac": 0.4530554033723792,
  "GE2_frac": 0.20427330359239257,
  "peak_blocks": 427,
  "peak_step": 1249,
  "gpu_blocks": 135,
  "total_steps": 4259,
  "type1_count": 71,
  "type2_count": 34,
  "plot_path": "traces/requests_types_8k/all_traces_arrival_rate_CV/SS15_SM13_SL18_MS00_MM19_ML17_LS06_LM03_LL09/lognormal_lambda3.5x_cv5/lognormal_lambda3.5x_cv5.png"
}