{
  "batch_size": 4,
  "max_model_len": 32384,
  "num_gpu_blocks_override": 1661,
  "arrival_pattern": "PoissonBurstyArrivalPattern(lb=1,lg=5169)",
  "vocab": [200, 30000],
  "requests": {
    "request_0": {"category": "SL_I400-608_O6544-9824", "input_length": 496, "output_length": 9055, "arrival_time": 0, "sched_time": 0, "wait_time": 0, "slo": 0.05908726242408301},
    "request_1": {"category": "SL_I400-608_O6544-9824", "input_length": 590, "output_length": 7973, "arrival_time": 0, "sched_time": 0, "wait_time": 0, "slo": 0.058097540159213173},
    "request_2": {"category": "LS_I13104-19648_O400-608", "input_length": 14594, "output_length": 561, "arrival_time": 0, "sched_time": 0, "wait_time": 0, "slo": 0.06470103122198849},
    "request_3": {"category": "SL_I1632-2448_O13104-19648", "input_length": 2343, "output_length": 15427, "arrival_time": 0, "sched_time": 0, "wait_time": 0, "slo": 0.06732058964570775},
    "request_4": {"category": "LS_I3264-4912_O1632-2448", "input_length": 4337, "output_length": 2071, "arrival_time": 15429, "sched_time": 15429, "wait_time": 0, "slo": 0.055938783599704556},
    "request_5": {"category": "SS_I192-304_O816-1216", "input_length": 238, "output_length": 1177, "arrival_time": 17502, "sched_time": 17502, "wait_time": 0, "slo": 0.0509370798866528},
    "request_6": {"category": "LL_I6544-9824_O13104-19648", "input_length": 8528, "output_length": 15062, "arrival_time": 18681, "sched_time": 18681, "wait_time": 0, "slo": 0.07315073497115562},
    "request_7": {"category": "LL_I6544-9824_O13104-19648", "input_length": 7703, "output_length": 18861, "arrival_time": 18681, "sched_time": 18681, "wait_time": 0, "slo": 0.07612991919759582},
    "request_8": {"category": "SL_I816-1216_O3264-4912", "input_length": 1145, "output_length": 3282, "arrival_time": 37544, "sched_time": 37544, "wait_time": 0, "slo": 0.053954330354049534},
    "request_9": {"category": "LS_I6544-9824_O1632-2448", "input_length": 8946, "output_length": 2149, "arrival_time": 40828, "sched_time": 40828, "wait_time": 0, "slo": 0.060633953898737915},
    "request_10": {"category": "LS_I6544-9824_O816-1216", "input_length": 9062, "output_length": 989, "arrival_time": 42979, "sched_time": 42979, "wait_time": 0, "slo": 0.059588134015616336},
    "request_11": {"category": "SL_I1632-2448_O6544-9824", "input_length": 2182, "output_length": 7901, "arrival_time": 43970, "sched_time": 43970, "wait_time": 0, "slo": 0.059620189797474465},
    "request_12": {"category": "SL_I816-1216_O6544-9824", "input_length": 929, "output_length": 9438, "arrival_time": 51873, "sched_time": 51873, "wait_time": 0, "slo": 0.0599046848614654},
    "request_13": {"category": "SL_I1632-2448_O3264-4912", "input_length": 2279, "output_length": 4465, "arrival_time": 61313, "sched_time": 61313, "wait_time": 0, "slo": 0.05627536930921495},
    "request_14": {"category": "LS_I6544-9824_O1632-2448", "input_length": 7005, "output_length": 2292, "arrival_time": 65780, "sched_time": 65780, "wait_time": 0, "slo": 0.05883281965558409},
    "request_15": {"category": "LS_I6544-9824_O192-304", "input_length": 7405, "output_length": 272, "arrival_time": 65780, "sched_time": 65780, "wait_time": 0, "slo": 0.05720999569901612},
    "request_16": {"category": "LS_I6544-9824_O192-304", "input_length": 6652, "output_length": 259, "arrival_time": 68074, "sched_time": 68074, "wait_time": 0, "slo": 0.05644266042078708},
    "request_17": {"category": "SL_I1632-2448_O3264-4912", "input_length": 1944, "output_length": 4464, "arrival_time": 68335, "sched_time": 68335, "wait_time": 0, "slo": 0.055938783599704556},
    "request_18": {"category": "SS_I1632-2448_O816-1216", "input_length": 2167, "output_length": 1111, "arrival_time": 68335, "sched_time": 68335, "wait_time": 0, "slo": 0.05280332743670596},
    "request_19": {"category": "LS_I6544-9824_O1632-2448", "input_length": 9108, "output_length": 2282, "arrival_time": 72801, "sched_time": 72801, "wait_time": 0, "slo": 0.06092946813774257},
    "request_20": {"category": "LL_I6544-9824_O13104-19648", "input_length": 8287, "output_length": 14315, "arrival_time": 75085, "sched_time": 75085, "wait_time": 0, "slo": 0.07216101270628578},
    "request_21": {"category": "LS_I3264-4912_O816-1216", "input_length": 3623, "output_length": 909, "arrival_time": 89402, "sched_time": 89402, "wait_time": 0, "slo": 0.05405951338827153},
    "request_22": {"category": "LS_I6544-9824_O400-608", "input_length": 7755, "output_length": 560, "arrival_time": 90313, "sched_time": 90313, "wait_time": 0, "slo": 0.05784910784981265},
    "request_23": {"category": "SS_I192-304_O192-304", "input_length": 284, "output_length": 239, "arrival_time": 90875, "sched_time": 90875, "wait_time": 0, "slo": 0.05004352496735736},
    "request_24": {"category": "LS_I6544-9824_O192-304", "input_length": 7956, "output_length": 277, "arrival_time": 91116, "sched_time": 91116, "wait_time": 0, "slo": 0.05776696490880118},
    "request_25": {"category": "SS_I1632-2448_O816-1216", "input_length": 2298, "output_length": 911, "arrival_time": 91116, "sched_time": 91116, "wait_time": 0, "slo": 0.052734207157074366},
    "request_26": {"category": "LS_I6544-9824_O1632-2448", "input_length": 6845, "output_length": 1644, "arrival_time": 92029, "sched_time": 92029, "wait_time": 0, "slo": 0.058023411163666244},
    "request_27": {"category": "SL_I1632-2448_O13104-19648", "input_length": 2175, "output_length": 16659, "arrival_time": 93675, "sched_time": 93675, "wait_time": 0, "slo": 0.06838644439249067},
    "request_28": {"category": "LL_I3264-4912_O6544-9824", "input_length": 4188, "output_length": 8857, "arrival_time": 93675, "sched_time": 93675, "wait_time": 0, "slo": 0.06258735310571786},
    "request_29": {"category": "LL_I13104-19648_O6544-9824", "input_length": 13135, "output_length": 7834, "arrival_time": 110336, "sched_time": 110336, "wait_time": 0, "slo": 0.07052516608833795},
    "request_30": {"category": "LS_I13104-19648_O816-1216", "input_length": 15958, "output_length": 1133, "arrival_time": 118172, "sched_time": 118172, "wait_time": 0, "slo": 0.0666404060244055},
    "request_31": {"category": "LS_I6544-9824_O816-1216", "input_length": 8035, "output_length": 961, "arrival_time": 119307, "sched_time": 119307, "wait_time": 0, "slo": 0.05853129495748103},
    "request_32": {"category": "LS_I13104-19648_O816-1216", "input_length": 16656, "output_length": 1090, "arrival_time": 120270, "sched_time": 120270, "wait_time": 0, "slo": 0.06729654780931416},
    "request_33": {"category": "LS_I3264-4912_O816-1216", "input_length": 4535, "output_length": 1017, "arrival_time": 121362, "sched_time": 121362, "wait_time": 0, "slo": 0.055081291434999506},
    "request_34": {"category": "LS_I6544-9824_O1632-2448", "input_length": 7388, "output_length": 1662, "arrival_time": 121362, "sched_time": 121362, "wait_time": 0, "slo": 0.05858538908936663},
    "request_35": {"category": "LS_I3264-4912_O192-304", "input_length": 3333, "output_length": 270, "arrival_time": 123026, "sched_time": 123026, "wait_time": 0, "slo": 0.05312889397120262},
    "request_36": {"category": "LS_I13104-19648_O400-608", "input_length": 15065, "output_length": 603, "arrival_time": 123298, "sched_time": 123298, "wait_time": 0, "slo": 0.06521492547490167},
    "request_37": {"category": "LS_I3264-4912_O400-608", "input_length": 4204, "output_length": 426, "arrival_time": 123298, "sched_time": 123298, "wait_time": 0, "slo": 0.05415768422021206},
    "request_38": {"category": "LS_I3264-4912_O816-1216", "input_length": 3374, "output_length": 1096, "arrival_time": 123298, "sched_time": 123298, "wait_time": 0, "slo": 0.0539974053109214},
    "request_39": {"category": "SL_I1632-2448_O6544-9824", "input_length": 2164, "output_length": 9040, "arrival_time": 124396, "sched_time": 124396, "wait_time": 0, "slo": 0.060743143905692173},
    "request_40": {"category": "SL_I1632-2448_O6544-9824", "input_length": 2015, "output_length": 9282, "arrival_time": 124396,