{
  "PPR": 4.214776632302406,
  "TPI": 0.4099743102870546,
  "OV_block_step": 8512140,
  "OV_frac": 0.4084013767198923,
  "GE2_frac": 0.15257455601474365,
  "peak_blocks": 2453,
  "peak_step": 24640,
  "gpu_blocks": 582,
  "total_steps": 35812,
  "type1_count": 46,
  "type2_count": 35,
  "plot_path": "traces/requests_types_32k/all_traces_arrival_rate_CV/SS10_SM24_SL05_MS05_MM03_ML14_LS09_LM12_LL18/lognormal_lambda4.0x_cv1/lognormal_lambda4.0x_cv1.png"
}