{
  "PPR": 2.847942754919499,
  "TPI": 0.2475098351050473,
  "OV_block_step": 2347178,
  "OV_frac": 0.08786488864877717,
  "GE2_frac": 0.015213024190173265,
  "peak_blocks": 1592,
  "peak_step": 10744,
  "gpu_blocks": 559,
  "total_steps": 47788,
  "type1_count": 59,
  "type2_count": 23,
  "plot_path": "traces/requests_types_32k/all_traces_arrival_rate_CV/SS06_SM63_SL03_MS03_MM03_ML06_LS03_LM09_LL04/lognormal_lambda1.0x_cv4/lognormal_lambda1.0x_cv4.png"
}