{
  "PPR": 2.9571428571428573,
  "TPI": 0.6074431919842548,
  "OV_block_step": 208619,
  "OV_frac": 0.26661937990440404,
  "GE2_frac": 0.04938271604938271,
  "peak_blocks": 414,
  "peak_step": 4262,
  "gpu_blocks": 140,
  "total_steps": 5589,
  "type1_count": 78,
  "type2_count": 58,
  "plot_path": "traces/requests_types_8k/all_traces_arrival_rate_CV/SS06_SM27_SL20_MS09_MM11_ML01_LS04_LM12_LL10/lognormal_lambda3.5x_cv1/lognormal_lambda3.5x_cv1.png"
}