{
  "PPR": 5.6044921875,
  "TPI": 0.4951018720154052,
  "OV_block_step": 150232429,
  "OV_frac": 0.47401781046348856,
  "GE2_frac": 0.1693763610398506,
  "peak_blocks": 5739,
  "peak_step": 213098,
  "gpu_blocks": 1024,
  "total_steps": 309506,
  "type1_count": 154,
  "type2_count": 83,
  "plot_path": "traces/request_types/SS12_SL37_LS06_LL43/bim50/bim50_mh_ov57.png"
}