{
  "PPR": 2.241796875,
  "TPI": 0.10401090770453561,
  "OV_block_step": 36666206,
  "OV_frac": 0.04627611974808243,
  "GE2_frac": 0.004038693918696245,
  "peak_blocks": 5739,
  "peak_step": 213098,
  "gpu_blocks": 2560,
  "total_steps": 309506,
  "type1_count": 42,
  "type2_count": 36,
  "plot_path": "traces/request_types/SS12_SL37_LS06_LL43/bim50/bim50_vl_ov5.png"
}