{
  "PPR": 4.107925801011804,
  "TPI": 0.382993221049689,
  "OV_block_step": 10998648,
  "OV_frac": 0.32405246901176715,
  "GE2_frac": 0.10603466349849745,
  "peak_blocks": 2436,
  "peak_step": 25718,
  "gpu_blocks": 593,
  "total_steps": 57236,
  "type1_count": 58,
  "type2_count": 34,
  "plot_path": "traces/requests_types_32k/all_traces_arrival_rate_CV/SS05_SM02_SL22_MS01_MM07_ML11_LS31_LM03_LL19/lognormal_lambda2.0x_cv5/lognormal_lambda2.0x_cv5.png"
}