{
  "PPR": 5.166095890410959,
  "TPI": 0.8946439081812831,
  "OV_block_step": 16228077,
  "OV_frac": 1.486853394092342,
  "GE2_frac": 0.5943068114933918,
  "peak_blocks": 3017,
  "peak_step": 15555,
  "gpu_blocks": 584,
  "total_steps": 18689,
  "type1_count": 29,
  "type2_count": 8,
  "plot_path": "traces/requests_types_32k/all_traces_arrival_rate_CV/SS15_SM02_SL11_MS22_MM03_ML32_LS00_LM00_LL14/lognormal_lambda3.5x_cv7/lognormal_lambda3.5x_cv7.png"
}