{
  "PPR": 2.7662835249042144,
  "TPI": 0.12196601941747573,
  "OV_block_step": 272282,
  "OV_frac": 0.07033616866503821,
  "GE2_frac": 0.033306364617044226,
  "peak_blocks": 722,
  "peak_step": 1227,
  "gpu_blocks": 261,
  "total_steps": 14832,
  "type1_count": 14,
  "type2_count": 16,
  "plot_path": "traces/requests_types_16k/all_traces_arrival_rate_CV/SS06_SM63_SL03_MS03_MM03_ML06_LS03_LM09_LL04/lognormal_lambda2.0x_cv6/lognormal_lambda2.0x_cv6.png"
}