{
  "PPR": 5.715210355987055,
  "TPI": 0.7616556457688123,
  "OV_block_step": 12861102,
  "OV_frac": 0.8709652908761268,
  "GE2_frac": 0.3209592366284423,
  "peak_blocks": 3532,
  "peak_step": 3743,
  "gpu_blocks": 618,
  "total_steps": 23894,
  "type1_count": 53,
  "type2_count": 30,
  "plot_path": "traces/requests_types_32k/all_traces_arrival_rate_CV/SS00_SM00_SL00_MS00_MM00_ML00_LS33_LM66_LL01/lognormal_lambda4.5x_cv5/lognormal_lambda4.5x_cv5.png"
}