{
  "PPR": 5.44256120527307,
  "TPI": 0.8903228572653604,
  "OV_block_step": 24414614,
  "OV_frac": 1.9713826454055965,
  "GE2_frac": 0.7207477597221627,
  "peak_blocks": 2890,
  "peak_step": 8601,
  "gpu_blocks": 531,
  "total_steps": 23323,
  "type1_count": 32,
  "type2_count": 8,
  "plot_path": "traces/requests_types_32k/all_traces_arrival_rate_CV/SS03_SM24_SL03_MS36_MM03_ML12_LS06_LM06_LL07/lognormal_lambda5.0x_cv6/lognormal_lambda5.0x_cv6.png"
}