{
  "PPR": 5.8,
  "TPI": 0.5567567567567567,
  "OV_block_step": 1450444,
  "OV_frac": 0.8358462513686394,
  "GE2_frac": 0.3117386042759177,
  "peak_blocks": 812,
  "peak_step": 4282,
  "gpu_blocks": 140,
  "total_steps": 12395,
  "type1_count": 63,
  "type2_count": 23,
  "plot_path": "traces/requests_types_8k/all_traces_arrival_rate_CV/SS06_SM02_SL13_MS06_MM04_ML06_LS51_LM09_LL05/lognormal_lambda4.0x_cv4/lognormal_lambda4.0x_cv4.png"
}