{
  "PPR": 2.294642857142857,
  "TPI": 0.33696999752045625,
  "OV_block_step": 157363,
  "OV_frac": 0.1741912702348482,
  "GE2_frac": 0.02268782544011902,
  "peak_blocks": 257,
  "peak_step": 6013,
  "gpu_blocks": 112,
  "total_steps": 8066,
  "type1_count": 52,
  "type2_count": 24,
  "plot_path": "traces/requests_types_8k/all_traces_arrival_rate_CV/SS03_SM42_SL05_MS03_MM05_ML25_LS13_LM02_LL00/lognormal_lambda2.0x_cv1/lognormal_lambda2.0x_cv1.png"
}