{
  "PPR": 2.5774647887323945,
  "TPI": 0.2608001065033615,
  "OV_block_step": 227845,
  "OV_frac": 0.10680571480537354,
  "GE2_frac": 0.013379484789988684,
  "peak_blocks": 366,
  "peak_step": 13910,
  "gpu_blocks": 142,
  "total_steps": 15023,
  "type1_count": 69,
  "type2_count": 50,
  "plot_path": "traces/requests_types_8k/all_traces_arrival_rate_CV/SS09_SM11_SL08_MS09_MM08_ML09_LS18_LM23_LL05/lognormal_lambda1.0x_cv4/lognormal_lambda1.0x_cv4.png"
}