{
  "PPR": 1.15659760087241,
  "TPI": 0.004856877892784473,
  "OV_block_step": 808086,
  "OV_frac": 0.00018552303377415347,
  "GE2_frac": 0.0,
  "peak_blocks": 5303,
  "peak_step": 124596,
  "gpu_blocks": 4585,
  "total_steps": 949993,
  "type1_count": 5,
  "type2_count": 10,
  "plot_path": "traces/requests_types_128k_bs8/all_traces_arrival_rate_CV/SS08_SM22_SL00_MS03_MM03_ML08_LS25_LM08_LL23/lognormal_lambda1.0x_cv1/lognormal_lambda1.0x_cv1.png"
}