{
  "PPR": 2.4765625,
  "TPI": 0.1466044415835211,
  "OV_block_step": 28659,
  "OV_frac": 0.03603129023173479,
  "GE2_frac": 0.013356935951078211,
  "peak_blocks": 317,
  "peak_step": 3278,
  "gpu_blocks": 128,
  "total_steps": 6214,
  "type1_count": 23,
  "type2_count": 34,
  "plot_path": "traces/requests_types_8k/all_traces_arrival_rate_CV/SS55_SM04_SL04_MS04_MM02_ML15_LS04_LM04_LL05/lognormal_lambda2.0x_cv5/lognormal_lambda2.0x_cv5.png"
}