{
  "PPR": 5.556776556776557,
  "TPI": 0.5368720521075092,
  "OV_block_step": 3479664,
  "OV_frac": 0.9542578406844335,
  "GE2_frac": 0.3806243917047241,
  "peak_blocks": 1517,
  "peak_step": 10331,
  "gpu_blocks": 273,
  "total_steps": 13357,
  "type1_count": 26,
  "type2_count": 11,
  "plot_path": "traces/requests_types_16k/all_traces_arrival_rate_CV/SS18_SM04_SL04_MS07_MM51_ML04_LS07_LM02_LL03/lognormal_lambda3.0x_cv6/lognormal_lambda3.0x_cv6.png"
}