{
  "PPR": 3.0560817084493963,
  "TPI": 0.7947783106587061,
  "OV_block_step": 184903918,
  "OV_frac": 0.8401890580712377,
  "GE2_frac": 0.44841930116472545,
  "peak_blocks": 16457,
  "peak_step": 25184,
  "gpu_blocks": 5385,
  "total_steps": 40868,
  "type1_count": 41,
  "type2_count": 8,
  "plot_path": "traces/SS11_SL12_LS10_LL64/per05/per05_hi_ov84.png"
}