{
  "PPR": 3.6450939457202507,
  "TPI": 0.2998185117967332,
  "OV_block_step": 1950081,
  "OV_frac": 0.2111045015894426,
  "GE2_frac": 0.05112781954887218,
  "peak_blocks": 1746,
  "peak_step": 14711,
  "gpu_blocks": 479,
  "total_steps": 19285,
  "type1_count": 14,
  "type2_count": 18,
  "plot_path": "traces/requests_types_32k/all_traces_arrival_rate_CV/SS55_SM04_SL04_MS04_MM02_ML15_LS04_LM04_LL05/lognormal_lambda2.5x_cv1/lognormal_lambda2.5x_cv1.png"
}