{
  "PPR": 2.28881469115192,
  "TPI": 0.4006272738677707,
  "OV_block_step": 5002884,
  "OV_frac": 0.2095611617153919,
  "GE2_frac": 0.03284405971647221,
  "peak_blocks": 1371,
  "peak_step": 26475,
  "gpu_blocks": 599,
  "total_steps": 39855,
  "type1_count": 60,
  "type2_count": 42,
  "plot_path": "traces/requests_types_32k/all_traces_arrival_rate_CV/SS15_SM13_SL18_MS00_MM19_ML17_LS06_LM03_LL09/lognormal_lambda1.0x_cv7/lognormal_lambda1.0x_cv7.png"
}