{
  "PPR": 2.4,
  "TPI": 0.43853211009174314,
  "OV_block_step": 121304,
  "OV_frac": 0.13739268320308076,
  "GE2_frac": 0.022935779816513763,
  "peak_blocks": 324,
  "peak_step": 1065,
  "gpu_blocks": 135,
  "total_steps": 6540,
  "type1_count": 92,
  "type2_count": 49,
  "plot_path": "traces/requests_types_8k/all_traces_arrival_rate_CV/SS15_SM13_SL18_MS00_MM19_ML17_LS06_LM03_LL09/lognormal_lambda2.5x_cv1/lognormal_lambda2.5x_cv1.png"
}