{
  "PPR": 3.150075905443505,
  "TPI": 0.2707995799579958,
  "OV_block_step": 152769308,
  "OV_frac": 0.12425551924092865,
  "GE2_frac": 0.03862136213621362,
  "peak_blocks": 14525,
  "peak_step": 82035,
  "gpu_blocks": 4611,
  "total_steps": 266640,
  "type1_count": 74,
  "type2_count": 76,
  "plot_path": "traces/requests_types_128k_bs8/all_traces_arrival_rate_CV/SS07_SM08_SL06_MS09_MM09_ML09_LS07_LM08_LL38/lognormal_lambda3.0x_cv1/lognormal_lambda3.0x_cv1.png"
}