{
  "PPR": 3.9740259740259742,
  "TPI": 0.2313857290589452,
  "OV_block_step": 510088,
  "OV_frac": 0.21408090358452303,
  "GE2_frac": 0.09119700103412616,
  "peak_blocks": 612,
  "peak_step": 10021,
  "gpu_blocks": 154,
  "total_steps": 15472,
  "type1_count": 35,
  "type2_count": 37,
  "plot_path": "traces/requests_types_8k/all_traces_arrival_rate_CV/SS00_SM00_SL00_MS00_MM00_ML00_LS00_LM33_LL67/lognormal_lambda1.0x_cv6/lognormal_lambda1.0x_cv6.png"
}