{
  "PPR": 6.2101449275362315,
  "TPI": 0.3192525332280563,
  "OV_block_step": 1162851,
  "OV_frac": 0.5544450928897967,
  "GE2_frac": 0.20193446506119225,
  "peak_blocks": 857,
  "peak_step": 2261,
  "gpu_blocks": 138,
  "total_steps": 15198,
  "type1_count": 40,
  "type2_count": 15,
  "plot_path": "traces/requests_types_8k/all_traces_arrival_rate_CV/SS06_SM06_SL19_MS24_MM08_ML20_LS10_LM05_LL02/lognormal_lambda3.5x_cv6/lognormal_lambda3.5x_cv6.png"
}