{
  "PPR": 2.563265306122449,
  "TPI": 0.2689179196450579,
  "OV_block_step": 147788,
  "OV_frac": 0.1486853158813439,
  "GE2_frac": 0.052748336209021446,
  "peak_blocks": 628,
  "peak_step": 1738,
  "gpu_blocks": 245,
  "total_steps": 4057,
  "type1_count": 20,
  "type2_count": 20,
  "plot_path": "traces/requests_types_16k/all_traces_arrival_rate_CV/SS54_SM10_SL01_MS02_MM09_ML02_LS06_LM14_LL01/lognormal_lambda2.0x_cv3/lognormal_lambda2.0x_cv3.png"
}