{
  "PPR": 2.8080133555926543,
  "TPI": 0.4865855747815659,
  "OV_block_step": 6397515,
  "OV_frac": 0.3659525627058747,
  "GE2_frac": 0.1330477985266404,
  "peak_blocks": 1682,
  "peak_step": 2722,
  "gpu_blocks": 599,
  "total_steps": 29185,
  "type1_count": 39,
  "type2_count": 28,
  "plot_path": "traces/requests_types_32k/all_traces_arrival_rate_CV/SS15_SM13_SL18_MS00_MM19_ML17_LS06_LM03_LL09/lognormal_lambda4.5x_cv4/lognormal_lambda4.5x_cv4.png"
}