{
  "PPR": 7.480707395498392,
  "TPI": 0.9019102196752626,
  "OV_block_step": 13418234,
  "OV_frac": 2.0604320413246238,
  "GE2_frac": 0.830945558739255,
  "peak_blocks": 4653,
  "peak_step": 2726,
  "gpu_blocks": 622,
  "total_steps": 10470,
  "type1_count": 7,
  "type2_count": 10,
  "plot_path": "traces/requests_types_32k/all_traces_arrival_rate_CV/SS00_SM00_SL00_MS00_MM00_ML00_LS00_LM33_LL67/lognormal_lambda1.5x_cv7/lognormal_lambda1.5x_cv7.png"
}