{
  "PPR": 4.693227091633466,
  "TPI": 0.6318807339449541,
  "OV_block_step": 1217674,
  "OV_frac": 0.6181563247519606,
  "GE2_frac": 0.25382262996941896,
  "peak_blocks": 1178,
  "peak_step": 4778,
  "gpu_blocks": 251,
  "total_steps": 7848,
  "type1_count": 36,
  "type2_count": 33,
  "plot_path": "traces/requests_types_16k/all_traces_arrival_rate_CV/SS15_SM17_SL08_MS09_MM06_ML17_LS06_LM14_LL09/lognormal_lambda3.5x_cv1/lognormal_lambda3.5x_cv1.png"
}