{
  "PPR": 1.493431855500821,
  "TPI": 0.03649497656327021,
  "OV_block_step": 954132,
  "OV_frac": 0.007020798246155839,
  "GE2_frac": 0.0,
  "peak_blocks": 1819,
  "peak_step": 95733,
  "gpu_blocks": 1218,
  "total_steps": 111577,
  "type1_count": 23,
  "type2_count": 14,
  "plot_path": "traces/requests_types_32k_bs8/all_traces_arrival_rate_CV/SS00_SM00_SL00_MS00_MM00_ML00_LS33_LM66_LL01/lognormal_lambda1.0x_cv1/lognormal_lambda1.0x_cv1.png"
}