{
  "PPR": 5.305227655986509,
  "TPI": 0.3532570702256117,
  "OV_block_step": 11521486,
  "OV_frac": 0.30869320121253624,
  "GE2_frac": 0.09760088973625675,
  "peak_blocks": 3146,
  "peak_step": 22521,
  "gpu_blocks": 593,
  "total_steps": 62940,
  "type1_count": 56,
  "type2_count": 31,
  "plot_path": "traces/requests_types_32k/all_traces_arrival_rate_CV/SS05_SM02_SL22_MS01_MM07_ML11_LS31_LM03_LL19/lognormal_lambda4.0x_cv5/lognormal_lambda4.0x_cv5.png"
}