{
  "PPR": 7.4573170731707314,
  "TPI": 0.5490534979423868,
  "OV_block_step": 2032418,
  "OV_frac": 1.0199829368664057,
  "GE2_frac": 0.2920987654320988,
  "peak_blocks": 1223,
  "peak_step": 5002,
  "gpu_blocks": 164,
  "total_steps": 12150,
  "type1_count": 41,
  "type2_count": 30,
  "plot_path": "traces/requests_types_8k/all_traces_arrival_rate_CV/SS00_SM00_SL00_MS00_MM00_ML00_LS33_LM00_LL67/lognormal_lambda4.5x_cv3/lognormal_lambda4.5x_cv3.png"
}