{
  "PPR": 2.326164874551971,
  "TPI": 0.3127704709376326,
  "OV_block_step": 464802,
  "OV_frac": 0.07068124689212184,
  "GE2_frac": 0.006024607551972847,
  "peak_blocks": 649,
  "peak_step": 10123,
  "gpu_blocks": 279,
  "total_steps": 23570,
  "type1_count": 69,
  "type2_count": 71,
  "plot_path": "traces/requests_types_16k/all_traces_arrival_rate_CV/SS00_SM00_SL00_MS00_MM00_ML00_LS33_LM66_LL01/lognormal_lambda1.5x_cv1/lognormal_lambda1.5x_cv1.png"
}