{
  "PPR": 9.171974522292993,
  "TPI": 0.7065737324039907,
  "OV_block_step": 5212619,
  "OV_frac": 2.2687846729847343,
  "GE2_frac": 0.5469454694546946,
  "peak_blocks": 2880,
  "peak_step": 1341,
  "gpu_blocks": 314,
  "total_steps": 7317,
  "type1_count": 7,
  "type2_count": 7,
  "plot_path": "traces/requests_types_16k/all_traces_arrival_rate_CV/SS00_SM00_SL00_MS00_MM00_ML00_LS00_LM00_LL100/lognormal_lambda3.5x_cv6/lognormal_lambda3.5x_cv6.png"
}