{
  "PPR": 2.0625,
  "TPI": 0.18860130145499743,
  "OV_block_step": 627448,
  "OV_frac": 0.07964608060572088,
  "GE2_frac": 0.0028515025224830006,
  "peak_blocks": 594,
  "peak_step": 14069,
  "gpu_blocks": 288,
  "total_steps": 27354,
  "type1_count": 39,
  "type2_count": 28,
  "plot_path": "traces/requests_types_16k/all_traces_arrival_rate_CV/SS15_SM13_SL18_MS00_MM19_ML17_LS06_LM03_LL09/lognormal_lambda1.5x_cv1/lognormal_lambda1.5x_cv1.png"
}