{
  "PPR": 1.7473309608540926,
  "TPI": 0.08682033685949002,
  "OV_block_step": 834937,
  "OV_frac": 0.021152000012970826,
  "GE2_frac": 0.0,
  "peak_blocks": 982,
  "peak_step": 53993,
  "gpu_blocks": 562,
  "total_steps": 70237,
  "type1_count": 27,
  "type2_count": 19,
  "plot_path": "traces/requests_types_32k/all_traces_arrival_rate_CV/SS04_SM15_SL55_MS02_MM04_ML04_LS04_LM04_LL05/lognormal_lambda1.0x_cv6/lognormal_lambda1.0x_cv6.png"
}