{
  "PPR": 3.1384615384615384,
  "TPI": 0.3941865808823529,
  "OV_block_step": 346883,
  "OV_frac": 0.30656373727375563,
  "GE2_frac": 0.12787224264705882,
  "peak_blocks": 408,
  "peak_step": 4722,
  "gpu_blocks": 130,
  "total_steps": 8704,
  "type1_count": 43,
  "type2_count": 24,
  "plot_path": "traces/requests_types_8k/all_traces_arrival_rate_CV/SS03_SM35_SL00_MS13_MM01_ML28_LS01_LM18_LL02/lognormal_lambda4.5x_cv2/lognormal_lambda4.5x_cv2.png"
}