{
  "PPR": 2.2416107382550337,
  "TPI": 0.09327625135618567,
  "OV_block_step": 221209,
  "OV_frac": 0.04353353549757574,
  "GE2_frac": 0.01117203765064657,
  "peak_blocks": 334,
  "peak_step": 33284,
  "gpu_blocks": 149,
  "total_steps": 34103,
  "type1_count": 32,
  "type2_count": 36,
  "plot_path": "traces/requests_types_8k/all_traces_arrival_rate_CV/SS08_SM22_SL00_MS03_MM03_ML08_LS25_LM08_LL23/lognormal_lambda1.0x_cv1/lognormal_lambda1.0x_cv1.png"
}