{
  "PPR": 5.351351351351352,
  "TPI": 0.7313095052286561,
  "OV_block_step": 188260603,
  "OV_frac": 1.5213617545361382,
  "GE2_frac": 0.5716403933198064,
  "peak_blocks": 17226,
  "peak_step": 22505,
  "gpu_blocks": 3219,
  "total_steps": 38442,
  "type1_count": 8,
  "type2_count": 9,
  "plot_path": "traces/SS12_SL06_LS43_LL37/uni05/uni05_sv_ov1p5.png"
}