{
  "PPR": 2.17578125,
  "TPI": 0.24763161700896733,
  "OV_block_step": 14688866,
  "OV_frac": 0.08644655591990286,
  "GE2_frac": 0.007855438241249638,
  "peak_blocks": 3342,
  "peak_step": 24458,
  "gpu_blocks": 1536,
  "total_steps": 110624,
  "type1_count": 57,
  "type2_count": 47,
  "plot_path": "traces/requests_types_48k/all_traces_arrival_rate_CV/SS14_SM21_SL27_MS03_MM10_ML05_LS17_LM02_LL01/lognormal_lambda2.0x_cv1/lognormal_lambda2.0x_cv1.png"
}