{
  "PPR": 1.1980026052974382,
  "TPI": 0.008296602031504422,
  "OV_block_step": 849260,
  "OV_frac": 0.0007331597343753114,
  "GE2_frac": 0.0,
  "peak_blocks": 2759,
  "peak_step": 323333,
  "gpu_blocks": 2303,
  "total_steps": 502977,
  "type1_count": 5,
  "type2_count": 6,
  "plot_path": "traces/SS12_SL37_LS06_LL43/bur05/bur05_sk_ov5.png"
}