{
  "PPR": 1.55,
  "TPI": 0.03731582159820429,
  "OV_block_step": 6641093,
  "OV_frac": 0.007417737040849791,
  "GE2_frac": 0.0,
  "peak_blocks": 2759,
  "peak_step": 323333,
  "gpu_blocks": 1780,
  "total_steps": 502977,
  "type1_count": 23,
  "type2_count": 12,
  "plot_path": "traces/SS12_SL37_LS06_LL43/bur05/bur05_lo_ov10.png"
}