{
  "PPR": 10.374414976599065,
  "TPI": 0.8327642893272635,
  "OV_block_step": 31919418,
  "OV_frac": 3.1484752106320975,
  "GE2_frac": 0.7013783510369246,
  "peak_blocks": 6650,
  "peak_step": 6548,
  "gpu_blocks": 641,
  "total_steps": 15816,
  "type1_count": 9,
  "type2_count": 18,
  "plot_path": "traces/requests_types_32k/all_traces_arrival_rate_CV/SS00_SM00_SL00_MS00_MM00_ML00_LS33_LM33_LL34/lognormal_lambda5.0x_cv5/lognormal_lambda5.0x_cv5.png"
}