{
  "PPR": 2.622047244094488,
  "TPI": 0.14143550790827364,
  "OV_block_step": 250497,
  "OV_frac": 0.09482319709795903,
  "GE2_frac": 0.04052689774530071,
  "peak_blocks": 333,
  "peak_step": 18190,
  "gpu_blocks": 127,
  "total_steps": 20801,
  "type1_count": 46,
  "type2_count": 27,
  "plot_path": "traces/requests_types_8k/all_traces_arrival_rate_CV/SS15_SM17_SL08_MS09_MM06_ML17_LS06_LM14_LL09/lognormal_lambda1.0x_cv7/lognormal_lambda1.0x_cv7.png"
}