{
  "PPR": 5.244755244755245,
  "TPI": 0.8236957888120678,
  "OV_block_step": 6555198,
  "OV_frac": 1.4406205359693731,
  "GE2_frac": 0.6316781898177247,
  "peak_blocks": 1500,
  "peak_step": 6276,
  "gpu_blocks": 286,
  "total_steps": 15910,
  "type1_count": 33,
  "type2_count": 14,
  "plot_path": "traces/requests_types_16k/all_traces_arrival_rate_CV/SS10_SM00_SL12_MS50_MM04_ML04_LS04_LM08_LL09/lognormal_lambda5.0x_cv5/lognormal_lambda5.0x_cv5.png"
}