{
  "PPR": 4.219903691813804,
  "TPI": 0.7087481249147689,
  "OV_block_step": 13577301,
  "OV_frac": 0.7429912909363967,
  "GE2_frac": 0.2784331105959362,
  "peak_blocks": 2629,
  "peak_step": 23389,
  "gpu_blocks": 623,
  "total_steps": 29332,
  "type1_count": 36,
  "type2_count": 37,
  "plot_path": "traces/requests_types_32k/all_traces_arrival_rate_CV/SS11_SM02_SL03_MS00_MM36_ML08_LS16_LM20_LL04/lognormal_lambda4.5x_cv4/lognormal_lambda4.5x_cv4.png"
}