{
  "PPR": 3.424561403508772,
  "TPI": 0.4112911341451142,
  "OV_block_step": 1807725,
  "OV_frac": 0.3191554159626701,
  "GE2_frac": 0.11064707658246956,
  "peak_blocks": 976,
  "peak_step": 16296,
  "gpu_blocks": 285,
  "total_steps": 19874,
  "type1_count": 73,
  "type2_count": 33,
  "plot_path": "traces/requests_types_16k/all_traces_arrival_rate_CV/SS05_SM22_SL01_MS13_MM01_ML37_LS03_LM03_LL15/lognormal_lambda2.0x_cv4/lognormal_lambda2.0x_cv4.png"
}