{
  "PPR": 4.286713286713287,
  "TPI": 0.39998293224099674,
  "OV_block_step": 671304,
  "OV_frac": 0.4006173038431103,
  "GE2_frac": 0.1768219832735962,
  "peak_blocks": 613,
  "peak_step": 3464,
  "gpu_blocks": 143,
  "total_steps": 11718,
  "type1_count": 61,
  "type2_count": 26,
  "plot_path": "traces/requests_types_8k/all_traces_arrival_rate_CV/SS18_SM08_SL17_MS21_MM06_ML10_LS10_LM03_LL07/lognormal_lambda2.5x_cv7/lognormal_lambda2.5x_cv7.png"
}