{
  "PPR": 1.3475253612050415,
  "TPI": 0.3289653191642134,
  "OV_block_step": 8774841,
  "OV_frac": 0.048421431622369074,
  "GE2_frac": 0.0,
  "peak_blocks": 8767,
  "peak_step": 18006,
  "gpu_blocks": 6506,
  "total_steps": 27854,
  "type1_count": 50,
  "type2_count": 47,
  "plot_path": "traces/SS32_SL30_LS30_LL05/poi05/poi05_sk_ov5.png"
}