{
  "PPR": 3.4811197916666665,
  "TPI": 0.5318133892193744,
  "OV_block_step": 110039738,
  "OV_frac": 0.4662695704872456,
  "GE2_frac": 0.2008317821485753,
  "peak_blocks": 5347,
  "peak_step": 44897,
  "gpu_blocks": 1536,
  "total_steps": 153646,
  "type1_count": 116,
  "type2_count": 38,
  "plot_path": "traces/requests_types_48k/all_traces_arrival_rate_CV/SS06_SM02_SL13_MS06_MM04_ML06_LS51_LM09_LL05/lognormal_lambda3.5x_cv1/lognormal_lambda3.5x_cv1.png"
}