{
  "PPR": 2.3988970588235294,
  "TPI": 0.28304494347733206,
  "OV_block_step": 31981705,
  "OV_frac": 0.12815125077287354,
  "GE2_frac": 0.025865714522380186,
  "peak_blocks": 2610,
  "peak_step": 139007,
  "gpu_blocks": 1088,
  "total_steps": 229377,
  "type1_count": 122,
  "type2_count": 61,
  "plot_path": "traces/request_types/all_traces/SS30_SL52_LS11_LL05/bim50/bim50_lo_ov12.png"
}