{
  "PPR": 2.9381443298969074,
  "TPI": 0.20626275334079996,
  "OV_block_step": 4890112,
  "OV_frac": 0.1289104511504111,
  "GE2_frac": 0.04938707252335875,
  "peak_blocks": 1710,
  "peak_step": 42071,
  "gpu_blocks": 582,
  "total_steps": 65179,
  "type1_count": 38,
  "type2_count": 31,
  "plot_path": "traces/requests_types_32k/all_traces_arrival_rate_CV/SS10_SM24_SL05_MS05_MM03_ML14_LS09_LM12_LL18/lognormal_lambda1.5x_cv4/lognormal_lambda1.5x_cv4.png"
}