{
  "PPR": 4.232929943377373,
  "TPI": 0.8202453987730062,
  "OV_block_step": 270032385,
  "OV_frac": 1.4148315402319616,
  "GE2_frac": 0.6424728645587541,
  "peak_blocks": 38126,
  "peak_step": 6995,
  "gpu_blocks": 9007,
  "total_steps": 21190,
  "type1_count": 9,
  "type2_count": 6,
  "plot_path": "traces/SS18_SL17_LS19_LL45/bim05/bim05_sv_ov1p4.png"
}