{
  "PPR": 1.0997088791848617,
  "TPI": 0.003988498071154989,
  "OV_block_step": 112693,
  "OV_frac": 0.0001882217564788909,
  "GE2_frac": 0.0,
  "peak_blocks": 1511,
  "peak_step": 426912,
  "gpu_blocks": 1374,
  "total_steps": 435753,
  "type1_count": 4,
  "type2_count": 9,
  "plot_path": "traces/SS51_SL34_LS08_LL05/bur05/bur05_sk_ov2.png"
}