{
  "PPR": 6.0796363636363635,
  "TPI": 0.6342702007705222,
  "OV_block_step": 912458754,
  "OV_frac": 0.7672920798843922,
  "GE2_frac": 0.30307515135257634,
  "peak_blocks": 16719,
  "peak_step": 117227,
  "gpu_blocks": 2750,
  "total_steps": 432434,
  "type1_count": 84,
  "type2_count": 34,
  "plot_path": "traces/sy_requests/all_traces_arrival_rate_CV/SS06_SM06_SL19_MS24_MM08_ML20_LS10_LM05_LL02/lognormal_lambda2.5x_cv1/lognormal_lambda2.5x_cv1.png"
}