{
  "PPR": 3.0745454545454547,
  "TPI": 0.5456939281288724,
  "OV_block_step": 1596911,
  "OV_frac": 0.4497327362847809,
  "GE2_frac": 0.18478934324659232,
  "peak_blocks": 1691,
  "peak_step": 2572,
  "gpu_blocks": 550,
  "total_steps": 6456,
  "type1_count": 30,
  "type2_count": 64,
  "plot_path": "traces/requests_types_32k/all_traces_arrival_rate_CV/SS00_SM00_SL00_MS00_MM00_ML00_LS00_LM99_LL01/lognormal_lambda2.0x_cv1/lognormal_lambda2.0x_cv1.png"
}