{
  "PPR": 4.087458745874588,
  "TPI": 0.674691305093466,
  "OV_block_step": 114335458,
  "OV_frac": 0.8089194517976922,
  "GE2_frac": 0.32732378665752015,
  "peak_blocks": 12385,
  "peak_step": 27988,
  "gpu_blocks": 3030,
  "total_steps": 46648,
  "type1_count": 64,
  "type2_count": 21,
  "plot_path": "traces/SS00_SL100_LS00_LL00/tsa05/tsa05_hi_ov81.png"
}