{
  "PPR": 3.4602864583333335,
  "TPI": 0.39460324580003264,
  "OV_block_step": 60520526,
  "OV_frac": 0.20083073782102906,
  "GE2_frac": 0.03489948621758278,
  "peak_blocks": 5315,
  "peak_step": 161823,
  "gpu_blocks": 1536,
  "total_steps": 196192,
  "type1_count": 102,
  "type2_count": 76,
  "plot_path": "traces/request_types/SS50_SL00_LS00_LL50/bim50/bim50_ml_ov22.png"
}