{
  "PPR": 2.3507462686567164,
  "TPI": 0.10025305551068756,
  "OV_block_step": 84233,
  "OV_frac": 0.033845069596292486,
  "GE2_frac": 0.001669089538577505,
  "peak_blocks": 315,
  "peak_step": 8616,
  "gpu_blocks": 134,
  "total_steps": 18573,
  "type1_count": 27,
  "type2_count": 22,
  "plot_path": "traces/requests_types_8k/all_traces_arrival_rate_CV/SS02_SM04_SL04_MS04_MM15_ML55_LS04_LM04_LL05/lognormal_lambda1.0x_cv6/lognormal_lambda1.0x_cv6.png"
}