{
  "PPR": 2.535057185479861,
  "TPI": 0.2161285827978472,
  "OV_block_step": 95939559,
  "OV_frac": 0.11266436853080328,
  "GE2_frac": 0.03400661712091478,
  "peak_blocks": 5098,
  "peak_step": 405533,
  "gpu_blocks": 2011,
  "total_steps": 423447,
  "type1_count": 68,
  "type2_count": 45,
  "plot_path": "traces/requests_types_64k/all_traces_arrival_rate_CV/SS08_SM22_SL00_MS03_MM03_ML08_LS25_LM08_LL23/lognormal_lambda1.5x_cv1/lognormal_lambda1.5x_cv1.png"
}