{
  "PPR": 2.7881944444444446,
  "TPI": 0.46336098650825264,
  "OV_block_step": 7855872,
  "OV_frac": 0.2362123810018647,
  "GE2_frac": 0.04842480818857271,
  "peak_blocks": 1606,
  "peak_step": 17488,
  "gpu_blocks": 576,
  "total_steps": 57739,
  "type1_count": 90,
  "type2_count": 72,
  "plot_path": "traces/request_types/all_traces/SS00_SM00_SL00_MS00_MM00_ML00_LS33_LM66_LL01/bim50/bim50_ml_ov23.png"
}