{
  "PPR": 2.883804396590399,
  "TPI": 0.32175760597607594,
  "OV_block_step": 79646546,
  "OV_frac": 0.1605058067846375,
  "GE2_frac": 0.05623907897278334,
  "peak_blocks": 6428,
  "peak_step": 195312,
  "gpu_blocks": 2229,
  "total_steps": 222621,
  "type1_count": 77,
  "type2_count": 52,
  "plot_path": "traces/requests_types_128k/all_traces_arrival_rate_CV/SS06_SM63_SL03_MS03_MM03_ML06_LS03_LM09_LL04/lognormal_lambda2.0x_cv1/lognormal_lambda2.0x_cv1.png"
}