{
  "PPR": 2.8628961267605635,
  "TPI": 0.8314588293243576,
  "OV_block_step": 129623481,
  "OV_frac": 0.7806226701188991,
  "GE2_frac": 0.3817967873464138,
  "peak_blocks": 13009,
  "peak_step": 19155,
  "gpu_blocks": 4544,
  "total_steps": 36543,
  "type1_count": 44,
  "type2_count": 11,
  "plot_path": "traces/request_types/SS00_SL00_LS75_LL25/uni05/uni05_hi_ov79.png"
}