{
  "PPR": 1.6281602002503128,
  "TPI": 0.5550994718550748,
  "OV_block_step": 37233200,
  "OV_frac": 0.1275203176726292,
  "GE2_frac": 0.0,
  "peak_blocks": 13009,
  "peak_step": 19155,
  "gpu_blocks": 7990,
  "total_steps": 36543,
  "type1_count": 102,
  "type2_count": 38,
  "plot_path": "traces/request_types/SS00_SL00_LS75_LL25/uni05/uni05_lo_ov13.png"
}