{
  "PPR": 5.284539473684211,
  "TPI": 0.831491298259652,
  "OV_block_step": 34866624,
  "OV_frac": 1.4339473157789453,
  "GE2_frac": 0.6045709141828366,
  "peak_blocks": 3213,
  "peak_step": 16908,
  "gpu_blocks": 608,
  "total_steps": 39992,
  "type1_count": 33,
  "type2_count": 7,
  "plot_path": "traces/requests_types_32k/all_traces_arrival_rate_CV/SS10_SM00_SL12_MS50_MM04_ML04_LS04_LM08_LL09/lognormal_lambda4.5x_cv3/lognormal_lambda4.5x_cv3.png"
}