{
  "PPR": 4.709235798937474,
  "TPI": 0.8816688396349414,
  "OV_block_step": 135354949,
  "OV_frac": 1.4423637596844499,
  "GE2_frac": 0.5059713168187745,
  "peak_blocks": 23047,
  "peak_step": 2516,
  "gpu_blocks": 4894,
  "total_steps": 19175,
  "type1_count": 4,
  "type2_count": 5,
  "plot_path": "traces/SS24_SL23_LS23_LL28/bim05/bim05_sv_ov1p4.png"
}