{
  "PPR": 3.1913043478260867,
  "TPI": 0.37967981847976806,
  "OV_block_step": 291392,
  "OV_frac": 0.15970272773609415,
  "GE2_frac": 0.03176604058994075,
  "peak_blocks": 734,
  "peak_step": 2662,
  "gpu_blocks": 230,
  "total_steps": 7933,
  "type1_count": 43,
  "type2_count": 26,
  "plot_path": "traces/requests_types_16k/all_traces_arrival_rate_CV/SS55_SM04_SL04_MS04_MM02_ML15_LS04_LM04_LL05/lognormal_lambda2.5x_cv5/lognormal_lambda2.5x_cv5.png"
}