{
  "PPR": 2.02880859375,
  "TPI": 0.15263617733407855,
  "OV_block_step": 27115151,
  "OV_frac": 0.04252773599109202,
  "GE2_frac": 0.0007644817905576863,
  "peak_blocks": 4155,
  "peak_step": 257730,
  "gpu_blocks": 2048,
  "total_steps": 311322,
  "type1_count": 81,
  "type2_count": 60,
  "plot_path": "traces/request_types/all_traces/SS00_SL50_LS00_LL50/bim50/bim50_vl_ov4.png"
}