{
  "PPR": 3.4375,
  "TPI": 0.5459822811865661,
  "OV_block_step": 85457866,
  "OV_frac": 0.3518255152836886,
  "GE2_frac": 0.09106028317218615,
  "peak_blocks": 5280,
  "peak_step": 132597,
  "gpu_blocks": 1536,
  "total_steps": 158137,
  "type1_count": 105,
  "type2_count": 46,
  "plot_path": "traces/requests_types_48k/all_traces_arrival_rate_CV/SS01_SM18_SL11_MS32_MM14_ML02_LS14_LM07_LL01/lognormal_lambda3.5x_cv1/lognormal_lambda3.5x_cv1.png"
}