{
  "PPR": 5.430825242718447,
  "TPI": 0.8102886283581305,
  "OV_block_step": 144573291,
  "OV_frac": 1.5373624157356993,
  "GE2_frac": 0.5286525419273435,
  "peak_blocks": 13425,
  "peak_step": 17751,
  "gpu_blocks": 2472,
  "total_steps": 38042,
  "type1_count": 20,
  "type2_count": 8,
  "plot_path": "traces/SS26_SL12_LS36_LL24/poi05/poi05_sv_ov1p5.png"
}