{
  "PPR": 1.65986646884273,
  "TPI": 0.3122601335366174,
  "OV_block_step": 30713640,
  "OV_frac": 0.09982212382160152,
  "GE2_frac": 0.0,
  "peak_blocks": 13425,
  "peak_step": 17751,
  "gpu_blocks": 8088,
  "total_steps": 38042,
  "type1_count": 51,
  "type2_count": 25,
  "plot_path": "traces/SS26_SL12_LS36_LL24/poi05/poi05_lo_ov10.png"
}