{
  "PPR": 2.021978021978022,
  "TPI": 0.07126006106022759,
  "OV_block_step": 108631,
  "OV_frac": 0.027610029899788436,
  "GE2_frac": 0.002497918401332223,
  "peak_blocks": 552,
  "peak_step": 9483,
  "gpu_blocks": 273,
  "total_steps": 14412,
  "type1_count": 17,
  "type2_count": 33,
  "plot_path": "traces/requests_types_16k/all_traces_arrival_rate_CV/SS06_SM27_SL20_MS09_MM11_ML01_LS04_LM12_LL10/lognormal_lambda1.5x_cv2/lognormal_lambda1.5x_cv2.png"
}