{
  "PPR": 2.128787878787879,
  "TPI": 0.12886156327168272,
  "OV_block_step": 92848,
  "OV_frac": 0.03544796348303882,
  "GE2_frac": 0.005795494632868014,
  "peak_blocks": 281,
  "peak_step": 4867,
  "gpu_blocks": 132,
  "total_steps": 19843,
  "type1_count": 70,
  "type2_count": 55,
  "plot_path": "traces/requests_types_8k/all_traces_arrival_rate_CV/SS06_SM01_SL07_MS08_MM02_ML49_LS05_LM19_LL03/lognormal_lambda1.5x_cv6/lognormal_lambda1.5x_cv6.png"
}