{
  "PPR": 3.4583333333333335,
  "TPI": 0.3904506717941414,
  "OV_block_step": 152455952,
  "OV_frac": 0.2356150051828641,
  "GE2_frac": 0.06317060722594123,
  "peak_blocks": 6640,
  "peak_step": 132987,
  "gpu_blocks": 1920,
  "total_steps": 337008,
  "type1_count": 136,
  "type2_count": 93,
  "plot_path": "traces/request_types/SS08_SL00_LS08_LL83/bim50/bim50_ml_ov23.png"
}