{
  "PPR": 6.102941176470588,
  "TPI": 0.6251424298532973,
  "OV_block_step": 291173818,
  "OV_frac": 0.7941146634064892,
  "GE2_frac": 0.35070087356976687,
  "peak_blocks": 6640,
  "peak_step": 132987,
  "gpu_blocks": 1088,
  "total_steps": 337008,
  "type1_count": 129,
  "type2_count": 65,
  "plot_path": "traces/request_types/SS08_SL00_LS08_LL83/bim50/bim50_hi_ov82.png"
}