{
  "PPR": 3.5681818181818183,
  "TPI": 0.4820878274268105,
  "OV_block_step": 240886,
  "OV_frac": 0.35148188355045057,
  "GE2_frac": 0.15427580893682588,
  "peak_blocks": 471,
  "peak_step": 3053,
  "gpu_blocks": 132,
  "total_steps": 5192,
  "type1_count": 46,
  "type2_count": 33,
  "plot_path": "traces/requests_types_8k/all_traces_arrival_rate_CV/SS06_SM01_SL07_MS08_MM02_ML49_LS05_LM19_LL03/lognormal_lambda3.5x_cv2/lognormal_lambda3.5x_cv2.png"
}