{
  "PPR": 4.177631578947368,
  "TPI": 0.7489177489177489,
  "OV_block_step": 675935,
  "OV_frac": 0.8369924316720655,
  "GE2_frac": 0.3463203463203463,
  "peak_blocks": 635,
  "peak_step": 3245,
  "gpu_blocks": 152,
  "total_steps": 5313,
  "type1_count": 44,
  "type2_count": 29,
  "plot_path": "traces/requests_types_8k/all_traces_arrival_rate_CV/SS00_SM06_SL06_MS06_MM39_ML00_LS06_LM18_LL19/lognormal_lambda4.5x_cv6/lognormal_lambda4.5x_cv6.png"
}