{
  "PPR": 2.98046875,
  "TPI": 0.5847261887153113,
  "OV_block_step": 32189388,
  "OV_frac": 0.35766647952246583,
  "GE2_frac": 0.11217558511304031,
  "peak_blocks": 1526,
  "peak_step": 85724,
  "gpu_blocks": 512,
  "total_steps": 175778,
  "type1_count": 286,
  "type2_count": 133,
  "plot_path": "traces/case234/token_dynamic_batch_static/C3_bim50_mid.png"
}