{
  "PPR": 4.363636363636363,
  "TPI": 0.5591978590198476,
  "OV_block_step": 14350525,
  "OV_frac": 0.4936913371658434,
  "GE2_frac": 0.19182843095702298,
  "peak_blocks": 1536,
  "peak_step": 64805,
  "gpu_blocks": 352,
  "total_steps": 82579,
  "type1_count": 130,
  "type2_count": 69,
  "plot_path": "traces/request_types/all_traces/SS06_SM06_SL19_MS24_MM08_ML20_LS10_LM05_LL02/bim50/bim50_mh_ov54.png"
}