{
  "PPR": 1.8461538461538463,
  "TPI": 0.13332687487133532,
  "OV_block_step": 2586992,
  "OV_frac": 0.03765322157710053,
  "GE2_frac": 0.0,
  "peak_blocks": 1536,
  "peak_step": 64805,
  "gpu_blocks": 832,
  "total_steps": 82579,
  "type1_count": 55,
  "type2_count": 30,
  "plot_path": "traces/request_types/all_traces/SS06_SM06_SL19_MS24_MM08_ML20_LS10_LM05_LL02/bim50/bim50_vl_ov5.png"
}