{
  "PPR": 3.0,
  "TPI": 0.3467225323629494,
  "OV_block_step": 8457442,
  "OV_frac": 0.20003198641603798,
  "GE2_frac": 0.06747478172416715,
  "peak_blocks": 1536,
  "peak_step": 64805,
  "gpu_blocks": 512,
  "total_steps": 82579,
  "type1_count": 89,
  "type2_count": 49,
  "plot_path": "traces/request_types/all_traces/SS06_SM06_SL19_MS24_MM08_ML20_LS10_LM05_LL02/bim50/bim50_ml_ov23.png"
}