{
  "PPR": 5.079272727272727,
  "TPI": 0.5820735642954126,
  "OV_block_step": 1230256681,
  "OV_frac": 1.0174417060343415,
  "GE2_frac": 0.42494717953499794,
  "peak_blocks": 13968,
  "peak_step": 318669,
  "gpu_blocks": 2750,
  "total_steps": 439697,
  "type1_count": 34,
  "type2_count": 13,
  "plot_path": "traces/sy_requests/all_traces_arrival_rate_CV/SS04_SM15_SL55_MS02_MM04_ML04_LS04_LM04_LL05/lognormal_lambda3.5x_cv1/lognormal_lambda3.5x_cv1.png"
}