{
  "PPR": 2.5367272727272727,
  "TPI": 0.13215669297456903,
  "OV_block_step": 63321308,
  "OV_frac": 0.05111931839625736,
  "GE2_frac": 0.005645653645920055,
  "peak_blocks": 6976,
  "peak_step": 394719,
  "gpu_blocks": 2750,
  "total_steps": 450435,
  "type1_count": 51,
  "type2_count": 38,
  "plot_path": "traces/requests_types_96k/all_traces_arrival_rate_CV/SS05_SM22_SL01_MS13_MM01_ML37_LS03_LM03_LL15/lognormal_lambda1.0x_cv1/lognormal_lambda1.0x_cv1.png"
}