{
  "PPR": 4.101351351351352,
  "TPI": 0.5483921815889029,
  "OV_block_step": 479938,
  "OV_frac": 0.5111639855492315,
  "GE2_frac": 0.27222572509457754,
  "peak_blocks": 607,
  "peak_step": 736,
  "gpu_blocks": 148,
  "total_steps": 6344,
  "type1_count": 46,
  "type2_count": 38,
  "plot_path": "traces/requests_types_8k/all_traces_arrival_rate_CV/SS15_SM02_SL11_MS22_MM03_ML32_LS00_LM00_LL14/lognormal_lambda4.5x_cv6/lognormal_lambda4.5x_cv6.png"
}