{
  "PPR": 4.027636363636364,
  "TPI": 0.5101831203302362,
  "OV_block_step": 458576735,
  "OV_frac": 0.4654208651776537,
  "GE2_frac": 0.17936079533560897,
  "peak_blocks": 11076,
  "peak_step": 300932,
  "gpu_blocks": 2750,
  "total_steps": 358289,
  "type1_count": 87,
  "type2_count": 28,
  "plot_path": "traces/sy_requests/all_traces_arrival_rate_CV/SS06_SM27_SL20_MS09_MM11_ML01_LS04_LM12_LL10/lognormal_lambda3.0x_cv1/lognormal_lambda3.0x_cv1.png"
}