{
  "PPR": 2.8031914893617023,
  "TPI": 0.33522169751192454,
  "OV_block_step": 147825232,
  "OV_frac": 0.19424765968631882,
  "GE2_frac": 0.05868158385433805,
  "peak_blocks": 6324,
  "peak_step": 191245,
  "gpu_blocks": 2256,
  "total_steps": 337329,
  "type1_count": 80,
  "type2_count": 67,
  "plot_path": "traces/requests_types_128k/all_traces_arrival_rate_CV/SS07_SM02_SL09_MS02_MM02_ML07_LS02_LM57_LL10/lognormal_lambda1.5x_cv1/lognormal_lambda1.5x_cv1.png"
}