{
  "PPR": 2.3649526387009474,
  "TPI": 0.49267931708864104,
  "OV_block_step": 68167008,
  "OV_frac": 0.2437819917558946,
  "GE2_frac": 0.05555261906020403,
  "peak_blocks": 17477,
  "peak_step": 19041,
  "gpu_blocks": 7390,
  "total_steps": 37838,
  "type1_count": 41,
  "type2_count": 13,
  "plot_path": "traces/SS43_SL12_LS12_LL31/uni05/uni05_md_ov24.png"
}