{
  "PPR": 4.082872928176796,
  "TPI": 0.7360907162669277,
  "OV_block_step": 3908840,
  "OV_frac": 0.5872573314018702,
  "GE2_frac": 0.16536139663892968,
  "peak_blocks": 2217,
  "peak_step": 4412,
  "gpu_blocks": 543,
  "total_steps": 12258,
  "type1_count": 50,
  "type2_count": 18,
  "plot_path": "traces/requests_types_32k/all_traces_arrival_rate_CV/SS54_SM10_SL01_MS02_MM09_ML02_LS06_LM14_LL01/lognormal_lambda3.5x_cv7/lognormal_lambda3.5x_cv7.png"
}