{
  "PPR": 4.318996415770609,
  "TPI": 0.2382916812464318,
  "OV_block_step": 3747524,
  "OV_frac": 0.24737077410417205,
  "GE2_frac": 0.10781045691449198,
  "peak_blocks": 1205,
  "peak_step": 51941,
  "gpu_blocks": 279,
  "total_steps": 54299,
  "type1_count": 75,
  "type2_count": 25,
  "plot_path": "traces/requests_types_16k/all_traces_arrival_rate_CV/SS01_SM18_SL11_MS32_MM14_ML02_LS14_LM07_LL01/lognormal_lambda4.0x_cv7/lognormal_lambda4.0x_cv7.png"
}