{
  "PPR": 3.823272727272727,
  "TPI": 0.6312136593270422,
  "OV_block_step": 230361006,
  "OV_frac": 0.4990446486598903,
  "GE2_frac": 0.2161138118387189,
  "peak_blocks": 10514,
  "peak_step": 83029,
  "gpu_blocks": 2750,
  "total_steps": 167856,
  "type1_count": 70,
  "type2_count": 42,
  "plot_path": "traces/requests_types_96k/all_traces_arrival_rate_CV/SS08_SM22_SL00_MS03_MM03_ML08_LS25_LM08_LL23/lognormal_lambda3.5x_cv1/lognormal_lambda3.5x_cv1.png"
}