{
  "PPR": 10.660377358490566,
  "TPI": 0.4100783212649623,
  "OV_block_step": 1548278,
  "OV_frac": 1.4389829295517556,
  "GE2_frac": 0.3388503029407418,
  "peak_blocks": 1695,
  "peak_step": 2727,
  "gpu_blocks": 159,
  "total_steps": 6767,
  "type1_count": 11,
  "type2_count": 11,
  "plot_path": "traces/requests_types_8k/all_traces_arrival_rate_CV/SS00_SM00_SL00_MS00_MM00_ML00_LS00_LM00_LL100/lognormal_lambda4.0x_cv6/lognormal_lambda4.0x_cv6.png"
}