{
  "PPR": 1.7890295358649788,
  "TPI": 0.07624267304314705,
  "OV_block_step": 251460,
  "OV_frac": 0.022451968136526824,
  "GE2_frac": 0.0,
  "peak_blocks": 424,
  "peak_step": 34054,
  "gpu_blocks": 237,
  "total_steps": 47257,
  "type1_count": 48,
  "type2_count": 27,
  "plot_path": "traces/requests_types_16k/all_traces_arrival_rate_CV/SS04_SM15_SL55_MS02_MM04_ML04_LS04_LM04_LL05/lognormal_lambda1.0x_cv4/lognormal_lambda1.0x_cv4.png"
}