{
  "PPR": 2.5551601423487544,
  "TPI": 0.11837945052139588,
  "OV_block_step": 1578929,
  "OV_frac": 0.05517335100264516,
  "GE2_frac": 0.016574694134050785,
  "peak_blocks": 1436,
  "peak_step": 24521,
  "gpu_blocks": 562,
  "total_steps": 50921,
  "type1_count": 30,
  "type2_count": 17,
  "plot_path": "traces/requests_types_32k/all_traces_arrival_rate_CV/SS04_SM15_SL55_MS02_MM04_ML04_LS04_LM04_LL05/lognormal_lambda1.5x_cv5/lognormal_lambda1.5x_cv5.png"
}