{
  "PPR": 5.636284722222222,
  "TPI": 0.4827585194062116,
  "OV_block_step": 180671041,
  "OV_frac": 0.4606515366596043,
  "GE2_frac": 0.19154198168349693,
  "peak_blocks": 6493,
  "peak_step": 84488,
  "gpu_blocks": 1152,
  "total_steps": 340458,
  "type1_count": 143,
  "type2_count": 92,
  "plot_path": "traces/request_types/all_traces/SS00_SL25_LS00_LL75/bim50/bim50_mh_ov54.png"
}