{
  "PPR": 2.4242424242424243,
  "TPI": 0.20602125147579692,
  "OV_block_step": 91862,
  "OV_frac": 0.06846952404803644,
  "GE2_frac": 0.005017709563164109,
  "peak_blocks": 320,
  "peak_step": 7942,
  "gpu_blocks": 132,
  "total_steps": 10164,
  "type1_count": 58,
  "type2_count": 41,
  "plot_path": "traces/requests_types_8k/all_traces_arrival_rate_CV/SS06_SM01_SL07_MS08_MM02_ML49_LS05_LM19_LL03/lognormal_lambda2.0x_cv6/lognormal_lambda2.0x_cv6.png"
}