{
  "PPR": 4.895636363636363,
  "TPI": 0.7549410452305081,
  "OV_block_step": 561910100,
  "OV_frac": 0.9081254270145085,
  "GE2_frac": 0.3554130389372586,
  "peak_blocks": 13463,
  "peak_step": 197286,
  "gpu_blocks": 2750,
  "total_steps": 225003,
  "type1_count": 74,
  "type2_count": 48,
  "plot_path": "traces/requests_types_96k/all_traces_arrival_rate_CV/SS00_SM00_SL00_MS00_MM00_ML00_LS33_LM66_LL01/lognormal_lambda3.5x_cv1/lognormal_lambda3.5x_cv1.png"
}