{
  "PPR": 2.800324675324675,
  "TPI": 0.38250739644970416,
  "OV_block_step": 6021819,
  "OV_frac": 0.18076331721163452,
  "GE2_frac": 0.057636834319526625,
  "peak_blocks": 1725,
  "peak_step": 35898,
  "gpu_blocks": 616,
  "total_steps": 54080,
  "type1_count": 99,
  "type2_count": 46,
  "plot_path": "traces/requests_types_32k/all_traces_arrival_rate_CV/SS18_SM08_SL17_MS21_MM06_ML10_LS10_LM03_LL07/lognormal_lambda3.0x_cv4/lognormal_lambda3.0x_cv4.png"
}