{
  "PPR": 2.7992957746478875,
  "TPI": 0.4361114172794407,
  "OV_block_step": 9866815,
  "OV_frac": 0.273522700231685,
  "GE2_frac": 0.09156182588294573,
  "peak_blocks": 1590,
  "peak_step": 59115,
  "gpu_blocks": 568,
  "total_steps": 63509,
  "type1_count": 72,
  "type2_count": 45,
  "plot_path": "traces/requests_types_32k/all_traces_arrival_rate_CV/SS08_SM22_SL00_MS03_MM03_ML08_LS25_LM08_LL23/lognormal_lambda2.5x_cv2/lognormal_lambda2.5x_cv2.png"
}