{
  "PPR": 3.9554140127388533,
  "TPI": 0.7276005521800784,
  "OV_block_step": 134022148,
  "OV_frac": 0.7287652310756414,
  "GE2_frac": 0.3416473372336529,
  "peak_blocks": 6831,
  "peak_step": 29645,
  "gpu_blocks": 1727,
  "total_steps": 106487,
  "type1_count": 64,
  "type2_count": 32,
  "plot_path": "traces/requests_types_64k/all_traces_arrival_rate_CV/SS10_SM00_SL12_MS50_MM04_ML04_LS04_LM08_LL09/lognormal_lambda4.0x_cv1/lognormal_lambda4.0x_cv1.png"
}