{
  "PPR": 3.289473684210526,
  "TPI": 0.7064816181898715,
  "OV_block_step": 478272,
  "OV_frac": 0.4645690706909012,
  "GE2_frac": 0.12667946257197696,
  "peak_blocks": 500,
  "peak_step": 4810,
  "gpu_blocks": 152,
  "total_steps": 6773,
  "type1_count": 70,
  "type2_count": 28,
  "plot_path": "traces/requests_types_8k/all_traces_arrival_rate_CV/SS00_SM06_SL06_MS06_MM39_ML00_LS06_LM18_LL19/lognormal_lambda5.0x_cv5/lognormal_lambda5.0x_cv5.png"
}