{
  "PPR": 2.559893522626442,
  "TPI": 0.6534540005288985,
  "OV_block_step": 63173906,
  "OV_frac": 0.5490252588408872,
  "GE2_frac": 0.33429318602532837,
  "peak_blocks": 8655,
  "peak_step": 19185,
  "gpu_blocks": 3381,
  "total_steps": 34033,
  "type1_count": 51,
  "type2_count": 30,
  "plot_path": "traces/request_types/SS25_SL00_LS75_LL00/per05/per05_mh_ov55.png"
}