{
  "PPR": 7.48639455782313,
  "TPI": 0.6504305705059203,
  "OV_block_step": 1672418,
  "OV_frac": 1.530811786501468,
  "GE2_frac": 0.48466092572658775,
  "peak_blocks": 2201,
  "peak_step": 2202,
  "gpu_blocks": 294,
  "total_steps": 3716,
  "type1_count": 20,
  "type2_count": 11,
  "plot_path": "traces/requests_types_16k/all_traces_arrival_rate_CV/SS00_SM00_SL00_MS00_MM00_ML00_LS00_LM66_LL34/lognormal_lambda2.5x_cv5/lognormal_lambda2.5x_cv5.png"
}