{
  "PPR": 2.3522267206477734,
  "TPI": 0.48103025888896245,
  "OV_block_step": 774915,
  "OV_frac": 0.2077274509903789,
  "GE2_frac": 0.045884923525127456,
  "peak_blocks": 581,
  "peak_step": 10661,
  "gpu_blocks": 247,
  "total_steps": 15103,
  "type1_count": 79,
  "type2_count": 48,
  "plot_path": "traces/requests_types_16k/all_traces_arrival_rate_CV/SS02_SM04_SL04_MS04_MM15_ML55_LS04_LM04_LL05/lognormal_lambda2.5x_cv1/lognormal_lambda2.5x_cv1.png"
}