{
  "PPR": 5.776785714285714,
  "TPI": 0.38731814438649464,
  "OV_block_step": 7136095,
  "OV_frac": 0.6477682610848957,
  "GE2_frac": 0.21987373044194344,
  "peak_blocks": 1941,
  "peak_step": 2537,
  "gpu_blocks": 336,
  "total_steps": 32787,
  "type1_count": 41,
  "type2_count": 28,
  "plot_path": "traces/requests_types_16k/all_traces_arrival_rate_CV/SS00_SM00_SL00_MS00_MM00_ML00_LS33_LM33_LL34/lognormal_lambda3.5x_cv4/lognormal_lambda3.5x_cv4.png"
}