{
  "PPR": 3.2890625,
  "TPI": 0.4735099337748344,
  "OV_block_step": 168930,
  "OV_frac": 0.39728044099939797,
  "GE2_frac": 0.14178205900060203,
  "peak_blocks": 421,
  "peak_step": 1521,
  "gpu_blocks": 128,
  "total_steps": 3322,
  "type1_count": 34,
  "type2_count": 15,
  "plot_path": "traces/requests_types_8k/all_traces_arrival_rate_CV/SS55_SM04_SL04_MS04_MM02_ML15_LS04_LM04_LL05/lognormal_lambda4.5x_cv3/lognormal_lambda4.5x_cv3.png"
}