{
  "PPR": 4.043383947939263,
  "TPI": 0.8117956973510903,
  "OV_block_step": 4808343,
  "OV_frac": 1.5264517955957642,
  "GE2_frac": 0.7261817649641445,
  "peak_blocks": 1864,
  "peak_step": 2242,
  "gpu_blocks": 461,
  "total_steps": 6833,
  "type1_count": 22,
  "type2_count": 9,
  "plot_path": "traces/SS100_SL00_LS00_LL00/tsa05/tsa05_sv_ov1p5.png"
}