{
  "PPR": 3.297090909090909,
  "TPI": 0.2640270561577286,
  "OV_block_step": 265460766,
  "OV_frac": 0.21721249487828473,
  "GE2_frac": 0.09064847921621749,
  "peak_blocks": 9067,
  "peak_step": 351600,
  "gpu_blocks": 2750,
  "total_steps": 444409,
  "type1_count": 42,
  "type2_count": 11,
  "plot_path": "traces/sy_requests/all_traces_arrival_rate_CV/SS19_SM26_SL11_MS14_MM09_ML02_LS10_LM01_LL08/lognormal_lambda1.0x_cv1/lognormal_lambda1.0x_cv1.png"
}