{
  "PPR": 3.6194029850746268,
  "TPI": 0.6094702297233943,
  "OV_block_step": 319062,
  "OV_frac": 0.5581480781745282,
  "GE2_frac": 0.2707454289732771,
  "peak_blocks": 485,
  "peak_step": 2012,
  "gpu_blocks": 134,
  "total_steps": 4266,
  "type1_count": 41,
  "type2_count": 23,
  "plot_path": "traces/requests_types_8k/all_traces_arrival_rate_CV/SS02_SM04_SL04_MS04_MM15_ML55_LS04_LM04_LL05/lognormal_lambda5.0x_cv3/lognormal_lambda5.0x_cv3.png"
}