{
  "PPR": 3.007042253521127,
  "TPI": 0.14587986364170683,
  "OV_block_step": 278519,
  "OV_frac": 0.07685441042477584,
  "GE2_frac": 0.017240703734179696,
  "peak_blocks": 427,
  "peak_step": 5013,
  "gpu_blocks": 142,
  "total_steps": 25521,
  "type1_count": 61,
  "type2_count": 41,
  "plot_path": "traces/requests_types_8k/all_traces_arrival_rate_CV/SS09_SM11_SL08_MS09_MM08_ML09_LS18_LM23_LL05/lognormal_lambda2.0x_cv4/lognormal_lambda2.0x_cv4.png"
}