{
  "PPR": 5.200284090909091,
  "TPI": 0.6081623560143101,
  "OV_block_step": 120419777,
  "OV_frac": 0.7471784684433721,
  "GE2_frac": 0.30716073542452027,
  "peak_blocks": 3661,
  "peak_step": 211246,
  "gpu_blocks": 704,
  "total_steps": 228929,
  "type1_count": 160,
  "type2_count": 70,
  "plot_path": "traces/request_types/all_traces/SS13_SL07_LS74_LL04/bim50/bim50_hi_ov76.png"
}