{
  "PPR": 4.400240384615385,
  "TPI": 0.5537350008081108,
  "OV_block_step": 103367420,
  "OV_frac": 0.5426996470521428,
  "GE2_frac": 0.21450318657749784,
  "peak_blocks": 3661,
  "peak_step": 211246,
  "gpu_blocks": 832,
  "total_steps": 228929,
  "type1_count": 168,
  "type2_count": 84,
  "plot_path": "traces/request_types/all_traces/SS13_SL07_LS74_LL04/bim50/bim50_mh_ov57.png"
}