{
  "PPR": 3.5751953125,
  "TPI": 0.457823167881745,
  "OV_block_step": 81109823,
  "OV_frac": 0.34599728091870185,
  "GE2_frac": 0.11973581328708902,
  "peak_blocks": 3661,
  "peak_step": 211246,
  "gpu_blocks": 1024,
  "total_steps": 228929,
  "type1_count": 138,
  "type2_count": 95,
  "plot_path": "traces/request_types/all_traces/SS13_SL07_LS74_LL04/bim50/bim50_md_ov37.png"
}