{
  "PPR": 2.2001201923076925,
  "TPI": 0.2141624695866404,
  "OV_block_step": 32206841,
  "OV_frac": 0.08454618120179687,
  "GE2_frac": 0.01627578856326634,
  "peak_blocks": 3661,
  "peak_step": 211246,
  "gpu_blocks": 1664,
  "total_steps": 228929,
  "type1_count": 97,
  "type2_count": 75,
  "plot_path": "traces/request_types/all_traces/SS13_SL07_LS74_LL04/bim50/bim50_lo_ov11.png"
}