{
  "PPR": 1.6387959866220736,
  "TPI": 0.05961798677418123,
  "OV_block_step": 24073532,
  "OV_frac": 0.011383972206527619,
  "GE2_frac": 0.0,
  "peak_blocks": 7350,
  "peak_step": 305752,
  "gpu_blocks": 4485,
  "total_steps": 471502,
  "type1_count": 39,
  "type2_count": 18,
  "plot_path": "traces/requests_types_128k_bs8/all_traces_arrival_rate_CV/SS15_SM02_SL11_MS22_MM03_ML32_LS00_LM00_LL14/lognormal_lambda1.5x_cv1/lognormal_lambda1.5x_cv1.png"
}