{
  "PPR": 5.12751677852349,
  "TPI": 0.7405761316872428,
  "OV_block_step": 1006335,
  "OV_frac": 1.1117573949788715,
  "GE2_frac": 0.4368724279835391,
  "peak_blocks": 764,
  "peak_step": 3135,
  "gpu_blocks": 149,
  "total_steps": 6075,
  "type1_count": 34,
  "type2_count": 18,
  "plot_path": "traces/requests_types_8k/all_traces_arrival_rate_CV/SS08_SM22_SL00_MS03_MM03_ML08_LS25_LM08_LL23/lognormal_lambda4.0x_cv1/lognormal_lambda4.0x_cv1.png"
}