{
  "PPR": 2.482882882882883,
  "TPI": 0.24456116690918125,
  "OV_block_step": 2816130,
  "OV_frac": 0.09003989260936417,
  "GE2_frac": 0.02116974837633531,
  "peak_blocks": 1378,
  "peak_step": 30462,
  "gpu_blocks": 555,
  "total_steps": 56354,
  "type1_count": 79,
  "type2_count": 53,
  "plot_path": "traces/requests_types_32k/all_traces_arrival_rate_CV/SS02_SM04_SL04_MS04_MM15_ML55_LS04_LM04_LL05/lognormal_lambda1.0x_cv7/lognormal_lambda1.0x_cv7.png"
}