{
  "PPR": 4.634390651085142,
  "TPI": 0.7272448353446512,
  "OV_block_step": 9467952,
  "OV_frac": 0.8082564825605913,
  "GE2_frac": 0.3357537328697075,
  "peak_blocks": 2776,
  "peak_step": 9126,
  "gpu_blocks": 599,
  "total_steps": 19556,
  "type1_count": 18,
  "type2_count": 14,
  "plot_path": "traces/requests_types_32k/all_traces_arrival_rate_CV/SS15_SM13_SL18_MS00_MM19_ML17_LS06_LM03_LL09/lognormal_lambda5.0x_cv7/lognormal_lambda5.0x_cv7.png"
}