{
  "PPR": 1.6499564080209241,
  "TPI": 0.30924170616113744,
  "OV_block_step": 25295690,
  "OV_frac": 0.11460559461931376,
  "GE2_frac": 0.0,
  "peak_blocks": 11355,
  "peak_step": 16213,
  "gpu_blocks": 6882,
  "total_steps": 32072,
  "type1_count": 55,
  "type2_count": 17,
  "plot_path": "traces/request_types/SS00_SL12_LS87_LL00/per05/per05_lo_ov12.png"
}