{
  "PPR": 5.018315018315018,
  "TPI": 0.6178809828149411,
  "OV_block_step": 3053251,
  "OV_frac": 0.7942103108272687,
  "GE2_frac": 0.3757988922028121,
  "peak_blocks": 1370,
  "peak_step": 6428,
  "gpu_blocks": 273,
  "total_steps": 14082,
  "type1_count": 49,
  "type2_count": 22,
  "plot_path": "traces/requests_types_16k/all_traces_arrival_rate_CV/SS18_SM04_SL04_MS07_MM51_ML04_LS07_LM02_LL03/lognormal_lambda5.0x_cv7/lognormal_lambda5.0x_cv7.png"
}