{
  "PPR": 3.2904829545454546,
  "TPI": 0.35514018691588783,
  "OV_block_step": 89665284,
  "OV_frac": 0.23816154541680734,
  "GE2_frac": 0.0842131245021373,
  "peak_blocks": 4633,
  "peak_step": 159687,
  "gpu_blocks": 1408,
  "total_steps": 267393,
  "type1_count": 115,
  "type2_count": 94,
  "plot_path": "traces/request_types/SS00_SL50_LS00_LL50/bim50/bim50_ml_ov20.png"
}