{
  "PPR": 4.0204429301533215,
  "TPI": 0.5837091514604871,
  "OV_block_step": 11150574,
  "OV_frac": 0.6589838035438147,
  "GE2_frac": 0.2741969055713592,
  "peak_blocks": 2360,
  "peak_step": 11706,
  "gpu_blocks": 587,
  "total_steps": 28826,
  "type1_count": 58,
  "type2_count": 21,
  "plot_path": "traces/requests_types_32k/all_traces_arrival_rate_CV/SS19_SM26_SL11_MS14_MM09_ML02_LS10_LM01_LL08/lognormal_lambda3.0x_cv1/lognormal_lambda3.0x_cv1.png"
}