{
  "PPR": 2.8530534351145036,
  "TPI": 0.5660046933557493,
  "OV_block_step": 5844465,
  "OV_frac": 0.3906538881407076,
  "GE2_frac": 0.19691079121571925,
  "peak_blocks": 1495,
  "peak_step": 17030,
  "gpu_blocks": 524,
  "total_steps": 28551,
  "type1_count": 73,
  "type2_count": 41,
  "plot_path": "traces/requests_types_32k/all_traces_arrival_rate_CV/SS03_SM42_SL05_MS03_MM05_ML25_LS13_LM02_LL00/lognormal_lambda5.0x_cv3/lognormal_lambda5.0x_cv3.png"
}