{
  "PPR": 4.160583941605839,
  "TPI": 0.7053932324748816,
  "OV_block_step": 5291068,
  "OV_frac": 0.5575259023352775,
  "GE2_frac": 0.18114100935442892,
  "peak_blocks": 2280,
  "peak_step": 15414,
  "gpu_blocks": 548,
  "total_steps": 17318,
  "type1_count": 56,
  "type2_count": 30,
  "plot_path": "traces/requests_types_32k/all_traces_arrival_rate_CV/SS05_SM22_SL01_MS13_MM01_ML37_LS03_LM03_LL15/lognormal_lambda3.0x_cv2/lognormal_lambda3.0x_cv2.png"
}