{
  "PPR": 3.5630885122410545,
  "TPI": 0.32858854755798456,
  "OV_block_step": 9043483,
  "OV_frac": 0.19073637243688357,
  "GE2_frac": 0.059098901345040374,
  "peak_blocks": 1892,
  "peak_step": 16599,
  "gpu_blocks": 531,
  "total_steps": 89291,
  "type1_count": 113,
  "type2_count": 50,
  "plot_path": "traces/requests_types_32k/all_traces_arrival_rate_CV/SS03_SM24_SL03_MS36_MM03_ML12_LS06_LM06_LL07/lognormal_lambda1.5x_cv2/lognormal_lambda1.5x_cv2.png"
}