{
  "PPR": 4.28125,
  "TPI": 0.46442285668090383,
  "OV_block_step": 77660226,
  "OV_frac": 0.3406138789848287,
  "GE2_frac": 0.12794567428825504,
  "peak_blocks": 4384,
  "peak_step": 32348,
  "gpu_blocks": 1024,
  "total_steps": 222657,
  "type1_count": 152,
  "type2_count": 99,
  "plot_path": "traces/request_types/SS25_SL25_LS25_LL25/bim50/bim50_md_ov32.png"
}