{
  "PPR": 1.796546219706864,
  "TPI": 0.28925602125653554,
  "OV_block_step": 35257875,
  "OV_frac": 0.10963638180522413,
  "GE2_frac": 0.0,
  "peak_blocks": 12380,
  "peak_step": 28001,
  "gpu_blocks": 6891,
  "total_steps": 46668,
  "type1_count": 57,
  "type2_count": 6,
  "plot_path": "traces/request_types/SS00_SL100_LS00_LL00/per05/per05_lo_ov11.png"
}