{
  "PPR": 5.698924731182796,
  "TPI": 0.676704432518386,
  "OV_block_step": 2065584,
  "OV_frac": 0.7357907853031634,
  "GE2_frac": 0.3683164380838799,
  "peak_blocks": 1590,
  "peak_step": 2125,
  "gpu_blocks": 279,
  "total_steps": 10062,
  "type1_count": 43,
  "type2_count": 26,
  "plot_path": "traces/requests_types_16k/all_traces_arrival_rate_CV/SS00_SM00_SL00_MS00_MM00_ML00_LS33_LM66_LL01/lognormal_lambda3.5x_cv4/lognormal_lambda3.5x_cv4.png"
}