{
  "PPR": 4.506802721088436,
  "TPI": 0.3337226015091628,
  "OV_block_step": 897514,
  "OV_frac": 0.27423362445948557,
  "GE2_frac": 0.07285303629177146,
  "peak_blocks": 1325,
  "peak_step": 1911,
  "gpu_blocks": 294,
  "total_steps": 11132,
  "type1_count": 29,
  "type2_count": 41,
  "plot_path": "traces/requests_types_16k/all_traces_arrival_rate_CV/SS00_SM00_SL00_MS00_MM00_ML00_LS00_LM66_LL34/lognormal_lambda1.5x_cv3/lognormal_lambda1.5x_cv3.png"
}