{
  "PPR": 9.283018867924529,
  "TPI": 0.83184506552244,
  "OV_block_step": 7127298,
  "OV_frac": 2.599198282784742,
  "GE2_frac": 0.6751710541574858,
  "peak_blocks": 2952,
  "peak_step": 1616,
  "gpu_blocks": 318,
  "total_steps": 8623,
  "type1_count": 14,
  "type2_count": 6,
  "plot_path": "traces/requests_types_16k/all_traces_arrival_rate_CV/SS00_SM00_SL00_MS00_MM00_ML00_LS33_LM00_LL67/lognormal_lambda5.0x_cv7/lognormal_lambda5.0x_cv7.png"
}