{
  "PPR": 2.3046875,
  "TPI": 0.28910402429764614,
  "OV_block_step": 53014,
  "OV_frac": 0.07862032555049354,
  "GE2_frac": 0.017463933181473046,
  "peak_blocks": 295,
  "peak_step": 682,
  "gpu_blocks": 128,
  "total_steps": 5268,
  "type1_count": 46,
  "type2_count": 42,
  "plot_path": "traces/requests_types_8k/all_traces_arrival_rate_CV/SS55_SM04_SL04_MS04_MM02_ML15_LS04_LM04_LL05/lognormal_lambda4.5x_cv7/lognormal_lambda4.5x_cv7.png"
}