{
  "PPR": 1.7976751492302858,
  "TPI": 0.6200661000944288,
  "OV_block_step": 54956977,
  "OV_frac": 0.2037981558960685,
  "GE2_frac": 0.0,
  "peak_blocks": 22888,
  "peak_step": 3080,
  "gpu_blocks": 12732,
  "total_steps": 21180,
  "type1_count": 40,
  "type2_count": 11,
  "plot_path": "traces/request_types/SS43_SL12_LS12_LL31/bim05/bim05_ml_ov20.png"
}