{
  "PPR": 6.122657580919932,
  "TPI": 0.6698441324230323,
  "OV_block_step": 16986677,
  "OV_frac": 1.8638490888833832,
  "GE2_frac": 0.5568079350766456,
  "peak_blocks": 3594,
  "peak_step": 8695,
  "gpu_blocks": 587,
  "total_steps": 15526,
  "type1_count": 8,
  "type2_count": 3,
  "plot_path": "traces/requests_types_32k/all_traces_arrival_rate_CV/SS19_SM26_SL11_MS14_MM09_ML02_LS10_LM01_LL08/lognormal_lambda4.5x_cv5/lognormal_lambda4.5x_cv5.png"
}