{
  "PPR": 4.076923076923077,
  "TPI": 0.8299495586380832,
  "OV_block_step": 3317825,
  "OV_frac": 0.6704952387881139,
  "GE2_frac": 0.21809583858764187,
  "peak_blocks": 1272,
  "peak_step": 10545,
  "gpu_blocks": 312,
  "total_steps": 15860,
  "type1_count": 88,
  "type2_count": 35,
  "plot_path": "traces/requests_types_16k/all_traces_arrival_rate_CV/SS08_SM22_SL00_MS03_MM03_ML08_LS25_LM08_LL23/lognormal_lambda3.0x_cv1/lognormal_lambda3.0x_cv1.png"
}