{
  "PPR": 5.235690235690235,
  "TPI": 0.7447861166083117,
  "OV_block_step": 8091369,
  "OV_frac": 1.0368270157811945,
  "GE2_frac": 0.42266707261379205,
  "peak_blocks": 1555,
  "peak_step": 17295,
  "gpu_blocks": 297,
  "total_steps": 26276,
  "type1_count": 75,
  "type2_count": 38,
  "plot_path": "traces/requests_types_16k/all_traces_arrival_rate_CV/SS06_SM02_SL13_MS06_MM04_ML06_LS51_LM09_LL05/lognormal_lambda2.0x_cv4/lognormal_lambda2.0x_cv4.png"
}