{
  "PPR": 1.0351931330472104,
  "TPI": 0.003052110148997582,
  "OV_block_step": 10540,
  "OV_frac": 4.411035523651018e-05,
  "GE2_frac": 0.0,
  "peak_blocks": 1206,
  "peak_step": 161945,
  "gpu_blocks": 1165,
  "total_steps": 205104,
  "type1_count": 1,
  "type2_count": 9,
  "plot_path": "traces/SS62_SL37_LS00_LL00/bur05/bur05_sk_ov1.png"
}