{
  "PPR": 1.9344262295081966,
  "TPI": 0.719953663481031,
  "OV_block_step": 1765945,
  "OV_frac": 0.24658794597014433,
  "GE2_frac": 0.0,
  "peak_blocks": 2006,
  "peak_step": 4535,
  "gpu_blocks": 1037,
  "total_steps": 6906,
  "type1_count": 111,
  "type2_count": 19,
  "plot_path": "traces/SS100_SL00_LS00_LL00/uni05/uni05_md_ov24.png"
}