{
  "PPR": 2.601197604790419,
  "TPI": 0.7268372756384381,
  "OV_block_step": 82833401,
  "OV_frac": 0.5339020900638378,
  "GE2_frac": 0.20400419794946315,
  "peak_blocks": 10860,
  "peak_step": 23668,
  "gpu_blocks": 4175,
  "total_steps": 37161,
  "type1_count": 47,
  "type2_count": 11,
  "plot_path": "traces/request_types/SS30_SL52_LS11_LL05/tsa05/tsa05_mh_ov53.png"
}