{
  "PPR": 2.9047619047619047,
  "TPI": 0.3319824753559693,
  "OV_block_step": 404174,
  "OV_frac": 0.3011481920259889,
  "GE2_frac": 0.1583789704271632,
  "peak_blocks": 427,
  "peak_step": 2222,
  "gpu_blocks": 147,
  "total_steps": 9130,
  "type1_count": 39,
  "type2_count": 21,
  "plot_path": "traces/requests_types_8k/all_traces_arrival_rate_CV/SS04_SM15_SL55_MS02_MM04_ML04_LS04_LM04_LL05/lognormal_lambda2.5x_cv1/lognormal_lambda2.5x_cv1.png"
}