{
  "PPR": 2.2788461538461537,
  "TPI": 0.12330447278084608,
  "OV_block_step": 21275223,
  "OV_frac": 0.046395542260965345,
  "GE2_frac": 0.005551967138160521,
  "peak_blocks": 3792,
  "peak_step": 221701,
  "gpu_blocks": 1664,
  "total_steps": 275578,
  "type1_count": 81,
  "type2_count": 38,
  "plot_path": "traces/request_types/all_traces/SS08_SL61_LS23_LL06/bim50/bim50_vl_ov5.png"
}