{
  "PPR": 3.703125,
  "TPI": 0.3234401875331122,
  "OV_block_step": 57214970,
  "OV_frac": 0.2027520126447866,
  "GE2_frac": 0.07063335970215329,
  "peak_blocks": 3792,
  "peak_step": 221701,
  "gpu_blocks": 1024,
  "total_steps": 275578,
  "type1_count": 155,
  "type2_count": 83,
  "plot_path": "traces/request_types/all_traces/SS08_SL61_LS23_LL06/bim50/bim50_ml_ov21.png"
}