{
  "PPR": 4.5576923076923075,
  "TPI": 0.4170470792298369,
  "OV_block_step": 76809012,
  "OV_frac": 0.3349996154934775,
  "GE2_frac": 0.12345325098520202,
  "peak_blocks": 3792,
  "peak_step": 221701,
  "gpu_blocks": 832,
  "total_steps": 275578,
  "type1_count": 178,
  "type2_count": 82,
  "plot_path": "traces/request_types/all_traces/SS08_SL61_LS23_LL06/bim50/bim50_md_ov35.png"
}