{
  "PPR": 2.165745856353591,
  "TPI": 0.2940620782726046,
  "OV_block_step": 1673948,
  "OV_frac": 0.1386764356232225,
  "GE2_frac": 0.017858749437696806,
  "peak_blocks": 1176,
  "peak_step": 6577,
  "gpu_blocks": 543,
  "total_steps": 22230,
  "type1_count": 43,
  "type2_count": 24,
  "plot_path": "traces/requests_types_32k/all_traces_arrival_rate_CV/SS54_SM10_SL01_MS02_MM09_ML02_LS06_LM14_LL01/lognormal_lambda3.0x_cv1/lognormal_lambda3.0x_cv1.png"
}