{
  "PPR": 4.633699633699634,
  "TPI": 0.6106826209183306,
  "OV_block_step": 2962582,
  "OV_frac": 0.7822351847436544,
  "GE2_frac": 0.36264686801701146,
  "peak_blocks": 1265,
  "peak_step": 5113,
  "gpu_blocks": 273,
  "total_steps": 13873,
  "type1_count": 53,
  "type2_count": 29,
  "plot_path": "traces/requests_types_16k/all_traces_arrival_rate_CV/SS18_SM04_SL04_MS07_MM51_ML04_LS07_LM02_LL03/lognormal_lambda4.0x_cv7/lognormal_lambda4.0x_cv7.png"
}