{
  "PPR": 2.4800347222222223,
  "TPI": 0.1390832224558994,
  "OV_block_step": 34181669,
  "OV_frac": 0.053063056485992084,
  "GE2_frac": 0.013487703334907078,
  "peak_blocks": 5714,
  "peak_step": 159260,
  "gpu_blocks": 2304,
  "total_steps": 279588,
  "type1_count": 69,
  "type2_count": 43,
  "plot_path": "traces/request_types/all_traces/SS26_SL12_LS36_LL24/bim50/bim50_vl_ov6.png"
}