{
  "PPR": 3.7200520833333335,
  "TPI": 0.31937350673133325,
  "OV_block_step": 79982124,
  "OV_frac": 0.1862443857121908,
  "GE2_frac": 0.05067098730989885,
  "peak_blocks": 5714,
  "peak_step": 159260,
  "gpu_blocks": 1536,
  "total_steps": 279588,
  "type1_count": 114,
  "type2_count": 71,
  "plot_path": "traces/request_types/all_traces/SS26_SL12_LS36_LL24/bim50/bim50_ml_ov21.png"
}