{
  "PPR": 5.376116071428571,
  "TPI": 0.6408695780400947,
  "OV_block_step": 179187589,
  "OV_frac": 0.7372543793639266,
  "GE2_frac": 0.2914457822442103,
  "peak_blocks": 4817,
  "peak_step": 42634,
  "gpu_blocks": 896,
  "total_steps": 271258,
  "type1_count": 119,
  "type2_count": 80,
  "plot_path": "traces/request_types/all_traces/SS11_SL12_LS10_LL64/bim50/bim50_hi_ov84.png"
}