{
  "PPR": 3.9495495495495496,
  "TPI": 0.3637086970936015,
  "OV_block_step": 8686795,
  "OV_frac": 0.3459361892558931,
  "GE2_frac": 0.14377279257376505,
  "peak_blocks": 2192,
  "peak_step": 29998,
  "gpu_blocks": 555,
  "total_steps": 45245,
  "type1_count": 51,
  "type2_count": 35,
  "plot_path": "traces/requests_types_32k/all_traces_arrival_rate_CV/SS06_SM06_SL19_MS24_MM08_ML20_LS10_LM05_LL02/lognormal_lambda3.0x_cv3/lognormal_lambda3.0x_cv3.png"
}