{
  "PPR": 3.2486061472480343,
  "TPI": 0.7445300974504956,
  "OV_block_step": 263606884,
  "OV_frac": 0.7830333113306521,
  "GE2_frac": 0.3910486836910674,
  "peak_blocks": 22724,
  "peak_step": 22058,
  "gpu_blocks": 6995,
  "total_steps": 48127,
  "type1_count": 37,
  "type2_count": 9,
  "plot_path": "traces/SS07_SL05_LS02_LL84/poi05/poi05_hi_ov79.png"
}