{
  "batch_size": 4,
  "max_model_len": 32384,
  "num_gpu_blocks_override": 13879,
  "arrival_pattern": "PoissonArrival(lambda=0.003118373456405139,max=32068)",
  "vocab": [200, 30000],
  "requests": {
    "request_0": {"category": "LS_I13104-19648_O816-1216", "input_length": 19074, "output_length": 1032, "arrival_time": 0, "sched_time": 0, "wait_time": 0, "slo": 0.06966066172135144},
    "request_1": {"category": "LS_I6544-9824_O192-304", "input_length": 8283, "output_length": 222, "arrival_time": 0, "sched_time": 0, "wait_time": 0, "slo": 0.058039439054595306},
    "request_2": {"category": "LL_I3264-4912_O13104-19648", "input_length": 4900, "output_length": 18799, "arrival_time": 0, "sched_time": 0, "wait_time": 0, "slo": 0.07325992497810987},
    "request_3": {"category": "LL_I6544-9824_O3264-4912", "input_length": 7871, "output_length": 4692, "arrival_time": 0, "sched_time": 0, "wait_time": 0, "slo": 0.062104512891479745},
    "request_4": {"category": "LL_I3264-4912_O6544-9824", "input_length": 4780, "output_length": 6823, "arrival_time": 1949, "sched_time": 1949, "wait_time": 0, "slo": 0.06114283943573577},
    "request_5": {"category": "LS_I13104-19648_O816-1216", "input_length": 18342, "output_length": 972, "arrival_time": 2739, "sched_time": 2739, "wait_time": 0, "slo": 0.06886728112036265},
    "request_6": {"category": "LL_I13104-19648_O6544-9824", "input_length": 13706, "output_length": 7223, "arrival_time": 2893, "sched_time": 3712, "wait_time": 819, "slo": 0.07048509636101528},
    "request_7": {"category": "LS_I13104-19648_O816-1216", "input_length": 17983, "output_length": 1175, "arrival_time": 2897, "sched_time": 4693, "wait_time": 1796, "slo": 0.06871100918380425},
    "request_8": {"category": "LL_I3264-4912_O13104-19648", "input_length": 4127, "output_length": 18167, "arrival_time": 3030, "sched_time": 5869, "wait_time": 2839, "slo": 0.07185247580590125},
    "request_9": {"category": "LS_I13104-19648_O192-304", "input_length": 13723, "output_length": 268, "arrival_time": 3481, "sched_time": 8773, "wait_time": 5292, "slo": 0.06353500215689892},
    "request_10": {"category": "LS_I13104-19648_O1632-2448", "input_length": 16847, "output_length": 2047, "arrival_time": 3751, "sched_time": 9042, "wait_time": 5291, "slo": 0.06844654898347466},
    "request_11": {"category": "LS_I13104-19648_O192-304", "input_length": 14258, "output_length": 192, "arrival_time": 3917, "sched_time": 10936, "wait_time": 7019, "slo": 0.0639948022779265},
    "request_12": {"category": "LS_I13104-19648_O400-608", "input_length": 19182, "output_length": 465, "arrival_time": 3917, "sched_time": 11090, "wait_time": 7173, "slo": 0.06920086160032385},
    "request_13": {"category": "LL_I6544-9824_O13104-19648", "input_length": 7414, "output_length": 13216, "arrival_time": 4193, "sched_time": 11129, "wait_time": 6936, "slo": 0.07018557514927835},
    "request_14": {"category": "LL_I3264-4912_O13104-19648", "input_length": 3849, "output_length": 17820, "arrival_time": 4297, "sched_time": 11556, "wait_time": 7259, "slo": 0.07122638631648459},
    "request_15": {"category": "LS_I13104-19648_O192-304", "input_length": 15524, "output_length": 249, "arrival_time": 4533, "sched_time": 18800, "wait_time": 14267, "slo": 0.06532010850912368},
    "request_16": {"category": "LL_I13104-19648_O6544-9824", "input_length": 13279, "output_length": 6736, "arrival_time": 4784, "sched_time": 19050, "wait_time": 14266, "slo": 0.06956950309169237},
    "request_17": {"category": "LL_I6544-9824_O13104-19648", "input_length": 9656, "output_length": 19167, "arrival_time": 5274, "sched_time": 24037, "wait_time": 18763, "slo": 0.07839285704814336},
    "request_18": {"category": "LL_I13104-19648_O6544-9824", "input_length": 16084, "output_length": 6585, "arrival_time": 6384, "sched_time": 24346, "wait_time": 17962, "slo": 0.07222812949955124},
    "request_19": {"category": "LS_I13104-19648_O400-608", "input_length": 15697, "output_length": 412, "arrival_time": 6425, "sched_time": 25787, "wait_time": 19362, "slo": 0.06565669421863406},
    "request_20": {"category": "LS_I13104-19648_O1632-2448", "input_length": 18749, "output_length": 1765, "arrival_time": 6839, "sched_time": 26200, "wait_time": 19361, "slo": 0.07006937294004262},
    "request_21": {"category": "LS_I13104-19648_O192-304", "input_length": 15456, "output_length": 291, "arrival_time": 8329, "sched_time": 27966, "wait_time": 19637, "slo": 0.06529406318636394},
    "request_22": {"category": "LL_I13104-19648_O6544-9824", "input_length": 17614, "output_length": 8153, "arrival_time": 8419, "sched_time": 28258, "wait_time": 19839, "slo": 0.0753315298806917},
    "request_23": {"category": "LL_I3264-4912_O13104-19648", "input_length": 3590, "output_length": 17450, "arrival_time": 8764, "sched_time": 29377, "wait_time": 20613, "slo": 0.07059628985433568},
    "request_24": {"category": "LL_I3264-4912_O3264-4912", "input_length": 4317, "output_length": 4670, "arrival_time": 8918, "sched_time": 30932, "wait_time": 22014, "slo": 0.058522279268833424},
    "request_25": {"category": "SL_I400-608_O6544-9824", "input_length": 451, "output_length": 7315, "arrival_time": 9270, "sched_time": 35603, "wait_time": 26333, "slo": 0.057299150842309056},
    "request_26": {"category": "LL_I3264-4912_O13104-19648", "input_length": 3304, "output_length": 18593, "arrival_time": 9561, "sched_time": 36412, "wait_time": 26851, "slo": 0.07145478376222379},
    "request_27": {"category": "LS_I13104-19648_O192-304", "input_length": 15552, "output_length": 264, "arrival_time": 9901, "sched_time": 42919, "wait_time": 33018, "slo": 0.06536318346599554},
    "request_28": {"category": "LS_I13104-19648_O400-608", "input_length": 17409, "output_length": 480, "arrival_time": 9942, "sched_time": 43184, "wait_time": 33242, "slo": 0.06743979708449269},
    "request_29": {"category": "LS_I13104-19648_O1632-2448", "input_length": 13684, "output_length": 1961, "arrival_time": 9978, "sched_time": 43205, "wait_time": 33227, "slo": 0.06519188538169114},
    "request_30": {"category": "LS_I13104-19648_O400-608", "input_length": 14924, "output_length": 487, "arrival_time": 10041, "sched_time": 43665, "wait_time": 33624, "slo": 0.06495747747685354},
    "request_31": {"category": "LS_I13104-19648_O1632-2448", "input_length": 13902, "output_length": 2199, "arrival_time": 10058, "sched_time": 44153, "wait_time": 34095, "slo": 0.06564868027316953},
    "request_32": {"category": "LL_I6544-9824_O3264-4912", "input_length": 9367, "output_length": 4008, "arrival_time": 10064, "sched_time": 45167, "wait_time": 35103, "slo": 0.06291792835612986},
    "request_33": {"category": "LS_I13104-19648_O192-304", "input_length": 17000, "output_length": 261, "arrival_time": 10753, "sched_time": 46353, "wait_time": 35600, "slo": 0.06681070236552683},
    "request_34": {"category": "SS_I192-304_O192-304", "input_length": 250, "output_length": 253, "arrival_time": 10956, "sched_time": 46615, "wait_time": 35659, "slo": 0.05002349010369603},
    "request_35": {"category": "LS_I13104-19648_O1632-2448", "input_length": 19074, "output_length": 2200, "arrival_time": 10972, "sched_time": 46828, "wait_time": 35856, "slo": 0.07083069775917328},
    "request_36": {"category": "LS_I13104-19648_O1632-2448", "input_length": 17000, "output_length": 2429, "arrival_time": 11109, "sched_time": 46869, "wait_time": 35760, "slo": 0.06898248158641532},
    "request_37": {"category": "LL_I3264-4912_O3264-4912", "input_length": 3349, "output_length": 3919, "arrival_time": 11203, "sched_time": 49029, "wait_time": 37826, "slo": 0.05680028273714187},
    "request_38": {"category": "SS_I400-608_O192-304", "input_length": 418, "output_length": 223, "arrival_time": 11625, "sched_time": 49176, "wait_time": 37551, "slo": 0.050161730662959224},
    "request_39": {"category": "LL_I3264-4912_O6544-9824", "input_length": 3411, "output_length": 7700, "arrival_time": 11850, "sched_time": 49299, "wait_time": 37449,