{
  "PPR": 1.8120659722222223,
  "TPI": 0.20471313149761844,
  "OV_block_step": 24187633,
  "OV_frac": 0.05045782934818076,
  "GE2_frac": 0.0,
  "peak_blocks": 4175,
  "peak_step": 75443,
  "gpu_blocks": 2304,
  "total_steps": 208057,
  "type1_count": 79,
  "type2_count": 59,
  "plot_path": "traces/request_types/all_traces/SS37_SL21_LS05_LL35/bim50/bim50_vl_ov5.png"
}