{
  "PPR": 2.7180989583333335,
  "TPI": 0.3698457634206011,
  "OV_block_step": 70599277,
  "OV_frac": 0.2209157632934324,
  "GE2_frac": 0.06031520208404428,
  "peak_blocks": 4175,
  "peak_step": 75443,
  "gpu_blocks": 1536,
  "total_steps": 208057,
  "type1_count": 91,
  "type2_count": 69,
  "plot_path": "traces/request_types/all_traces/SS37_SL21_LS05_LL35/bim50/bim50_ml_ov21.png"
}