{
  "PPR": 2.6734545454545455,
  "TPI": 0.18435558228101823,
  "OV_block_step": 35819492,
  "OV_frac": 0.07252215885048116,
  "GE2_frac": 0.007382909066613216,
  "peak_blocks": 7352,
  "peak_step": 163806,
  "gpu_blocks": 2750,
  "total_steps": 179604,
  "type1_count": 33,
  "type2_count": 29,
  "plot_path": "traces/sy_requests/all_traces_arrival_rate_CV/SS11_SM02_SL03_MS00_MM36_ML08_LS16_LM20_LL04/lognormal_lambda2.0x_cv1/lognormal_lambda2.0x_cv1.png"
}