{
  "PPR": 3.4362068965517243,
  "TPI": 0.6638472032742155,
  "OV_block_step": 10923595,
  "OV_frac": 0.6423528131909488,
  "GE2_frac": 0.321862210095498,
  "peak_blocks": 1993,
  "peak_step": 11490,
  "gpu_blocks": 580,
  "total_steps": 29320,
  "type1_count": 62,
  "type2_count": 22,
  "plot_path": "traces/requests_types_32k/all_traces_arrival_rate_CV/SS15_SM17_SL08_MS09_MM06_ML17_LS06_LM14_LL09/lognormal_lambda4.0x_cv1/lognormal_lambda4.0x_cv1.png"
}