{
  "PPR": 1.8811610076670318,
  "TPI": 0.06814932212441213,
  "OV_block_step": 12851824,
  "OV_frac": 0.015155813996095793,
  "GE2_frac": 0.0,
  "peak_blocks": 3435,
  "peak_step": 256215,
  "gpu_blocks": 1826,
  "total_steps": 464392,
  "type1_count": 52,
  "type2_count": 40,
  "plot_path": "traces/SS00_SL25_LS00_LL75/bur05/bur05_sk_ov5.png"
}