{
  "PPR": 8.153473344103393,
  "TPI": 0.5567715458276333,
  "OV_block_step": 19600468,
  "OV_frac": 1.3536563872270928,
  "GE2_frac": 0.4515218878248974,
  "peak_blocks": 5047,
  "peak_step": 17122,
  "gpu_blocks": 619,
  "total_steps": 23392,
  "type1_count": 16,
  "type2_count": 19,
  "plot_path": "traces/requests_types_32k/all_traces_arrival_rate_CV/SS00_SM00_SL00_MS00_MM00_ML00_LS00_LM00_LL100/lognormal_lambda4.0x_cv6/lognormal_lambda4.0x_cv6.png"
}