{
  "PPR": 2.821305841924399,
  "TPI": 0.19833032490974728,
  "OV_block_step": 3714933,
  "OV_frac": 0.09001362804253973,
  "GE2_frac": 0.013918659747292419,
  "peak_blocks": 1642,
  "peak_step": 64143,
  "gpu_blocks": 582,
  "total_steps": 70912,
  "type1_count": 49,
  "type2_count": 38,
  "plot_path": "traces/requests_types_32k/all_traces_arrival_rate_CV/SS10_SM24_SL05_MS05_MM03_ML14_LS09_LM12_LL18/lognormal_lambda1.2x_cv1/lognormal_lambda1.2x_cv1.png"
}