{
  "PPR": 4.404040404040404,
  "TPI": 0.6649200220628793,
  "OV_block_step": 23752656,
  "OV_frac": 0.848309991167134,
  "GE2_frac": 0.3604098604098604,
  "peak_blocks": 2616,
  "peak_step": 35375,
  "gpu_blocks": 594,
  "total_steps": 47138,
  "type1_count": 90,
  "type2_count": 27,
  "plot_path": "traces/requests_types_32k/all_traces_arrival_rate_CV/SS01_SM18_SL11_MS32_MM14_ML02_LS14_LM07_LL01/lognormal_lambda3.5x_cv3/lognormal_lambda3.5x_cv3.png"
}