{
  "PPR": 4.096463022508039,
  "TPI": 0.3918151990777689,
  "OV_block_step": 2221345,
  "OV_frac": 0.31668832244556616,
  "GE2_frac": 0.10450474416954864,
  "peak_blocks": 1274,
  "peak_step": 7220,
  "gpu_blocks": 311,
  "total_steps": 22554,
  "type1_count": 34,
  "type2_count": 42,
  "plot_path": "traces/requests_types_16k/all_traces_arrival_rate_CV/SS06_SM03_SL09_MS03_MM03_ML06_LS03_LM03_LL64/lognormal_lambda2.0x_cv1/lognormal_lambda2.0x_cv1.png"
}