{
  "PPR": 5.700520833333333,
  "TPI": 0.6107267165910769,
  "OV_block_step": 166034097,
  "OV_frac": 0.7600823769249024,
  "GE2_frac": 0.29287698203424395,
  "peak_blocks": 4378,
  "peak_step": 261806,
  "gpu_blocks": 768,
  "total_steps": 284430,
  "type1_count": 145,
  "type2_count": 73,
  "plot_path": "traces/request_types/all_traces/SS12_SL37_LS06_LL43/bim50/bim50_hi_ov84.png"
}