{
  "PPR": 4.115606936416185,
  "TPI": 0.17711231283798567,
  "OV_block_step": 3135297,
  "OV_frac": 0.09441772189179652,
  "GE2_frac": 0.021584195554999845,
  "peak_blocks": 2136,
  "peak_step": 3141,
  "gpu_blocks": 519,
  "total_steps": 63982,
  "type1_count": 61,
  "type2_count": 34,
  "plot_path": "traces/requests_types_32k/all_traces_arrival_rate_CV/SS06_SM27_SL20_MS09_MM11_ML01_LS04_LM12_LL10/lognormal_lambda2.5x_cv6/lognormal_lambda2.5x_cv6.png"
}