{
  "PPR": 3.5213068181818183,
  "TPI": 0.3781058707562241,
  "OV_block_step": 95197746,
  "OV_frac": 0.2089235108703194,
  "GE2_frac": 0.0784374314398633,
  "peak_blocks": 4958,
  "peak_step": 27230,
  "gpu_blocks": 1408,
  "total_steps": 323621,
  "type1_count": 190,
  "type2_count": 116,
  "plot_path": "traces/request_types/SS18_SL17_LS19_LL45/bim50/bim50_ml_ov24.png"
}