{
  "PPR": 2.9340277777777777,
  "TPI": 0.21276703795239868,
  "OV_block_step": 1773964,
  "OV_frac": 0.1042691746321939,
  "GE2_frac": 0.027338592274096896,
  "peak_blocks": 845,
  "peak_step": 39627,
  "gpu_blocks": 288,
  "total_steps": 59074,
  "type1_count": 109,
  "type2_count": 50,
  "plot_path": "traces/requests_types_16k/all_traces_arrival_rate_CV/SS09_SM11_SL08_MS09_MM08_ML09_LS18_LM23_LL05/lognormal_lambda1.5x_cv5/lognormal_lambda1.5x_cv5.png"
}