{
  "PPR": 4.778645833333333,
  "TPI": 0.4874712863705972,
  "OV_block_step": 77711803,
  "OV_frac": 0.48424216830773037,
  "GE2_frac": 0.20199081163859112,
  "peak_blocks": 3670,
  "peak_step": 32724,
  "gpu_blocks": 768,
  "total_steps": 208960,
  "type1_count": 145,
  "type2_count": 95,
  "plot_path": "traces/request_types/all_traces/SS00_SL00_LS100_LL00/bim50/bim50_mh_ov51.png"
}