{
  "PPR": 2.2055288461538463,
  "TPI": 0.169635336906585,
  "OV_block_step": 20266019,
  "OV_frac": 0.058284350864906055,
  "GE2_frac": 0.006733346094946401,
  "peak_blocks": 3670,
  "peak_step": 32724,
  "gpu_blocks": 1664,
  "total_steps": 208960,
  "type1_count": 75,
  "type2_count": 54,
  "plot_path": "traces/request_types/all_traces/SS00_SL00_LS100_LL00/bim50/bim50_vl_ov5.png"
}