{
  "PPR": 3.281767955801105,
  "TPI": 0.3337440952967755,
  "OV_block_step": 2443834,
  "OV_frac": 0.2310851869628843,
  "GE2_frac": 0.0979153830355309,
  "peak_blocks": 1782,
  "peak_step": 9065,
  "gpu_blocks": 543,
  "total_steps": 19476,
  "type1_count": 40,
  "type2_count": 20,
  "plot_path": "traces/requests_types_32k/all_traces_arrival_rate_CV/SS54_SM10_SL01_MS02_MM09_ML02_LS06_LM14_LL01/lognormal_lambda2.0x_cv5/lognormal_lambda2.0x_cv5.png"
}