{
  "PPR": 3.4900662251655628,
  "TPI": 0.6159856747517499,
  "OV_block_step": 834009,
  "OV_frac": 0.44955546236334254,
  "GE2_frac": 0.15432199251180206,
  "peak_blocks": 527,
  "peak_step": 10751,
  "gpu_blocks": 151,
  "total_steps": 12286,
  "type1_count": 97,
  "type2_count": 39,
  "plot_path": "traces/requests_types_8k/all_traces_arrival_rate_CV/SS10_SM00_SL12_MS50_MM04_ML04_LS04_LM08_LL09/lognormal_lambda2.0x_cv5/lognormal_lambda2.0x_cv5.png"
}