{
  "PPR": 13.491961414790996,
  "TPI": 0.99179580674567,
  "OV_block_step": 5539507,
  "OV_frac": 4.0592341873627875,
  "GE2_frac": 0.8231540565177757,
  "peak_blocks": 4196,
  "peak_step": 552,
  "gpu_blocks": 311,
  "total_steps": 4388,
  "type1_count": 3,
  "type2_count": 4,
  "plot_path": "traces/requests_types_16k/all_traces_arrival_rate_CV/SS06_SM03_SL09_MS03_MM03_ML06_LS03_LM03_LL64/lognormal_lambda5.0x_cv7/lognormal_lambda5.0x_cv7.png"
}