{
  "PPR": 1.217691776088459,
  "TPI": 0.012557615287418673,
  "OV_block_step": 673706,
  "OV_frac": 0.0015123322322020021,
  "GE2_frac": 0.0,
  "peak_blocks": 1762,
  "peak_step": 1873,
  "gpu_blocks": 1447,
  "total_steps": 307861,
  "type1_count": 11,
  "type2_count": 10,
  "plot_path": "traces/SS32_SL30_LS30_LL05/bur05/bur05_lo_ov1.png"
}