{
  "PPR": 4.038269550748752,
  "TPI": 0.4460708983408434,
  "OV_block_step": 11165604,
  "OV_frac": 0.4839000869932916,
  "GE2_frac": 0.24277863152137108,
  "peak_blocks": 2427,
  "peak_step": 17524,
  "gpu_blocks": 601,
  "total_steps": 38393,
  "type1_count": 34,
  "type2_count": 24,
  "plot_path": "traces/requests_types_32k/all_traces_arrival_rate_CV/SS09_SM11_SL08_MS09_MM08_ML09_LS18_LM23_LL05/lognormal_lambda3.0x_cv3/lognormal_lambda3.0x_cv3.png"
}