{
  "PPR": 1.7459055876685934,
  "TPI": 0.021374786047679967,
  "OV_block_step": 16845234,
  "OV_frac": 0.00592514631014323,
  "GE2_frac": 0.0,
  "peak_blocks": 7249,
  "peak_step": 405856,
  "gpu_blocks": 4152,
  "total_steps": 684732,
  "type1_count": 14,
  "type2_count": 14,
  "plot_path": "traces/requests_types_128k_bs8/all_traces_arrival_rate_CV/SS05_SM02_SL22_MS01_MM07_ML11_LS31_LM03_LL19/lognormal_lambda1.0x_cv1/lognormal_lambda1.0x_cv1.png"
}