{
  "PPR": 2.449197860962567,
  "TPI": 0.22302324506677756,
  "OV_block_step": 4204118,
  "OV_frac": 0.11543927599089439,
  "GE2_frac": 0.026341328157493415,
  "peak_blocks": 1374,
  "peak_step": 43117,
  "gpu_blocks": 561,
  "total_steps": 64917,
  "type1_count": 56,
  "type2_count": 32,
  "plot_path": "traces/requests_types_32k/all_traces_arrival_rate_CV/SS11_SM11_SL11_MS11_MM11_ML11_LS11_LM11_LL11/lognormal_lambda1.2x_cv1/lognormal_lambda1.2x_cv1.png"
}