{
  "PPR": 4.044491525423729,
  "TPI": 0.4356171710799803,
  "OV_block_step": 457460604,
  "OV_frac": 0.469575895000661,
  "GE2_frac": 0.2315834149716422,
  "peak_blocks": 11454,
  "peak_step": 294120,
  "gpu_blocks": 2832,
  "total_steps": 343997,
  "type1_count": 48,
  "type2_count": 41,
  "plot_path": "traces/requests_types_128k/all_traces_arrival_rate_CV/SS06_SM03_SL09_MS03_MM03_ML06_LS03_LM03_LL64/lognormal_lambda2.0x_cv1/lognormal_lambda2.0x_cv1.png"
}