{
  "PPR": 2.665090909090909,
  "TPI": 0.2107976112763231,
  "OV_block_step": 98555195,
  "OV_frac": 0.08664745225519868,
  "GE2_frac": 0.013169410797611277,
  "peak_blocks": 7329,
  "peak_step": 26766,
  "gpu_blocks": 2750,
  "total_steps": 413610,
  "type1_count": 62,
  "type2_count": 53,
  "plot_path": "traces/requests_types_96k/all_traces_arrival_rate_CV/SS06_SM03_SL09_MS03_MM03_ML06_LS03_LM03_LL64/lognormal_lambda1.0x_cv1/lognormal_lambda1.0x_cv1.png"
}