{
  "PPR": 1.4618102745311226,
  "TPI": 0.011075123706702654,
  "OV_block_step": 8389523,
  "OV_frac": 0.0022795834994039123,
  "GE2_frac": 0.0,
  "peak_blocks": 5378,
  "peak_step": 386327,
  "gpu_blocks": 3679,
  "total_steps": 1000350,
  "type1_count": 14,
  "type2_count": 11,
  "plot_path": "traces/requests_types_128k_bs8/all_traces_arrival_rate_CV/SS03_SM24_SL03_MS36_MM03_ML12_LS06_LM06_LL07/lognormal_lambda1.0x_cv1/lognormal_lambda1.0x_cv1.png"
}