{
  "PPR": 7.603744149765991,
  "TPI": 0.3136632230574426,
  "OV_block_step": 24717685,
  "OV_frac": 0.7750357970262052,
  "GE2_frac": 0.23927724404068015,
  "peak_blocks": 4874,
  "peak_step": 16979,
  "gpu_blocks": 641,
  "total_steps": 49754,
  "type1_count": 17,
  "type2_count": 27,
  "plot_path": "traces/requests_types_32k/all_traces_arrival_rate_CV/SS00_SM00_SL00_MS00_MM00_ML00_LS33_LM33_LL34/lognormal_lambda2.0x_cv5/lognormal_lambda2.0x_cv5.png"
}