{
  "PPR": 1.6385877980799008,
  "TPI": 0.09213801574057993,
  "OV_block_step": 21375660,
  "OV_frac": 0.0166615093190346,
  "GE2_frac": 0.0,
  "peak_blocks": 5291,
  "peak_step": 215139,
  "gpu_blocks": 3229,
  "total_steps": 397317,
  "type1_count": 61,
  "type2_count": 44,
  "plot_path": "traces/requests_types_128k_bs8/all_traces_arrival_rate_CV/SS01_SM18_SL11_MS32_MM14_ML02_LS14_LM07_LL01/lognormal_lambda2.0x_cv1/lognormal_lambda2.0x_cv1.png"
}