{
  "PPR": 3.6934545454545455,
  "TPI": 0.6993626649607885,
  "OV_block_step": 251644930,
  "OV_frac": 0.7226861837509361,
  "GE2_frac": 0.37290812740382717,
  "peak_blocks": 10157,
  "peak_step": 33430,
  "gpu_blocks": 2750,
  "total_steps": 126621,
  "type1_count": 48,
  "type2_count": 29,
  "plot_path": "traces/sy_requests/all_traces_arrival_rate_CV/SS09_SM11_SL08_MS09_MM08_ML09_LS18_LM23_LL05/lognormal_lambda3.5x_cv1/lognormal_lambda3.5x_cv1.png"
}