{
  "PPR": 11.00327868852459,
  "TPI": 0.7025370338838753,
  "OV_block_step": 4372156,
  "OV_frac": 2.440820314135541,
  "GE2_frac": 0.5557636642261196,
  "peak_blocks": 3356,
  "peak_step": 3610,
  "gpu_blocks": 305,
  "total_steps": 5873,
  "type1_count": 8,
  "type2_count": 12,
  "plot_path": "traces/requests_types_16k/all_traces_arrival_rate_CV/SS02_SM02_SL02_MS01_MM01_ML02_LS01_LM03_LL86/lognormal_lambda4.0x_cv5/lognormal_lambda4.0x_cv5.png"
}