{
  "PPR": 3.601973684210526,
  "TPI": 0.5093390804597702,
  "OV_block_step": 19906991,
  "OV_frac": 0.3920230066230591,
  "GE2_frac": 0.1763050766283525,
  "peak_blocks": 2190,
  "peak_step": 8773,
  "gpu_blocks": 608,
  "total_steps": 83520,
  "type1_count": 116,
  "type2_count": 44,
  "plot_path": "traces/requests_types_32k/all_traces_arrival_rate_CV/SS10_SM00_SL12_MS50_MM04_ML04_LS04_LM08_LL09/lognormal_lambda2.0x_cv2/lognormal_lambda2.0x_cv2.png"
}