{
  "PPR": 3.65993265993266,
  "TPI": 0.2686816429549079,
  "OV_block_step": 4904187,
  "OV_frac": 0.20734600928480657,
  "GE2_frac": 0.06704170172156158,
  "peak_blocks": 1087,
  "peak_step": 78158,
  "gpu_blocks": 297,
  "total_steps": 79637,
  "type1_count": 120,
  "type2_count": 48,
  "plot_path": "traces/requests_types_16k/all_traces_arrival_rate_CV/SS06_SM02_SL13_MS06_MM04_ML06_LS51_LM09_LL05/lognormal_lambda1.5x_cv2/lognormal_lambda1.5x_cv2.png"
}