{
  "PPR": 3.3070866141732282,
  "TPI": 0.688655672163918,
  "OV_block_step": 300600,
  "OV_frac": 0.591436565181976,
  "GE2_frac": 0.31259370314842577,
  "peak_blocks": 420,
  "peak_step": 1457,
  "gpu_blocks": 127,
  "total_steps": 4002,
  "type1_count": 55,
  "type2_count": 23,
  "plot_path": "traces/requests_types_8k/all_traces_arrival_rate_CV/SS05_SM22_SL01_MS13_MM01_ML37_LS03_LM03_LL15/lognormal_lambda4.0x_cv5/lognormal_lambda4.0x_cv5.png"
}