{
  "PPR": 4.398625429553265,
  "TPI": 0.3171650055370986,
  "OV_block_step": 3390970,
  "OV_frac": 0.4301520069920933,
  "GE2_frac": 0.1902547065337763,
  "peak_blocks": 1280,
  "peak_step": 3452,
  "gpu_blocks": 291,
  "total_steps": 27090,
  "type1_count": 31,
  "type2_count": 22,
  "plot_path": "traces/requests_types_16k/all_traces_arrival_rate_CV/SS11_SM02_SL03_MS00_MM36_ML08_LS16_LM20_LL04/lognormal_lambda3.0x_cv5/lognormal_lambda3.0x_cv5.png"
}