{
  "PPR": 4.1567567567567565,
  "TPI": 0.6914444503820873,
  "OV_block_step": 10965974,
  "OV_frac": 1.0558708764875602,
  "GE2_frac": 0.45818415005611074,
  "peak_blocks": 2307,
  "peak_step": 10838,
  "gpu_blocks": 555,
  "total_steps": 18713,
  "type1_count": 44,
  "type2_count": 18,
  "plot_path": "traces/requests_types_32k/all_traces_arrival_rate_CV/SS02_SM04_SL04_MS04_MM15_ML55_LS04_LM04_LL05/lognormal_lambda3.5x_cv5/lognormal_lambda3.5x_cv5.png"
}