{
  "PPR": 5.207419898819562,
  "TPI": 0.7926415094339623,
  "OV_block_step": 16356618,
  "OV_frac": 1.040861497343218,
  "GE2_frac": 0.3609811320754717,
  "peak_blocks": 3088,
  "peak_step": 16482,
  "gpu_blocks": 593,
  "total_steps": 26500,
  "type1_count": 51,
  "type2_count": 21,
  "plot_path": "traces/requests_types_32k/all_traces_arrival_rate_CV/SS05_SM02_SL22_MS01_MM07_ML11_LS31_LM03_LL19/lognormal_lambda4.5x_cv6/lognormal_lambda4.5x_cv6.png"
}