{
  "PPR": 3.068145800316957,
  "TPI": 0.42307013614583755,
  "OV_block_step": 11389540,
  "OV_frac": 0.2450079970699388,
  "GE2_frac": 0.07126277639776846,
  "peak_blocks": 1936,
  "peak_step": 19633,
  "gpu_blocks": 631,
  "total_steps": 73671,
  "type1_count": 75,
  "type2_count": 69,
  "plot_path": "traces/requests_types_32k/all_traces_arrival_rate_CV/SS00_SM00_SL00_MS00_MM00_ML00_LS33_LM00_LL67/lognormal_lambda1.5x_cv1/lognormal_lambda1.5x_cv1.png"
}