{
  "PPR": 3.4340836012861735,
  "TPI": 0.27314033940311866,
  "OV_block_step": 2526897,
  "OV_frac": 0.2796829967832377,
  "GE2_frac": 0.14856631441258478,
  "peak_blocks": 1068,
  "peak_step": 20954,
  "gpu_blocks": 311,
  "total_steps": 29051,
  "type1_count": 45,
  "type2_count": 37,
  "plot_path": "traces/requests_types_16k/all_traces_arrival_rate_CV/SS06_SM03_SL09_MS03_MM03_ML06_LS03_LM03_LL64/lognormal_lambda1.5x_cv3/lognormal_lambda1.5x_cv3.png"
}