{
  "PPR": 2.5163636363636366,
  "TPI": 0.44577039433051746,
  "OV_block_step": 52221550,
  "OV_frac": 0.19878418642982285,
  "GE2_frac": 0.03561222246647615,
  "peak_blocks": 6920,
  "peak_step": 32130,
  "gpu_blocks": 2750,
  "total_steps": 95529,
  "type1_count": 44,
  "type2_count": 30,
  "plot_path": "traces/sy_requests/all_traces_arrival_rate_CV/SS03_SM24_SL03_MS36_MM03_ML12_LS06_LM06_LL07/lognormal_lambda3.5x_cv1/lognormal_lambda3.5x_cv1.png"
}