{
  "PPR": 2.5474209650582362,
  "TPI": 0.1371419444148653,
  "OV_block_step": 2978374,
  "OV_frac": 0.05277070782005145,
  "GE2_frac": 0.009147055691619636,
  "peak_blocks": 1531,
  "peak_step": 41811,
  "gpu_blocks": 601,
  "total_steps": 93910,
  "type1_count": 42,
  "type2_count": 41,
  "plot_path": "traces/requests_types_32k/all_traces_arrival_rate_CV/SS09_SM11_SL08_MS09_MM08_ML09_LS18_LM23_LL05/lognormal_lambda1.0x_cv1/lognormal_lambda1.0x_cv1.png"
}