{
  "PPR": 5.917241379310345,
  "TPI": 0.9142414327535733,
  "OV_block_step": 1719656,
  "OV_frac": 2.0423104101470875,
  "GE2_frac": 0.737385913552609,
  "peak_blocks": 858,
  "peak_step": 2542,
  "gpu_blocks": 145,
  "total_steps": 5807,
  "type1_count": 17,
  "type2_count": 5,
  "plot_path": "traces/requests_types_8k/all_traces_arrival_rate_CV/SS05_SM02_SL22_MS01_MM07_ML11_LS31_LM03_LL19/lognormal_lambda3.5x_cv7/lognormal_lambda3.5x_cv7.png"
}