{
  "PPR": 5.767241379310345,
  "TPI": 0.5933049595982686,
  "OV_block_step": 195818095,
  "OV_frac": 0.7656223471564896,
  "GE2_frac": 0.3542000021770129,
  "peak_blocks": 5352,
  "peak_step": 218225,
  "gpu_blocks": 928,
  "total_steps": 275607,
  "type1_count": 128,
  "type2_count": 79,
  "plot_path": "traces/request_types/all_traces/SS11_SL12_LS10_LL64/bim50/bim50_hi_ov80.png"
}