{
  "PPR": 3.1739130434782608,
  "TPI": 0.7664135774899509,
  "OV_block_step": 362814,
  "OV_frac": 0.5871118705944035,
  "GE2_frac": 0.23380973648950423,
  "peak_blocks": 438,
  "peak_step": 1356,
  "gpu_blocks": 138,
  "total_steps": 4478,
  "type1_count": 70,
  "type2_count": 16,
  "plot_path": "traces/requests_types_8k/all_traces_arrival_rate_CV/SS18_SM04_SL04_MS07_MM51_ML04_LS07_LM02_LL03/lognormal_lambda2.5x_cv7/lognormal_lambda2.5x_cv7.png"
}