{
  "PPR": 5.088068181818182,
  "TPI": 0.5759002901860045,
  "OV_block_step": 17696733,
  "OV_frac": 0.5979117270716297,
  "GE2_frac": 0.21954236239950525,
  "peak_blocks": 1791,
  "peak_step": 64094,
  "gpu_blocks": 352,
  "total_steps": 84084,
  "type1_count": 93,
  "type2_count": 51,
  "plot_path": "traces/request_types/all_traces/SS09_SM11_SL08_MS09_MM08_ML09_LS18_LM23_LL05/bim50/bim50_hi_ov76.png"
}