{
  "PPR": 4.305288461538462,
  "TPI": 0.4759645116787974,
  "OV_block_step": 14869094,
  "OV_frac": 0.42508698947572576,
  "GE2_frac": 0.1584605870320156,
  "peak_blocks": 1791,
  "peak_step": 64094,
  "gpu_blocks": 416,
  "total_steps": 84084,
  "type1_count": 81,
  "type2_count": 45,
  "plot_path": "traces/request_types/all_traces/SS09_SM11_SL08_MS09_MM08_ML09_LS18_LM23_LL05/bim50/bim50_mh_ov57.png"
}