{
  "PPR": 2.7984375,
  "TPI": 0.2546501117929689,
  "OV_block_step": 7993352,
  "OV_frac": 0.14853732576946863,
  "GE2_frac": 0.054314732886161454,
  "peak_blocks": 1791,
  "peak_step": 64094,
  "gpu_blocks": 640,
  "total_steps": 84084,
  "type1_count": 77,
  "type2_count": 36,
  "plot_path": "traces/request_types/all_traces/SS09_SM11_SL08_MS09_MM08_ML09_LS18_LM23_LL05/bim50/bim50_ml_ov23.png"
}