{
  "PPR": 2.814909090909091,
  "TPI": 0.1617832055712841,
  "OV_block_step": 101105083,
  "OV_frac": 0.10076296753447857,
  "GE2_frac": 0.03455193753408739,
  "peak_blocks": 7741,
  "peak_step": 320471,
  "gpu_blocks": 2750,
  "total_steps": 364871,
  "type1_count": 25,
  "type2_count": 31,
  "plot_path": "traces/requests_types_96k/all_traces_arrival_rate_CV/SS11_SM02_SL03_MS00_MM36_ML08_LS16_LM20_LL04/lognormal_lambda1.0x_cv1/lognormal_lambda1.0x_cv1.png"
}