{
  "PPR": 3.9507042253521125,
  "TPI": 0.7043002807743461,
  "OV_block_step": 476268,
  "OV_frac": 0.4956406088370031,
  "GE2_frac": 0.13684054972661444,
  "peak_blocks": 561,
  "peak_step": 1677,
  "gpu_blocks": 142,
  "total_steps": 6767,
  "type1_count": 71,
  "type2_count": 35,
  "plot_path": "traces/requests_types_8k/all_traces_arrival_rate_CV/SS09_SM11_SL08_MS09_MM08_ML09_LS18_LM23_LL05/lognormal_lambda4.0x_cv3/lognormal_lambda4.0x_cv3.png"
}