{
  "PPR": 2.3796992481203008,
  "TPI": 0.4024332061068702,
  "OV_block_step": 428536,
  "OV_frac": 0.19215620157263388,
  "GE2_frac": 0.03244274809160305,
  "peak_blocks": 633,
  "peak_step": 6085,
  "gpu_blocks": 266,
  "total_steps": 8384,
  "type1_count": 44,
  "type2_count": 26,
  "plot_path": "traces/requests_types_16k/all_traces_arrival_rate_CV/SS03_SM35_SL00_MS13_MM01_ML28_LS01_LM18_LL02/lognormal_lambda4.0x_cv1/lognormal_lambda4.0x_cv1.png"
}