{
  "PPR": 6.151832460732984,
  "TPI": 0.6884537984236123,
  "OV_block_step": 49785869,
  "OV_frac": 1.5611688747274861,
  "GE2_frac": 0.578609760187825,
  "peak_blocks": 8225,
  "peak_step": 10530,
  "gpu_blocks": 1337,
  "total_steps": 23852,
  "type1_count": 18,
  "type2_count": 13,
  "plot_path": "traces/SS41_SL16_LS41_LL00/tsa05/tsa05_sv_ov1p6.png"
}