{
  "PPR": 6.476510067114094,
  "TPI": 0.706872852233677,
  "OV_block_step": 1144722,
  "OV_frac": 1.3200512004428147,
  "GE2_frac": 0.47577319587628863,
  "peak_blocks": 965,
  "peak_step": 2633,
  "gpu_blocks": 149,
  "total_steps": 5820,
  "type1_count": 28,
  "type2_count": 10,
  "plot_path": "traces/requests_types_8k/all_traces_arrival_rate_CV/SS11_SM02_SL03_MS00_MM36_ML08_LS16_LM20_LL04/lognormal_lambda3.5x_cv3/lognormal_lambda3.5x_cv3.png"
}