{
  "batch_size": 4,
  "max_model_len": 32384,
  "num_gpu_blocks_override": 9079,
  "arrival_pattern": "UniformArrival(max_step=25710)",
  "vocab": [200, 30000],
  "requests": {
    "request_0": {"category": "LS_I13104-19648_O400-608", "input_length": 13555, "output_length": 566, "arrival_time": 0, "sched_time": 0, "wait_time": 0, "slo": 0.06366522877069758},
    "request_1": {"category": "SS_I816-1216_O192-304", "input_length": 1188, "output_length": 200, "arrival_time": 0, "sched_time": 0, "wait_time": 0, "slo": 0.05091003282071001},
    "request_2": {"category": "LS_I6544-9824_O1632-2448", "input_length": 9063, "output_length": 1726, "arrival_time": 0, "sched_time": 0, "wait_time": 0, "slo": 0.06032742048471952},
    "request_3": {"category": "LL_I13104-19648_O6544-9824", "input_length": 18213, "output_length": 8094, "arrival_time": 0, "sched_time": 0, "wait_time": 0, "slo": 0.07587247119954768},
    "request_4": {"category": "LS_I6544-9824_O816-1216", "input_length": 7953, "output_length": 887, "arrival_time": 960, "sched_time": 960, "wait_time": 0, "slo": 0.05837502302092263},
    "request_5": {"category": "SL_I1632-2448_O3264-4912", "input_length": 2055, "output_length": 4297, "arrival_time": 1408, "sched_time": 1408, "wait_time": 0, "slo": 0.05588268598145282},
    "request_6": {"category": "LL_I13104-19648_O6544-9824", "input_length": 17806, "output_length": 7957, "arrival_time": 1842, "sched_time": 1842, "wait_time": 0, "slo": 0.07532752290795944},
    "request_7": {"category": "LS_I13104-19648_O1632-2448", "input_length": 17393, "output_length": 2183, "arrival_time": 2594, "sched_time": 2594, "wait_time": 0, "slo": 0.0691297378343261},
    "request_8": {"category": "LL_I6544-9824_O3264-4912", "input_length": 7618, "output_length": 4684, "arrival_time": 2649, "sched_time": 4778, "wait_time": 2129, "slo": 0.06184305792069935},
    "request_9": {"category": "LS_I13104-19648_O1632-2448", "input_length": 18809, "output_length": 1739, "arrival_time": 3422, "sched_time": 5706, "wait_time": 2284, "slo": 0.0701034322082669},
    "request_10": {"category": "LS_I13104-19648_O1632-2448", "input_length": 19139, "output_length": 2109, "arrival_time": 3446, "sched_time": 7446, "wait_time": 4000, "slo": 0.07080465243641354},
    "request_11": {"category": "LS_I13104-19648_O816-1216", "input_length": 16205, "output_length": 1106, "arrival_time": 3506, "sched_time": 8095, "wait_time": 4589, "slo": 0.06686078952468016},
    "request_12": {"category": "LL_I6544-9824_O13104-19648", "input_length": 6724, "output_length": 13910, "arrival_time": 3761, "sched_time": 9202, "wait_time": 5441, "slo": 0.07018958212201062},
    "request_13": {"category": "LL_I6544-9824_O3264-4912", "input_length": 8578, "output_length": 4350, "arrival_time": 3921, "sched_time": 9463, "wait_time": 5542, "slo": 0.06247014915329907},
    "request_14": {"category": "LL_I6544-9824_O6544-9824", "input_length": 8432, "output_length": 6914, "arrival_time": 4275, "sched_time": 9556, "wait_time": 5281, "slo": 0.06489236416995421},
    "request_15": {"category": "LS_I13104-19648_O1632-2448", "input_length": 15797, "output_length": 1837, "arrival_time": 4653, "sched_time": 9800, "wait_time": 5147, "slo": 0.06718435257281069},
    "request_16": {"category": "SS_I192-304_O400-608", "input_length": 226, "output_length": 511, "arrival_time": 4697, "sched_time": 11638, "wait_time": 6941, "slo": 0.05025789800853362},
    "request_17": {"category": "LL_I13104-19648_O6544-9824", "input_length": 13185, "output_length": 8574, "arrival_time": 4899, "sched_time": 12150, "wait_time": 7251, "slo": 0.0713165432029606},
    "request_18": {"category": "SS_I1632-2448_O1632-2448", "input_length": 2272, "output_length": 2164, "arrival_time": 4999, "sched_time": 13814, "wait_time": 8815, "slo": 0.05396334604269713},
    "request_19": {"category": "LS_I6544-9824_O1632-2448", "input_length": 9514, "output_length": 2026, "arrival_time": 5107, "sched_time": 15979, "wait_time": 10872, "slo": 0.06107972961520257},
    "request_20": {"category": "SS_I192-304_O816-1216", "input_length": 253, "output_length": 864, "arrival_time": 5523, "sched_time": 16471, "wait_time": 10948, "slo": 0.050638560418098943},
    "request_21": {"category": "LL_I6544-9824_O6544-9824", "input_length": 8368, "output_length": 8466, "arrival_time": 5544, "sched_time": 17336, "wait_time": 11792, "slo": 0.06638295802635738},
    "request_22": {"category": "LL_I13104-19648_O6544-9824", "input_length": 16753, "output_length": 8823, "arrival_time": 5635, "sched_time": 18006, "wait_time": 12371, "slo": 0.07514019693272597},
    "request_23": {"category": "LS_I3264-4912_O816-1216", "input_length": 4660, "output_length": 932, "arrival_time": 5952, "sched_time": 20725, "wait_time": 14773, "slo": 0.05512136116232218},
    "request_24": {"category": "LL_I6544-9824_O6544-9824", "input_length": 9213, "output_length": 8636, "arrival_time": 6065, "sched_time": 21658, "wait_time": 15593, "slo": 0.06739972735717002},
    "request_25": {"category": "LS_I6544-9824_O192-304", "input_length": 8677, "output_length": 264, "arrival_time": 6962, "sched_time": 23113, "wait_time": 16151, "slo": 0.05847619908241236},
    "request_26": {"category": "SS_I816-1216_O1632-2448", "input_length": 1191, "output_length": 1832, "arrival_time": 7228, "sched_time": 23378, "wait_time": 16150, "slo": 0.05254788292502397},
    "request_27": {"category": "SL_I192-304_O13104-19648", "input_length": 298, "output_length": 16545, "arrival_time": 7830, "sched_time": 25211, "wait_time": 17381, "slo": 0.06639197371500498},
    "request_28": {"category": "LS_I13104-19648_O192-304", "input_length": 15650, "output_length": 263, "arrival_time": 7830, "sched_time": 25803, "wait_time": 17973, "slo": 0.06546035255475299},
    "request_29": {"category": "SS_I816-1216_O1632-2448", "input_length": 983, "output_length": 2105, "arrival_time": 8277, "sched_time": 26067, "wait_time": 17790, "slo": 0.0526129962319233},
    "request_30": {"category": "LS_I13104-19648_O400-608", "input_length": 15152, "output_length": 442, "arrival_time": 8439, "sched_time": 26830, "wait_time": 18391, "slo": 0.06514079647935474},
    "request_31": {"category": "LS_I13104-19648_O192-304", "input_length": 15579, "output_length": 291, "arrival_time": 8453, "sched_time": 27273, "wait_time": 18820, "slo": 0.06541727759788113},
    "request_32": {"category": "LL_I13104-19648_O6544-9824", "input_length": 16289, "output_length": 7835, "arrival_time": 8610, "sched_time": 27565, "wait_time": 18955, "slo": 0.07368566583091321},
    "request_33": {"category": "LS_I13104-19648_O400-608", "input_length": 17410, "output_length": 549, "arrival_time": 9277, "sched_time": 28173, "wait_time": 18896, "slo": 0.06750991910730736},
    "request_34": {"category": "LL_I6544-9824_O3264-4912", "input_length": 9672, "output_length": 3818, "arrival_time": 9447, "sched_time": 28723, "wait_time": 19276, "slo": 0.06303312882218252},
    "request_35": {"category": "LL_I6544-9824_O3264-4912", "input_length": 8375, "output_length": 3981, "arrival_time": 9480, "sched_time": 30295, "wait_time": 20815, "slo": 0.06189715205258495},
    "request_36": {"category": "SL_I1632-2448_O3264-4912", "input_length": 2368, "output_length": 3476, "arrival_time": 9789, "sched_time": 32542, "wait_time": 22753, "slo": 0.05537380044445497},
    "request_37": {"category": "SS_I400-608_O1632-2448", "input_length": 607, "output_length": 2410, "arrival_time": 9986, "sched_time": 34277, "wait_time": 24291, "slo": 0.052541872465925565},
    "request_38": {"category": "LS_I13104-19648_O1632-2448", "input_length": 14385, "output_length": 2296, "arrival_time": 10059, "sched_time": 35401, "wait_time": 25342, "slo": 0.06622969131934818},
    "request_39": {"category": "LL_I6544-9824_O6544-9824", "input_length": 6798, "output_length": 8087, "arrival_time": 10333, "sched_time": 36019, "wait_time": 25686, "slo": 0.0644305605625605},
    "request_40": {"category": "LL_I3264-4912_O3264-4912",