{
  "PPR": 2.939189189189189,
  "TPI": 0.33827206222798406,
  "OV_block_step": 378857,
  "OV_frac": 0.23704459622137186,
  "GE2_frac": 0.09056394110565794,
  "peak_blocks": 435,
  "peak_step": 6982,
  "gpu_blocks": 148,
  "total_steps": 10799,
  "type1_count": 39,
  "type2_count": 35,
  "plot_path": "traces/requests_types_8k/all_traces_arrival_rate_CV/SS10_SM24_SL05_MS05_MM03_ML14_LS09_LM12_LL18/lognormal_lambda2.5x_cv6/lognormal_lambda2.5x_cv6.png"
}