{
  "PPR": 3.003584229390681,
  "TPI": 0.22913992297817715,
  "OV_block_step": 2049334,
  "OV_frac": 0.1428654287571841,
  "GE2_frac": 0.043431750106974754,
  "peak_blocks": 838,
  "peak_step": 10172,
  "gpu_blocks": 279,
  "total_steps": 51414,
  "type1_count": 75,
  "type2_count": 38,
  "plot_path": "traces/requests_types_16k/all_traces_arrival_rate_CV/SS03_SM24_SL03_MS36_MM03_ML12_LS06_LM06_LL07/lognormal_lambda1.5x_cv1/lognormal_lambda1.5x_cv1.png"
}