{
  "PPR": 5.10752688172043,
  "TPI": 0.4972756167700923,
  "OV_block_step": 1665537,
  "OV_frac": 0.45176832652237525,
  "GE2_frac": 0.19971242621462085,
  "peak_blocks": 1425,
  "peak_step": 642,
  "gpu_blocks": 279,
  "total_steps": 13214,
  "type1_count": 41,
  "type2_count": 39,
  "plot_path": "traces/requests_types_16k/all_traces_arrival_rate_CV/SS00_SM00_SL00_MS00_MM00_ML00_LS33_LM66_LL01/lognormal_lambda2.5x_cv6/lognormal_lambda2.5x_cv6.png"
}