{
  "PPR": 4.285714285714286,
  "TPI": 0.7270851753610375,
  "OV_block_step": 306737,
  "OV_frac": 0.8071686455307145,
  "GE2_frac": 0.2982611258473327,
  "peak_blocks": 480,
  "peak_step": 1646,
  "gpu_blocks": 112,
  "total_steps": 3393,
  "type1_count": 32,
  "type2_count": 26,
  "plot_path": "traces/requests_types_8k/all_traces_arrival_rate_CV/SS03_SM42_SL05_MS03_MM05_ML25_LS13_LM02_LL00/lognormal_lambda3.0x_cv4/lognormal_lambda3.0x_cv4.png"
}