{
  "PPR": 7.933333333333334,
  "TPI": 0.7950972555289102,
  "OV_block_step": 1035269,
  "OV_frac": 1.6718245605535773,
  "GE2_frac": 0.5315747402078337,
  "peak_blocks": 1309,
  "peak_step": 1688,
  "gpu_blocks": 165,
  "total_steps": 3753,
  "type1_count": 35,
  "type2_count": 23,
  "plot_path": "traces/requests_types_8k/all_traces_arrival_rate_CV/SS06_SM03_SL09_MS03_MM03_ML06_LS03_LM03_LL64/lognormal_lambda4.0x_cv5/lognormal_lambda4.0x_cv5.png"
}