{
  "PPR": 4.808814400993172,
  "TPI": 0.7584018220499827,
  "OV_block_step": 175616554,
  "OV_frac": 0.9623221986217962,
  "GE2_frac": 0.40054202455883264,
  "peak_blocks": 7747,
  "peak_step": 95374,
  "gpu_blocks": 1611,
  "total_steps": 113279,
  "type1_count": 72,
  "type2_count": 21,
  "plot_path": "traces/requests_types_64k/all_traces_arrival_rate_CV/SS18_SM08_SL17_MS21_MM06_ML10_LS10_LM03_LL07/lognormal_lambda4.0x_cv1/lognormal_lambda4.0x_cv1.png"
}