{
  "PPR": 6.09375,
  "TPI": 0.5834026622296173,
  "OV_block_step": 762598,
  "OV_frac": 0.9913139559068219,
  "GE2_frac": 0.32341930116472545,
  "peak_blocks": 975,
  "peak_step": 809,
  "gpu_blocks": 160,
  "total_steps": 4808,
  "type1_count": 26,
  "type2_count": 21,
  "plot_path": "traces/requests_types_8k/all_traces_arrival_rate_CV/SS07_SM08_SL06_MS09_MM09_ML09_LS07_LM08_LL38/lognormal_lambda5.0x_cv3/lognormal_lambda5.0x_cv3.png"
}