{
  "PPR": 2.243685769029786,
  "TPI": 0.48221883700162843,
  "OV_block_step": 45916068,
  "OV_frac": 0.2100625523045419,
  "GE2_frac": 0.016861900509534067,
  "peak_blocks": 12881,
  "peak_step": 17541,
  "gpu_blocks": 5741,
  "total_steps": 38074,
  "type1_count": 68,
  "type2_count": 23,
  "plot_path": "traces/request_types/SS12_SL38_LS27_LL21/uni05/uni05_ml_ov21.png"
}