{
  "PPR": 7.053872053872054,
  "TPI": 0.46407535155213586,
  "OV_block_step": 9353459,
  "OV_frac": 0.8355831240681334,
  "GE2_frac": 0.3154682939771823,
  "peak_blocks": 2095,
  "peak_step": 19144,
  "gpu_blocks": 297,
  "total_steps": 37690,
  "type1_count": 55,
  "type2_count": 14,
  "plot_path": "traces/requests_types_16k/all_traces_arrival_rate_CV/SS06_SM02_SL13_MS06_MM04_ML06_LS51_LM09_LL05/lognormal_lambda2.0x_cv7/lognormal_lambda2.0x_cv7.png"
}