{
  "PPR": 3.8181818181818183,
  "TPI": 0.42961592670895,
  "OV_block_step": 590237,
  "OV_frac": 0.3635950906035473,
  "GE2_frac": 0.1567124735729387,
  "peak_blocks": 546,
  "peak_step": 8505,
  "gpu_blocks": 143,
  "total_steps": 11352,
  "type1_count": 67,
  "type2_count": 34,
  "plot_path": "traces/requests_types_8k/all_traces_arrival_rate_CV/SS18_SM08_SL17_MS21_MM06_ML10_LS10_LM03_LL07/lognormal_lambda4.0x_cv1/lognormal_lambda4.0x_cv1.png"
}