{
  "PPR": 4.453125,
  "TPI": 0.7747329874885566,
  "OV_block_step": 134270583,
  "OV_frac": 0.7621582818834736,
  "GE2_frac": 0.318139413226383,
  "peak_blocks": 6840,
  "peak_step": 80807,
  "gpu_blocks": 1536,
  "total_steps": 114695,
  "type1_count": 76,
  "type2_count": 35,
  "plot_path": "traces/requests_types_48k/all_traces_arrival_rate_CV/SS07_SM02_SL09_MS02_MM02_ML07_LS02_LM57_LL10/lognormal_lambda4.0x_cv1/lognormal_lambda4.0x_cv1.png"
}