{
  "PPR": 2.585912052117264,
  "TPI": 0.2803734257946553,
  "OV_block_step": 250398946,
  "OV_frac": 0.10065630712952846,
  "GE2_frac": 0.01096859290032896,
  "peak_blocks": 12702,
  "peak_step": 281729,
  "gpu_blocks": 4912,
  "total_steps": 506446,
  "type1_count": 98,
  "type2_count": 96,
  "plot_path": "traces/requests_types_128k_bs8/all_traces_arrival_rate_CV/SS00_SM00_SL00_MS00_MM00_ML00_LS00_LM00_LL100/lognormal_lambda2.0x_cv1/lognormal_lambda2.0x_cv1.png"
}