{
  "PPR": 2.2951096121416525,
  "TPI": 0.09378875069612029,
  "OV_block_step": 2670493,
  "OV_frac": 0.03343872936251816,
  "GE2_frac": 0.0029552626693892703,
  "peak_blocks": 1361,
  "peak_step": 48247,
  "gpu_blocks": 593,
  "total_steps": 134675,
  "type1_count": 32,
  "type2_count": 45,
  "plot_path": "traces/requests_types_32k/all_traces_arrival_rate_CV/SS05_SM02_SL22_MS01_MM07_ML11_LS31_LM03_LL19/lognormal_lambda1.0x_cv1/lognormal_lambda1.0x_cv1.png"
}