{
  "PPR": 1.854028697571744,
  "TPI": 0.2637502164252323,
  "OV_block_step": 31772959,
  "OV_frac": 0.05622165017021913,
  "GE2_frac": 0.0,
  "peak_blocks": 6719,
  "peak_step": 35608,
  "gpu_blocks": 3624,
  "total_steps": 155943,
  "type1_count": 95,
  "type2_count": 51,
  "plot_path": "traces/requests_types_128k_bs8/all_traces_arrival_rate_CV/SS19_SM26_SL11_MS14_MM09_ML02_LS10_LM01_LL08/lognormal_lambda4.0x_cv1/lognormal_lambda4.0x_cv1.png"
}