{
  "PPR": 4.357036300348086,
  "TPI": 0.691573159708299,
  "OV_block_step": 249603180,
  "OV_frac": 0.843560327129203,
  "GE2_frac": 0.38424053773014266,
  "peak_blocks": 8762,
  "peak_step": 77453,
  "gpu_blocks": 2011,
  "total_steps": 147137,
  "type1_count": 52,
  "type2_count": 41,
  "plot_path": "traces/requests_types_64k/all_traces_arrival_rate_CV/SS08_SM22_SL00_MS03_MM03_ML08_LS25_LM08_LL23/lognormal_lambda4.0x_cv1/lognormal_lambda4.0x_cv1.png"
}