{
  "PPR": 4.956521739130435,
  "TPI": 0.43268517144129437,
  "OV_block_step": 253571,
  "OV_frac": 0.2727432112947534,
  "GE2_frac": 0.08579486418287072,
  "peak_blocks": 684,
  "peak_step": 899,
  "gpu_blocks": 138,
  "total_steps": 6737,
  "type1_count": 43,
  "type2_count": 27,
  "plot_path": "traces/requests_types_8k/all_traces_arrival_rate_CV/SS18_SM04_SL04_MS07_MM51_ML04_LS07_LM02_LL03/lognormal_lambda4.0x_cv4/lognormal_lambda4.0x_cv4.png"
}