{
  "PPR": 5.9147727272727275,
  "TPI": 0.5958866936860442,
  "OV_block_step": 108640575,
  "OV_frac": 0.6754216974043253,
  "GE2_frac": 0.2581692766918478,
  "peak_blocks": 4164,
  "peak_step": 64323,
  "gpu_blocks": 704,
  "total_steps": 228478,
  "type1_count": 168,
  "type2_count": 78,
  "plot_path": "traces/request_types/all_traces/SS24_SL23_LS23_LL28/bim50/bim50_hi_ov81.png"
}