{
  "PPR": 3.253125,
  "TPI": 0.2904480956591007,
  "OV_block_step": 54068027,
  "OV_frac": 0.18487839570440043,
  "GE2_frac": 0.05423716944300983,
  "peak_blocks": 4164,
  "peak_step": 64323,
  "gpu_blocks": 1280,
  "total_steps": 228478,
  "type1_count": 103,
  "type2_count": 61,
  "plot_path": "traces/request_types/all_traces/SS24_SL23_LS23_LL28/bim50/bim50_ml_ov23.png"
}