{
  "PPR": 7.125,
  "TPI": 0.42971887550200805,
  "OV_block_step": 126003,
  "OV_frac": 0.6201423340420505,
  "GE2_frac": 0.2463186077643909,
  "peak_blocks": 969,
  "peak_step": 1414,
  "gpu_blocks": 136,
  "total_steps": 1494,
  "type1_count": 19,
  "type2_count": 25,
  "plot_path": "traces/requests_types_8k/all_traces_arrival_rate_CV/SS00_SM00_SL00_MS00_MM00_ML00_LS00_LM99_LL01/lognormal_lambda1.0x_cv6/lognormal_lambda1.0x_cv6.png"
}