{
  "PPR": 3.3517241379310345,
  "TPI": 0.4344035285670325,
  "OV_block_step": 877980,
  "OV_frac": 0.3105464397763166,
  "GE2_frac": 0.11960201046261155,
  "peak_blocks": 486,
  "peak_step": 3171,
  "gpu_blocks": 145,
  "total_steps": 19498,
  "type1_count": 103,
  "type2_count": 47,
  "plot_path": "traces/requests_types_8k/all_traces_arrival_rate_CV/SS05_SM02_SL22_MS01_MM07_ML11_LS31_LM03_LL19/lognormal_lambda2.0x_cv2/lognormal_lambda2.0x_cv2.png"
}