{
  "PPR": 3.131868131868132,
  "TPI": 0.06872678923478978,
  "OV_block_step": 143689,
  "OV_frac": 0.024131554414439198,
  "GE2_frac": 0.006556324790243455,
  "peak_blocks": 855,
  "peak_step": 20573,
  "gpu_blocks": 273,
  "total_steps": 21811,
  "type1_count": 23,
  "type2_count": 32,
  "plot_path": "traces/requests_types_16k/all_traces_arrival_rate_CV/SS06_SM27_SL20_MS09_MM11_ML01_LS04_LM12_LL10/lognormal_lambda1.5x_cv4/lognormal_lambda1.5x_cv4.png"
}