{
  "PPR": 4.480427046263345,
  "TPI": 0.606439438613044,
  "OV_block_step": 1148714,
  "OV_frac": 0.482126450989025,
  "GE2_frac": 0.1879938672013209,
  "peak_blocks": 1259,
  "peak_step": 2447,
  "gpu_blocks": 281,
  "total_steps": 8479,
  "type1_count": 44,
  "type2_count": 32,
  "plot_path": "traces/requests_types_16k/all_traces_arrival_rate_CV/SS00_SM06_SL06_MS06_MM39_ML00_LS06_LM18_LL19/lognormal_lambda4.0x_cv2/lognormal_lambda4.0x_cv2.png"
}