{
  "PPR": 4.341240875912408,
  "TPI": 0.43563480020232676,
  "OV_block_step": 4645323,
  "OV_frac": 0.3573118693441733,
  "GE2_frac": 0.1364862586410386,
  "peak_blocks": 2379,
  "peak_step": 13014,
  "gpu_blocks": 548,
  "total_steps": 23724,
  "type1_count": 56,
  "type2_count": 46,
  "plot_path": "traces/requests_types_32k/all_traces_arrival_rate_CV/SS03_SM35_SL00_MS13_MM01_ML28_LS01_LM18_LL02/lognormal_lambda3.5x_cv1/lognormal_lambda3.5x_cv1.png"
}