{
  "PPR": 4.965034965034965,
  "TPI": 0.6105789849892781,
  "OV_block_step": 1005653,
  "OV_frac": 1.0053664705558916,
  "GE2_frac": 0.4298784846318799,
  "peak_blocks": 710,
  "peak_step": 5936,
  "gpu_blocks": 143,
  "total_steps": 6995,
  "type1_count": 47,
  "type2_count": 24,
  "plot_path": "traces/requests_types_8k/all_traces_arrival_rate_CV/SS18_SM08_SL17_MS21_MM06_ML10_LS10_LM03_LL07/lognormal_lambda3.5x_cv5/lognormal_lambda3.5x_cv5.png"
}