{
  "PPR": 3.7822736030828517,
  "TPI": 0.6159882543539895,
  "OV_block_step": 6453059,
  "OV_frac": 0.6294876312127803,
  "GE2_frac": 0.3173349534224382,
  "peak_blocks": 1963,
  "peak_step": 10701,
  "gpu_blocks": 519,
  "total_steps": 19752,
  "type1_count": 30,
  "type2_count": 6,
  "plot_path": "traces/requests_types_32k/all_traces_arrival_rate_CV/SS06_SM27_SL20_MS09_MM11_ML01_LS04_LM12_LL10/lognormal_lambda4.0x_cv7/lognormal_lambda4.0x_cv7.png"
}