{
  "PPR": 4.174181818181818,
  "TPI": 0.7067171539134878,
  "OV_block_step": 574871026,
  "OV_frac": 0.8279856042212255,
  "GE2_frac": 0.33249099903752083,
  "peak_blocks": 11479,
  "peak_step": 212717,
  "gpu_blocks": 2750,
  "total_steps": 252473,
  "type1_count": 69,
  "type2_count": 19,
  "plot_path": "traces/sy_requests/all_traces_arrival_rate_CV/SS06_SM27_SL20_MS09_MM11_ML01_LS04_LM12_LL10/lognormal_lambda3.5x_cv1/lognormal_lambda3.5x_cv1.png"
}