{
  "batch_size": 4,
  "max_model_len": 32384,
  "num_gpu_blocks_override": 1756,
  "arrival_pattern": "PoissonBurstyArrivalPattern(lb=1,lg=4571)",
  "vocab": [200, 30000],
  "requests": {
    "request_0": {"category": "LS_I6544-9824_O816-1216", "input_length": 7284, "output_length": 870, "arrival_time": 0, "sched_time": 0, "wait_time": 0, "slo": 0.05768782719733891},
    "request_1": {"category": "LS_I3264-4912_O1632-2448", "input_length": 4003, "output_length": 1871, "arrival_time": 0, "sched_time": 0, "wait_time": 0, "slo": 0.05540385273994697},
    "request_2": {"category": "SS_I192-304_O400-608", "input_length": 251, "output_length": 546, "arrival_time": 0, "sched_time": 0, "wait_time": 0, "slo": 0.050318002599517624},
    "request_3": {"category": "LL_I6544-9824_O13104-19648", "input_length": 8270, "output_length": 17023, "arrival_time": 0, "sched_time": 0, "wait_time": 0, "slo": 0.07485670361191811},
    "request_4": {"category": "SL_I1632-2448_O3264-4912", "input_length": 1947, "output_length": 4573, "arrival_time": 17025, "sched_time": 17025, "wait_time": 0, "slo": 0.05605097883620802},
    "request_5": {"category": "SS_I400-608_O1632-2448", "input_length": 600, "output_length": 1870, "arrival_time": 21600, "sched_time": 21600, "wait_time": 0, "slo": 0.051993918944788116},
    "request_6": {"category": "LL_I6544-9824_O3264-4912", "input_length": 8530, "output_length": 4633, "arrival_time": 21600, "sched_time": 21600, "wait_time": 0, "slo": 0.06270555880131973},
    "request_7": {"category": "LL_I13104-19648_O3264-4912", "input_length": 16914, "output_length": 4438, "arrival_time": 21600, "sched_time": 21600, "wait_time": 0, "slo": 0.07090883372745246},
    "request_8": {"category": "SS_I192-304_O1632-2448", "input_length": 283, "output_length": 2381, "arrival_time": 26235, "sched_time": 26235, "wait_time": 0, "slo": 0.052188257122303044},
    "request_9": {"category": "SL_I1632-2448_O13104-19648", "input_length": 1951, "output_length": 18284, "arrival_time": 28618, "sched_time": 28618, "wait_time": 0, "slo": 0.06978988659196703},
    "request_10": {"category": "SS_I816-1216_O400-608", "input_length": 1049, "output_length": 500, "arrival_time": 35183, "sched_time": 35183, "wait_time": 0, "slo": 0.051071313473183735},
    "request_11": {"category": "SS_I192-304_O1632-2448", "input_length": 212, "output_length": 2343, "arrival_time": 35184, "sched_time": 35184, "wait_time": 0, "slo": 0.05207906711534878},
    "request_12": {"category": "LS_I3264-4912_O192-304", "input_length": 3685, "output_length": 281, "arrival_time": 37529, "sched_time": 37529, "wait_time": 0, "slo": 0.05349252674665581},
    "request_13": {"category": "SL_I816-1216_O6544-9824", "input_length": 1105, "output_length": 6969, "arrival_time": 37812, "sched_time": 37812, "wait_time": 0, "slo": 0.057607687742693585},
    "request_14": {"category": "SL_I1632-2448_O6544-9824", "input_length": 2154, "output_length": 7986, "arrival_time": 43573, "sched_time": 43573, "wait_time": 0, "slo": 0.05967728915890927},
    "request_15": {"category": "LS_I13104-19648_O192-304", "input_length": 13512, "output_length": 242, "arrival_time": 48082, "sched_time": 48082, "wait_time": 0, "slo": 0.06329758902251212},
    "request_16": {"category": "LL_I6544-9824_O13104-19648", "input_length": 9301, "output_length": 16902, "arrival_time": 48083, "sched_time": 48083, "wait_time": 0, "slo": 0.07576828990850876},
    "request_17": {"category": "LS_I6544-9824_O1632-2448", "input_length": 9219, "output_length": 2166, "arrival_time": 52025, "sched_time": 52025, "wait_time": 0, "slo": 0.06092445942182724},
    "request_18": {"category": "SL_I192-304_O6544-9824", "input_length": 193, "output_length": 6735, "arrival_time": 54193, "sched_time": 54193, "wait_time": 0, "slo": 0.05645969005489921},
    "request_19": {"category": "LL_I3264-4912_O6544-9824", "input_length": 3896, "output_length": 6916, "arrival_time": 54193, "sched_time": 54193, "wait_time": 0, "slo": 0.06035046057793005},
    "request_20": {"category": "SS_I816-1216_O400-608", "input_length": 1097, "output_length": 490, "arrival_time": 59937, "sched_time": 59937, "wait_time": 0, "slo": 0.05110937971414027},
    "request_21": {"category": "LL_I3264-4912_O13104-19648", "input_length": 4669, "output_length": 17963, "arrival_time": 59938, "sched_time": 60428, "wait_time": 490, "slo": 0.07219106500177777},
    "request_22": {"category": "LS_I13104-19648_O1632-2448", "input_length": 16986, "output_length": 1834, "arrival_time": 64021, "sched_time": 64986, "wait_time": 965, "slo": 0.06837241998792773},
    "request_23": {"category": "SS_I192-304_O816-1216", "input_length": 245, "output_length": 1033, "arrival_time": 65857, "sched_time": 65857, "wait_time": 0, "slo": 0.05079984107057268},
    "request_24": {"category": "SL_I1632-2448_O13104-19648", "input_length": 2137, "output_length": 16712, "arrival_time": 66892, "sched_time": 66892, "wait_time": 0, "slo": 0.06840147054023667},
    "request_25": {"category": "LS_I13104-19648_O816-1216", "input_length": 14258, "output_length": 1160, "arrival_time": 83606, "sched_time": 83606, "wait_time": 0, "slo": 0.06496448967913501},
    "request_26": {"category": "LL_I6544-9824_O3264-4912", "input_length": 9614, "output_length": 3382, "arrival_time": 84768, "sched_time": 84768, "wait_time": 0, "slo": 0.0625382676897476},
    "request_27": {"category": "SL_I1632-2448_O13104-19648", "input_length": 2286, "output_length": 14653, "arrival_time": 88152, "sched_time": 88152, "wait_time": 0, "slo": 0.06648814106057938},
    "request_28": {"category": "LS_I3264-4912_O400-608", "input_length": 4202, "output_length": 405, "arrival_time": 102807, "sched_time": 102807, "wait_time": 0, "slo": 0.05413464412700153},
    "request_29": {"category": "LL_I3264-4912_O3264-4912", "input_length": 3620, "output_length": 4161, "arrival_time": 103214, "sched_time": 103214, "wait_time": 0, "slo": 0.05731417699005506},
    "request_30": {"category": "SL_I1632-2448_O3264-4912", "input_length": 2446, "output_length": 3882, "arrival_time": 107377, "sched_time": 107377, "wait_time": 0, "slo": 0.05585864414505923},
    "request_31": {"category": "SL_I1632-2448_O3264-4912", "input_length": 2322, "output_length": 4056, "arrival_time": 111261, "sched_time": 111261, "wait_time": 0, "slo": 0.055908731304212554},
    "request_32": {"category": "LS_I6544-9824_O400-608", "input_length": 7361, "output_length": 409, "arrival_time": 115319, "sched_time": 115319, "wait_time": 0, "slo": 0.057303157815041326},
    "request_33": {"category": "LS_I13104-19648_O816-1216", "input_length": 16578, "output_length": 1138, "arrival_time": 115730, "sched_time": 115730, "wait_time": 0, "slo": 0.06726649551382216},
    "request_34": {"category": "SS_I192-304_O192-304", "input_length": 248, "output_length": 230, "arrival_time": 115730, "sched_time": 115730, "wait_time": 0, "slo": 0.04999844652411936},
    "request_35": {"category": "SS_I1632-2448_O1632-2448", "input_length": 2058, "output_length": 2404, "arrival_time": 116870, "sched_time": 116870, "wait_time": 0, "slo": 0.05398939136545687},
    "request_36": {"category": "SS_I1632-2448_O1632-2448", "input_length": 2017, "output_length": 2267, "arrival_time": 116870, "sched_time": 116870, "wait_time": 0, "slo": 0.053811081078871004},
    "request_37": {"category": "LL_I6544-9824_O13104-19648", "input_length": 9246, "output_length": 18845, "arrival_time": 119276, "sched_time": 119276, "wait_time": 0, "slo": 0.07765958103813858},
    "request_38": {"category": "SL_I1632-2448_O13104-19648", "input_length": 1950, "output_length": 16181, "arrival_time": 138123, "sched_time": 138123, "wait_time": 0, "slo": 0.06768221893479481},
    "request_39": {"category": "LS_I3264-4912_O1632-2448", "input_length": 3862, "output_length": 2147, "arrival_time": 154306, "sched_time": 154306, "wait_time": 0, "slo": 0.055539088069660965},
    "request_40": {"category": "LS_I3264-4912_O192-304", "input_length": 4062, "output_length": 287,