{
  "PPR": 2.733974358974359,
  "TPI": 0.3466817697228145,
  "OV_block_step": 1809863,
  "OV_frac": 0.1932583604983325,
  "GE2_frac": 0.04630863539445629,
  "peak_blocks": 853,
  "peak_step": 24857,
  "gpu_blocks": 312,
  "total_steps": 30016,
  "type1_count": 78,
  "type2_count": 57,
  "plot_path": "traces/requests_types_16k/all_traces_arrival_rate_CV/SS08_SM22_SL00_MS03_MM03_ML08_LS25_LM08_LL23/lognormal_lambda2.5x_cv2/lognormal_lambda2.5x_cv2.png"
}