{
  "PPR": 5.291736930860034,
  "TPI": 0.19627032990497884,
  "OV_block_step": 4963087,
  "OV_frac": 0.29785598462482715,
  "GE2_frac": 0.08822378020570128,
  "peak_blocks": 3138,
  "peak_step": 17641,
  "gpu_blocks": 593,
  "total_steps": 28099,
  "type1_count": 16,
  "type2_count": 22,
  "plot_path": "traces/requests_types_32k/all_traces_arrival_rate_CV/SS07_SM02_SL09_MS02_MM02_ML07_LS02_LM57_LL10/lognormal_lambda2.5x_cv4/lognormal_lambda2.5x_cv4.png"
}