{
  "PPR": 6.256410256410256,
  "TPI": 0.6298104722132991,
  "OV_block_step": 3932132,
  "OV_frac": 0.8097004291350581,
  "GE2_frac": 0.3104400899453903,
  "peak_blocks": 1952,
  "peak_step": 4555,
  "gpu_blocks": 312,
  "total_steps": 15565,
  "type1_count": 44,
  "type2_count": 16,
  "plot_path": "traces/requests_types_16k/all_traces_arrival_rate_CV/SS08_SM22_SL00_MS03_MM03_ML08_LS25_LM08_LL23/lognormal_lambda5.0x_cv5/lognormal_lambda5.0x_cv5.png"
}