{
  "PPR": 4.337837837837838,
  "TPI": 0.29739266810429327,
  "OV_block_step": 431951,
  "OV_frac": 0.2860799684216661,
  "GE2_frac": 0.1240933150362674,
  "peak_blocks": 642,
  "peak_step": 8609,
  "gpu_blocks": 148,
  "total_steps": 10202,
  "type1_count": 30,
  "type2_count": 18,
  "plot_path": "traces/requests_types_8k/all_traces_arrival_rate_CV/SS15_SM02_SL11_MS22_MM03_ML32_LS00_LM00_LL14/lognormal_lambda4.0x_cv7/lognormal_lambda4.0x_cv7.png"
}