{
  "PPR": 4.527629233511586,
  "TPI": 0.475033703204397,
  "OV_block_step": 9221064,
  "OV_frac": 0.4261338334698468,
  "GE2_frac": 0.15889764596080058,
  "peak_blocks": 2540,
  "peak_step": 35581,
  "gpu_blocks": 561,
  "total_steps": 38572,
  "type1_count": 64,
  "type2_count": 20,
  "plot_path": "traces/requests_types_32k/all_traces_arrival_rate_CV/SS11_SM11_SL11_MS11_MM11_ML11_LS11_LM11_LL11/lognormal_lambda2.5x_cv4/lognormal_lambda2.5x_cv4.png"
}