{
  "PPR": 5.442028985507246,
  "TPI": 0.5038495380554333,
  "OV_block_step": 3705415,
  "OV_frac": 0.7383093195483209,
  "GE2_frac": 0.28019137703475583,
  "peak_blocks": 1502,
  "peak_step": 10334,
  "gpu_blocks": 276,
  "total_steps": 18184,
  "type1_count": 50,
  "type2_count": 25,
  "plot_path": "traces/requests_types_16k/all_traces_arrival_rate_CV/SS15_SM02_SL11_MS22_MM03_ML32_LS00_LM00_LL14/lognormal_lambda2.0x_cv7/lognormal_lambda2.0x_cv7.png"
}