{
  "PPR": 5.028077753779698,
  "TPI": 0.7588064014711999,
  "OV_block_step": 279980065,
  "OV_frac": 1.4709775250731654,
  "GE2_frac": 0.47525012588392407,
  "peak_blocks": 20952,
  "peak_step": 24603,
  "gpu_blocks": 4167,
  "total_steps": 45677,
  "type1_count": 31,
  "type2_count": 10,
  "plot_path": "traces/SS00_SL25_LS00_LL75/tsa05/tsa05_sv_ov1p5.png"
}