{
  "PPR": 2.3884424033677765,
  "TPI": 0.5255980427691193,
  "OV_block_step": 161810109,
  "OV_frac": 0.35069903127807583,
  "GE2_frac": 0.08030536426241391,
  "peak_blocks": 24964,
  "peak_step": 21396,
  "gpu_blocks": 10452,
  "total_steps": 44144,
  "type1_count": 62,
  "type2_count": 10,
  "plot_path": "traces/request_types/SS03_SL00_LS04_LL91/tsa05/tsa05_md_ov35.png"
}