{
  "PPR": 3.689655172413793,
  "TPI": 0.20491228070175438,
  "OV_block_step": 818134,
  "OV_frac": 0.14664856265824203,
  "GE2_frac": 0.05315139701104613,
  "peak_blocks": 535,
  "peak_step": 24142,
  "gpu_blocks": 145,
  "total_steps": 38475,
  "type1_count": 89,
  "type2_count": 43,
  "plot_path": "traces/requests_types_8k/all_traces_arrival_rate_CV/SS05_SM02_SL22_MS01_MM07_ML11_LS31_LM03_LL19/lognormal_lambda1.5x_cv3/lognormal_lambda1.5x_cv3.png"
}