{
  "PPR": 2.4547232544494424,
  "TPI": 0.19181613145741597,
  "OV_block_step": 9809543,
  "OV_frac": 0.10302595768034221,
  "GE2_frac": 0.02926645902695736,
  "peak_blocks": 12551,
  "peak_step": 2395,
  "gpu_blocks": 5113,
  "total_steps": 18622,
  "type1_count": 29,
  "type2_count": 8,
  "plot_path": "traces/SS41_SL16_LS41_LL00/bim05/bim05_lo_ov10.png"
}