{
  "PPR": 4.648809523809524,
  "TPI": 0.1489562013917315,
  "OV_block_step": 1649440,
  "OV_frac": 0.2009434146151297,
  "GE2_frac": 0.08155955792058944,
  "peak_blocks": 781,
  "peak_step": 955,
  "gpu_blocks": 168,
  "total_steps": 48860,
  "type1_count": 37,
  "type2_count": 28,
  "plot_path": "traces/requests_types_8k/all_traces_arrival_rate_CV/SS00_SM00_SL00_MS00_MM00_ML00_LS33_LM33_LL34/lognormal_lambda2.0x_cv6/lognormal_lambda2.0x_cv6.png"
}