{
  "PPR": 4.00355871886121,
  "TPI": 0.6107792946530148,
  "OV_block_step": 1368750,
  "OV_frac": 0.6926900513767262,
  "GE2_frac": 0.37627986348122866,
  "peak_blocks": 1125,
  "peak_step": 2223,
  "gpu_blocks": 281,
  "total_steps": 7032,
  "type1_count": 39,
  "type2_count": 28,
  "plot_path": "traces/requests_types_16k/all_traces_arrival_rate_CV/SS00_SM06_SL06_MS06_MM39_ML00_LS06_LM18_LL19/lognormal_lambda3.5x_cv5/lognormal_lambda3.5x_cv5.png"
}