{
  "PPR": 1.8700657894736843,
  "TPI": 0.15424357973594505,
  "OV_block_step": 4430102,
  "OV_frac": 0.04091869990668904,
  "GE2_frac": 0.0,
  "peak_blocks": 1137,
  "peak_step": 19409,
  "gpu_blocks": 608,
  "total_steps": 178069,
  "type1_count": 90,
  "type2_count": 61,
  "plot_path": "traces/requests_types_32k/all_traces_arrival_rate_CV/SS10_SM00_SL12_MS50_MM04_ML04_LS04_LM08_LL09/lognormal_lambda1.2x_cv1/lognormal_lambda1.2x_cv1.png"
}