{
  "PPR": 5.097913322632424,
  "TPI": 0.5691333826033868,
  "OV_block_step": 13765408,
  "OV_frac": 0.7099822610271316,
  "GE2_frac": 0.32486102631663505,
  "peak_blocks": 3176,
  "peak_step": 9397,
  "gpu_blocks": 623,
  "total_steps": 31121,
  "type1_count": 25,
  "type2_count": 18,
  "plot_path": "traces/requests_types_32k/all_traces_arrival_rate_CV/SS11_SM02_SL03_MS00_MM36_ML08_LS16_LM20_LL04/lognormal_lambda4.0x_cv5/lognormal_lambda4.0x_cv5.png"
}