{
  "PPR": 1.3879981676591846,
  "TPI": 0.3138060473502202,
  "OV_block_step": 13458587,
  "OV_frac": 0.04555596288682579,
  "GE2_frac": 0.0,
  "peak_blocks": 12120,
  "peak_step": 16017,
  "gpu_blocks": 8732,
  "total_steps": 33833,
  "type1_count": 47,
  "type2_count": 35,
  "plot_path": "traces/SS25_SL25_LS25_LL25/tsa05/tsa05_sk_ov5.png"
}