{
  "batch_size": 4,
  "max_model_len": 32384,
  "num_gpu_blocks_override": 1774,
  "arrival_pattern": "PoissonBurstyArrivalPattern(lb=1,lg=3368)",
  "vocab": [200, 30000],
  "requests": {
    "request_0": {"category": "SS_I816-1216_O192-304", "input_length": 1125, "output_length": 198, "arrival_time": 0, "sched_time": 0, "wait_time": 0, "slo": 0.05084491951381068},
    "request_1": {"category": "SS_I816-1216_O400-608", "input_length": 1209, "output_length": 546, "arrival_time": 0, "sched_time": 0, "wait_time": 0, "slo": 0.05127767256889546},
    "request_2": {"category": "SS_I816-1216_O816-1216", "input_length": 1084, "output_length": 1146, "arrival_time": 0, "sched_time": 0, "wait_time": 0, "slo": 0.05175350058085212},
    "request_3": {"category": "LL_I6544-9824_O13104-19648", "input_length": 6777, "output_length": 17627, "arrival_time": 0, "sched_time": 0, "wait_time": 0, "slo": 0.07396615392217187},
    "request_4": {"category": "LS_I13104-19648_O1632-2448", "input_length": 15717, "output_length": 2277, "arrival_time": 17629, "sched_time": 17629, "wait_time": 0, "slo": 0.06754498011871468},
    "request_5": {"category": "SS_I1632-2448_O1632-2448", "input_length": 1884, "output_length": 1785, "arrival_time": 19908, "sched_time": 19908, "wait_time": 0, "slo": 0.05319500902128502},
    "request_6": {"category": "LL_I3264-4912_O6544-9824", "input_length": 3631, "output_length": 9643, "arrival_time": 21695, "sched_time": 21695, "wait_time": 0, "slo": 0.06281675229464012},
    "request_7": {"category": "SS_I400-608_O400-608", "input_length": 442, "output_length": 589, "arrival_time": 31340, "sched_time": 31340, "wait_time": 0, "slo": 0.050552410504355216},
    "request_8": {"category": "SS_I192-304_O400-608", "input_length": 220, "output_length": 514, "arrival_time": 31931, "sched_time": 31931, "wait_time": 0, "slo": 0.05025489277898442},
    "request_9": {"category": "SS_I816-1216_O192-304", "input_length": 1216, "output_length": 294, "arrival_time": 31931, "sched_time": 31931, "wait_time": 0, "slo": 0.051032245489044135},
    "request_10": {"category": "SS_I1632-2448_O400-608", "input_length": 2267, "output_length": 536, "arrival_time": 32447, "sched_time": 32447, "wait_time": 0, "slo": 0.052327499424749305},
    "request_11": {"category": "SS_I816-1216_O400-608", "input_length": 917, "output_length": 571, "arrival_time": 32985, "sched_time": 32985, "wait_time": 0, "slo": 0.05101020713901667},
    "request_12": {"category": "SS_I400-608_O816-1216", "input_length": 569, "output_length": 867, "arrival_time": 33558, "sched_time": 33558, "wait_time": 0, "slo": 0.050958116493497206},
    "request_13": {"category": "SS_I192-304_O1632-2448", "input_length": 294, "output_length": 1933, "arrival_time": 34427, "sched_time": 34427, "wait_time": 0, "slo": 0.05175049535130292},
    "request_14": {"category": "LL_I6544-9824_O13104-19648", "input_length": 9011, "output_length": 19371, "arrival_time": 36362, "sched_time": 36362, "wait_time": 0, "slo": 0.07795108830441097},
    "request_15": {"category": "SS_I816-1216_O400-608", "input_length": 1052, "output_length": 425, "arrival_time": 55735, "sched_time": 55735, "wait_time": 0, "slo": 0.05099918796400294},
    "request_16": {"category": "LL_I6544-9824_O6544-9824", "input_length": 7504, "output_length": 7890, "arrival_time": 56162, "sched_time": 56162, "wait_time": 0, "slo": 0.06494044784274142},
    "request_17": {"category": "SL_I192-304_O3264-4912", "input_length": 297, "output_length": 3340, "arrival_time": 56162, "sched_time": 56162, "wait_time": 0, "slo": 0.05316295323942689},
    "request_18": {"category": "LS_I13104-19648_O400-608", "input_length": 19047, "output_length": 535, "arrival_time": 64054, "sched_time": 64054, "wait_time": 0, "slo": 0.06913574829342452},
    "request_19": {"category": "SS_I816-1216_O1632-2448", "input_length": 840, "output_length": 1989, "arrival_time": 64054, "sched_time": 64054, "wait_time": 0, "slo": 0.05235354474750904},
    "request_20": {"category": "LL_I6544-9824_O3264-4912", "input_length": 7693, "output_length": 4068, "arrival_time": 66045, "sched_time": 66045, "wait_time": 0, "slo": 0.0613011148586603},
    "request_21": {"category": "SS_I400-608_O816-1216", "input_length": 509, "output_length": 1029, "arrival_time": 70115, "sched_time": 70115, "wait_time": 0, "slo": 0.05106029429817},
    "request_22": {"category": "SL_I400-608_O6544-9824", "input_length": 435, "output_length": 6593, "arrival_time": 71146, "sched_time": 71146, "wait_time": 0, "slo": 0.05655986437320588},
    "request_23": {"category": "SL_I400-608_O6544-9824", "input_length": 590, "output_length": 9248, "arrival_time": 77741, "sched_time": 77741, "wait_time": 0, "slo": 0.05937476271762314},
    "request_24": {"category": "SS_I816-1216_O400-608", "input_length": 975, "output_length": 433, "arrival_time": 77741, "sched_time": 77741, "wait_time": 0, "slo": 0.05093006768437134},
    "request_25": {"category": "SL_I816-1216_O3264-4912", "input_length": 865, "output_length": 4054, "arrival_time": 86991, "sched_time": 86991, "wait_time": 0, "slo": 0.05444718800011832},
    "request_26": {"category": "LL_I3264-4912_O3264-4912", "input_length": 3290, "output_length": 4342, "arrival_time": 91047, "sched_time": 91047, "wait_time": 0, "slo": 0.05716491725577813},
    "request_27": {"category": "LS_I13104-19648_O192-304", "input_length": 17437, "output_length": 208, "arrival_time": 95391, "sched_time": 95391, "wait_time": 0, "slo": 0.06719537174782442},
    "request_28": {"category": "LL_I6544-9824_O6544-9824", "input_length": 8668, "output_length": 7144, "arrival_time": 95601, "sched_time": 95601, "wait_time": 0, "slo": 0.06535917649326327},
    "request_29": {"category": "LL_I3264-4912_O3264-4912", "input_length": 4660, "output_length": 4904, "arrival_time": 102747, "sched_time": 102747, "wait_time": 0, "slo": 0.05910028508546288},
    "request_30": {"category": "LS_I13104-19648_O192-304", "input_length": 14601, "output_length": 221, "arrival_time": 102747, "sched_time": 102747, "wait_time": 0, "slo": 0.0643674507420273},
    "request_31": {"category": "SS_I400-608_O400-608", "input_length": 572, "output_length": 599, "arrival_time": 107653, "sched_time": 107653, "wait_time": 0, "slo": 0.05069265454998455},
    "request_32": {"category": "SL_I192-304_O13104-19648", "input_length": 284, "output_length": 15313, "arrival_time": 107653, "sched_time": 107653, "wait_time": 0, "slo": 0.06514380170890394},
    "request_33": {"category": "SL_I400-608_O6544-9824", "input_length": 600, "output_length": 7490, "arrival_time": 122968, "sched_time": 122968, "wait_time": 0, "slo": 0.057623715633622646},
    "request_34": {"category": "LS_I13104-19648_O192-304", "input_length": 13171, "output_length": 204, "arrival_time": 130460, "sched_time": 130460, "wait_time": 0, "slo": 0.06291792835612986},
    "request_35": {"category": "LL_I6544-9824_O13104-19648", "input_length": 8378, "output_length": 16745, "arrival_time": 130666, "sched_time": 130666, "wait_time": 0, "slo": 0.07468640727079678},
    "request_36": {"category": "LS_I13104-19648_O400-608", "input_length": 17921, "output_length": 515, "arrival_time": 146022, "sched_time": 146022, "wait_time": 0, "slo": 0.06798775060563014},
    "request_37": {"category": "SS_I1632-2448_O192-304", "input_length": 1812, "output_length": 288, "arrival_time": 146539, "sched_time": 146539, "wait_time": 0, "slo": 0.051623273967053455},
    "request_38": {"category": "SS_I400-608_O816-1216", "input_length": 489, "output_length": 1204, "arrival_time": 146539, "sched_time": 146539, "wait_time": 0, "slo": 0.05121556449154533},
    "request_39": {"category": "SS_I816-1216_O192-304", "input_length": 1078, "output_length": 269, "arrival_time": 146539, "sched_time": 146539, "wait_time": 0, "slo": 0.05086896135020427},
    "request_40": {"category": "SS_I400-608_O400-608", "input_length": 464, "output_length": 428, "arrival_time": 146539, "sched_time": 146809, "wait_time": 270,