{
  "PPR": 3.1923076923076925,
  "TPI": 0.09752553716097218,
  "OV_block_step": 271684,
  "OV_frac": 0.092016419649389,
  "GE2_frac": 0.04336914406481155,
  "peak_blocks": 415,
  "peak_step": 16464,
  "gpu_blocks": 130,
  "total_steps": 22712,
  "type1_count": 20,
  "type2_count": 16,
  "plot_path": "traces/requests_types_8k/all_traces_arrival_rate_CV/SS03_SM35_SL00_MS13_MM01_ML28_LS01_LM18_LL02/lognormal_lambda1.0x_cv5/lognormal_lambda1.0x_cv5.png"
}