{
  "PPR": 2.8506944444444446,
  "TPI": 0.23338918142651988,
  "OV_block_step": 1461457,
  "OV_frac": 0.12145771833945003,
  "GE2_frac": 0.03291048348492102,
  "peak_blocks": 821,
  "peak_step": 19294,
  "gpu_blocks": 288,
  "total_steps": 41780,
  "type1_count": 82,
  "type2_count": 41,
  "plot_path": "traces/requests_types_16k/all_traces_arrival_rate_CV/SS09_SM11_SL08_MS09_MM08_ML09_LS18_LM23_LL05/lognormal_lambda1.5x_cv2/lognormal_lambda1.5x_cv2.png"
}