{
  "PPR": 1.8499408633944412,
  "TPI": 0.5964562920051594,
  "OV_block_step": 72173274,
  "OV_frac": 0.24145654298545796,
  "GE2_frac": 0.0,
  "peak_blocks": 12513,
  "peak_step": 19434,
  "gpu_blocks": 6764,
  "total_steps": 44191,
  "type1_count": 72,
  "type2_count": 18,
  "plot_path": "traces/SS10_SL16_LS51_LL22/tsa05/tsa05_md_ov24.png"
}