{
  "PPR": 2.843980343980344,
  "TPI": 0.2693415134870862,
  "OV_block_step": 160290719,
  "OV_frac": 0.14199701696159295,
  "GE2_frac": 0.04076520204128872,
  "peak_blocks": 6945,
  "peak_step": 226435,
  "gpu_blocks": 2442,
  "total_steps": 462257,
  "type1_count": 101,
  "type2_count": 54,
  "plot_path": "traces/requests_types_128k/all_traces_arrival_rate_CV/SS05_SM22_SL01_MS13_MM01_ML37_LS03_LM03_LL15/lognormal_lambda1.5x_cv1/lognormal_lambda1.5x_cv1.png"
}