{
  "PPR": 4.008802816901408,
  "TPI": 0.7092498661840797,
  "OV_block_step": 11344386,
  "OV_frac": 0.5090742630790478,
  "GE2_frac": 0.16287309153008947,
  "peak_blocks": 2277,
  "peak_step": 14453,
  "gpu_blocks": 568,
  "total_steps": 39233,
  "type1_count": 72,
  "type2_count": 39,
  "plot_path": "traces/requests_types_32k/all_traces_arrival_rate_CV/SS08_SM22_SL00_MS03_MM03_ML08_LS25_LM08_LL23/lognormal_lambda3.5x_cv1/lognormal_lambda3.5x_cv1.png"
}