{
  "PPR": 1.276939250581963,
  "TPI": 0.43572838177251527,
  "OV_block_step": 14943482,
  "OV_frac": 0.050329017147189375,
  "GE2_frac": 0.0,
  "peak_blocks": 17005,
  "peak_step": 13882,
  "gpu_blocks": 13317,
  "total_steps": 22296,
  "type1_count": 35,
  "type2_count": 40,
  "plot_path": "traces/SS08_SL61_LS23_LL06/bim05/bim05_sk_ov5.png"
}