{
  "PPR": 3.8286852589641436,
  "TPI": 0.19079622409193514,
  "OV_block_step": 590915,
  "OV_frac": 0.12077996244040869,
  "GE2_frac": 0.050790067720090294,
  "peak_blocks": 961,
  "peak_step": 14329,
  "gpu_blocks": 251,
  "total_steps": 19492,
  "type1_count": 34,
  "type2_count": 34,
  "plot_path": "traces/requests_types_16k/all_traces_arrival_rate_CV/SS15_SM17_SL08_MS09_MM06_ML17_LS06_LM14_LL09/lognormal_lambda2.0x_cv3/lognormal_lambda2.0x_cv3.png"
}