{
  "PPR": 3.0941283984464243,
  "TPI": 0.6334706286162597,
  "OV_block_step": 140645176,
  "OV_frac": 0.7877998315523685,
  "GE2_frac": 0.4927674806315583,
  "peak_blocks": 13543,
  "peak_step": 11269,
  "gpu_blocks": 4377,
  "total_steps": 40788,
  "type1_count": 27,
  "type2_count": 7,
  "plot_path": "traces/request_types/SS14_SL39_LS12_LL33/uni05/uni05_hi_ov79.png"
}