{
  "PPR": 1.8328596562457706,
  "TPI": 0.526208688830048,
  "OV_block_step": 67184998,
  "OV_frac": 0.22292266759508145,
  "GE2_frac": 0.0,
  "peak_blocks": 13543,
  "peak_step": 11269,
  "gpu_blocks": 7389,
  "total_steps": 40788,
  "type1_count": 48,
  "type2_count": 17,
  "plot_path": "traces/request_types/SS14_SL39_LS12_LL33/uni05/uni05_ml_ov22.png"
}