{
  "batch_size": 4,
  "max_model_len": 32384,
  "num_gpu_blocks_override": 1602,
  "arrival_pattern": "PoissonBurstyArrivalPattern(lb=1,lg=4603)",
  "vocab": [200, 30000],
  "requests": {
    "request_0": {"category": "SS_I1632-2448_O192-304", "input_length": 2089, "output_length": 244, "arrival_time": 0, "sched_time": 0, "wait_time": 0, "slo": 0.051856680128707984},
    "request_1": {"category": "LS_I6544-9824_O1632-2448", "input_length": 6900, "output_length": 2247, "arrival_time": 0, "sched_time": 0, "wait_time": 0, "slo": 0.058682558178124095},
    "request_2": {"category": "SL_I400-608_O13104-19648", "input_length": 413, "output_length": 18625, "arrival_time": 0, "sched_time": 0, "wait_time": 0, "slo": 0.06859080000183626},
    "request_3": {"category": "SS_I816-1216_O400-608", "input_length": 1169, "output_length": 519, "arrival_time": 0, "sched_time": 0, "wait_time": 0, "slo": 0.05121055577563},
    "request_4": {"category": "SL_I400-608_O3264-4912", "input_length": 544, "output_length": 4063, "arrival_time": 18627, "sched_time": 18627, "wait_time": 0, "slo": 0.05413464412700153},
    "request_5": {"category": "LL_I6544-9824_O3264-4912", "input_length": 8134, "output_length": 3728, "arrival_time": 22692, "sched_time": 22692, "wait_time": 0, "slo": 0.061402290920150024},
    "request_6": {"category": "SS_I816-1216_O192-304", "input_length": 1153, "output_length": 243, "arrival_time": 22692, "sched_time": 22692, "wait_time": 0, "slo": 0.05091804676617454},
    "request_7": {"category": "LL_I6544-9824_O6544-9824", "input_length": 8045, "output_length": 6903, "arrival_time": 26422, "sched_time": 26422, "wait_time": 0, "slo": 0.06449367038309368},
    "request_8": {"category": "LL_I3264-4912_O6544-9824", "input_length": 4336, "output_length": 8861, "arrival_time": 33327, "sched_time": 33327, "wait_time": 0, "slo": 0.06273961806954399},
    "request_9": {"category": "SS_I1632-2448_O192-304", "input_length": 2364, "output_length": 264, "arrival_time": 40344, "sched_time": 40344, "wait_time": 0, "slo": 0.052152194367712644},
    "request_10": {"category": "LL_I3264-4912_O13104-19648", "input_length": 4286, "output_length": 13929, "arrival_time": 40610, "sched_time": 40610, "wait_time": 0, "slo": 0.06776636536217241},
    "request_11": {"category": "LS_I3264-4912_O400-608", "input_length": 4765, "output_length": 413, "arrival_time": 40610, "sched_time": 40610, "wait_time": 0, "slo": 0.05470663948453258},
    "request_12": {"category": "SS_I400-608_O816-1216", "input_length": 418, "output_length": 1182, "arrival_time": 40610, "sched_time": 40610, "wait_time": 0, "slo": 0.05112240237552013},
    "request_13": {"category": "SL_I1632-2448_O13104-19648", "input_length": 2341, "output_length": 16864, "arrival_time": 49251, "sched_time": 49251, "wait_time": 0, "slo": 0.06875809111340839},
    "request_14": {"category": "SS_I400-608_O816-1216", "input_length": 518, "output_length": 1009, "arrival_time": 53323, "sched_time": 53323, "wait_time": 0, "slo": 0.05104927512315627},
    "request_15": {"category": "SL_I816-1216_O13104-19648", "input_length": 1211, "output_length": 15104, "arrival_time": 54334, "sched_time": 54334, "wait_time": 0, "slo": 0.06586305331434579},
    "request_16": {"category": "SL_I400-608_O13104-19648", "input_length": 572, "output_length": 16726, "arrival_time": 61318, "sched_time": 61318, "wait_time": 0, "slo": 0.0668477668633003},
    "request_17": {"category": "SS_I192-304_O192-304", "input_length": 234, "output_length": 228, "arrival_time": 61319, "sched_time": 61319, "wait_time": 0, "slo": 0.04998241863319029},
    "request_18": {"category": "LL_I6544-9824_O13104-19648", "input_length": 8045, "output_length": 13955, "arrival_time": 61549, "sched_time": 61549, "wait_time": 0, "slo": 0.07155796331007966},
    "request_19": {"category": "SS_I1632-2448_O1632-2448", "input_length": 1879, "output_length": 2157, "arrival_time": 75506, "sched_time": 75506, "wait_time": 0, "slo": 0.05356264876947048},
    "request_20": {"category": "SL_I816-1216_O3264-4912", "input_length": 922, "output_length": 3989, "arrival_time": 77665, "sched_time": 77665, "wait_time": 0, "slo": 0.05443917405465379},
    "request_21": {"category": "SS_I816-1216_O192-304", "input_length": 975, "output_length": 249, "arrival_time": 81656, "sched_time": 81656, "wait_time": 0, "slo": 0.05074574693868708},
    "request_22": {"category": "SS_I1632-2448_O1632-2448", "input_length": 2036, "output_length": 1982, "arrival_time": 81907, "sched_time": 81907, "wait_time": 0, "slo": 0.05354461739217528},
    "request_23": {"category": "LS_I13104-19648_O1632-2448", "input_length": 17519, "output_length": 1911, "arrival_time": 83891, "sched_time": 83891, "wait_time": 0, "slo": 0.06898348332959839},
    "request_24": {"category": "SS_I1632-2448_O816-1216", "input_length": 1928, "output_length": 1116, "arrival_time": 85804, "sched_time": 85804, "wait_time": 0, "slo": 0.05256891953186837},
    "request_25": {"category": "SL_I1632-2448_O13104-19648", "input_length": 2135, "output_length": 18333, "arrival_time": 86922, "sched_time": 86922, "wait_time": 0, "slo": 0.07002329275362155},
    "request_26": {"category": "SS_I816-1216_O192-304", "input_length": 873, "output_length": 286, "arrival_time": 105257, "sched_time": 105257, "wait_time": 0, "slo": 0.05068063363178774},
    "request_27": {"category": "SS_I400-608_O400-608", "input_length": 446, "output_length": 456, "arrival_time": 105257, "sched_time": 105257, "wait_time": 0, "slo": 0.05042318563373962},
    "request_28": {"category": "SL_I1632-2448_O13104-19648", "input_length": 2422, "output_length": 14782, "arrival_time": 105715, "sched_time": 105715, "wait_time": 0, "slo": 0.06675360300409204},
    "request_29": {"category": "LS_I3264-4912_O400-608", "input_length": 3611, "output_length": 487, "arrival_time": 116552, "sched_time": 116552, "wait_time": 0, "slo": 0.05362475684682061},
    "request_30": {"category": "SS_I192-304_O1632-2448", "input_length": 225, "output_length": 2241, "arrival_time": 116553, "sched_time": 116553, "wait_time": 0, "slo": 0.051989911972055845},
    "request_31": {"category": "LS_I6544-9824_O400-608", "input_length": 6920, "output_length": 444, "arrival_time": 118796, "sched_time": 118796, "wait_time": 0, "slo": 0.056896450082716266},
    "request_32": {"category": "SS_I400-608_O400-608", "input_length": 576, "output_length": 585, "arrival_time": 119242, "sched_time": 119242, "wait_time": 0, "slo": 0.05068263711815388},
    "request_33": {"category": "LS_I3264-4912_O1632-2448", "input_length": 4176, "output_length": 2020, "arrival_time": 119242, "sched_time": 119242, "wait_time": 0, "slo": 0.05572641404489443},
    "request_34": {"category": "SS_I192-304_O1632-2448", "input_length": 248, "output_length": 1952, "arrival_time": 121264, "sched_time": 121264, "wait_time": 0, "slo": 0.05172344828536012},
    "request_35": {"category": "SL_I192-304_O3264-4912", "input_length": 273, "output_length": 3289, "arrival_time": 123218, "sched_time": 123218, "wait_time": 0, "slo": 0.053087822500696887},
    "request_36": {"category": "SS_I400-608_O400-608", "input_length": 437, "output_length": 474, "arrival_time": 126509, "sched_time": 126509, "wait_time": 0, "slo": 0.05043220132238722},
    "request_37": {"category": "LS_I13104-19648_O400-608", "input_length": 18808, "output_length": 459, "arrival_time": 126985, "sched_time": 126985, "wait_time": 0, "slo": 0.06882019919075852},
    "request_38": {"category": "SS_I1632-2448_O400-608", "input_length": 2000, "output_length": 423, "arrival_time": 126985, "sched_time": 126985, "wait_time": 0, "slo": 0.05194683701518398},
    "request_39": {"category": "LS_I13104-19648_O400-608", "input_length": 16199, "output_length": 439, "arrival_time": 127446, "sched_time": 127446, "wait_time": 0, "slo": 0.06618661636247632},
    "request_40": {"category": "SL_I1632-2448_O13104-19648", "input_length": 1886, "output_length": 15755, "arrival_time": 127887, "sched_time": 127887,