{
  "PPR": 2.409090909090909,
  "TPI": 0.30809128630705396,
  "OV_block_step": 97198,
  "OV_frac": 0.09548087199798819,
  "GE2_frac": 0.017764522821576763,
  "peak_blocks": 318,
  "peak_step": 3900,
  "gpu_blocks": 132,
  "total_steps": 7712,
  "type1_count": 62,
  "type2_count": 55,
  "plot_path": "traces/requests_types_8k/all_traces_arrival_rate_CV/SS06_SM01_SL07_MS08_MM02_ML49_LS05_LM19_LL03/lognormal_lambda2.0x_cv2/lognormal_lambda2.0x_cv2.png"
}