{
  "PPR": 6.63030303030303,
  "TPI": 0.827054794520548,
  "OV_block_step": 1110656,
  "OV_frac": 1.921018403210184,
  "GE2_frac": 0.6164383561643836,
  "peak_blocks": 1094,
  "peak_step": 2348,
  "gpu_blocks": 165,
  "total_steps": 3504,
  "type1_count": 15,
  "type2_count": 11,
  "plot_path": "traces/requests_types_8k/all_traces_arrival_rate_CV/SS06_SM03_SL09_MS03_MM03_ML06_LS03_LM03_LL64/lognormal_lambda3.5x_cv7/lognormal_lambda3.5x_cv7.png"
}