{
  "PPR": 7.411149825783972,
  "TPI": 0.7841662980981866,
  "OV_block_step": 840624,
  "OV_frac": 1.2954460346397867,
  "GE2_frac": 0.47854931446262716,
  "peak_blocks": 2127,
  "peak_step": 62,
  "gpu_blocks": 287,
  "total_steps": 2261,
  "type1_count": 15,
  "type2_count": 13,
  "plot_path": "traces/requests_types_16k/all_traces_arrival_rate_CV/SS00_SM00_SL00_MS00_MM00_ML00_LS00_LM99_LL01/lognormal_lambda4.5x_cv5/lognormal_lambda4.5x_cv5.png"
}