{
  "PPR": 10.02,
  "TPI": 0.8413712957582801,
  "OV_block_step": 3519673,
  "OV_frac": 3.71842269293751,
  "GE2_frac": 0.7489831493317839,
  "peak_blocks": 5511,
  "peak_step": 341,
  "gpu_blocks": 550,
  "total_steps": 1721,
  "type1_count": 3,
  "type2_count": 7,
  "plot_path": "traces/requests_types_32k/all_traces_arrival_rate_CV/SS00_SM00_SL00_MS00_MM00_ML00_LS00_LM99_LL01/lognormal_lambda5.0x_cv5/lognormal_lambda5.0x_cv5.png"
}