{
  "PPR": 5.597678916827853,
  "TPI": 0.8134871920779114,
  "OV_block_step": 12575579,
  "OV_frac": 1.9906815067316763,
  "GE2_frac": 0.6780423929945167,
  "peak_blocks": 2894,
  "peak_step": 8122,
  "gpu_blocks": 517,
  "total_steps": 12219,
  "type1_count": 20,
  "type2_count": 4,
  "plot_path": "traces/requests_types_32k/all_traces_arrival_rate_CV/SS14_SM21_SL27_MS03_MM10_ML05_LS17_LM02_LL01/lognormal_lambda4.5x_cv4/lognormal_lambda4.5x_cv4.png"
}