{
  "PPR": 3.770609318996416,
  "TPI": 0.7155511811023622,
  "OV_block_step": 3933078,
  "OV_frac": 0.7302659429880263,
  "GE2_frac": 0.3672813924575218,
  "peak_blocks": 1052,
  "peak_step": 5328,
  "gpu_blocks": 279,
  "total_steps": 19304,
  "type1_count": 97,
  "type2_count": 39,
  "plot_path": "traces/requests_types_16k/all_traces_arrival_rate_CV/SS01_SM18_SL11_MS32_MM14_ML02_LS14_LM07_LL01/lognormal_lambda3.0x_cv3/lognormal_lambda3.0x_cv3.png"
}