{
  "PPR": 2.2697594501718212,
  "TPI": 0.10484458256123325,
  "OV_block_step": 3512956,
  "OV_frac": 0.04352125857375196,
  "GE2_frac": 0.002357759335501222,
  "peak_blocks": 1321,
  "peak_step": 41139,
  "gpu_blocks": 582,
  "total_steps": 138691,
  "type1_count": 52,
  "type2_count": 49,
  "plot_path": "traces/requests_types_32k/all_traces_arrival_rate_CV/SS10_SM24_SL05_MS05_MM03_ML14_LS09_LM12_LL18/lognormal_lambda1.2x_cv4/lognormal_lambda1.2x_cv4.png"
}