{
  "PPR": 7.108731466227348,
  "TPI": 0.710528992878942,
  "OV_block_step": 18074379,
  "OV_frac": 1.5145763816846858,
  "GE2_frac": 0.4932858596134283,
  "peak_blocks": 4315,
  "peak_step": 8235,
  "gpu_blocks": 607,
  "total_steps": 19660,
  "type1_count": 26,
  "type2_count": 15,
  "plot_path": "traces/requests_types_32k/all_traces_arrival_rate_CV/SS07_SM08_SL06_MS09_MM09_ML09_LS07_LM08_LL38/lognormal_lambda4.5x_cv3/lognormal_lambda4.5x_cv3.png"
}