{
  "PPR": 2.891304347826087,
  "TPI": 0.19986988578863668,
  "OV_block_step": 398211,
  "OV_frac": 0.10429329754668712,
  "GE2_frac": 0.03451640884776637,
  "peak_blocks": 399,
  "peak_step": 25999,
  "gpu_blocks": 138,
  "total_steps": 27668,
  "type1_count": 93,
  "type2_count": 54,
  "plot_path": "traces/requests_types_8k/all_traces_arrival_rate_CV/SS03_SM24_SL03_MS36_MM03_ML12_LS06_LM06_LL07/lognormal_lambda2.0x_cv2/lognormal_lambda2.0x_cv2.png"
}