{
  "PPR": 8.268292682926829,
  "TPI": 0.6296794440708361,
  "OV_block_step": 2359654,
  "OV_frac": 1.612657940634551,
  "GE2_frac": 0.47478143913920645,
  "peak_blocks": 1356,
  "peak_step": 2424,
  "gpu_blocks": 164,
  "total_steps": 8922,
  "type1_count": 26,
  "type2_count": 24,
  "plot_path": "traces/requests_types_8k/all_traces_arrival_rate_CV/SS00_SM00_SL00_MS00_MM00_ML00_LS33_LM00_LL67/lognormal_lambda5.0x_cv6/lognormal_lambda5.0x_cv6.png"
}