{
  "PPR": 6.435064935064935,
  "TPI": 0.7218895542248835,
  "OV_block_step": 540340,
  "OV_frac": 1.1672326342985027,
  "GE2_frac": 0.5079840319361277,
  "peak_blocks": 991,
  "peak_step": 2131,
  "gpu_blocks": 154,
  "total_steps": 3006,
  "type1_count": 22,
  "type2_count": 17,
  "plot_path": "traces/requests_types_8k/all_traces_arrival_rate_CV/SS00_SM00_SL00_MS00_MM00_ML00_LS00_LM66_LL34/lognormal_lambda4.5x_cv3/lognormal_lambda4.5x_cv3.png"
}