{
  "PPR": 3.2440944881889764,
  "TPI": 0.25385642242657963,
  "OV_block_step": 305383,
  "OV_frac": 0.17832917169839085,
  "GE2_frac": 0.05910708988430733,
  "peak_blocks": 412,
  "peak_step": 12383,
  "gpu_blocks": 127,
  "total_steps": 13484,
  "type1_count": 48,
  "type2_count": 27,
  "plot_path": "traces/requests_types_8k/all_traces_arrival_rate_CV/SS15_SM17_SL08_MS09_MM06_ML17_LS06_LM14_LL09/lognormal_lambda1.0x_cv3/lognormal_lambda1.0x_cv3.png"
}