{
  "PPR": 4.504173622704507,
  "TPI": 0.6905557076375581,
  "OV_block_step": 10266781,
  "OV_frac": 0.9383995682191371,
  "GE2_frac": 0.4678894059676978,
  "peak_blocks": 2698,
  "peak_step": 6771,
  "gpu_blocks": 599,
  "total_steps": 18265,
  "type1_count": 26,
  "type2_count": 13,
  "plot_path": "traces/requests_types_32k/all_traces_arrival_rate_CV/SS15_SM13_SL18_MS00_MM19_ML17_LS06_LM03_LL09/lognormal_lambda3.5x_cv4/lognormal_lambda3.5x_cv4.png"
}