{
  "PPR": 4.109756097560975,
  "TPI": 0.7071086486994084,
  "OV_block_step": 1738990,
  "OV_frac": 0.66382430656873,
  "GE2_frac": 0.28143487651422666,
  "peak_blocks": 1011,
  "peak_step": 4830,
  "gpu_blocks": 246,
  "total_steps": 10649,
  "type1_count": 53,
  "type2_count": 30,
  "plot_path": "traces/requests_types_16k/all_traces_arrival_rate_CV/SS06_SM01_SL07_MS08_MM02_ML49_LS05_LM19_LL03/lognormal_lambda4.0x_cv1/lognormal_lambda4.0x_cv1.png"
}