{
  "PPR": 3.213728549141966,
  "TPI": 0.2967283650859976,
  "OV_block_step": 10206110,
  "OV_frac": 0.1798119514250807,
  "GE2_frac": 0.06723960744898305,
  "peak_blocks": 2060,
  "peak_step": 43192,
  "gpu_blocks": 641,
  "total_steps": 88549,
  "type1_count": 65,
  "type2_count": 61,
  "plot_path": "traces/requests_types_32k/all_traces_arrival_rate_CV/SS00_SM00_SL00_MS00_MM00_ML00_LS33_LM33_LL34/lognormal_lambda1.2x_cv1/lognormal_lambda1.2x_cv1.png"
}