{
  "PPR": 6.0131147540983605,
  "TPI": 0.7608261159227182,
  "OV_block_step": 3952706,
  "OV_frac": 1.726807701969179,
  "GE2_frac": 0.6572951365756162,
  "peak_blocks": 1834,
  "peak_step": 1922,
  "gpu_blocks": 305,
  "total_steps": 7505,
  "type1_count": 17,
  "type2_count": 7,
  "plot_path": "traces/requests_types_16k/all_traces_arrival_rate_CV/SS02_SM02_SL02_MS01_MM01_ML02_LS01_LM03_LL86/lognormal_lambda3.5x_cv5/lognormal_lambda3.5x_cv5.png"
}