{
  "PPR": 3.4072727272727272,
  "TPI": 0.4796029924646271,
  "OV_block_step": 226311840,
  "OV_frac": 0.37177765475277175,
  "GE2_frac": 0.1632302715986917,
  "peak_blocks": 9370,
  "peak_step": 25814,
  "gpu_blocks": 2750,
  "total_steps": 221356,
  "type1_count": 61,
  "type2_count": 54,
  "plot_path": "traces/requests_types_96k/all_traces_arrival_rate_CV/SS06_SM03_SL09_MS03_MM03_ML06_LS03_LM03_LL64/lognormal_lambda2.5x_cv1/lognormal_lambda2.5x_cv1.png"
}