{
  "PPR": 3.833887043189369,
  "TPI": 0.43574686984373484,
  "OV_block_step": 2268174,
  "OV_frac": 0.3656926038056844,
  "GE2_frac": 0.13966805784722897,
  "peak_blocks": 1154,
  "peak_step": 19021,
  "gpu_blocks": 301,
  "total_steps": 20606,
  "type1_count": 50,
  "type2_count": 44,
  "plot_path": "traces/requests_types_16k/all_traces_arrival_rate_CV/SS07_SM08_SL06_MS09_MM09_ML09_LS07_LM08_LL38/lognormal_lambda3.0x_cv1/lognormal_lambda3.0x_cv1.png"
}