{
  "PPR": 3.5448851774530272,
  "TPI": 0.6229891022314479,
  "OV_block_step": 2152182,
  "OV_frac": 0.3886069078786999,
  "GE2_frac": 0.08329008822003113,
  "peak_blocks": 1698,
  "peak_step": 6345,
  "gpu_blocks": 479,
  "total_steps": 11562,
  "type1_count": 38,
  "type2_count": 25,
  "plot_path": "traces/requests_types_32k/all_traces_arrival_rate_CV/SS55_SM04_SL04_MS04_MM02_ML15_LS04_LM04_LL05/lognormal_lambda4.0x_cv3/lognormal_lambda4.0x_cv3.png"
}