{
  "PPR": 6.4,
  "TPI": 0.65970277837605,
  "OV_block_step": 2381906,
  "OV_frac": 0.9327456777553698,
  "GE2_frac": 0.3635580443678656,
  "peak_blocks": 3520,
  "peak_step": 1692,
  "gpu_blocks": 550,
  "total_steps": 4643,
  "type1_count": 21,
  "type2_count": 37,
  "plot_path": "traces/requests_types_32k/all_traces_arrival_rate_CV/SS00_SM00_SL00_MS00_MM00_ML00_LS00_LM99_LL01/lognormal_lambda2.5x_cv3/lognormal_lambda2.5x_cv3.png"
}