{
  "PPR": 2.6745454545454543,
  "TPI": 0.41701756057903816,
  "OV_block_step": 306931858,
  "OV_frac": 0.2170743222038006,
  "GE2_frac": 0.04721654416984497,
  "peak_blocks": 7355,
  "peak_step": 182864,
  "gpu_blocks": 2750,
  "total_steps": 514163,
  "type1_count": 132,
  "type2_count": 67,
  "plot_path": "traces/requests_types_96k/all_traces_arrival_rate_CV/SS00_SM00_SL00_MS00_MM00_ML00_LS33_LM33_LL34/lognormal_lambda1.5x_cv1/lognormal_lambda1.5x_cv1.png"
}