{
  "PPR": 4.556756756756757,
  "TPI": 0.04680989583333333,
  "OV_block_step": 8991663,
  "OV_frac": 0.058598070726976974,
  "GE2_frac": 0.02287688078703704,
  "peak_blocks": 2529,
  "peak_step": 14895,
  "gpu_blocks": 555,
  "total_steps": 276480,
  "type1_count": 30,
  "type2_count": 19,
  "plot_path": "traces/requests_types_32k/all_traces_arrival_rate_CV/SS02_SM04_SL04_MS04_MM15_ML55_LS04_LM04_LL05/lognormal_lambda1.0x_cv6/lognormal_lambda1.0x_cv6.png"
}