{
  "PPR": 2.3801743919229006,
  "TPI": 0.6252061543600342,
  "OV_block_step": 175864943,
  "OV_frac": 0.33698258777743934,
  "GE2_frac": 0.08239911484102629,
  "peak_blocks": 25932,
  "peak_step": 18273,
  "gpu_blocks": 10895,
  "total_steps": 47901,
  "type1_count": 77,
  "type2_count": 26,
  "plot_path": "traces/request_types/SS08_SL00_LS08_LL83/per05/per05_md_ov34.png"
}