{
  "PPR": 3.42421875,
  "TPI": 0.3125984251968504,
  "OV_block_step": 58037257,
  "OV_frac": 0.18790554095006215,
  "GE2_frac": 0.054720265230004145,
  "peak_blocks": 4383,
  "peak_step": 48180,
  "gpu_blocks": 1280,
  "total_steps": 241300,
  "type1_count": 120,
  "type2_count": 83,
  "plot_path": "traces/request_types/SS28_SL29_LS27_LL15/bim50/bim50_ml_ov20.png"
}