{
  "PPR": 5.266457680250784,
  "TPI": 0.5251546291335898,
  "OV_block_step": 3631220,
  "OV_frac": 0.5543824475838038,
  "GE2_frac": 0.21516583061413336,
  "peak_blocks": 1680,
  "peak_step": 16324,
  "gpu_blocks": 319,
  "total_steps": 20533,
  "type1_count": 52,
  "type2_count": 45,
  "plot_path": "traces/requests_types_16k/all_traces_arrival_rate_CV/SS11_SM11_SL11_MS11_MM11_ML11_LS11_LM11_LL11/lognormal_lambda4.0x_cv1/lognormal_lambda4.0x_cv1.png"
}