{
  "PPR": 1.628175519630485,
  "TPI": 0.39041122588189436,
  "OV_block_step": 20173820,
  "OV_frac": 0.11350323600196784,
  "GE2_frac": 0.0,
  "peak_blocks": 11280,
  "peak_step": 17224,
  "gpu_blocks": 6928,
  "total_steps": 25655,
  "type1_count": 55,
  "type2_count": 25,
  "plot_path": "traces/request_types/SS32_SL30_LS30_LL05/poi05/poi05_lo_ov11.png"
}