{
  "PPR": 5.934523809523809,
  "TPI": 0.8012927671904603,
  "OV_block_step": 7696945,
  "OV_frac": 1.276472439806191,
  "GE2_frac": 0.431461049816115,
  "peak_blocks": 1994,
  "peak_step": 2907,
  "gpu_blocks": 336,
  "total_steps": 17946,
  "type1_count": 43,
  "type2_count": 17,
  "plot_path": "traces/requests_types_16k/all_traces_arrival_rate_CV/SS00_SM00_SL00_MS00_MM00_ML00_LS33_LM33_LL34/lognormal_lambda4.0x_cv4/lognormal_lambda4.0x_cv4.png"
}