{
  "PPR": 4.937269372693727,
  "TPI": 0.46390013495276655,
  "OV_block_step": 2698879,
  "OV_frac": 0.47999629360087703,
  "GE2_frac": 0.1634856371698477,
  "peak_blocks": 1338,
  "peak_step": 10567,
  "gpu_blocks": 271,
  "total_steps": 20748,
  "type1_count": 46,
  "type2_count": 30,
  "plot_path": "traces/requests_types_16k/all_traces_arrival_rate_CV/SS06_SM06_SL19_MS24_MM08_ML20_LS10_LM05_LL02/lognormal_lambda3.5x_cv3/lognormal_lambda3.5x_cv3.png"
}