{
  "PPR": 5.488288288288288,
  "TPI": 0.5915604700748748,
  "OV_block_step": 14492086,
  "OV_frac": 1.2947819044313318,
  "GE2_frac": 0.3746219070759161,
  "peak_blocks": 3046,
  "peak_step": 11042,
  "gpu_blocks": 555,
  "total_steps": 20167,
  "type1_count": 25,
  "type2_count": 14,
  "plot_path": "traces/requests_types_32k/all_traces_arrival_rate_CV/SS06_SM06_SL19_MS24_MM08_ML20_LS10_LM05_LL02/lognormal_lambda4.5x_cv7/lognormal_lambda4.5x_cv7.png"
}