{
  "PPR": 3.8133333333333335,
  "TPI": 0.7151146725614811,
  "OV_block_step": 547559,
  "OV_frac": 0.504337293911762,
  "GE2_frac": 0.19066040342636087,
  "peak_blocks": 572,
  "peak_step": 4364,
  "gpu_blocks": 150,
  "total_steps": 7238,
  "type1_count": 80,
  "type2_count": 43,
  "plot_path": "traces/requests_types_8k/all_traces_arrival_rate_CV/SS00_SM00_SL00_MS00_MM00_ML00_LS33_LM66_LL01/lognormal_lambda3.0x_cv5/lognormal_lambda3.0x_cv5.png"
}