{
  "PPR": 4.665594855305466,
  "TPI": 0.19865895953757226,
  "OV_block_step": 2790390,
  "OV_frac": 0.20745237254428192,
  "GE2_frac": 0.07687861271676301,
  "peak_blocks": 1451,
  "peak_step": 5710,
  "gpu_blocks": 311,
  "total_steps": 43250,
  "type1_count": 33,
  "type2_count": 43,
  "plot_path": "traces/requests_types_16k/all_traces_arrival_rate_CV/SS06_SM03_SL09_MS03_MM03_ML06_LS03_LM03_LL64/lognormal_lambda1.0x_cv4/lognormal_lambda1.0x_cv4.png"
}