{
  "PPR": 3.7928571428571427,
  "TPI": 0.4381231671554252,
  "OV_block_step": 1136212,
  "OV_frac": 0.476,
  "GE2_frac": 0.2130791788856305,
  "peak_blocks": 531,
  "peak_step": 8878,
  "gpu_blocks": 140,
  "total_steps": 17050,
  "type1_count": 69,
  "type2_count": 34,
  "plot_path": "traces/requests_types_8k/all_traces_arrival_rate_CV/SS06_SM02_SL13_MS06_MM04_ML06_LS51_LM09_LL05/lognormal_lambda2.5x_cv5/lognormal_lambda2.5x_cv5.png"
}