{
  "PPR": 1.584769038701623,
  "TPI": 0.20610715623829148,
  "OV_block_step": 5830140,
  "OV_frac": 0.054541601940998254,
  "GE2_frac": 0.0,
  "peak_blocks": 6347,
  "peak_step": 11642,
  "gpu_blocks": 4005,
  "total_steps": 26690,
  "type1_count": 32,
  "type2_count": 14,
  "plot_path": "traces/SS62_SL37_LS00_LL00/poi05/poi05_sk_ov5.png"
}