{
  "PPR": 3.754934210526316,
  "TPI": 0.4336965879740813,
  "OV_block_step": 22144571,
  "OV_frac": 0.4125922309157165,
  "GE2_frac": 0.19019892156418505,
  "peak_blocks": 2283,
  "peak_step": 61689,
  "gpu_blocks": 608,
  "total_steps": 88276,
  "type1_count": 94,
  "type2_count": 40,
  "plot_path": "traces/requests_types_32k/all_traces_arrival_rate_CV/SS10_SM00_SL12_MS50_MM04_ML04_LS04_LM08_LL09/lognormal_lambda2.0x_cv4/lognormal_lambda2.0x_cv4.png"
}