{
  "PPR": 2.437007874015748,
  "TPI": 0.14471267383888742,
  "OV_block_step": 653540,
  "OV_frac": 0.06751488129058651,
  "GE2_frac": 0.01679349252164786,
  "peak_blocks": 619,
  "peak_step": 12411,
  "gpu_blocks": 254,
  "total_steps": 38110,
  "type1_count": 33,
  "type2_count": 28,
  "plot_path": "traces/requests_types_16k/all_traces_arrival_rate_CV/SS03_SM42_SL05_MS03_MM05_ML25_LS13_LM02_LL00/lognormal_lambda1.0x_cv2/lognormal_lambda1.0x_cv2.png"
}