{
  "PPR": 4.193548387096774,
  "TPI": 0.4573486088379705,
  "OV_block_step": 1328791,
  "OV_frac": 0.31179651432225214,
  "GE2_frac": 0.1320458265139116,
  "peak_blocks": 1170,
  "peak_step": 7641,
  "gpu_blocks": 279,
  "total_steps": 15275,
  "type1_count": 69,
  "type2_count": 52,
  "plot_path": "traces/requests_types_16k/all_traces_arrival_rate_CV/SS00_SM00_SL00_MS00_MM00_ML00_LS33_LM66_LL01/lognormal_lambda2.0x_cv3/lognormal_lambda2.0x_cv3.png"
}