{
  "PPR": 5.330112721417069,
  "TPI": 0.6997256459604438,
  "OV_block_step": 17017336,
  "OV_frac": 1.1221128353603433,
  "GE2_frac": 0.5030506531264076,
  "peak_blocks": 3310,
  "peak_step": 4940,
  "gpu_blocks": 621,
  "total_steps": 24421,
  "type1_count": 27,
  "type2_count": 25,
  "plot_path": "traces/requests_types_32k/all_traces_arrival_rate_CV/SS06_SM03_SL09_MS03_MM03_ML06_LS03_LM03_LL64/lognormal_lambda2.0x_cv7/lognormal_lambda2.0x_cv7.png"
}