{
  "PPR": 2.1363636363636362,
  "TPI": 0.11059725158562368,
  "OV_block_step": 165592,
  "OV_frac": 0.04736049714908066,
  "GE2_frac": 0.0036116983791402396,
  "peak_blocks": 329,
  "peak_step": 17002,
  "gpu_blocks": 154,
  "total_steps": 22704,
  "type1_count": 32,
  "type2_count": 28,
  "plot_path": "traces/requests_types_8k/all_traces_arrival_rate_CV/SS11_SM11_SL11_MS11_MM11_ML11_LS11_LM11_LL11/lognormal_lambda1.0x_cv5/lognormal_lambda1.0x_cv5.png"
}