{
  "PPR": 1.8415094339622642,
  "TPI": 0.014700323130984743,
  "OV_block_step": 1284422,
  "OV_frac": 0.003186522165009229,
  "GE2_frac": 0.0,
  "peak_blocks": 2440,
  "peak_step": 290128,
  "gpu_blocks": 1325,
  "total_steps": 304211,
  "type1_count": 11,
  "type2_count": 5,
  "plot_path": "traces/SS25_SL00_LS75_LL00/bur05/bur05_sk_ov5.png"
}