{
  "PPR": 2.6215139442231075,
  "TPI": 0.10824313072439634,
  "OV_block_step": 432837,
  "OV_frac": 0.057433811796942125,
  "GE2_frac": 0.022381348875936718,
  "peak_blocks": 658,
  "peak_step": 24205,
  "gpu_blocks": 251,
  "total_steps": 30025,
  "type1_count": 35,
  "type2_count": 30,
  "plot_path": "traces/requests_types_16k/all_traces_arrival_rate_CV/SS15_SM17_SL08_MS09_MM06_ML17_LS06_LM14_LL09/lognormal_lambda1.5x_cv2/lognormal_lambda1.5x_cv2.png"
}