{
  "PPR": 5.29324546952224,
  "TPI": 0.7244404400606981,
  "OV_block_step": 17219700,
  "OV_frac": 1.3452453420263841,
  "GE2_frac": 0.5518304248861912,
  "peak_blocks": 3213,
  "peak_step": 13752,
  "gpu_blocks": 607,
  "total_steps": 21088,
  "type1_count": 29,
  "type2_count": 13,
  "plot_path": "traces/requests_types_32k/all_traces_arrival_rate_CV/SS07_SM08_SL06_MS09_MM09_ML09_LS07_LM08_LL38/lognormal_lambda3.0x_cv6/lognormal_lambda3.0x_cv6.png"
}