{
  "PPR": 4.922570016474465,
  "TPI": 0.7627498980008159,
  "OV_block_step": 6772163,
  "OV_frac": 1.1379820427663927,
  "GE2_frac": 0.47745818033455734,
  "peak_blocks": 2988,
  "peak_step": 8068,
  "gpu_blocks": 607,
  "total_steps": 9804,
  "type1_count": 27,
  "type2_count": 22,
  "plot_path": "traces/requests_types_32k/all_traces_arrival_rate_CV/SS00_SM00_SL00_MS00_MM00_ML00_LS00_LM66_LL34/lognormal_lambda3.0x_cv1/lognormal_lambda3.0x_cv1.png"
}