{
  "PPR": 7.382550335570469,
  "TPI": 0.814878153056862,
  "OV_block_step": 1264108,
  "OV_frac": 1.8135840762558426,
  "GE2_frac": 0.6398033347584438,
  "peak_blocks": 1100,
  "peak_step": 2585,
  "gpu_blocks": 149,
  "total_steps": 4678,
  "type1_count": 18,
  "type2_count": 16,
  "plot_path": "traces/requests_types_8k/all_traces_arrival_rate_CV/SS11_SM02_SL03_MS00_MM36_ML08_LS16_LM20_LL04/lognormal_lambda5.0x_cv5/lognormal_lambda5.0x_cv5.png"
}