{
  "PPR": 2.712280701754386,
  "TPI": 0.4819484558986892,
  "OV_block_step": 1936725,
  "OV_frac": 0.3774453630187444,
  "GE2_frac": 0.1411353032659409,
  "peak_blocks": 773,
  "peak_step": 6939,
  "gpu_blocks": 285,
  "total_steps": 18004,
  "type1_count": 69,
  "type2_count": 26,
  "plot_path": "traces/requests_types_16k/all_traces_arrival_rate_CV/SS05_SM22_SL01_MS13_MM01_ML37_LS03_LM03_LL15/lognormal_lambda2.5x_cv5/lognormal_lambda2.5x_cv5.png"
}