{
  "PPR": 3.3203125,
  "TPI": 0.24924365836630208,
  "OV_block_step": 107353,
  "OV_frac": 0.19518159471724458,
  "GE2_frac": 0.07889225040726087,
  "peak_blocks": 425,
  "peak_step": 2427,
  "gpu_blocks": 128,
  "total_steps": 4297,
  "type1_count": 35,
  "type2_count": 15,
  "plot_path": "traces/requests_types_8k/all_traces_arrival_rate_CV/SS55_SM04_SL04_MS04_MM02_ML15_LS04_LM04_LL05/lognormal_lambda3.0x_cv3/lognormal_lambda3.0x_cv3.png"
}