{
  "PPR": 4.585858585858586,
  "TPI": 0.38583126344437446,
  "OV_block_step": 20712359,
  "OV_frac": 0.41440513466112744,
  "GE2_frac": 0.1595141604173847,
  "peak_blocks": 2724,
  "peak_step": 77435,
  "gpu_blocks": 594,
  "total_steps": 84143,
  "type1_count": 126,
  "type2_count": 38,
  "plot_path": "traces/requests_types_32k/all_traces_arrival_rate_CV/SS01_SM18_SL11_MS32_MM14_ML02_LS14_LM07_LL01/lognormal_lambda1.5x_cv5/lognormal_lambda1.5x_cv5.png"
}