{
  "PPR": 1.7353515625,
  "TPI": 0.13513513513513514,
  "OV_block_step": 2919136,
  "OV_frac": 0.03914962027576357,
  "GE2_frac": 0.0,
  "peak_blocks": 1777,
  "peak_step": 43342,
  "gpu_blocks": 1024,
  "total_steps": 72816,
  "type1_count": 41,
  "type2_count": 25,
  "plot_path": "traces/request_types/all_traces/SS11_SM11_SL11_MS11_MM11_ML11_LS11_LM11_LL11/bim50/bim50_vl_ov6.png"
}