{
  "PPR": 2.1358173076923075,
  "TPI": 0.21934739617666446,
  "OV_block_step": 5316439,
  "OV_frac": 0.0877547616067052,
  "GE2_frac": 0.006276093166337069,
  "peak_blocks": 1777,
  "peak_step": 43342,
  "gpu_blocks": 832,
  "total_steps": 72816,
  "type1_count": 53,
  "type2_count": 36,
  "plot_path": "traces/request_types/all_traces/SS11_SM11_SL11_MS11_MM11_ML11_LS11_LM11_LL11/bim50/bim50_lo_ov12.png"
}