{
  "PPR": 3.118150684931507,
  "TPI": 0.13910947539483656,
  "OV_block_step": 7599027,
  "OV_frac": 0.08884783878955416,
  "GE2_frac": 0.023591186250879123,
  "peak_blocks": 1821,
  "peak_step": 50765,
  "gpu_blocks": 584,
  "total_steps": 146453,
  "type1_count": 65,
  "type2_count": 38,
  "plot_path": "traces/requests_types_32k/all_traces_arrival_rate_CV/SS15_SM02_SL11_MS22_MM03_ML32_LS00_LM00_LL14/lognormal_lambda1.2x_cv6/lognormal_lambda1.2x_cv6.png"
}