{
  "PPR": 4.686084142394822,
  "TPI": 0.6644844517184942,
  "OV_block_step": 9989384,
  "OV_frac": 0.5398995216919494,
  "GE2_frac": 0.17983232572898225,
  "peak_blocks": 2896,
  "peak_step": 13703,
  "gpu_blocks": 618,
  "total_steps": 29939,
  "type1_count": 59,
  "type2_count": 40,
  "plot_path": "traces/requests_types_32k/all_traces_arrival_rate_CV/SS00_SM00_SL00_MS00_MM00_ML00_LS33_LM66_LL01/lognormal_lambda4.5x_cv2/lognormal_lambda4.5x_cv2.png"
}