{
  "PPR": 3.9030745179781134,
  "TPI": 0.6477505380859888,
  "OV_block_step": 177783715,
  "OV_frac": 0.8105756815434425,
  "GE2_frac": 0.417580975379285,
  "peak_blocks": 22470,
  "peak_step": 22441,
  "gpu_blocks": 5757,
  "total_steps": 38098,
  "type1_count": 17,
  "type2_count": 11,
  "plot_path": "traces/SS00_SL00_LS50_LL50/per05/per05_hi_ov81.png"
}