{
  "batch_size": 4,
  "max_model_len": 32384,
  "num_gpu_blocks_override": 12254,
  "arrival_pattern": "PeriodicArrival(interval=236)",
  "vocab": [200, 30000],
  "requests": {
    "request_0": {"category": "LL_I3264-4912_O13104-19648", "input_length": 4588, "output_length": 15652, "arrival_time": 0, "sched_time": 0, "wait_time": 0, "slo": 0.06979489530788237},
    "request_1": {"category": "LS_I3264-4912_O1632-2448", "input_length": 3367, "output_length": 2047, "arrival_time": 0, "sched_time": 0, "wait_time": 0, "slo": 0.05494305087573631},
    "request_2": {"category": "LS_I6544-9824_O400-608", "input_length": 9173, "output_length": 414, "arrival_time": 0, "sched_time": 0, "wait_time": 0, "slo": 0.059123325178673414},
    "request_3": {"category": "LL_I13104-19648_O3264-4912", "input_length": 14851, "output_length": 3720, "arrival_time": 0, "sched_time": 0, "wait_time": 0, "slo": 0.06812298593534413},
    "request_4": {"category": "LS_I3264-4912_O1632-2448", "input_length": 3641, "output_length": 1965, "arrival_time": 944, "sched_time": 944, "wait_time": 0, "slo": 0.05513538556688511},
    "request_5": {"category": "LL_I3264-4912_O3264-4912", "input_length": 4759, "output_length": 4146, "arrival_time": 1180, "sched_time": 2048, "wait_time": 868, "slo": 0.05844013632782197},
    "request_6": {"category": "LL_I3264-4912_O3264-4912", "input_length": 3443, "output_length": 3278, "arrival_time": 1416, "sched_time": 2910, "wait_time": 1494, "slo": 0.05625232921600441},
    "request_7": {"category": "LL_I3264-4912_O3264-4912", "input_length": 3343, "output_length": 4755, "arrival_time": 1652, "sched_time": 3721, "wait_time": 2069, "slo": 0.05763172957908718},
    "request_8": {"category": "SL_I1632-2448_O6544-9824", "input_length": 1669, "output_length": 9048, "arrival_time": 1888, "sched_time": 6189, "wait_time": 4301, "slo": 0.06025529497553872},
    "request_9": {"category": "LS_I6544-9824_O816-1216", "input_length": 7439, "output_length": 1018, "arrival_time": 2124, "sched_time": 6195, "wait_time": 4071, "slo": 0.05799135538180811},
    "request_10": {"category": "LS_I6544-9824_O400-608", "input_length": 7803, "output_length": 492, "arrival_time": 2360, "sched_time": 7214, "wait_time": 4854, "slo": 0.05782907298615131},
    "request_11": {"category": "LS_I6544-9824_O816-1216", "input_length": 7326, "output_length": 999, "arrival_time": 2596, "sched_time": 7707, "wait_time": 5111, "slo": 0.05785912528164331},
    "request_12": {"category": "LL_I3264-4912_O3264-4912", "input_length": 4254, "output_length": 4910, "arrival_time": 2832, "sched_time": 8477, "wait_time": 5645, "slo": 0.05869958781223622},
    "request_13": {"category": "LL_I6544-9824_O6544-9824", "input_length": 7955, "output_length": 8317, "arrival_time": 3068, "sched_time": 8707, "wait_time": 5639, "slo": 0.06581997835747393},
    "request_14": {"category": "LS_I13104-19648_O816-1216", "input_length": 19055, "output_length": 938, "arrival_time": 3304, "sched_time": 13388, "wait_time": 10084, "slo": 0.0695474647416649},
    "request_15": {"category": "LS_I13104-19648_O816-1216", "input_length": 15405, "output_length": 905, "arrival_time": 3540, "sched_time": 14327, "wait_time": 10787, "slo": 0.06585804459843045},
    "request_16": {"category": "LS_I6544-9824_O192-304", "input_length": 7381, "output_length": 211, "arrival_time": 3776, "sched_time": 15233, "wait_time": 11457, "slo": 0.05712484752845546},
    "request_17": {"category": "LS_I6544-9824_O1632-2448", "input_length": 7807, "output_length": 2183, "arrival_time": 3989, "sched_time": 15238, "wait_time": 11249, "slo": 0.05952702768144927},
    "request_18": {"category": "LS_I13104-19648_O400-608", "input_length": 13582, "output_length": 544, "arrival_time": 4248, "sched_time": 15445, "wait_time": 11197, "slo": 0.06367023748661291},
    "request_19": {"category": "LS_I3264-4912_O400-608", "input_length": 3478, "output_length": 467, "arrival_time": 4484, "sched_time": 15653, "wait_time": 11169, "slo": 0.053471490139811416},
    "request_20": {"category": "LS_I3264-4912_O400-608", "input_length": 4854, "output_length": 571, "arrival_time": 4720, "sched_time": 15990, "wait_time": 11270, "slo": 0.054954070050750044},
    "request_21": {"category": "LL_I6544-9824_O6544-9824", "input_length": 7700, "output_length": 6731, "arrival_time": 4956, "sched_time": 16121, "wait_time": 11165, "slo": 0.06397576915744824},
    "request_22": {"category": "LL_I13104-19648_O6544-9824", "input_length": 17562, "output_length": 7133, "arrival_time": 5192, "sched_time": 16562, "wait_time": 11370, "slo": 0.07425766118844426},
    "request_23": {"category": "LL_I3264-4912_O13104-19648", "input_length": 4157, "output_length": 16261, "arrival_time": 5428, "sched_time": 17025, "wait_time": 11597, "slo": 0.06997320559446824},
    "request_24": {"category": "LS_I13104-19648_O816-1216", "input_length": 17490, "output_length": 1203, "arrival_time": 5664, "sched_time": 17422, "wait_time": 11758, "slo": 0.06824519860367827},
    "request_25": {"category": "LL_I13104-19648_O6544-9824", "input_length": 13502, "output_length": 6610, "arrival_time": 5900, "sched_time": 18626, "wait_time": 12726, "slo": 0.06966667218044983},
    "request_26": {"category": "LL_I6544-9824_O13104-19648", "input_length": 7810, "output_length": 17467, "arrival_time": 6136, "sched_time": 22853, "wait_time": 16717, "slo": 0.07484067572098904},
    "request_27": {"category": "SL_I1632-2448_O6544-9824", "input_length": 2252, "output_length": 8405, "arrival_time": 6372, "sched_time": 23696, "wait_time": 17324, "slo": 0.060195190384554724},
    "request_28": {"category": "LS_I3264-4912_O400-608", "input_length": 4833, "output_length": 494, "arrival_time": 6608, "sched_time": 25237, "wait_time": 18629, "slo": 0.05485589921880951},
    "request_29": {"category": "LS_I13104-19648_O816-1216", "input_length": 15756, "output_length": 1009, "arrival_time": 6844, "sched_time": 25732, "wait_time": 18888, "slo": 0.06631383774672578},
    "request_30": {"category": "LS_I13104-19648_O1632-2448", "input_length": 15174, "output_length": 2292, "arrival_time": 7080, "sched_time": 26742, "wait_time": 19662, "slo": 0.06701605971805549},
    "request_31": {"category": "LS_I13104-19648_O1632-2448", "input_length": 17816, "output_length": 2102, "arrival_time": 7316, "sched_time": 29035, "wait_time": 21719, "slo": 0.0694723340029349},
    "request_32": {"category": "LL_I13104-19648_O3264-4912", "input_length": 14647, "output_length": 3447, "arrival_time": 7552, "sched_time": 31138, "wait_time": 23586, "slo": 0.06764515443702135},
    "request_33": {"category": "LL_I6544-9824_O6544-9824", "input_length": 7730, "output_length": 7190, "arrival_time": 7788, "sched_time": 32102, "wait_time": 24314, "slo": 0.06446562157396782},
    "request_34": {"category": "LL_I3264-4912_O6544-9824", "input_length": 3409, "output_length": 6758, "arrival_time": 8024, "sched_time": 33287, "wait_time": 25263, "slo": 0.059704336224852064},
    "request_35": {"category": "SL_I816-1216_O13104-19648", "input_length": 1003, "output_length": 18330, "arrival_time": 8260, "sched_time": 34586, "wait_time": 26326, "slo": 0.06888631424084092},
    "request_36": {"category": "SL_I1632-2448_O13104-19648", "input_length": 1835, "output_length": 17111, "arrival_time": 8496, "sched_time": 39293, "wait_time": 30797, "slo": 0.06849863962899413},
    "request_37": {"category": "SL_I816-1216_O13104-19648", "input_length": 1120, "output_length": 15801, "arrival_time": 8732, "sched_time": 40046, "wait_time": 31314, "slo": 0.06647010968328418},
    "request_38": {"category": "LL_I13104-19648_O6544-9824", "input_length": 18713, "output_length": 8443, "arrival_time": 8968, "sched_time": 40321, "wait_time": 31353, "slo": 0.07672295116197127},
    "request_39": {"category": "LS_I13104-19648_O1632-2448", "input_length": 19055, "output_length": 2443, "arrival_time": 9204, "sched_time": 48765, "wait_time": 39561, "slo": 0.07105508823218021},