{
  "PPR": 5.565656565656566,
  "TPI": 0.3750860627520409,
  "OV_block_step": 8977207,
  "OV_frac": 0.7432449639836283,
  "GE2_frac": 0.2874987705321137,
  "peak_blocks": 1653,
  "peak_step": 9491,
  "gpu_blocks": 297,
  "total_steps": 40668,
  "type1_count": 38,
  "type2_count": 24,
  "plot_path": "traces/requests_types_16k/all_traces_arrival_rate_CV/SS06_SM02_SL13_MS06_MM04_ML06_LS51_LM09_LL05/lognormal_lambda2.5x_cv5/lognormal_lambda2.5x_cv5.png"
}