{
  "PPR": 2.887987012987013,
  "TPI": 0.517051045141472,
  "OV_block_step": 7460341,
  "OV_frac": 0.290646360167467,
  "GE2_frac": 0.10091434879646739,
  "peak_blocks": 1779,
  "peak_step": 20773,
  "gpu_blocks": 616,
  "total_steps": 41669,
  "type1_count": 106,
  "type2_count": 46,
  "plot_path": "traces/requests_types_32k/all_traces_arrival_rate_CV/SS18_SM08_SL17_MS21_MM06_ML10_LS10_LM03_LL07/lognormal_lambda4.0x_cv2/lognormal_lambda4.0x_cv2.png"
}