{
  "PPR": 3.4276315789473686,
  "TPI": 0.6470064148253742,
  "OV_block_step": 405346,
  "OV_frac": 0.4751870990734141,
  "GE2_frac": 0.19066286528866713,
  "peak_blocks": 521,
  "peak_step": 2643,
  "gpu_blocks": 152,
  "total_steps": 5612,
  "type1_count": 60,
  "type2_count": 35,
  "plot_path": "traces/requests_types_8k/all_traces_arrival_rate_CV/SS07_SM02_SL09_MS02_MM02_ML07_LS02_LM57_LL10/lognormal_lambda4.5x_cv1/lognormal_lambda4.5x_cv1.png"
}