{
  "PPR": 2.4482758620689653,
  "TPI": 0.5779230888992682,
  "OV_block_step": 360929,
  "OV_frac": 0.2152996624320047,
  "GE2_frac": 0.07208469562509731,
  "peak_blocks": 639,
  "peak_step": 729,
  "gpu_blocks": 261,
  "total_steps": 6423,
  "type1_count": 65,
  "type2_count": 43,
  "plot_path": "traces/requests_types_16k/all_traces_arrival_rate_CV/SS06_SM63_SL03_MS03_MM03_ML06_LS03_LM09_LL04/lognormal_lambda2.5x_cv7/lognormal_lambda2.5x_cv7.png"
}