{
  "PPR": 2.444602272727273,
  "TPI": 0.29389507662558145,
  "OV_block_step": 12693121,
  "OV_frac": 0.13726372005553392,
  "GE2_frac": 0.021918037654259894,
  "peak_blocks": 1721,
  "peak_step": 64864,
  "gpu_blocks": 704,
  "total_steps": 131353,
  "type1_count": 114,
  "type2_count": 57,
  "plot_path": "traces/request_types/all_traces/SS62_SL37_LS00_LL00/bim50/bim50_lo_ov13.png"
}