{
  "PPR": 5.378125,
  "TPI": 0.5867014837879607,
  "OV_block_step": 34012121,
  "OV_frac": 0.8091773931695507,
  "GE2_frac": 0.33177011564258146,
  "peak_blocks": 1721,
  "peak_step": 64864,
  "gpu_blocks": 320,
  "total_steps": 131353,
  "type1_count": 147,
  "type2_count": 69,
  "plot_path": "traces/request_types/all_traces/SS62_SL37_LS00_LL00/bim50/bim50_hi_ov80.png"
}