{
  "PPR": 2.9878472222222223,
  "TPI": 0.36487937085563327,
  "OV_block_step": 18253605,
  "OV_frac": 0.24126046956166464,
  "GE2_frac": 0.084314785349402,
  "peak_blocks": 1721,
  "peak_step": 64864,
  "gpu_blocks": 576,
  "total_steps": 131353,
  "type1_count": 133,
  "type2_count": 49,
  "plot_path": "traces/request_types/all_traces/SS62_SL37_LS00_LL00/bim50/bim50_ml_ov23.png"
}