{
  "PPR": 3.7729083665338647,
  "TPI": 0.3562876946619858,
  "OV_block_step": 892607,
  "OV_frac": 0.3201191094833915,
  "GE2_frac": 0.1327752272931857,
  "peak_blocks": 947,
  "peak_step": 6865,
  "gpu_blocks": 251,
  "total_steps": 11109,
  "type1_count": 40,
  "type2_count": 31,
  "plot_path": "traces/requests_types_16k/all_traces_arrival_rate_CV/SS15_SM17_SL08_MS09_MM06_ML17_LS06_LM14_LL09/lognormal_lambda2.5x_cv3/lognormal_lambda2.5x_cv3.png"
}