{
  "PPR": 1.8597793805685192,
  "TPI": 0.6646083147842321,
  "OV_block_step": 33383343,
  "OV_frac": 0.25424514893541966,
  "GE2_frac": 0.0,
  "peak_blocks": 8767,
  "peak_step": 18006,
  "gpu_blocks": 4714,
  "total_steps": 27854,
  "type1_count": 61,
  "type2_count": 19,
  "plot_path": "traces/SS32_SL30_LS30_LL05/poi05/poi05_md_ov26.png"
}