{
  "PPR": 3.8067978533094813,
  "TPI": 0.6526692899512538,
  "OV_block_step": 4796940,
  "OV_frac": 0.5039812071598796,
  "GE2_frac": 0.18693839196570153,
  "peak_blocks": 2128,
  "peak_step": 9115,
  "gpu_blocks": 559,
  "total_steps": 17027,
  "type1_count": 63,
  "type2_count": 34,
  "plot_path": "traces/requests_types_32k/all_traces_arrival_rate_CV/SS06_SM63_SL03_MS03_MM03_ML06_LS03_LM09_LL04/lognormal_lambda3.5x_cv3/lognormal_lambda3.5x_cv3.png"
}