{
  "PPR": 2.611111111111111,
  "TPI": 0.09451625047057348,
  "OV_block_step": 616260,
  "OV_frac": 0.05370289036683817,
  "GE2_frac": 0.020554649265905382,
  "peak_blocks": 752,
  "peak_step": 20676,
  "gpu_blocks": 288,
  "total_steps": 39845,
  "type1_count": 28,
  "type2_count": 27,
  "plot_path": "traces/requests_types_16k/all_traces_arrival_rate_CV/SS15_SM13_SL18_MS00_MM19_ML17_LS06_LM03_LL09/lognormal_lambda1.5x_cv4/lognormal_lambda1.5x_cv4.png"
}