{
  "PPR": 5.303149606299213,
  "TPI": 0.7000767067246229,
  "OV_block_step": 2368655,
  "OV_frac": 1.192203194301556,
  "GE2_frac": 0.4250830989516748,
  "peak_blocks": 1347,
  "peak_step": 5677,
  "gpu_blocks": 254,
  "total_steps": 7822,
  "type1_count": 28,
  "type2_count": 20,
  "plot_path": "traces/requests_types_16k/all_traces_arrival_rate_CV/SS03_SM42_SL05_MS03_MM05_ML25_LS13_LM02_LL00/lognormal_lambda5.0x_cv1/lognormal_lambda5.0x_cv1.png"
}