{
  "PPR": 3.6013986013986012,
  "TPI": 0.2282034484200549,
  "OV_block_step": 6883110,
  "OV_frac": 0.1677293825308266,
  "GE2_frac": 0.06732364133086155,
  "peak_blocks": 2060,
  "peak_step": 9790,
  "gpu_blocks": 572,
  "total_steps": 71743,
  "type1_count": 47,
  "type2_count": 25,
  "plot_path": "traces/requests_types_32k/all_traces_arrival_rate_CV/SS18_SM04_SL04_MS07_MM51_ML04_LS07_LM02_LL03/lognormal_lambda2.0x_cv5/lognormal_lambda2.0x_cv5.png"
}