{
  "PPR": 3.1916058394160585,
  "TPI": 0.3957177340982476,
  "OV_block_step": 5520239,
  "OV_frac": 0.3157913675073447,
  "GE2_frac": 0.14094485720555502,
  "peak_blocks": 1749,
  "peak_step": 29763,
  "gpu_blocks": 548,
  "total_steps": 31899,
  "type1_count": 56,
  "type2_count": 38,
  "plot_path": "traces/requests_types_32k/all_traces_arrival_rate_CV/SS05_SM22_SL01_MS13_MM01_ML37_LS03_LM03_LL15/lognormal_lambda3.5x_cv6/lognormal_lambda3.5x_cv6.png"
}