{
  "PPR": 3.1901408450704225,
  "TPI": 0.2504130280859098,
  "OV_block_step": 339243,
  "OV_frac": 0.18795021723449026,
  "GE2_frac": 0.06891668633467075,
  "peak_blocks": 453,
  "peak_step": 7617,
  "gpu_blocks": 142,
  "total_steps": 12711,
  "type1_count": 52,
  "type2_count": 36,
  "plot_path": "traces/requests_types_8k/all_traces_arrival_rate_CV/SS09_SM11_SL08_MS09_MM08_ML09_LS18_LM23_LL05/lognormal_lambda2.5x_cv4/lognormal_lambda2.5x_cv4.png"
}