{
  "PPR": 3.420138888888889,
  "TPI": 0.3317588401233353,
  "OV_block_step": 1971033,
  "OV_frac": 0.22449204826259048,
  "GE2_frac": 0.08544905858426818,
  "peak_blocks": 985,
  "peak_step": 29668,
  "gpu_blocks": 288,
  "total_steps": 30486,
  "type1_count": 87,
  "type2_count": 39,
  "plot_path": "traces/requests_types_16k/all_traces_arrival_rate_CV/SS09_SM11_SL08_MS09_MM08_ML09_LS18_LM23_LL05/lognormal_lambda3.0x_cv1/lognormal_lambda3.0x_cv1.png"
}