{
  "PPR": 2.7382234602290314,
  "TPI": 0.6740052028133732,
  "OV_block_step": 196024530,
  "OV_frac": 0.5845450016339865,
  "GE2_frac": 0.3026303112053184,
  "peak_blocks": 44236,
  "peak_step": 4354,
  "gpu_blocks": 16155,
  "total_steps": 20758,
  "type1_count": 22,
  "type2_count": 10,
  "plot_path": "traces/request_types/SS06_SL07_LS05_LL80/bim05/bim05_mh_ov58.png"
}