{
  "PPR": 4.593080724876441,
  "TPI": 0.4221238306077269,
  "OV_block_step": 10972958,
  "OV_frac": 0.4303211404883311,
  "GE2_frac": 0.19614844438096599,
  "peak_blocks": 2788,
  "peak_step": 26928,
  "gpu_blocks": 607,
  "total_steps": 42009,
  "type1_count": 47,
  "type2_count": 21,
  "plot_path": "traces/requests_types_32k/all_traces_arrival_rate_CV/SS07_SM08_SL06_MS09_MM09_ML09_LS07_LM08_LL38/lognormal_lambda2.5x_cv1/lognormal_lambda2.5x_cv1.png"
}