{
  "PPR": 3.644453004622496,
  "TPI": 0.5934242128322205,
  "OV_block_step": 264133744,
  "OV_frac": 0.6713454730570739,
  "GE2_frac": 0.3346815698487688,
  "peak_blocks": 9461,
  "peak_step": 70288,
  "gpu_blocks": 2596,
  "total_steps": 151556,
  "type1_count": 47,
  "type2_count": 25,
  "plot_path": "traces/requests_types_128k/all_traces_arrival_rate_CV/SS19_SM26_SL11_MS14_MM09_ML02_LS10_LM01_LL08/lognormal_lambda4.0x_cv1/lognormal_lambda4.0x_cv1.png"
}