{
  "PPR": 2.7555555555555555,
  "TPI": 0.10861942428443284,
  "OV_block_step": 109078,
  "OV_frac": 0.06588805228616042,
  "GE2_frac": 0.026991763842452908,
  "peak_blocks": 372,
  "peak_step": 1601,
  "gpu_blocks": 135,
  "total_steps": 12263,
  "type1_count": 17,
  "type2_count": 17,
  "plot_path": "traces/requests_types_8k/all_traces_arrival_rate_CV/SS15_SM13_SL18_MS00_MM19_ML17_LS06_LM03_LL09/lognormal_lambda1.0x_cv4/lognormal_lambda1.0x_cv4.png"
}