{
  "PPR": 2.2312925170068025,
  "TPI": 0.3307168526574617,
  "OV_block_step": 215906,
  "OV_frac": 0.13890186299600227,
  "GE2_frac": 0.01948174768299603,
  "peak_blocks": 328,
  "peak_step": 5940,
  "gpu_blocks": 147,
  "total_steps": 10574,
  "type1_count": 71,
  "type2_count": 42,
  "plot_path": "traces/requests_types_8k/all_traces_arrival_rate_CV/SS19_SM26_SL11_MS14_MM09_ML02_LS10_LM01_LL08/lognormal_lambda1.0x_cv7/lognormal_lambda1.0x_cv7.png"
}