{
  "PPR": 5.2218045112781954,
  "TPI": 0.7668905271662291,
  "OV_block_step": 165331593,
  "OV_frac": 1.4265881596584324,
  "GE2_frac": 0.5159816198747728,
  "peak_blocks": 15279,
  "peak_step": 20670,
  "gpu_blocks": 2926,
  "total_steps": 39608,
  "type1_count": 17,
  "type2_count": 11,
  "plot_path": "traces/SS12_SL06_LS43_LL37/poi05/poi05_sv_ov1p4.png"
}