{
  "PPR": 2.166079812206573,
  "TPI": 0.2898413116660685,
  "OV_block_step": 39082962,
  "OV_frac": 0.10419917845227893,
  "GE2_frac": 0.009204195950335503,
  "peak_blocks": 3691,
  "peak_step": 76753,
  "gpu_blocks": 1704,
  "total_steps": 220117,
  "type1_count": 72,
  "type2_count": 67,
  "plot_path": "traces/requests_types_64k/all_traces_arrival_rate_CV/SS01_SM18_SL11_MS32_MM14_ML02_LS14_LM07_LL01/lognormal_lambda1.5x_cv1/lognormal_lambda1.5x_cv1.png"
}