{
  "PPR": 8.016363636363636,
  "TPI": 0.708099173553719,
  "OV_block_step": 2983754,
  "OV_frac": 1.793390833959429,
  "GE2_frac": 0.5223140495867769,
  "peak_blocks": 4409,
  "peak_step": 2716,
  "gpu_blocks": 550,
  "total_steps": 3025,
  "type1_count": 14,
  "type2_count": 16,
  "plot_path": "traces/requests_types_32k/all_traces_arrival_rate_CV/SS00_SM00_SL00_MS00_MM00_ML00_LS00_LM99_LL01/lognormal_lambda4.0x_cv2/lognormal_lambda4.0x_cv2.png"
}