{
  "PPR": 4.42560553633218,
  "TPI": 0.7352630187681735,
  "OV_block_step": 2713940,
  "OV_frac": 0.6205918482521058,
  "GE2_frac": 0.1950832672482157,
  "peak_blocks": 1279,
  "peak_step": 4288,
  "gpu_blocks": 289,
  "total_steps": 15132,
  "type1_count": 67,
  "type2_count": 27,
  "plot_path": "traces/requests_types_16k/all_traces_arrival_rate_CV/SS19_SM26_SL11_MS14_MM09_ML02_LS10_LM01_LL08/lognormal_lambda4.0x_cv5/lognormal_lambda4.0x_cv5.png"
}