{
  "PPR": 2.978805394990366,
  "TPI": 0.33284249009850714,
  "OV_block_step": 4480029,
  "OV_frac": 0.21915406881354083,
  "GE2_frac": 0.0760129988829085,
  "peak_blocks": 1546,
  "peak_step": 30495,
  "gpu_blocks": 519,
  "total_steps": 39388,
  "type1_count": 47,
  "type2_count": 16,
  "plot_path": "traces/requests_types_32k/all_traces_arrival_rate_CV/SS06_SM27_SL20_MS09_MM11_ML01_LS04_LM12_LL10/lognormal_lambda3.0x_cv4/lognormal_lambda3.0x_cv4.png"
}