{
  "PPR": 5.695121951219512,
  "TPI": 0.6882251082251082,
  "OV_block_step": 1843996,
  "OV_frac": 0.9734959349593496,
  "GE2_frac": 0.4175757575757576,
  "peak_blocks": 934,
  "peak_step": 4055,
  "gpu_blocks": 164,
  "total_steps": 11550,
  "type1_count": 55,
  "type2_count": 44,
  "plot_path": "traces/requests_types_8k/all_traces_arrival_rate_CV/SS00_SM00_SL00_MS00_MM00_ML00_LS33_LM00_LL67/lognormal_lambda4.0x_cv1/lognormal_lambda4.0x_cv1.png"
}