{
  "PPR": 2.5377588306942753,
  "TPI": 0.6856877491844872,
  "OV_block_step": 125039408,
  "OV_frac": 0.5750171770179814,
  "GE2_frac": 0.2453561072852483,
  "peak_blocks": 12501,
  "peak_step": 19399,
  "gpu_blocks": 4926,
  "total_steps": 44144,
  "type1_count": 49,
  "type2_count": 13,
  "plot_path": "traces/request_types/SS10_SL16_LS51_LL22/per05/per05_mh_ov58.png"
}