{
  "PPR": 3.5555555555555554,
  "TPI": 0.4472790762112376,
  "OV_block_step": 121654840,
  "OV_frac": 0.35254051831994837,
  "GE2_frac": 0.15650527960367086,
  "peak_blocks": 4096,
  "peak_step": 151689,
  "gpu_blocks": 1152,
  "total_steps": 299549,
  "type1_count": 178,
  "type2_count": 103,
  "plot_path": "traces/request_types/all_traces/SS00_SL50_LS00_LL50/bim50/bim50_md_ov36.png"
}