{
  "PPR": 5.196327683615819,
  "TPI": 0.7295689848651918,
  "OV_block_step": 611193158,
  "OV_frac": 1.0529805768942713,
  "GE2_frac": 0.44164658125079287,
  "peak_blocks": 14716,
  "peak_step": 98030,
  "gpu_blocks": 2832,
  "total_steps": 204958,
  "type1_count": 42,
  "type2_count": 20,
  "plot_path": "traces/requests_types_128k/all_traces_arrival_rate_CV/SS06_SM03_SL09_MS03_MM03_ML06_LS03_LM03_LL64/lognormal_lambda3.5x_cv1/lognormal_lambda3.5x_cv1.png"
}