{
  "PPR": 3.4467640918580376,
  "TPI": 0.3731681321609379,
  "OV_block_step": 1930589,
  "OV_frac": 0.26848236094492534,
  "GE2_frac": 0.09419131361577404,
  "peak_blocks": 1651,
  "peak_step": 9452,
  "gpu_blocks": 479,
  "total_steps": 15012,
  "type1_count": 26,
  "type2_count": 13,
  "plot_path": "traces/requests_types_32k/all_traces_arrival_rate_CV/SS55_SM04_SL04_MS04_MM02_ML15_LS04_LM04_LL05/lognormal_lambda2.5x_cv2/lognormal_lambda2.5x_cv2.png"
}