{
  "PPR": 3.026315789473684,
  "TPI": 0.40562902935691225,
  "OV_block_step": 16266862,
  "OV_frac": 0.25328461566057414,
  "GE2_frac": 0.09315447169864907,
  "peak_blocks": 1840,
  "peak_step": 13972,
  "gpu_blocks": 608,
  "total_steps": 105631,
  "type1_count": 125,
  "type2_count": 51,
  "plot_path": "traces/requests_types_32k/all_traces_arrival_rate_CV/SS10_SM00_SL12_MS50_MM04_ML04_LS04_LM08_LL09/lognormal_lambda1.2x_cv4/lognormal_lambda1.2x_cv4.png"
}