{
  "PPR": 4.328125,
  "TPI": 0.723852365725435,
  "OV_block_step": 86638798,
  "OV_frac": 0.6114082428910809,
  "GE2_frac": 0.24410601051433525,
  "peak_blocks": 6648,
  "peak_step": 21472,
  "gpu_blocks": 1536,
  "total_steps": 92255,
  "type1_count": 65,
  "type2_count": 54,
  "plot_path": "traces/requests_types_48k/all_traces_arrival_rate_CV/SS00_SM00_SL00_MS00_MM00_ML00_LS00_LM33_LL67/lognormal_lambda2.5x_cv1/lognormal_lambda2.5x_cv1.png"
}