{
  "PPR": 1.7550689375506894,
  "TPI": 0.4684965322675444,
  "OV_block_step": 35233823,
  "OV_frac": 0.2099424573398883,
  "GE2_frac": 0.0,
  "peak_blocks": 8656,
  "peak_step": 19185,
  "gpu_blocks": 4932,
  "total_steps": 34028,
  "type1_count": 44,
  "type2_count": 12,
  "plot_path": "traces/request_types/SS25_SL00_LS75_LL00/tsa05/tsa05_ml_ov21.png"
}