{
  "PPR": 1.2975565882176585,
  "TPI": 0.342159398142706,
  "OV_block_step": 11899319,
  "OV_frac": 0.052419725520952816,
  "GE2_frac": 0.0,
  "peak_blocks": 8656,
  "peak_step": 19185,
  "gpu_blocks": 6671,
  "total_steps": 34028,
  "type1_count": 68,
  "type2_count": 39,
  "plot_path": "traces/request_types/SS25_SL00_LS75_LL00/tsa05/tsa05_vl_ov5.png"
}