{
  "PPR": 6.019672131147541,
  "TPI": 0.8223215364174418,
  "OV_block_step": 3720877,
  "OV_frac": 1.4735592126236834,
  "GE2_frac": 0.5306196400531465,
  "peak_blocks": 1836,
  "peak_step": 6430,
  "gpu_blocks": 305,
  "total_steps": 8279,
  "type1_count": 26,
  "type2_count": 18,
  "plot_path": "traces/requests_types_16k/all_traces_arrival_rate_CV/SS02_SM02_SL02_MS01_MM01_ML02_LS01_LM03_LL86/lognormal_lambda2.0x_cv7/lognormal_lambda2.0x_cv7.png"
}