{
  "PPR": 4.249084249084249,
  "TPI": 0.5283174638119874,
  "OV_block_step": 2511729,
  "OV_frac": 0.5063829890182469,
  "GE2_frac": 0.22032032582970995,
  "peak_blocks": 1160,
  "peak_step": 7933,
  "gpu_blocks": 273,
  "total_steps": 18169,
  "type1_count": 60,
  "type2_count": 24,
  "plot_path": "traces/requests_types_16k/all_traces_arrival_rate_CV/SS18_SM04_SL04_MS07_MM51_ML04_LS07_LM02_LL03/lognormal_lambda3.0x_cv1/lognormal_lambda3.0x_cv1.png"
}