{
  "PPR": 2.115833478488068,
  "TPI": 0.44946575130336036,
  "OV_block_step": 46994830,
  "OV_frac": 0.21126894417645153,
  "GE2_frac": 0.022428121612553555,
  "peak_blocks": 12147,
  "peak_step": 17787,
  "gpu_blocks": 5741,
  "total_steps": 38746,
  "type1_count": 64,
  "type2_count": 25,
  "plot_path": "traces/request_types/SS12_SL38_LS27_LL21/per05/per05_ml_ov21.png"
}