{
  "PPR": 4.804428044280443,
  "TPI": 0.7109326744904262,
  "OV_block_step": 3006505,
  "OV_frac": 0.7613831851721853,
  "GE2_frac": 0.2820671196211653,
  "peak_blocks": 1302,
  "peak_step": 4694,
  "gpu_blocks": 271,
  "total_steps": 14571,
  "type1_count": 67,
  "type2_count": 32,
  "plot_path": "traces/requests_types_16k/all_traces_arrival_rate_CV/SS06_SM06_SL19_MS24_MM08_ML20_LS10_LM05_LL02/lognormal_lambda4.0x_cv6/lognormal_lambda4.0x_cv6.png"
}