{
  "PPR": 7.13125,
  "TPI": 0.38894157814871017,
  "OV_block_step": 890305,
  "OV_frac": 0.527732003983308,
  "GE2_frac": 0.2066578148710167,
  "peak_blocks": 1141,
  "peak_step": 4818,
  "gpu_blocks": 160,
  "total_steps": 10544,
  "type1_count": 30,
  "type2_count": 29,
  "plot_path": "traces/requests_types_8k/all_traces_arrival_rate_CV/SS02_SM02_SL02_MS01_MM01_ML02_LS01_LM03_LL86/lognormal_lambda2.0x_cv5/lognormal_lambda2.0x_cv5.png"
}