{
  "PPR": 2.9765765765765764,
  "TPI": 0.2473099809827618,
  "OV_block_step": 7837764,
  "OV_frac": 0.17326663759643332,
  "GE2_frac": 0.060229433777068894,
  "peak_blocks": 1652,
  "peak_step": 16959,
  "gpu_blocks": 555,
  "total_steps": 81505,
  "type1_count": 92,
  "type2_count": 35,
  "plot_path": "traces/requests_types_32k/all_traces_arrival_rate_CV/SS06_SM06_SL19_MS24_MM08_ML20_LS10_LM05_LL02/lognormal_lambda3.0x_cv4/lognormal_lambda3.0x_cv4.png"
}