{
  "PPR": 2.7369791666666665,
  "TPI": 0.42924250261641544,
  "OV_block_step": 51895397,
  "OV_frac": 0.20321467691905554,
  "GE2_frac": 0.04011837024383789,
  "peak_blocks": 4204,
  "peak_step": 38921,
  "gpu_blocks": 1536,
  "total_steps": 166258,
  "type1_count": 107,
  "type2_count": 72,
  "plot_path": "traces/requests_types_48k/all_traces_arrival_rate_CV/SS06_SM01_SL07_MS08_MM02_ML49_LS05_LM19_LL03/lognormal_lambda2.0x_cv1/lognormal_lambda2.0x_cv1.png"
}