{
  "PPR": 2.8168781025923884,
  "TPI": 0.6618090558238606,
  "OV_block_step": 236897971,
  "OV_frac": 0.5511368621229762,
  "GE2_frac": 0.2699031992745218,
  "peak_blocks": 25535,
  "peak_step": 17560,
  "gpu_blocks": 9065,
  "total_steps": 47417,
  "type1_count": 42,
  "type2_count": 15,
  "plot_path": "traces/request_types/SS08_SL00_LS08_LL83/uni05/uni05_mh_ov56.png"
}