{
  "PPR": 2.9523809523809526,
  "TPI": 0.05456874963601421,
  "OV_block_step": 125807,
  "OV_frac": 0.02492079471122209,
  "GE2_frac": 0.005037563333527459,
  "peak_blocks": 434,
  "peak_step": 6777,
  "gpu_blocks": 147,
  "total_steps": 34342,
  "type1_count": 31,
  "type2_count": 13,
  "plot_path": "traces/requests_types_8k/all_traces_arrival_rate_CV/SS04_SM15_SL55_MS02_MM04_ML04_LS04_LM04_LL05/lognormal_lambda1.0x_cv2/lognormal_lambda1.0x_cv2.png"
}