{
  "PPR": 3.491582491582492,
  "TPI": 0.4286445488809269,
  "OV_block_step": 2528937,
  "OV_frac": 0.3962095479009536,
  "GE2_frac": 0.19445349215950863,
  "peak_blocks": 1037,
  "peak_step": 17336,
  "gpu_blocks": 297,
  "total_steps": 21491,
  "type1_count": 54,
  "type2_count": 22,
  "plot_path": "traces/requests_types_16k/all_traces_arrival_rate_CV/SS14_SM21_SL27_MS03_MM10_ML05_LS17_LM02_LL01/lognormal_lambda2.0x_cv5/lognormal_lambda2.0x_cv5.png"
}