{
  "PPR": 4.625668449197861,
  "TPI": 0.2043051840529869,
  "OV_block_step": 8880723,
  "OV_frac": 0.20163247707809284,
  "GE2_frac": 0.062157686918863836,
  "peak_blocks": 2595,
  "peak_step": 31119,
  "gpu_blocks": 561,
  "total_steps": 78510,
  "type1_count": 57,
  "type2_count": 33,
  "plot_path": "traces/requests_types_32k/all_traces_arrival_rate_CV/SS11_SM11_SL11_MS11_MM11_ML11_LS11_LM11_LL11/lognormal_lambda1.2x_cv7/lognormal_lambda1.2x_cv7.png"
}