{
  "PPR": 2.3345170454545454,
  "TPI": 0.21606820111926486,
  "OV_block_step": 20222696,
  "OV_frac": 0.07818908949367816,
  "GE2_frac": 0.010441391024105568,
  "peak_blocks": 3287,
  "peak_step": 5564,
  "gpu_blocks": 1408,
  "total_steps": 183692,
  "type1_count": 95,
  "type2_count": 48,
  "plot_path": "traces/request_types/all_traces/SS28_SL29_LS27_LL15/bim50/bim50_lo_ov12.png"
}