{
  "PPR": 3.5208333333333335,
  "TPI": 0.5455772556628844,
  "OV_block_step": 2735924,
  "OV_frac": 0.40071439284224536,
  "GE2_frac": 0.1510524317712068,
  "peak_blocks": 1014,
  "peak_step": 22751,
  "gpu_blocks": 288,
  "total_steps": 23707,
  "type1_count": 111,
  "type2_count": 43,
  "plot_path": "traces/requests_types_16k/all_traces_arrival_rate_CV/SS09_SM11_SL08_MS09_MM08_ML09_LS18_LM23_LL05/lognormal_lambda1.5x_cv7/lognormal_lambda1.5x_cv7.png"
}