{
  "PPR": 4.889067524115756,
  "TPI": 0.2412281427318897,
  "OV_block_step": 8491424,
  "OV_frac": 0.22584008129092267,
  "GE2_frac": 0.08102698142235604,
  "peak_blocks": 3041,
  "peak_step": 55618,
  "gpu_blocks": 622,
  "total_steps": 60449,
  "type1_count": 38,
  "type2_count": 39,
  "plot_path": "traces/requests_types_32k/all_traces_arrival_rate_CV/SS00_SM00_SL00_MS00_MM00_ML00_LS00_LM33_LL67/lognormal_lambda1.0x_cv7/lognormal_lambda1.0x_cv7.png"
}