{
  "PPR": 4.198198198198198,
  "TPI": 0.47804335742078935,
  "OV_block_step": 10337895,
  "OV_frac": 0.6090585566438165,
  "GE2_frac": 0.258509629532747,
  "peak_blocks": 2330,
  "peak_step": 10743,
  "gpu_blocks": 555,
  "total_steps": 30583,
  "type1_count": 38,
  "type2_count": 25,
  "plot_path": "traces/requests_types_32k/all_traces_arrival_rate_CV/SS06_SM06_SL19_MS24_MM08_ML20_LS10_LM05_LL02/lognormal_lambda4.0x_cv1/lognormal_lambda4.0x_cv1.png"
}