{
  "PPR": 2.324324324324324,
  "TPI": 0.1489540008690794,
  "OV_block_step": 397346,
  "OV_frac": 0.08333137594730493,
  "GE2_frac": 0.024706685703643927,
  "peak_blocks": 344,
  "peak_step": 17283,
  "gpu_blocks": 148,
  "total_steps": 32218,
  "type1_count": 57,
  "type2_count": 27,
  "plot_path": "traces/requests_types_8k/all_traces_arrival_rate_CV/SS01_SM18_SL11_MS32_MM14_ML02_LS14_LM07_LL01/lognormal_lambda1.0x_cv2/lognormal_lambda1.0x_cv2.png"
}