{
  "PPR": 3.731936725096195,
  "TPI": 0.8084149369816802,
  "OV_block_step": 149512179,
  "OV_frac": 1.497479511591821,
  "GE2_frac": 0.7009323900107763,
  "peak_blocks": 17458,
  "peak_step": 3218,
  "gpu_blocks": 4678,
  "total_steps": 21343,
  "type1_count": 22,
  "type2_count": 18,
  "plot_path": "traces/SS22_SL19_LS47_LL09/bim05/bim05_sv_ov1p5.png"
}