{
  "batch_size": 4,
  "max_model_len": 32384,
  "num_gpu_blocks_override": 6952,
  "arrival_pattern": "BimodalArrival(l1=0.0063373765795911126,l2=0.1,p=0.7,max=22542)",
  "vocab": [200, 30000],
  "requests": {
    "request_0": {"category": "LS_I3264-4912_O816-1216", "input_length": 4379, "output_length": 1063, "arrival_time": 0, "sched_time": 0, "wait_time": 0, "slo": 0.054971099684862176},
    "request_1": {"category": "SS_I192-304_O192-304", "input_length": 260, "output_length": 291, "arrival_time": 0, "sched_time": 0, "wait_time": 0, "slo": 0.050071573776483226},
    "request_2": {"category": "LS_I3264-4912_O400-608", "input_length": 4633, "output_length": 532, "arrival_time": 0, "sched_time": 0, "wait_time": 0, "slo": 0.05469361682315272},
    "request_3": {"category": "LS_I3264-4912_O400-608", "input_length": 4167, "output_length": 578, "arrival_time": 0, "sched_time": 0, "wait_time": 0, "slo": 0.054272884686264726},
    "request_4": {"category": "LS_I13104-19648_O192-304", "input_length": 18653, "output_length": 252, "arrival_time": 144, "sched_time": 292, "wait_time": 148, "slo": 0.0684575681584884},
    "request_5": {"category": "LS_I6544-9824_O400-608", "input_length": 9351, "output_length": 583, "arrival_time": 174, "sched_time": 533, "wait_time": 359, "slo": 0.059470930063197536},
    "request_6": {"category": "LL_I6544-9824_O13104-19648", "input_length": 8307, "output_length": 16894, "arrival_time": 183, "sched_time": 545, "wait_time": 362, "slo": 0.07476454323907598},
    "request_7": {"category": "SL_I816-1216_O6544-9824", "input_length": 1151, "output_length": 8544, "arrival_time": 212, "sched_time": 579, "wait_time": 367, "slo": 0.05923151344244461},
    "request_8": {"category": "LS_I6544-9824_O400-608", "input_length": 9180, "output_length": 577, "arrival_time": 338, "sched_time": 1064, "wait_time": 726, "slo": 0.05929362151979474},
    "request_9": {"category": "LS_I6544-9824_O1632-2448", "input_length": 8506, "output_length": 2044, "arrival_time": 384, "sched_time": 1117, "wait_time": 733, "slo": 0.060088003863966594},
    "request_10": {"category": "SS_I816-1216_O400-608", "input_length": 1154, "output_length": 499, "arrival_time": 400, "sched_time": 1642, "wait_time": 1242, "slo": 0.051175494764222666},
    "request_11": {"category": "SL_I1632-2448_O6544-9824", "input_length": 1708, "output_length": 9042, "arrival_time": 417, "sched_time": 2142, "wait_time": 1725, "slo": 0.06028835250057992},
    "request_12": {"category": "LS_I3264-4912_O400-608", "input_length": 4467, "output_length": 514, "arrival_time": 428, "sched_time": 3162, "wait_time": 2734, "slo": 0.054509296077468454},
    "request_13": {"category": "LS_I3264-4912_O816-1216", "input_length": 3617, "output_length": 1056, "arrival_time": 441, "sched_time": 3677, "wait_time": 3236, "slo": 0.05420075917708393},
    "request_14": {"category": "SL_I192-304_O13104-19648", "input_length": 275, "output_length": 15664, "arrival_time": 520, "sched_time": 4734, "wait_time": 4214, "slo": 0.06548639787751273},
    "request_15": {"category": "SS_I1632-2448_O816-1216", "input_length": 1713, "output_length": 835, "arrival_time": 538, "sched_time": 9124, "wait_time": 8586, "slo": 0.052072054913067316},
    "request_16": {"category": "LL_I6544-9824_O13104-19648", "input_length": 7574, "output_length": 17463, "arrival_time": 539, "sched_time": 9960, "wait_time": 9421, "slo": 0.07460025735705306},
    "request_17": {"category": "LL_I3264-4912_O6544-9824", "input_length": 4057, "output_length": 6661, "arrival_time": 551, "sched_time": 11185, "wait_time": 10634, "slo": 0.06025629671872179},
    "request_18": {"category": "LS_I6544-9824_O400-608", "input_length": 8353, "output_length": 509, "arrival_time": 672, "sched_time": 17440, "wait_time": 16768, "slo": 0.0583970613709501},
    "request_19": {"category": "SS_I400-608_O816-1216", "input_length": 482, "output_length": 999, "arrival_time": 734, "sched_time": 17847, "wait_time": 17113, "slo": 0.051003194936735205},
    "request_20": {"category": "SS_I816-1216_O400-608", "input_length": 1172, "output_length": 443, "arrival_time": 771, "sched_time": 17950, "wait_time": 17179, "slo": 0.05113742852326614},
    "request_21": {"category": "LS_I13104-19648_O816-1216", "input_length": 14801, "output_length": 1092, "arrival_time": 783, "sched_time": 18394, "wait_time": 17611, "slo": 0.06544031769109167},
    "request_22": {"category": "SS_I192-304_O1632-2448", "input_length": 249, "output_length": 1752, "arrival_time": 839, "sched_time": 18847, "wait_time": 18008, "slo": 0.05152410139192986},
    "request_23": {"category": "LS_I3264-4912_O192-304", "input_length": 4766, "output_length": 266, "arrival_time": 885, "sched_time": 19487, "wait_time": 18602, "slo": 0.05456038497980485},
    "request_24": {"category": "SL_I1632-2448_O13104-19648", "input_length": 2150, "output_length": 16127, "arrival_time": 909, "sched_time": 19754, "wait_time": 18845, "slo": 0.06782847343952254},
    "request_25": {"category": "SS_I1632-2448_O816-1216", "input_length": 1890, "output_length": 906, "arrival_time": 917, "sched_time": 20399, "wait_time": 19482, "slo": 0.05232048722246784},
    "request_26": {"category": "SL_I1632-2448_O6544-9824", "input_length": 1946, "output_length": 8927, "arrival_time": 1027, "sched_time": 20600, "wait_time": 19573, "slo": 0.06041156691209712},
    "request_27": {"category": "SS_I816-1216_O1632-2448", "input_length": 1098, "output_length": 2033, "arrival_time": 1090, "sched_time": 21306, "wait_time": 20216, "slo": 0.052656071188795166},
    "request_28": {"category": "LS_I3264-4912_O192-304", "input_length": 3438, "output_length": 288, "arrival_time": 1098, "sched_time": 23340, "wait_time": 22242, "slo": 0.05325210838271982},
    "request_29": {"category": "SL_I400-608_O6544-9824", "input_length": 484, "output_length": 8508, "arrival_time": 1168, "sched_time": 23629, "wait_time": 22461, "slo": 0.058527287984748766},
    "request_30": {"category": "SS_I816-1216_O816-1216", "input_length": 1183, "output_length": 1007, "arrival_time": 1227, "sched_time": 27424, "wait_time": 26197, "slo": 0.05171343085352945},
    "request_31": {"category": "SS_I816-1216_O192-304", "input_length": 1129, "output_length": 262, "arrival_time": 1295, "sched_time": 28432, "wait_time": 27137, "slo": 0.05091303805025921},
    "request_32": {"category": "SL_I816-1216_O3264-4912", "input_length": 1162, "output_length": 3508, "arrival_time": 1313, "sched_time": 28695, "wait_time": 27382, "slo": 0.05419775394753473},
    "request_33": {"category": "LS_I6544-9824_O1632-2448", "input_length": 9300, "output_length": 2152, "arrival_time": 1321, "sched_time": 29528, "wait_time": 28207, "slo": 0.060991576215092706},
    "request_34": {"category": "SS_I400-608_O400-608", "input_length": 469, "output_length": 600, "arrival_time": 1366, "sched_time": 31681, "wait_time": 30315, "slo": 0.050590476745311745},
    "request_35": {"category": "SS_I816-1216_O400-608", "input_length": 1017, "output_length": 576, "arrival_time": 1397, "sched_time": 32138, "wait_time": 30741, "slo": 0.05111539017323867},
    "request_36": {"category": "SL_I816-1216_O13104-19648", "input_length": 946, "output_length": 19332, "arrival_time": 1442, "sched_time": 32204, "wait_time": 30762, "slo": 0.06983296154883889},
    "request_37": {"category": "LS_I6544-9824_O816-1216", "input_length": 9799, "output_length": 1087, "arrival_time": 1460, "sched_time": 32282, "wait_time": 30822, "slo": 0.06042458957347698},
    "request_38": {"category": "LS_I6544-9824_O1632-2448", "input_length": 7761, "output_length": 2234, "arrival_time": 1510, "sched_time": 32715, "wait_time": 31205, "slo": 0.0595320363973646},
    "request_39": {"category": "SL_I1632-2448_O6544-9824", "input_length": 2058, "output_length": 7203, "arrival_time": 1545, "sched_time": 33370, "wait_time": 31825, "slo": 0.05879675690099369},
    "request_40": {"category": "LL_I13104-19648_O3264-4912", "input_length": 13560, "output_length": 4456,