{
  "PPR": 4.658181818181818,
  "TPI": 0.6490635482668654,
  "OV_block_step": 409550772,
  "OV_frac": 0.69384808728357,
  "GE2_frac": 0.2808935892657473,
  "peak_blocks": 12810,
  "peak_step": 65901,
  "gpu_blocks": 2750,
  "total_steps": 214640,
  "type1_count": 79,
  "type2_count": 26,
  "plot_path": "traces/requests_types_96k/all_traces_arrival_rate_CV/SS03_SM24_SL03_MS36_MM03_ML12_LS06_LM06_LL07/lognormal_lambda4.0x_cv1/lognormal_lambda4.0x_cv1.png"
}