{
  "PPR": 2.1091419547288996,
  "TPI": 0.7184637587252968,
  "OV_block_step": 71787463,
  "OV_frac": 0.3709981935899366,
  "GE2_frac": 0.023208552999734927,
  "peak_blocks": 12020,
  "peak_step": 22529,
  "gpu_blocks": 5699,
  "total_steps": 33953,
  "type1_count": 53,
  "type2_count": 15,
  "plot_path": "traces/request_types/SS25_SL25_LS25_LL25/uni05/uni05_md_ov37.png"
}