{
  "PPR": 6.631578947368421,
  "TPI": 0.7072450805008944,
  "OV_block_step": 6874824,
  "OV_frac": 2.02276857169758,
  "GE2_frac": 0.5985688729874776,
  "peak_blocks": 2016,
  "peak_step": 7355,
  "gpu_blocks": 304,
  "total_steps": 11180,
  "type1_count": 12,
  "type2_count": 7,
  "plot_path": "traces/requests_types_16k/all_traces_arrival_rate_CV/SS05_SM02_SL22_MS01_MM07_ML11_LS31_LM03_LL19/lognormal_lambda5.0x_cv5/lognormal_lambda5.0x_cv5.png"
}