{
  "PPR": 4.404169079328315,
  "TPI": 0.5496142932512014,
  "OV_block_step": 109249892,
  "OV_frac": 0.4510125756301362,
  "GE2_frac": 0.16281672869344513,
  "peak_blocks": 7606,
  "peak_step": 25021,
  "gpu_blocks": 1727,
  "total_steps": 140262,
  "type1_count": 80,
  "type2_count": 40,
  "plot_path": "traces/requests_types_64k/all_traces_arrival_rate_CV/SS10_SM00_SL12_MS50_MM04_ML04_LS04_LM08_LL09/lognormal_lambda3.0x_cv1/lognormal_lambda3.0x_cv1.png"
}