{
  "PPR": 4.313060179257362,
  "TPI": 0.6781162994192984,
  "OV_block_step": 84644317,
  "OV_frac": 0.8621383117516068,
  "GE2_frac": 0.34196165778378806,
  "peak_blocks": 6737,
  "peak_step": 17991,
  "gpu_blocks": 1562,
  "total_steps": 62855,
  "type1_count": 36,
  "type2_count": 21,
  "plot_path": "traces/requests_types_64k/all_traces_arrival_rate_CV/SS55_SM04_SL04_MS04_MM02_ML15_LS04_LM04_LL05/lognormal_lambda3.5x_cv1/lognormal_lambda3.5x_cv1.png"
}