{
  "PPR": 5.057660626029654,
  "TPI": 0.7189579613699075,
  "OV_block_step": 5994170,
  "OV_frac": 0.8014181249059089,
  "GE2_frac": 0.37940269436779744,
  "peak_blocks": 3070,
  "peak_step": 8297,
  "gpu_blocks": 607,
  "total_steps": 12322,
  "type1_count": 27,
  "type2_count": 39,
  "plot_path": "traces/requests_types_32k/all_traces_arrival_rate_CV/SS00_SM00_SL00_MS00_MM00_ML00_LS00_LM66_LL34/lognormal_lambda2.5x_cv2/lognormal_lambda2.5x_cv2.png"
}