{
  "PPR": 5.55859375,
  "TPI": 0.4980441866569356,
  "OV_block_step": 154227843,
  "OV_frac": 0.4821132000745434,
  "GE2_frac": 0.18590469971383025,
  "peak_blocks": 5692,
  "peak_step": 301781,
  "gpu_blocks": 1024,
  "total_steps": 312402,
  "type1_count": 153,
  "type2_count": 78,
  "plot_path": "traces/request_types/SS12_SL37_LS06_LL43/bim50/bim50_mh_ov53.png"
}