{
  "PPR": 1.8275614570249417,
  "TPI": 0.40382165605095544,
  "OV_block_step": 19382228,
  "OV_frac": 0.10805904909880164,
  "GE2_frac": 0.0,
  "peak_blocks": 10185,
  "peak_step": 20386,
  "gpu_blocks": 5573,
  "total_steps": 32185,
  "type1_count": 70,
  "type2_count": 25,
  "plot_path": "traces/SS00_SL50_LS50_LL00/poi05/poi05_lo_ov10.png"
}