{
  "batch_size": 4,
  "max_model_len": 32384,
  "num_gpu_blocks_override": 2832,
  "arrival_pattern": "PoissonArrival(lambda=0.004972650422675286,max=20110)",
  "vocab": [200, 30000],
  "requests": {
    "request_0": {"category": "LS_I6544-9824_O816-1216", "input_length": 7815, "output_length": 861, "arrival_time": 0, "sched_time": 0, "wait_time": 0, "slo": 0.0582107371388997},
    "request_1": {"category": "SL_I400-608_O6544-9824", "input_length": 546, "output_length": 8743, "arrival_time": 0, "sched_time": 0, "wait_time": 0, "slo": 0.058824805710119554},
    "request_2": {"category": "LS_I6544-9824_O816-1216", "input_length": 7659, "output_length": 1082, "arrival_time": 0, "sched_time": 0, "wait_time": 0, "slo": 0.058275850445799034},
    "request_3": {"category": "SL_I192-304_O3264-4912", "input_length": 227, "output_length": 4368, "arrival_time": 0, "sched_time": 0, "wait_time": 0, "slo": 0.05412262320880473},
    "request_4": {"category": "LS_I3264-4912_O192-304", "input_length": 4177, "output_length": 202, "arrival_time": 929, "sched_time": 929, "wait_time": 0, "slo": 0.053906246681262336},
    "request_5": {"category": "SL_I192-304_O3264-4912", "input_length": 278, "output_length": 3437, "arrival_time": 1133, "sched_time": 1133, "wait_time": 0, "slo": 0.05324108920770609},
    "request_6": {"category": "SL_I192-304_O3264-4912", "input_length": 238, "output_length": 3762, "arrival_time": 1331, "sched_time": 1331, "wait_time": 0, "slo": 0.05352658601488008},
    "request_7": {"category": "SL_I1632-2448_O3264-4912", "input_length": 1961, "output_length": 3849, "arrival_time": 1618, "sched_time": 4369, "wait_time": 2751, "slo": 0.0553397411762307},
    "request_8": {"category": "SL_I816-1216_O3264-4912", "input_length": 954, "output_length": 4716, "arrival_time": 1849, "sched_time": 4571, "wait_time": 2722, "slo": 0.05519949713060137},
    "request_9": {"category": "LS_I6544-9824_O400-608", "input_length": 7036, "output_length": 518, "arrival_time": 2172, "sched_time": 5094, "wait_time": 2922, "slo": 0.05708678128749893},
    "request_10": {"category": "SL_I400-608_O3264-4912", "input_length": 467, "output_length": 4053, "arrival_time": 2193, "sched_time": 5613, "wait_time": 3420, "slo": 0.05404749247007473},
    "request_11": {"category": "SL_I400-608_O3264-4912", "input_length": 499, "output_length": 4106, "arrival_time": 2246, "sched_time": 8219, "wait_time": 5973, "slo": 0.0541326406406354},
    "request_12": {"category": "SL_I400-608_O13104-19648", "input_length": 581, "output_length": 18091, "arrival_time": 2381, "sched_time": 8744, "wait_time": 6363, "slo": 0.06822416199683387},
    "request_13": {"category": "SS_I1632-2448_O400-608", "input_length": 1900, "output_length": 529, "arrival_time": 2639, "sched_time": 9288, "wait_time": 6649, "slo": 0.05195284747428238},
    "request_14": {"category": "SL_I400-608_O13104-19648", "input_length": 501, "output_length": 18792, "arrival_time": 2963, "sched_time": 9667, "wait_time": 6704, "slo": 0.06884624451351826},
    "request_15": {"category": "LS_I6544-9824_O816-1216", "input_length": 7618, "output_length": 975, "arrival_time": 3589, "sched_time": 9818, "wait_time": 6229, "slo": 0.05812759245470517},
    "request_16": {"category": "SL_I1632-2448_O6544-9824", "input_length": 2237, "output_length": 9672, "arrival_time": 3709, "sched_time": 10794, "wait_time": 7085, "slo": 0.06144937284975416},
    "request_17": {"category": "LS_I6544-9824_O816-1216", "input_length": 8739, "output_length": 868, "arrival_time": 3808, "sched_time": 12326, "wait_time": 8518, "slo": 0.059143360042334746},
    "request_18": {"category": "SS_I1632-2448_O1632-2448", "input_length": 2307, "output_length": 2142, "arrival_time": 3854, "sched_time": 13195, "wait_time": 9341, "slo": 0.053976368704077},
    "request_19": {"category": "LS_I3264-4912_O400-608", "input_length": 4052, "output_length": 458, "arrival_time": 4052, "sched_time": 15338, "wait_time": 11286, "slo": 0.05403747503824407},
    "request_20": {"category": "LS_I3264-4912_O400-608", "input_length": 4555, "output_length": 544, "arrival_time": 4277, "sched_time": 15797, "wait_time": 11520, "slo": 0.05462750177307032},
    "request_21": {"category": "SL_I1632-2448_O6544-9824", "input_length": 2199, "output_length": 8128, "arrival_time": 4345, "sched_time": 16342, "wait_time": 11997, "slo": 0.059864615134142735},
    "request_22": {"category": "SL_I816-1216_O3264-4912", "input_length": 1149, "output_length": 4757, "arrival_time": 4372, "sched_time": 20467, "wait_time": 16095, "slo": 0.0554359085218051},
    "request_23": {"category": "LS_I6544-9824_O816-1216", "input_length": 8139, "output_length": 819, "arrival_time": 4509, "sched_time": 24471, "wait_time": 19962, "slo": 0.058493228716524494},
    "request_24": {"category": "LS_I6544-9824_O192-304", "input_length": 9422, "output_length": 297, "arrival_time": 5048, "sched_time": 25225, "wait_time": 20177, "slo": 0.05925555527883821},
    "request_25": {"category": "LS_I6544-9824_O1632-2448", "input_length": 7277, "output_length": 2317, "arrival_time": 5134, "sched_time": 25291, "wait_time": 20157, "slo": 0.059130337380954884},
    "request_26": {"category": "SL_I816-1216_O6544-9824", "input_length": 963, "output_length": 8793, "arrival_time": 5214, "sched_time": 25523, "wait_time": 20309, "slo": 0.059292619776611676},
    "request_27": {"category": "LS_I6544-9824_O816-1216", "input_length": 9184, "output_length": 1088, "arrival_time": 5274, "sched_time": 26836, "wait_time": 21562, "slo": 0.059809519259074066},
    "request_28": {"category": "SS_I1632-2448_O1632-2448", "input_length": 1719, "output_length": 1725, "arrival_time": 5920, "sched_time": 27609, "wait_time": 21689, "slo": 0.05296961680509502},
    "request_29": {"category": "LS_I6544-9824_O1632-2448", "input_length": 7040, "output_length": 1813, "arrival_time": 6491, "sched_time": 27925, "wait_time": 21434, "slo": 0.0583880456823025},
    "request_30": {"category": "SS_I1632-2448_O400-608", "input_length": 2332, "output_length": 565, "arrival_time": 6524, "sched_time": 28460, "wait_time": 21936, "slo": 0.05242166328395757},
    "request_31": {"category": "SL_I816-1216_O6544-9824", "input_length": 959, "output_length": 8210, "arrival_time": 6660, "sched_time": 29026, "wait_time": 22366, "slo": 0.058704596528151555},
    "request_32": {"category": "SS_I1632-2448_O816-1216", "input_length": 2189, "output_length": 882, "arrival_time": 7071, "sched_time": 29335, "wait_time": 22264, "slo": 0.05259596659781117},
    "request_33": {"category": "SL_I192-304_O6544-9824", "input_length": 193, "output_length": 7848, "arrival_time": 7461, "sched_time": 29739, "wait_time": 22278, "slo": 0.057574630217652384},
    "request_34": {"category": "LS_I3264-4912_O400-608", "input_length": 3855, "output_length": 510, "arrival_time": 7845, "sched_time": 30218, "wait_time": 22373, "slo": 0.0538922222766994},
    "request_35": {"category": "SS_I1632-2448_O400-608", "input_length": 2101, "output_length": 477, "arrival_time": 7846, "sched_time": 30729, "wait_time": 22883, "slo": 0.05210210720855931},
    "request_36": {"category": "SS_I1632-2448_O1632-2448", "input_length": 1697, "output_length": 2108, "arrival_time": 7850, "sched_time": 31207, "wait_time": 23357, "slo": 0.053331246094182085},
    "request_37": {"category": "SL_I400-608_O13104-19648", "input_length": 544, "output_length": 16576, "arrival_time": 8091, "sched_time": 33316, "wait_time": 25225, "slo": 0.06666945657671444},
    "request_38": {"category": "LS_I3264-4912_O816-1216", "input_length": 4081, "output_length": 1199, "arrival_time": 8212, "sched_time": 34317, "wait_time": 26105, "slo": 0.054808817289205385},
    "request_39": {"category": "SL_I400-608_O13104-19648", "input_length": 546, "output_length": 13623, "arrival_time": 8270, "sched_time": 35517, "wait_time": 27247, "slo": 0.06371331244348477},
    "request_40": {"category": "SL_I400-608_O6544-9824", "input_length": 429, "output_length": 9264,