{
  "PPR": 2.1471303850007155,
  "TPI": 0.8030345734686208,
  "OV_block_step": 80732262,
  "OV_frac": 0.542777099812843,
  "GE2_frac": 0.07102593010146561,
  "peak_blocks": 15002,
  "peak_step": 9575,
  "gpu_blocks": 6987,
  "total_steps": 21288,
  "type1_count": 39,
  "type2_count": 13,
  "plot_path": "traces/request_types/SS30_SL52_LS11_LL05/bim05/bim05_mh_ov54.png"
}