{
  "PPR": 3.1524879614767256,
  "TPI": 0.2668284046947741,
  "OV_block_step": 7890886,
  "OV_frac": 0.1660999099814311,
  "GE2_frac": 0.06126811356632352,
  "peak_blocks": 1964,
  "peak_step": 15873,
  "gpu_blocks": 623,
  "total_steps": 76255,
  "type1_count": 59,
  "type2_count": 42,
  "plot_path": "traces/requests_types_32k/all_traces_arrival_rate_CV/SS11_SM02_SL03_MS00_MM36_ML08_LS16_LM20_LL04/lognormal_lambda1.2x_cv4/lognormal_lambda1.2x_cv4.png"
}