{
  "PPR": 1.9532905744562186,
  "TPI": 0.5596048093950974,
  "OV_block_step": 75793123,
  "OV_frac": 0.24624662377592627,
  "GE2_frac": 0.0,
  "peak_blocks": 14009,
  "peak_step": 17660,
  "gpu_blocks": 7172,
  "total_steps": 42916,
  "type1_count": 55,
  "type2_count": 23,
  "plot_path": "traces/SS10_SL16_LS51_LL22/poi05/poi05_md_ov25.png"
}