{
  "PPR": 2.8828828828828827,
  "TPI": 0.24384317451037707,
  "OV_block_step": 5715948,
  "OV_frac": 0.18815780118030923,
  "GE2_frac": 0.0747588424437299,
  "peak_blocks": 1600,
  "peak_step": 32530,
  "gpu_blocks": 555,
  "total_steps": 54736,
  "type1_count": 49,
  "type2_count": 29,
  "plot_path": "traces/requests_types_32k/all_traces_arrival_rate_CV/SS02_SM04_SL04_MS04_MM15_ML55_LS04_LM04_LL05/lognormal_lambda1.2x_cv5/lognormal_lambda1.2x_cv5.png"
}