{
  "PPR": 3.808988764044944,
  "TPI": 0.667083613970942,
  "OV_block_step": 14029902,
  "OV_frac": 0.7222780365658513,
  "GE2_frac": 0.3386574296802335,
  "peak_blocks": 2373,
  "peak_step": 10005,
  "gpu_blocks": 623,
  "total_steps": 31179,
  "type1_count": 53,
  "type2_count": 17,
  "plot_path": "traces/requests_types_32k/all_traces_arrival_rate_CV/SS11_SM02_SL03_MS00_MM36_ML08_LS16_LM20_LL04/lognormal_lambda4.0x_cv1/lognormal_lambda4.0x_cv1.png"
}