{
  "batch_size": 4,
  "max_model_len": 32384,
  "num_gpu_blocks_override": 2472,
  "arrival_pattern": "PeriodicArrival(interval=198)",
  "vocab": [200, 30000],
  "requests": {
    "request_0": {"category": "SS_I1632-2448_O1632-2448", "input_length": 2408, "output_length": 2010, "arrival_time": 0, "sched_time": 0, "wait_time": 0, "slo": 0.053945314665401936},
    "request_1": {"category": "LS_I6544-9824_O816-1216", "input_length": 9077, "output_length": 833, "arrival_time": 0, "sched_time": 0, "wait_time": 0, "slo": 0.05944688822680394},
    "request_2": {"category": "SS_I400-608_O192-304", "input_length": 446, "output_length": 219, "arrival_time": 0, "sched_time": 0, "wait_time": 0, "slo": 0.050185772499352826},
    "request_3": {"category": "LS_I6544-9824_O192-304", "input_length": 8427, "output_length": 220, "arrival_time": 0, "sched_time": 0, "wait_time": 0, "slo": 0.05818168658659077},
    "request_4": {"category": "SS_I816-1216_O1632-2448", "input_length": 908, "output_length": 2165, "arrival_time": 792, "sched_time": 792, "wait_time": 0, "slo": 0.0525979700841773},
    "request_5": {"category": "SL_I1632-2448_O6544-9824", "input_length": 2021, "output_length": 8639, "arrival_time": 990, "sched_time": 990, "wait_time": 0, "slo": 0.06019819561410392},
    "request_6": {"category": "LL_I3264-4912_O3264-4912", "input_length": 3368, "output_length": 4145, "arrival_time": 1188, "sched_time": 1188, "wait_time": 0, "slo": 0.057045709816993195},
    "request_7": {"category": "SS_I192-304_O400-608", "input_length": 248, "output_length": 435, "arrival_time": 1386, "sched_time": 2011, "wait_time": 625, "slo": 0.05020380387664802},
    "request_8": {"category": "LL_I13104-19648_O6544-9824", "input_length": 13579, "output_length": 9171, "arrival_time": 1584, "sched_time": 2447, "wait_time": 863, "slo": 0.07230927069737964},
    "request_9": {"category": "LS_I13104-19648_O192-304", "input_length": 13900, "output_length": 247, "arrival_time": 1782, "sched_time": 2958, "wait_time": 1176, "slo": 0.0636912740934573},
    "request_10": {"category": "SS_I400-608_O192-304", "input_length": 474, "output_length": 218, "arrival_time": 1980, "sched_time": 3206, "wait_time": 1226, "slo": 0.05021281956529562},
    "request_11": {"category": "LS_I6544-9824_O192-304", "input_length": 8969, "output_length": 206, "arrival_time": 2178, "sched_time": 3425, "wait_time": 1247, "slo": 0.05871060698724996},
    "request_12": {"category": "SS_I400-608_O400-608", "input_length": 538, "output_length": 477, "arrival_time": 2376, "sched_time": 3632, "wait_time": 1256, "slo": 0.05053638261342615},
    "request_13": {"category": "LS_I13104-19648_O1632-2448", "input_length": 14704, "output_length": 2236, "arrival_time": 2574, "sched_time": 4110, "wait_time": 1536, "slo": 0.06648914280376245},
    "request_14": {"category": "LS_I13104-19648_O400-608", "input_length": 18263, "output_length": 514, "arrival_time": 2772, "sched_time": 6347, "wait_time": 3575, "slo": 0.06832934503105587},
    "request_15": {"category": "SS_I400-608_O1632-2448", "input_length": 575, "output_length": 1712, "arrival_time": 2970, "sched_time": 2970, "wait_time": 0, "slo": 0.05181059994228692},
    "request_16": {"category": "LS_I6544-9824_O192-304", "input_length": 8618, "output_length": 219, "arrival_time": 3168, "sched_time": 6862, "wait_time": 3694, "slo": 0.05837201779137343},
    "request_17": {"category": "SS_I400-608_O400-608", "input_length": 601, "output_length": 558, "arrival_time": 3366, "sched_time": 3366, "wait_time": 0, "slo": 0.05068063363178774},
    "request_18": {"category": "SL_I1632-2448_O13104-19648", "input_length": 1880, "output_length": 18908, "arrival_time": 3564, "sched_time": 3925, "wait_time": 361, "slo": 0.07034385057220288},
    "request_19": {"category": "SL_I192-304_O13104-19648", "input_length": 227, "output_length": 17340, "arrival_time": 3762, "sched_time": 7082, "wait_time": 3320, "slo": 0.06711723577954523},
    "request_20": {"category": "LS_I6544-9824_O400-608", "input_length": 7055, "output_length": 602, "arrival_time": 3960, "sched_time": 9630, "wait_time": 5670, "slo": 0.05718996083535479},
    "request_21": {"category": "LL_I3264-4912_O3264-4912", "input_length": 3656, "output_length": 3305, "arrival_time": 4158, "sched_time": 10233, "wait_time": 6075, "slo": 0.05649274757994041},
    "request_22": {"category": "LL_I3264-4912_O13104-19648", "input_length": 3848, "output_length": 17658, "arrival_time": 4356, "sched_time": 11619, "wait_time": 7263, "slo": 0.07106310217764474},
    "request_23": {"category": "LL_I3264-4912_O3264-4912", "input_length": 3339, "output_length": 4742, "arrival_time": 4554, "sched_time": 13539, "wait_time": 8985, "slo": 0.05761469994497505},
    "request_24": {"category": "SL_I1632-2448_O3264-4912", "input_length": 1835, "output_length": 3827, "arrival_time": 4752, "sched_time": 18282, "wait_time": 13530, "slo": 0.05519148318513684},
    "request_25": {"category": "SL_I1632-2448_O6544-9824", "input_length": 2185, "output_length": 6707, "arrival_time": 4950, "sched_time": 22110, "wait_time": 17160, "slo": 0.0584271136664421},
    "request_26": {"category": "SL_I1632-2448_O13104-19648", "input_length": 2305, "output_length": 16487, "arrival_time": 5148, "sched_time": 22834, "wait_time": 17686, "slo": 0.06834437117880186},
    "request_27": {"category": "LL_I3264-4912_O6544-9824", "input_length": 3826, "output_length": 7415, "arrival_time": 5346, "sched_time": 24423, "wait_time": 19077, "slo": 0.06078020840346564},
    "request_28": {"category": "LL_I3264-4912_O6544-9824", "input_length": 3320, "output_length": 8538, "arrival_time": 5544, "sched_time": 28818, "wait_time": 23274, "slo": 0.06139828394741776},
    "request_29": {"category": "SS_I192-304_O400-608", "input_length": 255, "output_length": 429, "arrival_time": 5742, "sched_time": 29278, "wait_time": 23536, "slo": 0.05020480561983109},
    "request_30": {"category": "SS_I192-304_O400-608", "input_length": 292, "output_length": 460, "arrival_time": 5940, "sched_time": 29708, "wait_time": 23768, "slo": 0.050272924156279625},
    "request_31": {"category": "LS_I6544-9824_O400-608", "input_length": 9365, "output_length": 585, "arrival_time": 6138, "sched_time": 30169, "wait_time": 24031, "slo": 0.059486957954126604},
    "request_32": {"category": "LS_I3264-4912_O1632-2448", "input_length": 4310, "output_length": 1884, "arrival_time": 6336, "sched_time": 30755, "wait_time": 24419, "slo": 0.055724410558528295},
    "request_33": {"category": "LS_I3264-4912_O400-608", "input_length": 4003, "output_length": 400, "arrival_time": 6534, "sched_time": 31839, "wait_time": 25305, "slo": 0.05393028851765594},
    "request_34": {"category": "LL_I3264-4912_O3264-4912", "input_length": 3412, "output_length": 3390, "arrival_time": 6732, "sched_time": 32240, "wait_time": 25508, "slo": 0.05633347041383281},
    "request_35": {"category": "SS_I400-608_O1632-2448", "input_length": 590, "output_length": 2104, "arrival_time": 6930, "sched_time": 32640, "wait_time": 25710, "slo": 0.052218309417795046},
    "request_36": {"category": "SS_I816-1216_O192-304", "input_length": 1114, "output_length": 299, "arrival_time": 7128, "sched_time": 34745, "wait_time": 27617, "slo": 0.050935076400286675},
    "request_37": {"category": "SL_I192-304_O13104-19648", "input_length": 192, "output_length": 17831, "arrival_time": 7326, "sched_time": 35045, "wait_time": 27719, "slo": 0.06757403067102362},
    "request_38": {"category": "SL_I1632-2448_O3264-4912", "input_length": 2200, "output_length": 4033, "arrival_time": 7524, "sched_time": 35631, "wait_time": 28107, "slo": 0.055763478542667895},
    "request_39": {"category": "LL_I6544-9824_O3264-4912", "input_length": 8471, "output_length": 3354, "arrival_time": 7722, "sched_time": 37357, "wait_time": 29635, "slo": 0.06136522642237656},
    "request_40": {"category": "SL_I816-1216_O6544-9824", "input_length": 1129, "output_length": 7494, "arrival_time": 7920, "sched_time": 39322,