{
  "PPR": 5.288430420711974,
  "TPI": 0.8314642657361285,
  "OV_block_step": 144223503,
  "OV_frac": 1.554109933657001,
  "GE2_frac": 0.5027303481526864,
  "peak_blocks": 13073,
  "peak_step": 19629,
  "gpu_blocks": 2472,
  "total_steps": 37541,
  "type1_count": 14,
  "type2_count": 12,
  "plot_path": "traces/SS26_SL12_LS36_LL24/per05/per05_sv_ov1p6.png"
}