{
  "PPR": 9.502824858757062,
  "TPI": 0.6549135000760996,
  "OV_block_step": 27009117,
  "OV_frac": 2.580519868025167,
  "GE2_frac": 0.48774795799299886,
  "peak_blocks": 5046,
  "peak_step": 12756,
  "gpu_blocks": 531,
  "total_steps": 19711,
  "type1_count": 20,
  "type2_count": 8,
  "plot_path": "traces/requests_types_32k/all_traces_arrival_rate_CV/SS03_SM24_SL03_MS36_MM03_ML12_LS06_LM06_LL07/lognormal_lambda4.5x_cv7/lognormal_lambda4.5x_cv7.png"
}