{
  "PPR": 1.8971291866028708,
  "TPI": 0.3650057937427578,
  "OV_block_step": 21063593,
  "OV_frac": 0.10154943989802434,
  "GE2_frac": 0.0,
  "peak_blocks": 19825,
  "peak_step": 2770,
  "gpu_blocks": 10450,
  "total_steps": 19849,
  "type1_count": 33,
  "type2_count": 14,
  "plot_path": "traces/SS37_SL21_LS05_LL35/bim05/bim05_lo_ov10.png"
}