{
  "PPR": 2.2786259541984735,
  "TPI": 0.22793584113041818,
  "OV_block_step": 2851195,
  "OV_frac": 0.10389940485127112,
  "GE2_frac": 0.021386289860607217,
  "peak_blocks": 1194,
  "peak_step": 32712,
  "gpu_blocks": 524,
  "total_steps": 52370,
  "type1_count": 49,
  "type2_count": 35,
  "plot_path": "traces/requests_types_32k/all_traces_arrival_rate_CV/SS03_SM42_SL05_MS03_MM05_ML25_LS13_LM02_LL00/lognormal_lambda1.2x_cv3/lognormal_lambda1.2x_cv3.png"
}