{
  "PPR": 2.6284722222222223,
  "TPI": 0.41160073023820193,
  "OV_block_step": 9867431,
  "OV_frac": 0.1872706428634763,
  "GE2_frac": 0.034861221946500216,
  "peak_blocks": 1514,
  "peak_step": 68535,
  "gpu_blocks": 576,
  "total_steps": 91477,
  "type1_count": 128,
  "type2_count": 58,
  "plot_path": "traces/request_types/all_traces/SS06_SM02_SL13_MS06_MM04_ML06_LS51_LM09_LL05/bim50/bim50_ml_ov21.png"
}