{
  "PPR": 2.2351706036745407,
  "TPI": 0.5508110960695685,
  "OV_block_step": 72899008,
  "OV_frac": 0.21950758208776894,
  "GE2_frac": 0.0028451460431819747,
  "peak_blocks": 8516,
  "peak_step": 67530,
  "gpu_blocks": 3810,
  "total_steps": 87166,
  "type1_count": 57,
  "type2_count": 98,
  "plot_path": "traces/requests_types_128k_bs8/all_traces_arrival_rate_CV/SS07_SM02_SL09_MS02_MM02_ML07_LS02_LM57_LL10/lognormal_lambda4.0x_cv1/lognormal_lambda4.0x_cv1.png"
}