{
  "PPR": 3.8139963167587476,
  "TPI": 0.4478146797209957,
  "OV_block_step": 3280965,
  "OV_frac": 0.38665724820372166,
  "GE2_frac": 0.20151020669354322,
  "peak_blocks": 2071,
  "peak_step": 7687,
  "gpu_blocks": 543,
  "total_steps": 15627,
  "type1_count": 40,
  "type2_count": 19,
  "plot_path": "traces/requests_types_32k/all_traces_arrival_rate_CV/SS54_SM10_SL01_MS02_MM09_ML02_LS06_LM14_LL01/lognormal_lambda4.0x_cv5/lognormal_lambda4.0x_cv5.png"
}