{
  "PPR": 2.9757785467128026,
  "TPI": 0.339063198926449,
  "OV_block_step": 1999249,
  "OV_frac": 0.22103062844260143,
  "GE2_frac": 0.09655569045945428,
  "peak_blocks": 860,
  "peak_step": 29295,
  "gpu_blocks": 289,
  "total_steps": 31298,
  "type1_count": 85,
  "type2_count": 51,
  "plot_path": "traces/requests_types_16k/all_traces_arrival_rate_CV/SS19_SM26_SL11_MS14_MM09_ML02_LS10_LM01_LL08/lognormal_lambda2.0x_cv4/lognormal_lambda2.0x_cv4.png"
}