{
  "PPR": 2.2036363636363636,
  "TPI": 0.38477807860398167,
  "OV_block_step": 86191019,
  "OV_frac": 0.16287325317005258,
  "GE2_frac": 0.00616318406926047,
  "peak_blocks": 6060,
  "peak_step": 75508,
  "gpu_blocks": 2750,
  "total_steps": 192433,
  "type1_count": 57,
  "type2_count": 40,
  "plot_path": "traces/sy_requests/all_traces_arrival_rate_CV/SS18_SM04_SL04_MS07_MM51_ML04_LS07_LM02_LL03/lognormal_lambda4.0x_cv1/lognormal_lambda4.0x_cv1.png"
}