{
  "PPR": 5.494345718901454,
  "TPI": 0.2550759000354291,
  "OV_block_step": 13436266,
  "OV_frac": 0.295784033851676,
  "GE2_frac": 0.10927152317880795,
  "peak_blocks": 3401,
  "peak_step": 71265,
  "gpu_blocks": 619,
  "total_steps": 73386,
  "type1_count": 39,
  "type2_count": 35,
  "plot_path": "traces/requests_types_32k/all_traces_arrival_rate_CV/SS00_SM00_SL00_MS00_MM00_ML00_LS00_LM00_LL100/lognormal_lambda1.5x_cv7/lognormal_lambda1.5x_cv7.png"
}