{
  "PPR": 4.903716216216216,
  "TPI": 0.6892827181208053,
  "OV_block_step": 16504860,
  "OV_frac": 0.7309100010769998,
  "GE2_frac": 0.2331952600671141,
  "peak_blocks": 2903,
  "peak_step": 6714,
  "gpu_blocks": 592,
  "total_steps": 38144,
  "type1_count": 63,
  "type2_count": 20,
  "plot_path": "traces/requests_types_32k/all_traces_arrival_rate_CV/SS06_SM02_SL13_MS06_MM04_ML06_LS51_LM09_LL05/lognormal_lambda4.0x_cv5/lognormal_lambda4.0x_cv5.png"
}