{
  "PPR": 6.263272727272727,
  "TPI": 0.6566771869118011,
  "OV_block_step": 608645482,
  "OV_frac": 1.0519878976851427,
  "GE2_frac": 0.4113209878890431,
  "peak_blocks": 17224,
  "peak_step": 38151,
  "gpu_blocks": 2750,
  "total_steps": 210388,
  "type1_count": 53,
  "type2_count": 39,
  "plot_path": "traces/sy_requests/all_traces_arrival_rate_CV/SS00_SM00_SL00_MS00_MM00_ML00_LS00_LM33_LL67/lognormal_lambda2.0x_cv1/lognormal_lambda2.0x_cv1.png"
}