{
  "PPR": 3.0491803278688523,
  "TPI": 0.5958429561200924,
  "OV_block_step": 138778,
  "OV_frac": 0.437846262572723,
  "GE2_frac": 0.13125481139337952,
  "peak_blocks": 372,
  "peak_step": 1548,
  "gpu_blocks": 122,
  "total_steps": 2598,
  "type1_count": 40,
  "type2_count": 24,
  "plot_path": "traces/requests_types_8k/all_traces_arrival_rate_CV/SS06_SM63_SL03_MS03_MM03_ML06_LS03_LM09_LL04/lognormal_lambda4.5x_cv1/lognormal_lambda4.5x_cv1.png"
}