{
  "PPR": 1.5826525466464951,
  "TPI": 0.3000600600600601,
  "OV_block_step": 14607678,
  "OV_frac": 0.044242966112860216,
  "GE2_frac": 0.0,
  "peak_blocks": 15692,
  "peak_step": 17108,
  "gpu_blocks": 9915,
  "total_steps": 33300,
  "type1_count": 59,
  "type2_count": 37,
  "plot_path": "traces/request_types/SS24_SL23_LS23_LL28/tsa05/tsa05_vl_ov4.png"
}