{
  "PPR": 2.129177958446251,
  "TPI": 0.20718985716578397,
  "OV_block_step": 515544,
  "OV_frac": 0.07474125134446659,
  "GE2_frac": 0.008184882041405874,
  "peak_blocks": 2357,
  "peak_step": 3150,
  "gpu_blocks": 1107,
  "total_steps": 6231,
  "type1_count": 10,
  "type2_count": 35,
  "plot_path": "traces/requests_types_32k_bs8/all_traces_arrival_rate_CV/SS00_SM00_SL00_MS00_MM00_ML00_LS00_LM99_LL01/lognormal_lambda2.0x_cv1/lognormal_lambda2.0x_cv1.png"
}