{
  "PPR": 2.0703125,
  "TPI": 0.1324613986535636,
  "OV_block_step": 33278302,
  "OV_frac": 0.04464539348937351,
  "GE2_frac": 0.0012734889682472629,
  "peak_blocks": 3180,
  "peak_step": 155464,
  "gpu_blocks": 1536,
  "total_steps": 485281,
  "type1_count": 90,
  "type2_count": 60,
  "plot_path": "traces/requests_types_48k/all_traces_arrival_rate_CV/SS00_SM00_SL00_MS00_MM00_ML00_LS33_LM66_LL01/lognormal_lambda1.0x_cv1/lognormal_lambda1.0x_cv1.png"
}