{
  "PPR": 1.9050324675324675,
  "TPI": 0.0634642205000647,
  "OV_block_step": 1398347,
  "OV_frac": 0.016319275288413045,
  "GE2_frac": 0.0,
  "peak_blocks": 2347,
  "peak_step": 8925,
  "gpu_blocks": 1232,
  "total_steps": 69551,
  "type1_count": 12,
  "type2_count": 21,
  "plot_path": "traces/requests_types_32k_bs8/all_traces_arrival_rate_CV/SS02_SM02_SL02_MS01_MM01_ML02_LS01_LM03_LL86/lognormal_lambda1.0x_cv1/lognormal_lambda1.0x_cv1.png"
}