{
  "PPR": 1.7521750593197996,
  "TPI": 0.2951994366897237,
  "OV_block_step": 10754653,
  "OV_frac": 0.11744169896217392,
  "GE2_frac": 0.0,
  "peak_blocks": 6646,
  "peak_step": 9069,
  "gpu_blocks": 3793,
  "total_steps": 24143,
  "type1_count": 42,
  "type2_count": 8,
  "plot_path": "traces/request_types/SS83_SL00_LS08_LL08/per05/per05_lo_ov12.png"
}