{
  "PPR": 1.4693787309307982,
  "TPI": 0.2193596487594748,
  "OV_block_step": 6241854,
  "OV_frac": 0.057160469059780505,
  "GE2_frac": 0.0,
  "peak_blocks": 6646,
  "peak_step": 9069,
  "gpu_blocks": 4523,
  "total_steps": 24143,
  "type1_count": 38,
  "type2_count": 7,
  "plot_path": "traces/request_types/SS83_SL00_LS08_LL08/per05/per05_vl_ov6.png"
}