{
  "PPR": 6.032467532467533,
  "TPI": 0.7089144936325046,
  "OV_block_step": 477906,
  "OV_frac": 0.9409598891102833,
  "GE2_frac": 0.34596725288053365,
  "peak_blocks": 929,
  "peak_step": 2165,
  "gpu_blocks": 154,
  "total_steps": 3298,
  "type1_count": 28,
  "type2_count": 34,
  "plot_path": "traces/requests_types_8k/all_traces_arrival_rate_CV/SS00_SM00_SL00_MS00_MM00_ML00_LS00_LM66_LL34/lognormal_lambda3.0x_cv1/lognormal_lambda3.0x_cv1.png"
}