{
  "PPR": 4.412162162162162,
  "TPI": 0.5678047223994894,
  "OV_block_step": 594697,
  "OV_frac": 0.6410693958157264,
  "GE2_frac": 0.26132737715379706,
  "peak_blocks": 653,
  "peak_step": 3838,
  "gpu_blocks": 148,
  "total_steps": 6268,
  "type1_count": 40,
  "type2_count": 21,
  "plot_path": "traces/requests_types_8k/all_traces_arrival_rate_CV/SS10_SM24_SL05_MS05_MM03_ML14_LS09_LM12_LL18/lognormal_lambda4.5x_cv6/lognormal_lambda4.5x_cv6.png"
}