{
  "PPR": 4.828671328671328,
  "TPI": 0.6610475911267468,
  "OV_block_step": 5924041,
  "OV_frac": 1.0120898109024759,
  "GE2_frac": 0.4673605003420307,
  "peak_blocks": 1381,
  "peak_step": 8015,
  "gpu_blocks": 286,
  "total_steps": 20466,
  "type1_count": 62,
  "type2_count": 6,
  "plot_path": "traces/requests_types_16k/all_traces_arrival_rate_CV/SS10_SM00_SL12_MS50_MM04_ML04_LS04_LM08_LL09/lognormal_lambda3.5x_cv3/lognormal_lambda3.5x_cv3.png"
}