{
  "PPR": 2.478904428904429,
  "TPI": 0.6140958709065021,
  "OV_block_step": 192060538,
  "OV_frac": 0.5311978663639794,
  "GE2_frac": 0.25526815377313716,
  "peak_blocks": 21269,
  "peak_step": 26810,
  "gpu_blocks": 8580,
  "total_steps": 42140,
  "type1_count": 51,
  "type2_count": 5,
  "plot_path": "traces/request_types/SS06_SL07_LS05_LL80/per05/per05_mh_ov53.png"
}