{
  "PPR": 1.8899378309924015,
  "TPI": 0.3588753671842216,
  "OV_block_step": 10344071,
  "OV_frac": 0.09994880847325088,
  "GE2_frac": 0.0,
  "peak_blocks": 8208,
  "peak_step": 10493,
  "gpu_blocks": 4343,
  "total_steps": 23830,
  "type1_count": 47,
  "type2_count": 25,
  "plot_path": "traces/SS41_SL16_LS41_LL00/per05/per05_lo_ov10.png"
}