{
  "PPR": 8.29965156794425,
  "TPI": 0.6412241887905604,
  "OV_block_step": 784706,
  "OV_frac": 1.0081737637856782,
  "GE2_frac": 0.31305309734513276,
  "peak_blocks": 2382,
  "peak_step": 529,
  "gpu_blocks": 287,
  "total_steps": 2712,
  "type1_count": 15,
  "type2_count": 13,
  "plot_path": "traces/requests_types_16k/all_traces_arrival_rate_CV/SS00_SM00_SL00_MS00_MM00_ML00_LS00_LM99_LL01/lognormal_lambda4.0x_cv4/lognormal_lambda4.0x_cv4.png"
}