{
  "batch_size": 4,
  "max_model_len": 32384,
  "num_gpu_blocks_override": 3785,
  "arrival_pattern": "PeriodicArrival(interval=216)",
  "vocab": [200, 30000],
  "requests": {
    "request_0": {"category": "LS_I6544-9824_O1632-2448", "input_length": 7134, "output_length": 1843, "arrival_time": 0, "sched_time": 0, "wait_time": 0, "slo": 0.05851226183700276},
    "request_1": {"category": "SL_I192-304_O13104-19648", "input_length": 229, "output_length": 17602, "arrival_time": 0, "sched_time": 0, "wait_time": 0, "slo": 0.06738169597987483},
    "request_2": {"category": "SS_I400-608_O816-1216", "input_length": 466, "output_length": 897, "arrival_time": 0, "sched_time": 0, "wait_time": 0, "slo": 0.05088498924113334},
    "request_3": {"category": "LL_I3264-4912_O3264-4912", "input_length": 4889, "output_length": 3518, "arrival_time": 0, "sched_time": 0, "wait_time": 0, "slo": 0.057941268222654774},
    "request_4": {"category": "SL_I192-304_O13104-19648", "input_length": 286, "output_length": 13632, "arrival_time": 864, "sched_time": 898, "wait_time": 34, "slo": 0.06346187490453505},
    "request_5": {"category": "SL_I816-1216_O13104-19648", "input_length": 1154, "output_length": 17217, "arrival_time": 1080, "sched_time": 1844, "wait_time": 764, "slo": 0.06792263729873081},
    "request_6": {"category": "SS_I400-608_O192-304", "input_length": 421, "output_length": 234, "arrival_time": 1296, "sched_time": 3519, "wait_time": 2223, "slo": 0.05017575506752216},
    "request_7": {"category": "SL_I192-304_O13104-19648", "input_length": 232, "output_length": 19102, "arrival_time": 1512, "sched_time": 3754, "wait_time": 2242, "slo": 0.06888731598402398},
    "request_8": {"category": "SS_I816-1216_O192-304", "input_length": 960, "output_length": 280, "arrival_time": 1728, "sched_time": 14531, "wait_time": 12803, "slo": 0.05076177482961614},
    "request_9": {"category": "LS_I13104-19648_O816-1216", "input_length": 17772, "output_length": 887, "arrival_time": 1944, "sched_time": 14812, "wait_time": 12868, "slo": 0.068211139335454},
    "request_10": {"category": "SL_I816-1216_O6544-9824", "input_length": 1196, "output_length": 6766, "arrival_time": 2160, "sched_time": 15700, "wait_time": 13540, "slo": 0.05749549250619012},
    "request_11": {"category": "SS_I1632-2448_O192-304", "input_length": 2207, "output_length": 303, "arrival_time": 2376, "sched_time": 17603, "wait_time": 15227, "slo": 0.05203398867211078},
    "request_12": {"category": "SL_I192-304_O6544-9824", "input_length": 238, "output_length": 8670, "arrival_time": 2592, "sched_time": 17907, "wait_time": 15315, "slo": 0.05844314155737117},
    "request_13": {"category": "SS_I1632-2448_O816-1216", "input_length": 2033, "output_length": 1101, "arrival_time": 2808, "sched_time": 19062, "wait_time": 16254, "slo": 0.052659076418344365},
    "request_14": {"category": "SS_I192-304_O400-608", "input_length": 293, "output_length": 454, "arrival_time": 3024, "sched_time": 20164, "wait_time": 17140, "slo": 0.05026791544036429},
    "request_15": {"category": "LL_I3264-4912_O3264-4912", "input_length": 4288, "output_length": 4900, "arrival_time": 3240, "sched_time": 20619, "wait_time": 17379, "slo": 0.05872362964862982},
    "request_16": {"category": "LS_I6544-9824_O400-608", "input_length": 7223, "output_length": 424, "arrival_time": 3456, "sched_time": 22467, "wait_time": 19011, "slo": 0.05717994340352413},
    "request_17": {"category": "SL_I816-1216_O6544-9824", "input_length": 1039, "output_length": 7108, "arrival_time": 3672, "sched_time": 22857, "wait_time": 19185, "slo": 0.05768081499505745},
    "request_18": {"category": "LL_I3264-4912_O13104-19648", "input_length": 3393, "output_length": 16046, "arrival_time": 3888, "sched_time": 22892, "wait_time": 19004, "slo": 0.06899249901824599},
    "request_19": {"category": "SS_I192-304_O400-608", "input_length": 200, "output_length": 536, "arrival_time": 4104, "sched_time": 25520, "wait_time": 21416, "slo": 0.050256896265350556},
    "request_20": {"category": "SS_I400-608_O1632-2448", "input_length": 499, "output_length": 2267, "arrival_time": 4320, "sched_time": 26057, "wait_time": 21737, "slo": 0.05229043492697584},
    "request_21": {"category": "LL_I6544-9824_O6544-9824", "input_length": 9311, "output_length": 6836, "arrival_time": 4536, "sched_time": 26578, "wait_time": 22042, "slo": 0.06569476045959059},
    "request_22": {"category": "SL_I400-608_O3264-4912", "input_length": 608, "output_length": 3829, "arrival_time": 4752, "sched_time": 28325, "wait_time": 23573, "slo": 0.053964347785880204},
    "request_23": {"category": "SL_I816-1216_O3264-4912", "input_length": 907, "output_length": 4421, "arrival_time": 4968, "sched_time": 29966, "wait_time": 24998, "slo": 0.05485690096199258},
    "request_24": {"category": "LL_I3264-4912_O6544-9824", "input_length": 4469, "output_length": 6765, "arrival_time": 5184, "sched_time": 32155, "wait_time": 26971, "slo": 0.060773196201184175},
    "request_25": {"category": "LS_I3264-4912_O400-608", "input_length": 3764, "output_length": 601, "arrival_time": 5400, "sched_time": 33415, "wait_time": 28015, "slo": 0.0538922222766994},
    "request_26": {"category": "SS_I1632-2448_O192-304", "input_length": 2208, "output_length": 296, "arrival_time": 5616, "sched_time": 34017, "wait_time": 28401, "slo": 0.05202797821301238},
    "request_27": {"category": "SS_I1632-2448_O1632-2448", "input_length": 2023, "output_length": 1695, "arrival_time": 5832, "sched_time": 34314, "wait_time": 28482, "slo": 0.053244094437255286},
    "request_28": {"category": "LL_I3264-4912_O6544-9824", "input_length": 4814, "output_length": 6545, "arrival_time": 6048, "sched_time": 34388, "wait_time": 28340, "slo": 0.0608984140990675},
    "request_29": {"category": "LS_I13104-19648_O192-304", "input_length": 19270, "output_length": 203, "arrival_time": 6264, "sched_time": 36010, "wait_time": 29746, "slo": 0.06902655828647025},
    "request_30": {"category": "SS_I1632-2448_O400-608", "input_length": 1879, "output_length": 438, "arrival_time": 6469, "sched_time": 36214, "wait_time": 29745, "slo": 0.051840652237778916},
    "request_31": {"category": "SL_I1632-2448_O3264-4912", "input_length": 2102, "output_length": 4564, "arrival_time": 6696, "sched_time": 36653, "wait_time": 29957, "slo": 0.05619723334093575},
    "request_32": {"category": "SS_I816-1216_O192-304", "input_length": 1122, "output_length": 291, "arrival_time": 6912, "sched_time": 38921, "wait_time": 32009, "slo": 0.050935076400286675},
    "request_33": {"category": "SL_I816-1216_O3264-4912", "input_length": 1030, "output_length": 4172, "arrival_time": 7128, "sched_time": 38939, "wait_time": 31811, "slo": 0.054730681320926185},
    "request_34": {"category": "SS_I816-1216_O1632-2448", "input_length": 976, "output_length": 2170, "arrival_time": 7344, "sched_time": 39213, "wait_time": 31869, "slo": 0.05267109733654116},
    "request_35": {"category": "SS_I816-1216_O1632-2448", "input_length": 824, "output_length": 2147, "arrival_time": 7560, "sched_time": 40934, "wait_time": 33374, "slo": 0.0524957922795045},
    "request_36": {"category": "SL_I816-1216_O6544-9824", "input_length": 1050, "output_length": 9294, "arrival_time": 7776, "sched_time": 41218, "wait_time": 33442, "slo": 0.05988164476825486},
    "request_37": {"category": "SS_I816-1216_O192-304", "input_length": 1047, "output_length": 195, "arrival_time": 7992, "sched_time": 41384, "wait_time": 33392, "slo": 0.05076377831598228},
    "request_38": {"category": "SL_I192-304_O13104-19648", "input_length": 206, "output_length": 18885, "arrival_time": 8189, "sched_time": 41580, "wait_time": 33391, "slo": 0.0686438923905388},
    "request_39": {"category": "SL_I816-1216_O6544-9824", "input_length": 1002, "output_length": 9377, "arrival_time": 8424, "sched_time": 43082, "wait_time": 34658, "slo": 0.0599167057796622},
    "request_40": {"category": "LL_I6544-9824_O6544-9824", "input_length": 6874, "output_length": 6926,