{
  "PPR": 3.380782918149466,
  "TPI": 0.4384528968062911,
  "OV_block_step": 768087,
  "OV_frac": 0.21933924682636638,
  "GE2_frac": 0.06796661852030171,
  "peak_blocks": 950,
  "peak_step": 4653,
  "gpu_blocks": 281,
  "total_steps": 12462,
  "type1_count": 56,
  "type2_count": 47,
  "plot_path": "traces/requests_types_16k/all_traces_arrival_rate_CV/SS00_SM06_SL06_MS06_MM39_ML00_LS06_LM18_LL19/lognormal_lambda1.5x_cv4/lognormal_lambda1.5x_cv4.png"
}