{
  "PPR": 3.3322091062394605,
  "TPI": 0.2208072978459754,
  "OV_block_step": 3043629,
  "OV_frac": 0.13532113365093215,
  "GE2_frac": 0.05705396925835113,
  "peak_blocks": 1976,
  "peak_step": 19226,
  "gpu_blocks": 593,
  "total_steps": 37929,
  "type1_count": 33,
  "type2_count": 32,
  "plot_path": "traces/requests_types_32k/all_traces_arrival_rate_CV/SS07_SM02_SL09_MS02_MM02_ML07_LS02_LM57_LL10/lognormal_lambda1.0x_cv5/lognormal_lambda1.0x_cv5.png"
}