{
  "PPR": 3.3017241379310347,
  "TPI": 0.41657445224634326,
  "OV_block_step": 7235244,
  "OV_frac": 0.25098200552662125,
  "GE2_frac": 0.088686799589562,
  "peak_blocks": 1915,
  "peak_step": 29895,
  "gpu_blocks": 580,
  "total_steps": 49703,
  "type1_count": 69,
  "type2_count": 34,
  "plot_path": "traces/requests_types_32k/all_traces_arrival_rate_CV/SS15_SM17_SL08_MS09_MM06_ML17_LS06_LM14_LL09/lognormal_lambda2.0x_cv7/lognormal_lambda2.0x_cv7.png"
}