{
  "PPR": 2.278688524590164,
  "TPI": 0.5131204552639899,
  "OV_block_step": 117270,
  "OV_frac": 0.30389804242703805,
  "GE2_frac": 0.06417957635156497,
  "peak_blocks": 278,
  "peak_step": 1759,
  "gpu_blocks": 122,
  "total_steps": 3163,
  "type1_count": 37,
  "type2_count": 20,
  "plot_path": "traces/requests_types_8k/all_traces_arrival_rate_CV/SS06_SM63_SL03_MS03_MM03_ML06_LS03_LM09_LL04/lognormal_lambda3.0x_cv7/lognormal_lambda3.0x_cv7.png"
}