{
  "PPR": 4.843205574912892,
  "TPI": 0.5089526612705421,
  "OV_block_step": 603486,
  "OV_frac": 0.5157563590773089,
  "GE2_frac": 0.23448614177090998,
  "peak_blocks": 1390,
  "peak_step": 335,
  "gpu_blocks": 287,
  "total_steps": 4077,
  "type1_count": 30,
  "type2_count": 27,
  "plot_path": "traces/requests_types_16k/all_traces_arrival_rate_CV/SS00_SM00_SL00_MS00_MM00_ML00_LS00_LM99_LL01/lognormal_lambda3.0x_cv4/lognormal_lambda3.0x_cv4.png"
}