{
  "PPR": 4.208015267175573,
  "TPI": 0.2994060406925313,
  "OV_block_step": 5898876,
  "OV_frac": 0.2845291784800931,
  "GE2_frac": 0.1253127764438266,
  "peak_blocks": 2205,
  "peak_step": 26354,
  "gpu_blocks": 524,
  "total_steps": 39565,
  "type1_count": 35,
  "type2_count": 28,
  "plot_path": "traces/requests_types_32k/all_traces_arrival_rate_CV/SS03_SM42_SL05_MS03_MM05_ML25_LS13_LM02_LL00/lognormal_lambda2.0x_cv3/lognormal_lambda2.0x_cv3.png"
}