{
  "PPR": 3.938775510204082,
  "TPI": 0.37712293330334046,
  "OV_block_step": 1016695,
  "OV_frac": 0.38894907867544726,
  "GE2_frac": 0.1581374423574401,
  "peak_blocks": 1158,
  "peak_step": 6778,
  "gpu_blocks": 294,
  "total_steps": 8891,
  "type1_count": 31,
  "type2_count": 41,
  "plot_path": "traces/requests_types_16k/all_traces_arrival_rate_CV/SS00_SM00_SL00_MS00_MM00_ML00_LS00_LM66_LL34/lognormal_lambda1.5x_cv2/lognormal_lambda1.5x_cv2.png"
}