{
  "PPR": 3.505338078291815,
  "TPI": 0.4750548792656156,
  "OV_block_step": 945832,
  "OV_frac": 0.3358561342981384,
  "GE2_frac": 0.13430453003392537,
  "peak_blocks": 985,
  "peak_step": 3434,
  "gpu_blocks": 281,
  "total_steps": 10022,
  "type1_count": 35,
  "type2_count": 43,
  "plot_path": "traces/requests_types_16k/all_traces_arrival_rate_CV/SS00_SM06_SL06_MS06_MM39_ML00_LS06_LM18_LL19/lognormal_lambda3.5x_cv1/lognormal_lambda3.5x_cv1.png"
}