{
  "PPR": 4.225165562913907,
  "TPI": 0.7855293972636509,
  "OV_block_step": 1260740,
  "OV_frac": 1.0291225838997669,
  "GE2_frac": 0.5118944903241711,
  "peak_blocks": 638,
  "peak_step": 1711,
  "gpu_blocks": 151,
  "total_steps": 8113,
  "type1_count": 62,
  "type2_count": 21,
  "plot_path": "traces/requests_types_8k/all_traces_arrival_rate_CV/SS10_SM00_SL12_MS50_MM04_ML04_LS04_LM08_LL09/lognormal_lambda5.0x_cv1/lognormal_lambda5.0x_cv1.png"
}