{
  "PPR": 6.54054054054054,
  "TPI": 0.7141809290953546,
  "OV_block_step": 667861,
  "OV_frac": 1.1033189057027688,
  "GE2_frac": 0.3427872860635697,
  "peak_blocks": 968,
  "peak_step": 2268,
  "gpu_blocks": 148,
  "total_steps": 4090,
  "type1_count": 29,
  "type2_count": 18,
  "plot_path": "traces/requests_types_8k/all_traces_arrival_rate_CV/SS10_SM24_SL05_MS05_MM03_ML14_LS09_LM12_LL18/lognormal_lambda5.0x_cv7/lognormal_lambda5.0x_cv7.png"
}