{
  "PPR": 7.746753246753247,
  "TPI": 0.3489257213014119,
  "OV_block_step": 821137,
  "OV_frac": 0.6546419203877767,
  "GE2_frac": 0.22148557397176183,
  "peak_blocks": 1193,
  "peak_step": 2678,
  "gpu_blocks": 154,
  "total_steps": 8145,
  "type1_count": 28,
  "type2_count": 22,
  "plot_path": "traces/requests_types_8k/all_traces_arrival_rate_CV/SS00_SM00_SL00_MS00_MM00_ML00_LS00_LM33_LL67/lognormal_lambda2.0x_cv5/lognormal_lambda2.0x_cv5.png"
}