{
  "PPR": 4.551020408163265,
  "TPI": 0.6643383779588669,
  "OV_block_step": 526518,
  "OV_frac": 0.6949466631821529,
  "GE2_frac": 0.25261932479627475,
  "peak_blocks": 669,
  "peak_step": 1633,
  "gpu_blocks": 147,
  "total_steps": 5154,
  "type1_count": 60,
  "type2_count": 21,
  "plot_path": "traces/requests_types_8k/all_traces_arrival_rate_CV/SS04_SM15_SL55_MS02_MM04_ML04_LS04_LM04_LL05/lognormal_lambda4.5x_cv2/lognormal_lambda4.5x_cv2.png"
}