{
  "PPR": 6.084192439862543,
  "TPI": 0.7541913525778394,
  "OV_block_step": 14771869,
  "OV_frac": 1.5997238253534867,
  "GE2_frac": 0.5722299256271272,
  "peak_blocks": 3541,
  "peak_step": 1702,
  "gpu_blocks": 582,
  "total_steps": 15866,
  "type1_count": 16,
  "type2_count": 4,
  "plot_path": "traces/requests_types_32k/all_traces_arrival_rate_CV/SS10_SM24_SL05_MS05_MM03_ML14_LS09_LM12_LL18/lognormal_lambda4.0x_cv7/lognormal_lambda4.0x_cv7.png"
}