{
  "PPR": 1.36917735557913,
  "TPI": 0.24705752028580133,
  "OV_block_step": 17609878,
  "OV_frac": 0.04703314407494153,
  "GE2_frac": 0.0,
  "peak_blocks": 14197,
  "peak_step": 20491,
  "gpu_blocks": 10369,
  "total_steps": 36109,
  "type1_count": 47,
  "type2_count": 24,
  "plot_path": "traces/SS22_SL19_LS47_LL09/poi05/poi05_sk_ov5.png"
}