{
  "batch_size": 4,
  "max_model_len": 32384,
  "num_gpu_blocks_override": 6849,
  "arrival_pattern": "PoissonArrival(lambda=0.0044361636057137785,max=22542)",
  "vocab": [200, 30000],
  "requests": {
    "request_0": {"category": "LS_I3264-4912_O816-1216", "input_length": 4379, "output_length": 1063, "arrival_time": 0, "sched_time": 0, "wait_time": 0, "slo": 0.054971099684862176},
    "request_1": {"category": "SS_I192-304_O192-304", "input_length": 260, "output_length": 291, "arrival_time": 0, "sched_time": 0, "wait_time": 0, "slo": 0.050071573776483226},
    "request_2": {"category": "LS_I3264-4912_O400-608", "input_length": 4633, "output_length": 532, "arrival_time": 0, "sched_time": 0, "wait_time": 0, "slo": 0.05469361682315272},
    "request_3": {"category": "LS_I3264-4912_O400-608", "input_length": 4167, "output_length": 578, "arrival_time": 0, "sched_time": 0, "wait_time": 0, "slo": 0.054272884686264726},
    "request_4": {"category": "LS_I13104-19648_O192-304", "input_length": 18653, "output_length": 252, "arrival_time": 1065, "sched_time": 1065, "wait_time": 0, "slo": 0.0684575681584884},
    "request_5": {"category": "LS_I6544-9824_O400-608", "input_length": 9351, "output_length": 583, "arrival_time": 1319, "sched_time": 1319, "wait_time": 0, "slo": 0.059470930063197536},
    "request_6": {"category": "LL_I6544-9824_O13104-19648", "input_length": 8307, "output_length": 16894, "arrival_time": 1904, "sched_time": 1904, "wait_time": 0, "slo": 0.07476454323907598},
    "request_7": {"category": "SL_I816-1216_O6544-9824", "input_length": 1151, "output_length": 8544, "arrival_time": 2629, "sched_time": 2629, "wait_time": 0, "slo": 0.05923151344244461},
    "request_8": {"category": "LS_I6544-9824_O400-608", "input_length": 9180, "output_length": 577, "arrival_time": 2781, "sched_time": 2781, "wait_time": 0, "slo": 0.05929362151979474},
    "request_9": {"category": "LS_I6544-9824_O1632-2448", "input_length": 8506, "output_length": 2044, "arrival_time": 2833, "sched_time": 2833, "wait_time": 0, "slo": 0.060088003863966594},
    "request_10": {"category": "SS_I816-1216_O400-608", "input_length": 1154, "output_length": 499, "arrival_time": 3035, "sched_time": 3359, "wait_time": 324, "slo": 0.051175494764222666},
    "request_11": {"category": "SL_I1632-2448_O6544-9824", "input_length": 1708, "output_length": 9042, "arrival_time": 3195, "sched_time": 3859, "wait_time": 664, "slo": 0.06028835250057992},
    "request_12": {"category": "LS_I3264-4912_O400-608", "input_length": 4467, "output_length": 514, "arrival_time": 3257, "sched_time": 4878, "wait_time": 1621, "slo": 0.054509296077468454},
    "request_13": {"category": "LS_I3264-4912_O816-1216", "input_length": 3617, "output_length": 1056, "arrival_time": 3292, "sched_time": 5393, "wait_time": 2101, "slo": 0.05420075917708393},
    "request_14": {"category": "SL_I192-304_O13104-19648", "input_length": 275, "output_length": 15664, "arrival_time": 3836, "sched_time": 6450, "wait_time": 2614, "slo": 0.06548639787751273},
    "request_15": {"category": "SS_I1632-2448_O816-1216", "input_length": 1713, "output_length": 835, "arrival_time": 4906, "sched_time": 11174, "wait_time": 6268, "slo": 0.052072054913067316},
    "request_16": {"category": "LL_I6544-9824_O13104-19648", "input_length": 7574, "output_length": 17463, "arrival_time": 4937, "sched_time": 12010, "wait_time": 7073, "slo": 0.07460025735705306},
    "request_17": {"category": "LL_I3264-4912_O6544-9824", "input_length": 4057, "output_length": 6661, "arrival_time": 5069, "sched_time": 12902, "wait_time": 7833, "slo": 0.06025629671872179},
    "request_18": {"category": "LS_I6544-9824_O400-608", "input_length": 8353, "output_length": 509, "arrival_time": 5102, "sched_time": 18799, "wait_time": 13697, "slo": 0.0583970613709501},
    "request_19": {"category": "SS_I400-608_O816-1216", "input_length": 482, "output_length": 999, "arrival_time": 5211, "sched_time": 19309, "wait_time": 14098, "slo": 0.051003194936735205},
    "request_20": {"category": "SS_I816-1216_O400-608", "input_length": 1172, "output_length": 443, "arrival_time": 5805, "sched_time": 19564, "wait_time": 13759, "slo": 0.05113742852326614},
    "request_21": {"category": "LS_I13104-19648_O816-1216", "input_length": 14801, "output_length": 1092, "arrival_time": 5967, "sched_time": 20008, "wait_time": 14041, "slo": 0.06544031769109167},
    "request_22": {"category": "SS_I192-304_O1632-2448", "input_length": 249, "output_length": 1752, "arrival_time": 6158, "sched_time": 20309, "wait_time": 14151, "slo": 0.05152410139192986},
    "request_23": {"category": "LS_I3264-4912_O192-304", "input_length": 4766, "output_length": 266, "arrival_time": 6191, "sched_time": 21101, "wait_time": 14910, "slo": 0.05456038497980485},
    "request_24": {"category": "SL_I1632-2448_O13104-19648", "input_length": 2150, "output_length": 16127, "arrival_time": 6459, "sched_time": 21368, "wait_time": 14909, "slo": 0.06782847343952254},
    "request_25": {"category": "SS_I1632-2448_O816-1216", "input_length": 1890, "output_length": 906, "arrival_time": 6673, "sched_time": 22062, "wait_time": 15389, "slo": 0.05232048722246784},
    "request_26": {"category": "SL_I1632-2448_O6544-9824", "input_length": 1946, "output_length": 8927, "arrival_time": 6853, "sched_time": 22115, "wait_time": 15262, "slo": 0.06041156691209712},
    "request_27": {"category": "SS_I816-1216_O1632-2448", "input_length": 1098, "output_length": 2033, "arrival_time": 6874, "sched_time": 22969, "wait_time": 16095, "slo": 0.052656071188795166},
    "request_28": {"category": "LS_I3264-4912_O192-304", "input_length": 3438, "output_length": 288, "arrival_time": 6939, "sched_time": 25003, "wait_time": 18064, "slo": 0.05325210838271982},
    "request_29": {"category": "SL_I400-608_O6544-9824", "input_length": 484, "output_length": 8508, "arrival_time": 6940, "sched_time": 25292, "wait_time": 18352, "slo": 0.058527287984748766},
    "request_30": {"category": "SS_I816-1216_O816-1216", "input_length": 1183, "output_length": 1007, "arrival_time": 7099, "sched_time": 29474, "wait_time": 22375, "slo": 0.05171343085352945},
    "request_31": {"category": "SS_I816-1216_O192-304", "input_length": 1129, "output_length": 262, "arrival_time": 7361, "sched_time": 30482, "wait_time": 23121, "slo": 0.05091303805025921},
    "request_32": {"category": "SL_I816-1216_O3264-4912", "input_length": 1162, "output_length": 3508, "arrival_time": 7625, "sched_time": 30745, "wait_time": 23120, "slo": 0.05419775394753473},
    "request_33": {"category": "LS_I6544-9824_O1632-2448", "input_length": 9300, "output_length": 2152, "arrival_time": 7700, "sched_time": 31043, "wait_time": 23343, "slo": 0.060991576215092706},
    "request_34": {"category": "SS_I400-608_O400-608", "input_length": 469, "output_length": 600, "arrival_time": 7860, "sched_time": 33196, "wait_time": 25336, "slo": 0.050590476745311745},
    "request_35": {"category": "SS_I816-1216_O400-608", "input_length": 1017, "output_length": 576, "arrival_time": 8089, "sched_time": 33797, "wait_time": 25708, "slo": 0.05111539017323867},
    "request_36": {"category": "SL_I816-1216_O13104-19648", "input_length": 946, "output_length": 19332, "arrival_time": 8165, "sched_time": 33801, "wait_time": 25636, "slo": 0.06983296154883889},
    "request_37": {"category": "LS_I6544-9824_O816-1216", "input_length": 9799, "output_length": 1087, "arrival_time": 8718, "sched_time": 34254, "wait_time": 25536, "slo": 0.06042458957347698},
    "request_38": {"category": "LS_I6544-9824_O1632-2448", "input_length": 7761, "output_length": 2234, "arrival_time": 8891, "sched_time": 34374, "wait_time": 25483, "slo": 0.0595320363973646},
    "request_39": {"category": "SL_I1632-2448_O6544-9824", "input_length": 2058, "output_length": 7203, "arrival_time": 9195, "sched_time": 35342, "wait_time": 26147, "slo": 0.05879675690099369},
    "request_40": {"category": "LL_I13104-19648_O3264-4912", "input_length": 13560, "output_length": 4456,