{
  "PPR": 2.5822784810126582,
  "TPI": 0.3478857591007124,
  "OV_block_step": 818511,
  "OV_frac": 0.2257128887910859,
  "GE2_frac": 0.0902555388536697,
  "peak_blocks": 612,
  "peak_step": 11246,
  "gpu_blocks": 237,
  "total_steps": 15301,
  "type1_count": 56,
  "type2_count": 46,
  "plot_path": "traces/requests_types_16k/all_traces_arrival_rate_CV/SS04_SM15_SL55_MS02_MM04_ML04_LS04_LM04_LL05/lognormal_lambda1.5x_cv7/lognormal_lambda1.5x_cv7.png"
}