{
  "PPR": 2.9709864603481626,
  "TPI": 0.17878686133077074,
  "OV_block_step": 5388890,
  "OV_frac": 0.12068153561912426,
  "GE2_frac": 0.05947598152157553,
  "peak_blocks": 1536,
  "peak_step": 73953,
  "gpu_blocks": 517,
  "total_steps": 86371,
  "type1_count": 65,
  "type2_count": 28,
  "plot_path": "traces/requests_types_32k/all_traces_arrival_rate_CV/SS14_SM21_SL27_MS03_MM10_ML05_LS17_LM02_LL01/lognormal_lambda3.5x_cv2/lognormal_lambda3.5x_cv2.png"
}