{
  "PPR": 2.2503660322108345,
  "TPI": 0.1619976211343433,
  "OV_block_step": 71456179,
  "OV_frac": 0.06822352775645735,
  "GE2_frac": 0.010061271441091774,
  "peak_blocks": 4611,
  "peak_step": 19745,
  "gpu_blocks": 2049,
  "total_steps": 511168,
  "type1_count": 77,
  "type2_count": 44,
  "plot_path": "traces/requests_types_128k/all_traces_arrival_rate_CV/SS03_SM42_SL05_MS03_MM05_ML25_LS13_LM02_LL00/lognormal_lambda1.0x_cv1/lognormal_lambda1.0x_cv1.png"
}