{
  "PPR": 4.296450939457203,
  "TPI": 0.14146895507319535,
  "OV_block_step": 2143215,
  "OV_frac": 0.1411645891712395,
  "GE2_frac": 0.0659389197375063,
  "peak_blocks": 2058,
  "peak_step": 25246,
  "gpu_blocks": 479,
  "total_steps": 31696,
  "type1_count": 19,
  "type2_count": 16,
  "plot_path": "traces/requests_types_32k/all_traces_arrival_rate_CV/SS55_SM04_SL04_MS04_MM02_ML15_LS04_LM04_LL05/lognormal_lambda2.0x_cv5/lognormal_lambda2.0x_cv5.png"
}