{
  "PPR": 11.451219512195122,
  "TPI": 0.4917829161093063,
  "OV_block_step": 20093999,
  "OV_frac": 1.463362126723933,
  "GE2_frac": 0.35658322186126507,
  "peak_blocks": 7512,
  "peak_step": 18874,
  "gpu_blocks": 656,
  "total_steps": 20932,
  "type1_count": 10,
  "type2_count": 16,
  "plot_path": "traces/requests_types_32k/all_traces_arrival_rate_CV/SS02_SM02_SL02_MS01_MM01_ML02_LS01_LM03_LL86/lognormal_lambda3.0x_cv5/lognormal_lambda3.0x_cv5.png"
}