{
  "PPR": 7.099667774086379,
  "TPI": 0.36590617555433386,
  "OV_block_step": 2738454,
  "OV_frac": 0.4167974079438339,
  "GE2_frac": 0.12461059190031153,
  "peak_blocks": 2137,
  "peak_step": 11554,
  "gpu_blocks": 301,
  "total_steps": 21828,
  "type1_count": 44,
  "type2_count": 24,
  "plot_path": "traces/requests_types_16k/all_traces_arrival_rate_CV/SS07_SM08_SL06_MS09_MM09_ML09_LS07_LM08_LL38/lognormal_lambda3.5x_cv7/lognormal_lambda3.5x_cv7.png"
}