{
  "PPR": 3.531135531135531,
  "TPI": 0.5898799211422426,
  "OV_block_step": 2715778,
  "OV_frac": 0.5942950452180394,
  "GE2_frac": 0.30408029153473926,
  "peak_blocks": 964,
  "peak_step": 8743,
  "gpu_blocks": 273,
  "total_steps": 16739,
  "type1_count": 70,
  "type2_count": 28,
  "plot_path": "traces/requests_types_16k/all_traces_arrival_rate_CV/SS18_SM04_SL04_MS07_MM51_ML04_LS07_LM02_LL03/lognormal_lambda3.5x_cv7/lognormal_lambda3.5x_cv7.png"
}