{
  "PPR": 5.678966789667896,
  "TPI": 0.9823123382226057,
  "OV_block_step": 3952443,
  "OV_frac": 1.572978916803836,
  "GE2_frac": 0.5520923209663503,
  "peak_blocks": 1539,
  "peak_step": 4272,
  "gpu_blocks": 271,
  "total_steps": 9272,
  "type1_count": 38,
  "type2_count": 6,
  "plot_path": "traces/requests_types_16k/all_traces_arrival_rate_CV/SS06_SM06_SL19_MS24_MM08_ML20_LS10_LM05_LL02/lognormal_lambda5.0x_cv5/lognormal_lambda5.0x_cv5.png"
}