{
  "PPR": 6.421818181818182,
  "TPI": 0.9830729166666666,
  "OV_block_step": 3087491,
  "OV_frac": 2.436467013888889,
  "GE2_frac": 0.8684895833333334,
  "peak_blocks": 3532,
  "peak_step": 802,
  "gpu_blocks": 550,
  "total_steps": 2304,
  "type1_count": 11,
  "type2_count": 3,
  "plot_path": "traces/requests_types_32k/all_traces_arrival_rate_CV/SS00_SM00_SL00_MS00_MM00_ML00_LS00_LM99_LL01/lognormal_lambda5.0x_cv1/lognormal_lambda5.0x_cv1.png"
}