{
  "PPR": 6.560655737704918,
  "TPI": 0.09215250470165841,
  "OV_block_step": 3586650,
  "OV_frac": 0.15465507840553036,
  "GE2_frac": 0.06341649460131252,
  "peak_blocks": 2001,
  "peak_step": 5915,
  "gpu_blocks": 305,
  "total_steps": 76037,
  "type1_count": 24,
  "type2_count": 14,
  "plot_path": "traces/requests_types_16k/all_traces_arrival_rate_CV/SS02_SM02_SL02_MS01_MM01_ML02_LS01_LM03_LL86/lognormal_lambda2.5x_cv7/lognormal_lambda2.5x_cv7.png"
}