{
  "PPR": 2.5706984667802386,
  "TPI": 0.07882266306150326,
  "OV_block_step": 3156810,
  "OV_frac": 0.030230928300208716,
  "GE2_frac": 0.004727560949559567,
  "peak_blocks": 1509,
  "peak_step": 172291,
  "gpu_blocks": 587,
  "total_steps": 177893,
  "type1_count": 58,
  "type2_count": 32,
  "plot_path": "traces/requests_types_32k/all_traces_arrival_rate_CV/SS19_SM26_SL11_MS14_MM09_ML02_LS10_LM01_LL08/lognormal_lambda1.2x_cv7/lognormal_lambda1.2x_cv7.png"
}