{
  "PPR": 8.142857142857142,
  "TPI": 0.7372601918465228,
  "OV_block_step": 2592212,
  "OV_frac": 2.312624900079936,
  "GE2_frac": 0.6528776978417267,
  "peak_blocks": 1368,
  "peak_step": 3642,
  "gpu_blocks": 168,
  "total_steps": 6672,
  "type1_count": 9,
  "type2_count": 7,
  "plot_path": "traces/requests_types_8k/all_traces_arrival_rate_CV/SS00_SM00_SL00_MS00_MM00_ML00_LS33_LM33_LL34/lognormal_lambda5.0x_cv6/lognormal_lambda5.0x_cv6.png"
}