{
  "PPR": 4.062535857716581,
  "TPI": 0.7643872439213131,
  "OV_block_step": 33151258,
  "OV_frac": 0.774636688733511,
  "GE2_frac": 0.288192888852686,
  "peak_blocks": 7081,
  "peak_step": 6283,
  "gpu_blocks": 1743,
  "total_steps": 24553,
  "type1_count": 30,
  "type2_count": 14,
  "plot_path": "traces/request_types/SS83_SL00_LS08_LL08/poi05/poi05_hi_ov77.png"
}