{
  "PPR": 5.2698170731707314,
  "TPI": 0.3856520490233627,
  "OV_block_step": 14428084,
  "OV_frac": 0.5264752606234412,
  "GE2_frac": 0.21024032937571813,
  "peak_blocks": 3457,
  "peak_step": 13087,
  "gpu_blocks": 656,
  "total_steps": 41776,
  "type1_count": 29,
  "type2_count": 35,
  "plot_path": "traces/requests_types_32k/all_traces_arrival_rate_CV/SS02_SM02_SL02_MS01_MM01_ML02_LS01_LM03_LL86/lognormal_lambda1.0x_cv5/lognormal_lambda1.0x_cv5.png"
}