{
  "PPR": 1.93896484375,
  "TPI": 0.13367627634633983,
  "OV_block_step": 22497688,
  "OV_frac": 0.041338302690798114,
  "GE2_frac": 0.0,
  "peak_blocks": 3971,
  "peak_step": 55041,
  "gpu_blocks": 2048,
  "total_steps": 265739,
  "type1_count": 68,
  "type2_count": 46,
  "plot_path": "traces/request_types/SS14_SL39_LS12_LL33/bim50/bim50_vl_ov6.png"
}