{
  "PPR": 3.705544933078394,
  "TPI": 0.5416868007285432,
  "OV_block_step": 5806265,
  "OV_frac": 0.41266197540359745,
  "GE2_frac": 0.16708173809612312,
  "peak_blocks": 1938,
  "peak_step": 19140,
  "gpu_blocks": 523,
  "total_steps": 26903,
  "type1_count": 74,
  "type2_count": 43,
  "plot_path": "traces/requests_types_32k/all_traces_arrival_rate_CV/SS06_SM01_SL07_MS08_MM02_ML49_LS05_LM19_LL03/lognormal_lambda3.0x_cv2/lognormal_lambda3.0x_cv2.png"
}