{
  "PPR": 3.214041095890411,
  "TPI": 0.391953892238274,
  "OV_block_step": 7297022,
  "OV_frac": 0.2368881182446348,
  "GE2_frac": 0.08091608842376673,
  "peak_blocks": 1877,
  "peak_step": 50503,
  "gpu_blocks": 584,
  "total_steps": 52746,
  "type1_count": 92,
  "type2_count": 50,
  "plot_path": "traces/requests_types_32k/all_traces_arrival_rate_CV/SS15_SM02_SL11_MS22_MM03_ML32_LS00_LM00_LL14/lognormal_lambda1.2x_cv3/lognormal_lambda1.2x_cv3.png"
}