{
  "PPR": 3.7465277777777777,
  "TPI": 0.5735300394076055,
  "OV_block_step": 10736251,
  "OV_frac": 0.5303474030182463,
  "GE2_frac": 0.21100852171686277,
  "peak_blocks": 1079,
  "peak_step": 68800,
  "gpu_blocks": 288,
  "total_steps": 70291,
  "type1_count": 119,
  "type2_count": 46,
  "plot_path": "traces/request_types/all_traces/SS03_SM24_SL03_MS36_MM03_ML12_LS06_LM06_LL07/bim50/bim50_mh_ov54.png"
}