{
  "PPR": 3.9642857142857144,
  "TPI": 0.22665983956306537,
  "OV_block_step": 221142,
  "OV_frac": 0.13479994148196914,
  "GE2_frac": 0.044461512203447684,
  "peak_blocks": 555,
  "peak_step": 3430,
  "gpu_blocks": 140,
  "total_steps": 11718,
  "type1_count": 51,
  "type2_count": 33,
  "plot_path": "traces/requests_types_8k/all_traces_arrival_rate_CV/SS06_SM27_SL20_MS09_MM11_ML01_LS04_LM12_LL10/lognormal_lambda4.0x_cv7/lognormal_lambda4.0x_cv7.png"
}