{
  "PPR": 3.1163636363636362,
  "TPI": 0.41984261818427704,
  "OV_block_step": 65752522,
  "OV_frac": 0.20209454742162605,
  "GE2_frac": 0.034696689234306195,
  "peak_blocks": 8570,
  "peak_step": 79842,
  "gpu_blocks": 2750,
  "total_steps": 118311,
  "type1_count": 67,
  "type2_count": 49,
  "plot_path": "traces/requests_types_96k/all_traces_arrival_rate_CV/SS03_SM35_SL00_MS13_MM01_ML28_LS01_LM18_LL02/lognormal_lambda4.0x_cv1/lognormal_lambda4.0x_cv1.png"
}