{
  "PPR": 4.811688311688312,
  "TPI": 0.631103816167419,
  "OV_block_step": 535067,
  "OV_frac": 0.712856183619417,
  "GE2_frac": 0.2923676651620845,
  "peak_blocks": 741,
  "peak_step": 2479,
  "gpu_blocks": 154,
  "total_steps": 4874,
  "type1_count": 42,
  "type2_count": 23,
  "plot_path": "traces/requests_types_8k/all_traces_arrival_rate_CV/SS11_SM11_SL11_MS11_MM11_ML11_LS11_LM11_LL11/lognormal_lambda5.0x_cv2/lognormal_lambda5.0x_cv2.png"
}