{
  "PPR": 3.7115384615384617,
  "TPI": 0.4925597401967912,
  "OV_block_step": 9433537,
  "OV_frac": 0.39969457497085825,
  "GE2_frac": 0.14432165188308857,
  "peak_blocks": 2123,
  "peak_step": 25617,
  "gpu_blocks": 572,
  "total_steps": 41262,
  "type1_count": 63,
  "type2_count": 16,
  "plot_path": "traces/requests_types_32k/all_traces_arrival_rate_CV/SS18_SM04_SL04_MS07_MM51_ML04_LS07_LM02_LL03/lognormal_lambda3.5x_cv1/lognormal_lambda3.5x_cv1.png"
}