{
  "PPR": 4.001748251748252,
  "TPI": 0.7420386365134832,
  "OV_block_step": 11995468,
  "OV_frac": 0.6913396816146207,
  "GE2_frac": 0.28400474714841434,
  "peak_blocks": 2289,
  "peak_step": 17758,
  "gpu_blocks": 572,
  "total_steps": 30334,
  "type1_count": 64,
  "type2_count": 18,
  "plot_path": "traces/requests_types_32k/all_traces_arrival_rate_CV/SS18_SM04_SL04_MS07_MM51_ML04_LS07_LM02_LL03/lognormal_lambda3.5x_cv1/lognormal_lambda3.5x_cv1.png"
}