{
  "PPR": 2.4345703125,
  "TPI": 0.26547004879140973,
  "OV_block_step": 14764297,
  "OV_frac": 0.13450997554890337,
  "GE2_frac": 0.02247390172682408,
  "peak_blocks": 2493,
  "peak_step": 87183,
  "gpu_blocks": 1024,
  "total_steps": 107191,
  "type1_count": 62,
  "type2_count": 60,
  "plot_path": "traces/request_types/all_traces/SS41_SL16_LS41_LL00/bim50/bim50_lo_ov12.png"
}