{
  "PPR": 5.564732142857143,
  "TPI": 0.5837990129768358,
  "OV_block_step": 40541163,
  "OV_frac": 0.8442282226186367,
  "GE2_frac": 0.32992508699424394,
  "peak_blocks": 2493,
  "peak_step": 87183,
  "gpu_blocks": 448,
  "total_steps": 107191,
  "type1_count": 108,
  "type2_count": 73,
  "plot_path": "traces/request_types/all_traces/SS41_SL16_LS41_LL00/bim50/bim50_hi_ov78.png"
}