{
  "PPR": 5.04054054054054,
  "TPI": 0.7755537763544169,
  "OV_block_step": 722978,
  "OV_frac": 1.3037060278853714,
  "GE2_frac": 0.5100080064051241,
  "peak_blocks": 746,
  "peak_step": 2850,
  "gpu_blocks": 148,
  "total_steps": 3747,
  "type1_count": 18,
  "type2_count": 14,
  "plot_path": "traces/requests_types_8k/all_traces_arrival_rate_CV/SS10_SM24_SL05_MS05_MM03_ML14_LS09_LM12_LL18/lognormal_lambda5.0x_cv3/lognormal_lambda5.0x_cv3.png"
}