{
  "PPR": 2.174137931034483,
  "TPI": 0.11143926922952778,
  "OV_block_step": 2769338,
  "OV_frac": 0.03852942682333666,
  "GE2_frac": 0.004607662761047094,
  "peak_blocks": 1261,
  "peak_step": 42974,
  "gpu_blocks": 580,
  "total_steps": 123924,
  "type1_count": 58,
  "type2_count": 35,
  "plot_path": "traces/requests_types_32k/all_traces_arrival_rate_CV/SS15_SM17_SL08_MS09_MM06_ML17_LS06_LM14_LL09/lognormal_lambda1.2x_cv2/lognormal_lambda1.2x_cv2.png"
}