{
  "PPR": 6.972972972972973,
  "TPI": 0.7780373831775701,
  "OV_block_step": 1527194,
  "OV_frac": 2.0091274101204006,
  "GE2_frac": 0.6392133956386293,
  "peak_blocks": 1032,
  "peak_step": 3358,
  "gpu_blocks": 148,
  "total_steps": 5136,
  "type1_count": 10,
  "type2_count": 10,
  "plot_path": "traces/requests_types_8k/all_traces_arrival_rate_CV/SS01_SM18_SL11_MS32_MM14_ML02_LS14_LM07_LL01/lognormal_lambda4.5x_cv7/lognormal_lambda4.5x_cv7.png"
}