{
  "PPR": 3.5542570951585977,
  "TPI": 0.6459393671166187,
  "OV_block_step": 7856539,
  "OV_frac": 0.580486471329918,
  "GE2_frac": 0.22969683558309362,
  "peak_blocks": 2129,
  "peak_step": 7380,
  "gpu_blocks": 599,
  "total_steps": 22595,
  "type1_count": 38,
  "type2_count": 26,
  "plot_path": "traces/requests_types_32k/all_traces_arrival_rate_CV/SS15_SM13_SL18_MS00_MM19_ML17_LS06_LM03_LL09/lognormal_lambda2.5x_cv3/lognormal_lambda2.5x_cv3.png"
}