{
  "PPR": 5.464285714285714,
  "TPI": 0.8781623380265888,
  "OV_block_step": 7224449,
  "OV_frac": 1.206110748276424,
  "GE2_frac": 0.43389241038873616,
  "peak_blocks": 1836,
  "peak_step": 3966,
  "gpu_blocks": 336,
  "total_steps": 17827,
  "type1_count": 44,
  "type2_count": 28,
  "plot_path": "traces/requests_types_16k/all_traces_arrival_rate_CV/SS00_SM00_SL00_MS00_MM00_ML00_LS33_LM33_LL34/lognormal_lambda2.5x_cv6/lognormal_lambda2.5x_cv6.png"
}