{
  "PPR": 2.8716216216216215,
  "TPI": 0.4248034177450313,
  "OV_block_step": 735702,
  "OV_frac": 0.30778028973187166,
  "GE2_frac": 0.13875301838895424,
  "peak_blocks": 425,
  "peak_step": 13902,
  "gpu_blocks": 148,
  "total_steps": 16151,
  "type1_count": 94,
  "type2_count": 49,
  "plot_path": "traces/requests_types_8k/all_traces_arrival_rate_CV/SS01_SM18_SL11_MS32_MM14_ML02_LS14_LM07_LL01/lognormal_lambda3.0x_cv2/lognormal_lambda3.0x_cv2.png"
}