{
  "PPR": 3.380634390651085,
  "TPI": 0.5101538072829486,
  "OV_block_step": 6846410,
  "OV_frac": 0.3609807310787642,
  "GE2_frac": 0.1338470770299719,
  "peak_blocks": 2025,
  "peak_step": 4858,
  "gpu_blocks": 599,
  "total_steps": 31663,
  "type1_count": 63,
  "type2_count": 33,
  "plot_path": "traces/requests_types_32k/all_traces_arrival_rate_CV/SS15_SM13_SL18_MS00_MM19_ML17_LS06_LM03_LL09/lognormal_lambda4.5x_cv3/lognormal_lambda4.5x_cv3.png"
}