{
  "PPR": 5.688026981450253,
  "TPI": 0.3269005161895824,
  "OV_block_step": 4174336,
  "OV_frac": 0.4129136816749137,
  "GE2_frac": 0.15321445330830596,
  "peak_blocks": 3373,
  "peak_step": 13478,
  "gpu_blocks": 593,
  "total_steps": 17048,
  "type1_count": 17,
  "type2_count": 27,
  "plot_path": "traces/requests_types_32k/all_traces_arrival_rate_CV/SS07_SM02_SL09_MS02_MM02_ML07_LS02_LM57_LL10/lognormal_lambda2.5x_cv1/lognormal_lambda2.5x_cv1.png"
}