{
  "PPR": 4.208984375,
  "TPI": 0.6770830467911865,
  "OV_block_step": 91625693,
  "OV_frac": 0.5469713080095026,
  "GE2_frac": 0.20922619866310896,
  "peak_blocks": 6465,
  "peak_step": 41217,
  "gpu_blocks": 1536,
  "total_steps": 109059,
  "type1_count": 77,
  "type2_count": 60,
  "plot_path": "traces/requests_types_48k/all_traces_arrival_rate_CV/SS00_SM00_SL00_MS00_MM00_ML00_LS00_LM00_LL100/lognormal_lambda2.5x_cv1/lognormal_lambda2.5x_cv1.png"
}