{
  "PPR": 4.239864864864865,
  "TPI": 0.7375531226253131,
  "OV_block_step": 16784641,
  "OV_frac": 0.7979633030767955,
  "GE2_frac": 0.35991106357828373,
  "peak_blocks": 2510,
  "peak_step": 27901,
  "gpu_blocks": 592,
  "total_steps": 35531,
  "type1_count": 68,
  "type2_count": 24,
  "plot_path": "traces/requests_types_32k/all_traces_arrival_rate_CV/SS06_SM02_SL13_MS06_MM04_ML06_LS51_LM09_LL05/lognormal_lambda4.5x_cv1/lognormal_lambda4.5x_cv1.png"
}