{
  "PPR": 5.086629001883239,
  "TPI": 0.7271948608137045,
  "OV_block_step": 20522335,
  "OV_frac": 1.1034536805160693,
  "GE2_frac": 0.5140613847251962,
  "peak_blocks": 2701,
  "peak_step": 8498,
  "gpu_blocks": 531,
  "total_steps": 35025,
  "type1_count": 52,
  "type2_count": 13,
  "plot_path": "traces/requests_types_32k/all_traces_arrival_rate_CV/SS03_SM24_SL03_MS36_MM03_ML12_LS06_LM06_LL07/lognormal_lambda5.0x_cv3/lognormal_lambda5.0x_cv3.png"
}