{
  "PPR": 5.201286764705882,
  "TPI": 0.636745478878556,
  "OV_block_step": 223243280,
  "OV_frac": 0.7041173543642776,
  "GE2_frac": 0.27764661473525276,
  "peak_blocks": 5659,
  "peak_step": 266655,
  "gpu_blocks": 1088,
  "total_steps": 291410,
  "type1_count": 149,
  "type2_count": 96,
  "plot_path": "traces/request_types/all_traces/SS07_SL05_LS02_LL84/bim50/bim50_hi_ov78.png"
}