{
  "PPR": 3.420289855072464,
  "TPI": 0.6562189504109837,
  "OV_block_step": 846333,
  "OV_frac": 0.5539560858176277,
  "GE2_frac": 0.2537259506819619,
  "peak_blocks": 472,
  "peak_step": 9247,
  "gpu_blocks": 138,
  "total_steps": 11071,
  "type1_count": 104,
  "type2_count": 35,
  "plot_path": "traces/requests_types_8k/all_traces_arrival_rate_CV/SS03_SM24_SL03_MS36_MM03_ML12_LS06_LM06_LL07/lognormal_lambda3.5x_cv1/lognormal_lambda3.5x_cv1.png"
}