{
  "PPR": 5.384193695751485,
  "TPI": 0.9151094500800854,
  "OV_block_step": 309963769,
  "OV_frac": 1.575020303876645,
  "GE2_frac": 0.7057416800142374,
  "peak_blocks": 11786,
  "peak_step": 34827,
  "gpu_blocks": 2189,
  "total_steps": 89904,
  "type1_count": 29,
  "type2_count": 17,
  "plot_path": "traces/requests_types_64k/all_traces_arrival_rate_CV/SS00_SM00_SL00_MS00_MM00_ML00_LS00_LM66_LL34/lognormal_lambda4.0x_cv1/lognormal_lambda4.0x_cv1.png"
}