{
  "PPR": 2.6220238095238093,
  "TPI": 0.3356264010815066,
  "OV_block_step": 6095281,
  "OV_frac": 0.15521602120150557,
  "GE2_frac": 0.03670619641665383,
  "peak_blocks": 1762,
  "peak_step": 15601,
  "gpu_blocks": 672,
  "total_steps": 58437,
  "type1_count": 61,
  "type2_count": 47,
  "plot_path": "traces/request_types/all_traces/SS07_SM08_SL06_MS09_MM09_ML09_LS07_LM08_LL38/bim50/bim50_ml_ov21.png"
}