{
  "PPR": 3.9330357142857144,
  "TPI": 0.536526515734894,
  "OV_block_step": 11838563,
  "OV_frac": 0.45220260860902706,
  "GE2_frac": 0.17731916422814312,
  "peak_blocks": 1762,
  "peak_step": 15601,
  "gpu_blocks": 448,
  "total_steps": 58437,
  "type1_count": 56,
  "type2_count": 47,
  "plot_path": "traces/request_types/all_traces/SS07_SM08_SL06_MS09_MM09_ML09_LS07_LM08_LL38/bim50/bim50_mh_ov53.png"
}