{
  "PPR": 4.285714285714286,
  "TPI": 0.27965540092776675,
  "OV_block_step": 303482,
  "OV_frac": 0.2176565427062445,
  "GE2_frac": 0.081290037552463,
  "peak_blocks": 660,
  "peak_step": 7701,
  "gpu_blocks": 154,
  "total_steps": 9054,
  "type1_count": 43,
  "type2_count": 42,
  "plot_path": "traces/requests_types_8k/all_traces_arrival_rate_CV/SS00_SM00_SL00_MS00_MM00_ML00_LS00_LM66_LL34/lognormal_lambda1.0x_cv6/lognormal_lambda1.0x_cv6.png"
}