{
  "PPR": 4.9491525423728815,
  "TPI": 0.23897087838371084,
  "OV_block_step": 12016016,
  "OV_frac": 0.2551273663716463,
  "GE2_frac": 0.10642975523411163,
  "peak_blocks": 2628,
  "peak_step": 79674,
  "gpu_blocks": 531,
  "total_steps": 88697,
  "type1_count": 45,
  "type2_count": 25,
  "plot_path": "traces/requests_types_32k/all_traces_arrival_rate_CV/SS03_SM24_SL03_MS36_MM03_ML12_LS06_LM06_LL07/lognormal_lambda1.5x_cv6/lognormal_lambda1.5x_cv6.png"
}