{
  "PPR": 1.9274274732314451,
  "TPI": 0.513922452267433,
  "OV_block_step": 109165023,
  "OV_frac": 0.21749924629399264,
  "GE2_frac": 0.0,
  "peak_blocks": 21061,
  "peak_step": 28968,
  "gpu_blocks": 10927,
  "total_steps": 45933,
  "type1_count": 72,
  "type2_count": 31,
  "plot_path": "traces/request_types/SS00_SL00_LS00_LL100/tsa05/tsa05_ml_ov22.png"
}