{
  "PPR": 7.389705882352941,
  "TPI": 0.8170731707317073,
  "OV_block_step": 164323,
  "OV_frac": 2.1049779667964748,
  "GE2_frac": 0.6254355400696864,
  "peak_blocks": 1005,
  "peak_step": 381,
  "gpu_blocks": 136,
  "total_steps": 574,
  "type1_count": 8,
  "type2_count": 14,
  "plot_path": "traces/requests_types_8k/all_traces_arrival_rate_CV/SS00_SM00_SL00_MS00_MM00_ML00_LS00_LM99_LL01/lognormal_lambda3.5x_cv2/lognormal_lambda3.5x_cv2.png"
}