{
  "PPR": 3.4295774647887325,
  "TPI": 0.2482138804411965,
  "OV_block_step": 10163210,
  "OV_frac": 0.162434527276226,
  "GE2_frac": 0.056656529435795015,
  "peak_blocks": 1948,
  "peak_step": 107061,
  "gpu_blocks": 568,
  "total_steps": 110155,
  "type1_count": 89,
  "type2_count": 38,
  "plot_path": "traces/requests_types_32k/all_traces_arrival_rate_CV/SS08_SM22_SL00_MS03_MM03_ML08_LS25_LM08_LL23/lognormal_lambda2.0x_cv7/lognormal_lambda2.0x_cv7.png"
}