{
  "PPR": 3.4957386363636362,
  "TPI": 0.3449751707865785,
  "OV_block_step": 8259457,
  "OV_frac": 0.32187942710736545,
  "GE2_frac": 0.1630771763285687,
  "peak_blocks": 2461,
  "peak_step": 28133,
  "gpu_blocks": 704,
  "total_steps": 36449,
  "type1_count": 22,
  "type2_count": 42,
  "plot_path": "traces/request_types/all_traces/SS06_SM03_SL09_MS03_MM03_ML06_LS03_LM03_LL64/bim50/bim50_md_ov34.png"
}