{
  "PPR": 5.493303571428571,
  "TPI": 0.5498641938050427,
  "OV_block_step": 12295206,
  "OV_frac": 0.7529604721665889,
  "GE2_frac": 0.27430107821888117,
  "peak_blocks": 2461,
  "peak_step": 28133,
  "gpu_blocks": 448,
  "total_steps": 36449,
  "type1_count": 46,
  "type2_count": 44,
  "plot_path": "traces/request_types/all_traces/SS06_SM03_SL09_MS03_MM03_ML06_LS03_LM03_LL64/bim50/bim50_hi_ov80.png"
}