{
  "PPR": 4.0371412492965675,
  "TPI": 0.7290639021263551,
  "OV_block_step": 85184083,
  "OV_frac": 0.6679628115454512,
  "GE2_frac": 0.3051723657442243,
  "peak_blocks": 7174,
  "peak_step": 48383,
  "gpu_blocks": 1777,
  "total_steps": 71766,
  "type1_count": 50,
  "type2_count": 26,
  "plot_path": "traces/requests_types_64k/all_traces_arrival_rate_CV/SS54_SM10_SL01_MS02_MM09_ML02_LS06_LM14_LL01/lognormal_lambda4.0x_cv1/lognormal_lambda4.0x_cv1.png"
}