{
  "PPR": 1.7424029262802476,
  "TPI": 0.28194134796775855,
  "OV_block_step": 32404078,
  "OV_frac": 0.09772804732472617,
  "GE2_frac": 0.0,
  "peak_blocks": 12385,
  "peak_step": 27988,
  "gpu_blocks": 7108,
  "total_steps": 46648,
  "type1_count": 45,
  "type2_count": 11,
  "plot_path": "traces/SS00_SL100_LS00_LL00/tsa05/tsa05_lo_ov10.png"
}