{
  "PPR": 6.252976190476191,
  "TPI": 0.6178586249827085,
  "OV_block_step": 121111317,
  "OV_frac": 0.7332605360237884,
  "GE2_frac": 0.2802763379525278,
  "peak_blocks": 4202,
  "peak_step": 60439,
  "gpu_blocks": 672,
  "total_steps": 245786,
  "type1_count": 208,
  "type2_count": 89,
  "plot_path": "traces/request_types/SS28_SL29_LS27_LL15/bim50/bim50_hi_ov81.png"
}