{
  "PPR": 3.5804195804195804,
  "TPI": 0.11948165479649295,
  "OV_block_step": 394823,
  "OV_frac": 0.07098963823824339,
  "GE2_frac": 0.021263466433548452,
  "peak_blocks": 512,
  "peak_step": 36915,
  "gpu_blocks": 143,
  "total_steps": 38893,
  "type1_count": 67,
  "type2_count": 33,
  "plot_path": "traces/requests_types_8k/all_traces_arrival_rate_CV/SS18_SM08_SL17_MS21_MM06_ML10_LS10_LM03_LL07/lognormal_lambda2.0x_cv6/lognormal_lambda2.0x_cv6.png"
}