{
  "PPR": 1.9887218045112782,
  "TPI": 0.19800140926269938,
  "OV_block_step": 181927,
  "OV_frac": 0.04381116457789789,
  "GE2_frac": 0.0,
  "peak_blocks": 529,
  "peak_step": 8734,
  "gpu_blocks": 266,
  "total_steps": 15611,
  "type1_count": 52,
  "type2_count": 44,
  "plot_path": "traces/requests_types_16k/all_traces_arrival_rate_CV/SS03_SM35_SL00_MS13_MM01_ML28_LS01_LM18_LL02/lognormal_lambda2.0x_cv2/lognormal_lambda2.0x_cv2.png"
}