{
  "PPR": 2.8136086841408527,
  "TPI": 0.8203445447087777,
  "OV_block_step": 110364511,
  "OV_frac": 0.7990197204862932,
  "GE2_frac": 0.4390210555099809,
  "peak_blocks": 10627,
  "peak_step": 18679,
  "gpu_blocks": 3777,
  "total_steps": 36570,
  "type1_count": 35,
  "type2_count": 7,
  "plot_path": "traces/SS25_SL25_LS25_LL25/poi05/poi05_hi_ov80.png"
}