{
  "PPR": 6.4402852049910875,
  "TPI": 0.7961153823920458,
  "OV_block_step": 12733066,
  "OV_frac": 1.3120462075280952,
  "GE2_frac": 0.5091623793282849,
  "peak_blocks": 3613,
  "peak_step": 13448,
  "gpu_blocks": 561,
  "total_steps": 17299,
  "type1_count": 34,
  "type2_count": 9,
  "plot_path": "traces/requests_types_32k/all_traces_arrival_rate_CV/SS11_SM11_SL11_MS11_MM11_ML11_LS11_LM11_LL11/lognormal_lambda4.5x_cv3/lognormal_lambda4.5x_cv3.png"
}