{
  "PPR": 1.5855855855855856,
  "TPI": 0.3087731322823852,
  "OV_block_step": 25225448,
  "OV_frac": 0.11419477863573466,
  "GE2_frac": 0.0,
  "peak_blocks": 10912,
  "peak_step": 14269,
  "gpu_blocks": 6882,
  "total_steps": 32098,
  "type1_count": 57,
  "type2_count": 16,
  "plot_path": "traces/request_types/SS00_SL12_LS87_LL00/tsa05/tsa05_lo_ov12.png"
}