{
  "PPR": 2.3732394366197185,
  "TPI": 0.23814526388835344,
  "OV_block_step": 6566772,
  "OV_frac": 0.11142698552237128,
  "GE2_frac": 0.010813832453062956,
  "peak_blocks": 1348,
  "peak_step": 28323,
  "gpu_blocks": 568,
  "total_steps": 103756,
  "type1_count": 69,
  "type2_count": 49,
  "plot_path": "traces/requests_types_32k/all_traces_arrival_rate_CV/SS08_SM22_SL00_MS03_MM03_ML08_LS25_LM08_LL23/lognormal_lambda1.2x_cv3/lognormal_lambda1.2x_cv3.png"
}