{
  "PPR": 3.641025641025641,
  "TPI": 0.4688615172096236,
  "OV_block_step": 2644556,
  "OV_frac": 0.5575583236455804,
  "GE2_frac": 0.23644526303672153,
  "peak_blocks": 994,
  "peak_step": 8094,
  "gpu_blocks": 273,
  "total_steps": 17374,
  "type1_count": 55,
  "type2_count": 21,
  "plot_path": "traces/requests_types_16k/all_traces_arrival_rate_CV/SS18_SM04_SL04_MS07_MM51_ML04_LS07_LM02_LL03/lognormal_lambda3.0x_cv7/lognormal_lambda3.0x_cv7.png"
}