{
  "PPR": 5.376623376623376,
  "TPI": 0.8882183908045977,
  "OV_block_step": 900534,
  "OV_frac": 1.6803515450067175,
  "GE2_frac": 0.6692528735632184,
  "peak_blocks": 828,
  "peak_step": 734,
  "gpu_blocks": 154,
  "total_steps": 3480,
  "type1_count": 16,
  "type2_count": 13,
  "plot_path": "traces/requests_types_8k/all_traces_arrival_rate_CV/SS00_SM00_SL00_MS00_MM00_ML00_LS00_LM33_LL67/lognormal_lambda3.0x_cv1/lognormal_lambda3.0x_cv1.png"
}