{
  "PPR": 9.303130148270181,
  "TPI": 0.7460475715710013,
  "OV_block_step": 8636118,
  "OV_frac": 2.026426721248352,
  "GE2_frac": 0.6554621848739496,
  "peak_blocks": 5647,
  "peak_step": 4609,
  "gpu_blocks": 607,
  "total_steps": 7021,
  "type1_count": 9,
  "type2_count": 9,
  "plot_path": "traces/requests_types_32k/all_traces_arrival_rate_CV/SS00_SM00_SL00_MS00_MM00_ML00_LS00_LM66_LL34/lognormal_lambda4.5x_cv6/lognormal_lambda4.5x_cv6.png"
}