{
  "PPR": 5.354166666666667,
  "TPI": 0.7558296976079434,
  "OV_block_step": 4215133,
  "OV_frac": 1.1009386544472861,
  "GE2_frac": 0.43651271250188056,
  "peak_blocks": 1542,
  "peak_step": 9200,
  "gpu_blocks": 288,
  "total_steps": 13294,
  "type1_count": 37,
  "type2_count": 26,
  "plot_path": "traces/requests_types_16k/all_traces_arrival_rate_CV/SS09_SM11_SL08_MS09_MM08_ML09_LS18_LM23_LL05/lognormal_lambda3.5x_cv7/lognormal_lambda3.5x_cv7.png"
}