{
  "PPR": 8.764285714285714,
  "TPI": 0.975885455915599,
  "OV_block_step": 2074463,
  "OV_frac": 3.7220780851903688,
  "GE2_frac": 0.9236372770660638,
  "peak_blocks": 1227,
  "peak_step": 1953,
  "gpu_blocks": 140,
  "total_steps": 3981,
  "type1_count": 11,
  "type2_count": 3,
  "plot_path": "traces/requests_types_8k/all_traces_arrival_rate_CV/SS06_SM02_SL13_MS06_MM04_ML06_LS51_LM09_LL05/lognormal_lambda3.5x_cv6/lognormal_lambda3.5x_cv6.png"
}