{
  "PPR": 2.7301038062283736,
  "TPI": 0.5961271857251464,
  "OV_block_step": 2458149,
  "OV_frac": 0.3803812835898637,
  "GE2_frac": 0.12101426590939582,
  "peak_blocks": 789,
  "peak_step": 11361,
  "gpu_blocks": 289,
  "total_steps": 22361,
  "type1_count": 112,
  "type2_count": 34,
  "plot_path": "traces/requests_types_16k/all_traces_arrival_rate_CV/SS19_SM26_SL11_MS14_MM09_ML02_LS10_LM01_LL08/lognormal_lambda4.5x_cv6/lognormal_lambda4.5x_cv6.png"
}