{
  "PPR": 3.6683238636363638,
  "TPI": 0.26198397270904245,
  "OV_block_step": 66986273,
  "OV_frac": 0.1827675043331869,
  "GE2_frac": 0.07026730079214463,
  "peak_blocks": 5165,
  "peak_step": 98395,
  "gpu_blocks": 1408,
  "total_steps": 260306,
  "type1_count": 95,
  "type2_count": 73,
  "plot_path": "traces/request_types/all_traces/SS14_SL39_LS12_LL33/bim50/bim50_ml_ov21.png"
}