{
  "PPR": 2.2417534722222223,
  "TPI": 0.09828048527502248,
  "OV_block_step": 28727036,
  "OV_frac": 0.047898748385447214,
  "GE2_frac": 0.009473465844045086,
  "peak_blocks": 5165,
  "peak_step": 98395,
  "gpu_blocks": 2304,
  "total_steps": 260306,
  "type1_count": 48,
  "type2_count": 21,
  "plot_path": "traces/request_types/all_traces/SS14_SL39_LS12_LL33/bim50/bim50_vl_ov5.png"
}