{
  "PPR": 3.4072727272727272,
  "TPI": 0.36406325530004835,
  "OV_block_step": 112920788,
  "OV_frac": 0.2362987404603315,
  "GE2_frac": 0.056539603618534634,
  "peak_blocks": 9370,
  "peak_step": 128493,
  "gpu_blocks": 2750,
  "total_steps": 173772,
  "type1_count": 51,
  "type2_count": 27,
  "plot_path": "traces/requests_types_96k/all_traces_arrival_rate_CV/SS19_SM26_SL11_MS14_MM09_ML02_LS10_LM01_LL08/lognormal_lambda3.5x_cv1/lognormal_lambda3.5x_cv1.png"
}