{
  "PPR": 5.319415448851775,
  "TPI": 0.4214683544303797,
  "OV_block_step": 3111912,
  "OV_frac": 0.6578921275864803,
  "GE2_frac": 0.2870886075949367,
  "peak_blocks": 2548,
  "peak_step": 3027,
  "gpu_blocks": 479,
  "total_steps": 9875,
  "type1_count": 11,
  "type2_count": 8,
  "plot_path": "traces/requests_types_32k/all_traces_arrival_rate_CV/SS55_SM04_SL04_MS04_MM02_ML15_LS04_LM04_LL05/lognormal_lambda5.0x_cv5/lognormal_lambda5.0x_cv5.png"
}