{
  "PPR": 3.951417004048583,
  "TPI": 0.6743373741524553,
  "OV_block_step": 1763038,
  "OV_frac": 0.7332859737020951,
  "GE2_frac": 0.34055886583110745,
  "peak_blocks": 976,
  "peak_step": 4417,
  "gpu_blocks": 247,
  "total_steps": 9734,
  "type1_count": 37,
  "type2_count": 22,
  "plot_path": "traces/requests_types_16k/all_traces_arrival_rate_CV/SS02_SM04_SL04_MS04_MM15_ML55_LS04_LM04_LL05/lognormal_lambda4.5x_cv5/lognormal_lambda4.5x_cv5.png"
}