{
  "PPR": 2.4272727272727272,
  "TPI": 0.15224208985940402,
  "OV_block_step": 122248249,
  "OV_frac": 0.05746636183596021,
  "GE2_frac": 0.0064803946409088325,
  "peak_blocks": 6675,
  "peak_step": 561070,
  "gpu_blocks": 2750,
  "total_steps": 773564,
  "type1_count": 84,
  "type2_count": 38,
  "plot_path": "traces/requests_types_96k/all_traces_arrival_rate_CV/SS06_SM06_SL19_MS24_MM08_ML20_LS10_LM05_LL02/lognormal_lambda1.0x_cv1/lognormal_lambda1.0x_cv1.png"
}