{
  "PPR": 6.564971751412429,
  "TPI": 0.8101296456352636,
  "OV_block_step": 22531706,
  "OV_frac": 1.4669867359412208,
  "GE2_frac": 0.6303197925669836,
  "peak_blocks": 3486,
  "peak_step": 22335,
  "gpu_blocks": 531,
  "total_steps": 28925,
  "type1_count": 33,
  "type2_count": 6,
  "plot_path": "traces/requests_types_32k/all_traces_arrival_rate_CV/SS03_SM24_SL03_MS36_MM03_ML12_LS06_LM06_LL07/lognormal_lambda4.0x_cv2/lognormal_lambda4.0x_cv2.png"
}