{
  "PPR": 2.8984375,
  "TPI": 0.5292728989612843,
  "OV_block_step": 146737,
  "OV_frac": 0.2706286148489141,
  "GE2_frac": 0.06916902738432483,
  "peak_blocks": 371,
  "peak_step": 750,
  "gpu_blocks": 128,
  "total_steps": 4236,
  "type1_count": 47,
  "type2_count": 20,
  "plot_path": "traces/requests_types_8k/all_traces_arrival_rate_CV/SS55_SM04_SL04_MS04_MM02_ML15_LS04_LM04_LL05/lognormal_lambda4.0x_cv7/lognormal_lambda4.0x_cv7.png"
}