{
  "PPR": 5.433389544688027,
  "TPI": 0.44447723751199,
  "OV_block_step": 13713372,
  "OV_frac": 0.568765009619968,
  "GE2_frac": 0.21139231166531394,
  "peak_blocks": 3222,
  "peak_step": 31660,
  "gpu_blocks": 593,
  "total_steps": 40659,
  "type1_count": 49,
  "type2_count": 26,
  "plot_path": "traces/requests_types_32k/all_traces_arrival_rate_CV/SS05_SM02_SL22_MS01_MM07_ML11_LS31_LM03_LL19/lognormal_lambda2.5x_cv5/lognormal_lambda2.5x_cv5.png"
}