{
  "PPR": 3.209263392857143,
  "TPI": 0.3028910855808419,
  "OV_block_step": 89945711,
  "OV_frac": 0.15969189460382052,
  "GE2_frac": 0.03882142209467693,
  "peak_blocks": 5751,
  "peak_step": 154519,
  "gpu_blocks": 1792,
  "total_steps": 314311,
  "type1_count": 113,
  "type2_count": 89,
  "plot_path": "traces/request_types/SS06_SL07_LS05_LL80/bim50/bim50_ml_ov20.png"
}