{
  "PPR": 6.799319727891157,
  "TPI": 0.9604578563995838,
  "OV_block_step": 1704459,
  "OV_frac": 2.010919039832374,
  "GE2_frac": 0.7537287547693375,
  "peak_blocks": 1999,
  "peak_step": 1895,
  "gpu_blocks": 294,
  "total_steps": 2883,
  "type1_count": 19,
  "type2_count": 9,
  "plot_path": "traces/requests_types_16k/all_traces_arrival_rate_CV/SS00_SM00_SL00_MS00_MM00_ML00_LS00_LM66_LL34/lognormal_lambda4.5x_cv1/lognormal_lambda4.5x_cv1.png"
}