{
  "PPR": 3.1479166666666667,
  "TPI": 0.36949631917838444,
  "OV_block_step": 33917093,
  "OV_frac": 0.1771724129356976,
  "GE2_frac": 0.057072794014402344,
  "peak_blocks": 3022,
  "peak_step": 44475,
  "gpu_blocks": 960,
  "total_steps": 199412,
  "type1_count": 215,
  "type2_count": 96,
  "plot_path": "traces/request_types/SS00_SL50_LS50_LL00/bim50/bim50_ml_ov21.png"
}