{
  "PPR": 2.1463068181818183,
  "TPI": 0.12211902994804726,
  "OV_block_step": 13254501,
  "OV_frac": 0.04720733003325231,
  "GE2_frac": 0.004147192746675225,
  "peak_blocks": 3022,
  "peak_step": 44475,
  "gpu_blocks": 1408,
  "total_steps": 199412,
  "type1_count": 51,
  "type2_count": 55,
  "plot_path": "traces/request_types/SS00_SL50_LS50_LL00/bim50/bim50_vl_ov6.png"
}