{
  "PPR": 5.90234375,
  "TPI": 0.5980482618899565,
  "OV_block_step": 76843770,
  "OV_frac": 0.7526402036048483,
  "GE2_frac": 0.3271317673961447,
  "peak_blocks": 3022,
  "peak_step": 44475,
  "gpu_blocks": 512,
  "total_steps": 199412,
  "type1_count": 170,
  "type2_count": 81,
  "plot_path": "traces/request_types/SS00_SL50_LS50_LL00/bim50/bim50_hi_ov78.png"
}