{
  "PPR": 3.36,
  "TPI": 0.20338938318768288,
  "OV_block_step": 85376527,
  "OV_frac": 0.10242050196844785,
  "GE2_frac": 0.023746136056980168,
  "peak_blocks": 9240,
  "peak_step": 140368,
  "gpu_blocks": 2750,
  "total_steps": 303123,
  "type1_count": 49,
  "type2_count": 36,
  "plot_path": "traces/sy_requests/all_traces_arrival_rate_CV/SS15_SM17_SL08_MS09_MM06_ML17_LS06_LM14_LL09/lognormal_lambda1.5x_cv1/lognormal_lambda1.5x_cv1.png"
}