{
  "PPR": 2.7894545454545456,
  "TPI": 0.3818952060333641,
  "OV_block_step": 95092506,
  "OV_frac": 0.16258436502468024,
  "GE2_frac": 0.04482706738635722,
  "peak_blocks": 7671,
  "peak_step": 177480,
  "gpu_blocks": 2750,
  "total_steps": 212684,
  "type1_count": 100,
  "type2_count": 47,
  "plot_path": "traces/requests_types_96k/all_traces_arrival_rate_CV/SS03_SM42_SL05_MS03_MM05_ML25_LS13_LM02_LL00/lognormal_lambda2.5x_cv1/lognormal_lambda2.5x_cv1.png"
}