{
  "PPR": 3.4440832249674904,
  "TPI": 0.6886253421039996,
  "OV_block_step": 103930995,
  "OV_frac": 0.8111516226030242,
  "GE2_frac": 0.3776107936812791,
  "peak_blocks": 10594,
  "peak_step": 25727,
  "gpu_blocks": 3076,
  "total_steps": 41654,
  "type1_count": 31,
  "type2_count": 5,
  "plot_path": "traces/SS51_SL34_LS08_LL05/per05/per05_hi_ov81.png"
}