{
  "PPR": 1.58197021484375,
  "TPI": 0.29132196874738864,
  "OV_block_step": 51401296,
  "OV_frac": 0.06554036376728713,
  "GE2_frac": 0.0,
  "peak_blocks": 25919,
  "peak_step": 18254,
  "gpu_blocks": 16384,
  "total_steps": 47868,
  "type1_count": 45,
  "type2_count": 41,
  "plot_path": "traces/SS08_SL00_LS08_LL83/tsa05/tsa05_sk_ov7.png"
}