{
  "PPR": 1.9407316801957077,
  "TPI": 0.8286671822634699,
  "OV_block_step": 95499573,
  "OV_frac": 0.5475289064305322,
  "GE2_frac": 0.0,
  "peak_blocks": 17453,
  "peak_step": 9121,
  "gpu_blocks": 8993,
  "total_steps": 19395,
  "type1_count": 22,
  "type2_count": 9,
  "plot_path": "traces/request_types/SS28_SL29_LS27_LL15/bim05/bim05_mh_ov55.png"
}