{
  "PPR": 2.8970170454545454,
  "TPI": 0.34376626956175543,
  "OV_block_step": 60562270,
  "OV_frac": 0.1881821221951723,
  "GE2_frac": 0.03764694558802298,
  "peak_blocks": 4079,
  "peak_step": 102573,
  "gpu_blocks": 1408,
  "total_steps": 228571,
  "type1_count": 106,
  "type2_count": 78,
  "plot_path": "traces/request_types/all_traces/SS16_SL02_LS38_LL41/bim50/bim50_ml_ov21.png"
}