{
  "PPR": 7.243636363636363,
  "TPI": 0.6421752964998554,
  "OV_block_step": 2770250,
  "OV_frac": 1.4569910852815104,
  "GE2_frac": 0.4579114839456176,
  "peak_blocks": 3984,
  "peak_step": 3208,
  "gpu_blocks": 550,
  "total_steps": 3457,
  "type1_count": 13,
  "type2_count": 18,
  "plot_path": "traces/requests_types_32k/all_traces_arrival_rate_CV/SS00_SM00_SL00_MS00_MM00_ML00_LS00_LM99_LL01/lognormal_lambda3.0x_cv2/lognormal_lambda3.0x_cv2.png"
}