{
  "PPR": 1.9600665557404326,
  "TPI": 0.1541122118734096,
  "OV_block_step": 3717722,
  "OV_frac": 0.05094163360933623,
  "GE2_frac": 0.0,
  "peak_blocks": 1178,
  "peak_step": 48837,
  "gpu_blocks": 601,
  "total_steps": 121431,
  "type1_count": 73,
  "type2_count": 45,
  "plot_path": "traces/requests_types_32k/all_traces_arrival_rate_CV/SS09_SM11_SL08_MS09_MM08_ML09_LS18_LM23_LL05/lognormal_lambda1.2x_cv2/lognormal_lambda1.2x_cv2.png"
}