{
  "PPR": 3.934256055363322,
  "TPI": 0.9002116722104626,
  "OV_block_step": 3188774,
  "OV_frac": 0.8341261013913027,
  "GE2_frac": 0.37541578469912307,
  "peak_blocks": 1137,
  "peak_step": 5361,
  "gpu_blocks": 289,
  "total_steps": 13228,
  "type1_count": 94,
  "type2_count": 29,
  "plot_path": "traces/requests_types_16k/all_traces_arrival_rate_CV/SS19_SM26_SL11_MS14_MM09_ML02_LS10_LM01_LL08/lognormal_lambda3.5x_cv5/lognormal_lambda3.5x_cv5.png"
}