{
  "PPR": 3.2782874617737003,
  "TPI": 0.2857142857142857,
  "OV_block_step": 1745189,
  "OV_frac": 0.22450653790006078,
  "GE2_frac": 0.10293622749453138,
  "peak_blocks": 1072,
  "peak_step": 1443,
  "gpu_blocks": 327,
  "total_steps": 23772,
  "type1_count": 41,
  "type2_count": 47,
  "plot_path": "traces/requests_types_16k/all_traces_arrival_rate_CV/SS00_SM00_SL00_MS00_MM00_ML00_LS00_LM33_LL67/lognormal_lambda1.5x_cv2/lognormal_lambda1.5x_cv2.png"
}