{
  "PPR": 5.139272727272727,
  "TPI": 0.5139913070698051,
  "OV_block_step": 710095975,
  "OV_frac": 0.6625324398751435,
  "GE2_frac": 0.25511492217928783,
  "peak_blocks": 14133,
  "peak_step": 365884,
  "gpu_blocks": 2750,
  "total_steps": 389742,
  "type1_count": 76,
  "type2_count": 36,
  "plot_path": "traces/sy_requests/all_traces_arrival_rate_CV/SS05_SM02_SL22_MS01_MM07_ML11_LS31_LM03_LL19/lognormal_lambda2.0x_cv1/lognormal_lambda2.0x_cv1.png"
}