{
  "PPR": 2.497829861111111,
  "TPI": 0.16049682593808828,
  "OV_block_step": 26463233,
  "OV_frac": 0.053652054670498064,
  "GE2_frac": 0.008235277631154853,
  "peak_blocks": 5755,
  "peak_step": 162803,
  "gpu_blocks": 2304,
  "total_steps": 214079,
  "type1_count": 73,
  "type2_count": 41,
  "plot_path": "traces/request_types/SS00_SL00_LS75_LL25/bim50/bim50_vl_ov5.png"
}