{
  "PPR": 3.3828125,
  "TPI": 0.2868748413302869,
  "OV_block_step": 114342,
  "OV_frac": 0.22678265422696114,
  "GE2_frac": 0.12465092663112465,
  "peak_blocks": 433,
  "peak_step": 2235,
  "gpu_blocks": 128,
  "total_steps": 3939,
  "type1_count": 24,
  "type2_count": 34,
  "plot_path": "traces/requests_types_8k/all_traces_arrival_rate_CV/SS55_SM04_SL04_MS04_MM02_ML15_LS04_LM04_LL05/lognormal_lambda3.5x_cv1/lognormal_lambda3.5x_cv1.png"
}