{
  "PPR": 2.735576923076923,
  "TPI": 0.17978470291329138,
  "OV_block_step": 42572872,
  "OV_frac": 0.10265192830055792,
  "GE2_frac": 0.043011270397252416,
  "peak_blocks": 4552,
  "peak_step": 229092,
  "gpu_blocks": 1664,
  "total_steps": 249237,
  "type1_count": 56,
  "type2_count": 50,
  "plot_path": "traces/request_types/all_traces/SS14_SL39_LS12_LL33/bim50/bim50_lo_ov12.png"
}