{
  "PPR": 1.771954674220963,
  "TPI": 0.7373103323699421,
  "OV_block_step": 62136085,
  "OV_frac": 0.3613186902315414,
  "GE2_frac": 0.0,
  "peak_blocks": 13761,
  "peak_step": 15667,
  "gpu_blocks": 7766,
  "total_steps": 22144,
  "type1_count": 40,
  "type2_count": 9,
  "plot_path": "traces/request_types/SS51_SL34_LS08_LL05/bim05/bim05_md_ov36.png"
}