{
  "PPR": 3.262458471760797,
  "TPI": 0.5884714977295755,
  "OV_block_step": 26777201,
  "OV_frac": 0.5564153604811788,
  "GE2_frac": 0.27823019476864186,
  "peak_blocks": 5892,
  "peak_step": 12277,
  "gpu_blocks": 1806,
  "total_steps": 26647,
  "type1_count": 56,
  "type2_count": 34,
  "plot_path": "traces/request_types/SS62_SL37_LS00_LL00/per05/per05_mh_ov56.png"
}