{
  "PPR": 5.991922455573506,
  "TPI": 0.40880303989867006,
  "OV_block_step": 13141958,
  "OV_frac": 0.480207860291879,
  "GE2_frac": 0.18309508730661359,
  "peak_blocks": 3709,
  "peak_step": 41812,
  "gpu_blocks": 619,
  "total_steps": 44212,
  "type1_count": 35,
  "type2_count": 34,
  "plot_path": "traces/requests_types_32k/all_traces_arrival_rate_CV/SS00_SM00_SL00_MS00_MM00_ML00_LS00_LM00_LL100/lognormal_lambda1.5x_cv2/lognormal_lambda1.5x_cv2.png"
}