{
  "batch_size": 4,
  "max_model_len": 32384,
  "num_gpu_blocks_override": 13413,
  "arrival_pattern": "UniformArrival(max_step=30233)",
  "vocab": [200, 30000],
  "requests": {
    "request_0": {"category": "LL_I13104-19648_O3264-4912", "input_length": 16406, "output_length": 4006, "arrival_time": 0, "sched_time": 0, "wait_time": 0, "slo": 0.06996719513536982},
    "request_1": {"category": "SL_I192-304_O13104-19648", "input_length": 287, "output_length": 17744, "arrival_time": 0, "sched_time": 0, "wait_time": 0, "slo": 0.06758204461648815},
    "request_2": {"category": "SL_I816-1216_O6544-9824", "input_length": 1207, "output_length": 7261, "arrival_time": 0, "sched_time": 0, "wait_time": 0, "slo": 0.05800237455682184},
    "request_3": {"category": "LL_I6544-9824_O6544-9824", "input_length": 7726, "output_length": 7019, "arrival_time": 0, "sched_time": 0, "wait_time": 0, "slo": 0.06429031651693116},
    "request_4": {"category": "LL_I6544-9824_O3264-4912", "input_length": 7079, "output_length": 4362, "arrival_time": 2034, "sched_time": 4007, "wait_time": 1973, "slo": 0.06098055704007897},
    "request_5": {"category": "SS_I1632-2448_O1632-2448", "input_length": 1748, "output_length": 1856, "arrival_time": 2717, "sched_time": 7020, "wait_time": 4303, "slo": 0.053129895714385686},
    "request_6": {"category": "LS_I13104-19648_O400-608", "input_length": 18662, "output_length": 403, "arrival_time": 3274, "sched_time": 7262, "wait_time": 3988, "slo": 0.06861784706777906},
    "request_7": {"category": "LL_I13104-19648_O3264-4912", "input_length": 14319, "output_length": 3535, "arrival_time": 3390, "sched_time": 7666, "wait_time": 4276, "slo": 0.06740473607308535},
    "request_8": {"category": "LS_I13104-19648_O1632-2448", "input_length": 18331, "output_length": 1962, "arrival_time": 3482, "sched_time": 8370, "wait_time": 4888, "slo": 0.0698479876965849},
    "request_9": {"category": "LL_I13104-19648_O6544-9824", "input_length": 13611, "output_length": 8737, "arrival_time": 3564, "sched_time": 8877, "wait_time": 5313, "slo": 0.07190656993778685},
    "request_10": {"category": "SL_I400-608_O3264-4912", "input_length": 453, "output_length": 4521, "arrival_time": 3833, "sched_time": 10333, "wait_time": 6500, "slo": 0.05450228387518699},
    "request_11": {"category": "LL_I3264-4912_O3264-4912", "input_length": 4189, "output_length": 4394, "arrival_time": 4020, "sched_time": 11202, "wait_time": 7182, "slo": 0.058117575022874506},
    "request_12": {"category": "LL_I6544-9824_O6544-9824", "input_length": 6840, "output_length": 7354, "arrival_time": 4102, "sched_time": 14855, "wait_time": 10753, "slo": 0.06373835602306144},
    "request_13": {"category": "LL_I3264-4912_O3264-4912", "input_length": 4495, "output_length": 4177, "arrival_time": 4152, "sched_time": 15597, "wait_time": 11445, "slo": 0.05820673016616744},
    "request_14": {"category": "LS_I13104-19648_O1632-2448", "input_length": 18203, "output_length": 1734, "arrival_time": 4349, "sched_time": 17615, "wait_time": 13266, "slo": 0.06949136712341317},
    "request_15": {"category": "LL_I6544-9824_O3264-4912", "input_length": 7023, "output_length": 4169, "arrival_time": 4436, "sched_time": 17745, "wait_time": 13309, "slo": 0.060731122987495376},
    "request_16": {"category": "LS_I13104-19648_O192-304", "input_length": 14007, "output_length": 231, "arrival_time": 4740, "sched_time": 19350, "wait_time": 14610, "slo": 0.06378243272311637},
    "request_17": {"category": "LL_I6544-9824_O3264-4912", "input_length": 9630, "output_length": 4591, "arrival_time": 4753, "sched_time": 19582, "wait_time": 14829, "slo": 0.06376540308900425},
    "request_18": {"category": "LL_I6544-9824_O3264-4912", "input_length": 9823, "output_length": 3568, "arrival_time": 4771, "sched_time": 19775, "wait_time": 15004, "slo": 0.06293395624705893},
    "request_19": {"category": "LS_I13104-19648_O1632-2448", "input_length": 14587, "output_length": 2153, "arrival_time": 4927, "sched_time": 21915, "wait_time": 16988, "slo": 0.06628879416714911},
    "request_20": {"category": "LS_I13104-19648_O400-608", "input_length": 13110, "output_length": 451, "arrival_time": 5103, "sched_time": 22210, "wait_time": 17107, "slo": 0.06310425258818025},
    "request_21": {"category": "LS_I13104-19648_O192-304", "input_length": 13414, "output_length": 219, "arrival_time": 5205, "sched_time": 22662, "wait_time": 17457, "slo": 0.06317637809736106},
    "request_22": {"category": "LL_I3264-4912_O3264-4912", "input_length": 4054, "output_length": 4327, "arrival_time": 5335, "sched_time": 22882, "wait_time": 17547, "slo": 0.05791522289989504},
    "request_23": {"category": "LL_I3264-4912_O13104-19648", "input_length": 4853, "output_length": 18886, "arrival_time": 6103, "sched_time": 23344, "wait_time": 17241, "slo": 0.07329999470543255},
    "request_24": {"category": "LL_I3264-4912_O3264-4912", "input_length": 4640, "output_length": 3368, "arrival_time": 6450, "sched_time": 24069, "wait_time": 17619, "slo": 0.05754157269261118},
    "request_25": {"category": "SL_I400-608_O6544-9824", "input_length": 562, "output_length": 6681, "arrival_time": 6530, "sched_time": 24174, "wait_time": 17644, "slo": 0.0567752391575652},
    "request_26": {"category": "LL_I3264-4912_O3264-4912", "input_length": 4098, "output_length": 3953, "arrival_time": 6722, "sched_time": 27210, "wait_time": 20488, "slo": 0.05758464764948305},
    "request_27": {"category": "SS_I1632-2448_O816-1216", "input_length": 2206, "output_length": 991, "arrival_time": 7080, "sched_time": 27438, "wait_time": 20358, "slo": 0.05272218623887756},
    "request_28": {"category": "LS_I13104-19648_O400-608", "input_length": 16492, "output_length": 599, "arrival_time": 8073, "sched_time": 28430, "wait_time": 20357, "slo": 0.0666404060244055},
    "request_29": {"category": "LL_I6544-9824_O13104-19648", "input_length": 7640, "output_length": 16409, "arrival_time": 8230, "sched_time": 29030, "wait_time": 20800, "slo": 0.07361053509218321},
    "request_30": {"category": "LS_I13104-19648_O816-1216", "input_length": 19644, "output_length": 1139, "arrival_time": 8588, "sched_time": 30856, "wait_time": 22268, "slo": 0.07033884185628755},
    "request_31": {"category": "LL_I3264-4912_O13104-19648", "input_length": 4900, "output_length": 15232, "arrival_time": 8906, "sched_time": 31164, "wait_time": 22258, "slo": 0.06968670704411117},
    "request_32": {"category": "LS_I13104-19648_O816-1216", "input_length": 15737, "output_length": 1019, "arrival_time": 8924, "sched_time": 31996, "wait_time": 23072, "slo": 0.06630482205807818},
    "request_33": {"category": "LS_I13104-19648_O1632-2448", "input_length": 14519, "output_length": 1984, "arrival_time": 9118, "sched_time": 33016, "wait_time": 23898, "slo": 0.06605138103276231},
    "request_34": {"category": "LS_I13104-19648_O1632-2448", "input_length": 19160, "output_length": 2317, "arrival_time": 9379, "sched_time": 35001, "wait_time": 25622, "slo": 0.0710340516253358},
    "request_35": {"category": "SL_I400-608_O3264-4912", "input_length": 445, "output_length": 4304, "arrival_time": 9385, "sched_time": 37319, "wait_time": 27934, "slo": 0.054276891658997},
    "request_36": {"category": "LL_I3264-4912_O13104-19648", "input_length": 3549, "output_length": 14531, "arrival_time": 9561, "sched_time": 41624, "wait_time": 32063, "slo": 0.06763113003245841},
    "request_37": {"category": "LS_I13104-19648_O192-304", "input_length": 15041, "output_length": 275, "arrival_time": 9629, "sched_time": 42231, "wait_time": 32602, "slo": 0.06486231187446222},
    "request_38": {"category": "LL_I6544-9824_O13104-19648", "input_length": 7412, "output_length": 15451, "arrival_time": 9886, "sched_time": 42507, "wait_time": 32621, "slo": 0.07242246767706617},
    "request_39": {"category": "LL_I6544-9824_O6544-9824", "input_length": 9256, "output_length": 9597, "arrival_time": 9984, "sched_time": 45440, "wait_time": 35456, "slo": 0.06840547751296894},