{
  "PPR": 5.472522198224142,
  "TPI": 0.77359470629418,
  "OV_block_step": 285520429,
  "OV_frac": 1.5474473544182907,
  "GE2_frac": 0.5898958874409991,
  "peak_blocks": 22804,
  "peak_step": 23743,
  "gpu_blocks": 4167,
  "total_steps": 44279,
  "type1_count": 26,
  "type2_count": 9,
  "plot_path": "traces/SS00_SL25_LS00_LL75/uni05/uni05_sv_ov1p6.png"
}