{
  "PPR": 3.0625,
  "TPI": 0.3574853489611082,
  "OV_block_step": 138899,
  "OV_frac": 0.28906458111347894,
  "GE2_frac": 0.11854022376132126,
  "peak_blocks": 392,
  "peak_step": 1900,
  "gpu_blocks": 128,
  "total_steps": 3754,
  "type1_count": 35,
  "type2_count": 18,
  "plot_path": "traces/requests_types_8k/all_traces_arrival_rate_CV/SS55_SM04_SL04_MS04_MM02_ML15_LS04_LM04_LL05/lognormal_lambda2.0x_cv3/lognormal_lambda2.0x_cv3.png"
}