{
  "PPR": 3.869565217391304,
  "TPI": 0.8833437305053026,
  "OV_block_step": 496774,
  "OV_frac": 1.1228358060520582,
  "GE2_frac": 0.6107298814722395,
  "peak_blocks": 534,
  "peak_step": 531,
  "gpu_blocks": 138,
  "total_steps": 3206,
  "type1_count": 20,
  "type2_count": 9,
  "plot_path": "traces/requests_types_8k/all_traces_arrival_rate_CV/SS18_SM04_SL04_MS07_MM51_ML04_LS07_LM02_LL03/lognormal_lambda5.0x_cv4/lognormal_lambda5.0x_cv4.png"
}