{
  "PPR": 1.8076347305389222,
  "TPI": 0.0476973222720003,
  "OV_block_step": 6032570,
  "OV_frac": 0.010557984798274456,
  "GE2_frac": 0.0,
  "peak_blocks": 2415,
  "peak_step": 152754,
  "gpu_blocks": 1336,
  "total_steps": 427676,
  "type1_count": 39,
  "type2_count": 30,
  "plot_path": "traces/request_types/SS00_SL00_LS100_LL00/bur05/bur05_mh_ov3.png"
}