{
  "PPR": 2.17911714770798,
  "TPI": 0.22215276909613701,
  "OV_block_step": 3606741,
  "OV_frac": 0.06379442379363634,
  "GE2_frac": 0.011793140809267825,
  "peak_blocks": 2567,
  "peak_step": 35921,
  "gpu_blocks": 1178,
  "total_steps": 47994,
  "type1_count": 51,
  "type2_count": 34,
  "plot_path": "traces/requests_types_32k_bs8/all_traces_arrival_rate_CV/SS05_SM02_SL22_MS01_MM07_ML11_LS31_LM03_LL19/lognormal_lambda2.0x_cv1/lognormal_lambda2.0x_cv1.png"
}