{
  "PPR": 4.727598566308243,
  "TPI": 0.6349714429172159,
  "OV_block_step": 5380342,
  "OV_frac": 1.21034205286609,
  "GE2_frac": 0.517604970815289,
  "peak_blocks": 1319,
  "peak_step": 2513,
  "gpu_blocks": 279,
  "total_steps": 15933,
  "type1_count": 40,
  "type2_count": 21,
  "plot_path": "traces/requests_types_16k/all_traces_arrival_rate_CV/SS01_SM18_SL11_MS32_MM14_ML02_LS14_LM07_LL01/lognormal_lambda5.0x_cv4/lognormal_lambda5.0x_cv4.png"
}