{
  "PPR": 3.48582995951417,
  "TPI": 0.20611618533446732,
  "OV_block_step": 948828,
  "OV_frac": 0.1420481790808191,
  "GE2_frac": 0.04784972081499834,
  "peak_blocks": 861,
  "peak_step": 10535,
  "gpu_blocks": 247,
  "total_steps": 27043,
  "type1_count": 56,
  "type2_count": 30,
  "plot_path": "traces/requests_types_16k/all_traces_arrival_rate_CV/SS02_SM04_SL04_MS04_MM15_ML55_LS04_LM04_LL05/lognormal_lambda1.5x_cv4/lognormal_lambda1.5x_cv4.png"
}