{
  "PPR": 4.125827814569536,
  "TPI": 0.6507722608064683,
  "OV_block_step": 1205873,
  "OV_frac": 0.8278131965673026,
  "GE2_frac": 0.3504716492173733,
  "peak_blocks": 623,
  "peak_step": 3489,
  "gpu_blocks": 151,
  "total_steps": 9647,
  "type1_count": 63,
  "type2_count": 27,
  "plot_path": "traces/requests_types_8k/all_traces_arrival_rate_CV/SS10_SM00_SL12_MS50_MM04_ML04_LS04_LM08_LL09/lognormal_lambda3.5x_cv2/lognormal_lambda3.5x_cv2.png"
}