{
  "PPR": 5.016611295681063,
  "TPI": 0.45937516803785555,
  "OV_block_step": 3007804,
  "OV_frac": 0.5373288336256857,
  "GE2_frac": 0.23326342958541701,
  "peak_blocks": 1510,
  "peak_step": 11156,
  "gpu_blocks": 301,
  "total_steps": 18597,
  "type1_count": 56,
  "type2_count": 22,
  "plot_path": "traces/requests_types_16k/all_traces_arrival_rate_CV/SS07_SM08_SL06_MS09_MM09_ML09_LS07_LM08_LL38/lognormal_lambda5.0x_cv5/lognormal_lambda5.0x_cv5.png"
}