{
  "PPR": 4.455830388692579,
  "TPI": 0.3126576207200656,
  "OV_block_step": 12431591,
  "OV_frac": 0.33982550239216924,
  "GE2_frac": 0.1435180171120016,
  "peak_blocks": 2522,
  "peak_step": 18927,
  "gpu_blocks": 566,
  "total_steps": 64633,
  "type1_count": 38,
  "type2_count": 22,
  "plot_path": "traces/requests_types_32k/all_traces_arrival_rate_CV/SS00_SM06_SL06_MS06_MM39_ML00_LS06_LM18_LL19/lognormal_lambda2.5x_cv7/lognormal_lambda2.5x_cv7.png"
}