{
  "batch_size": 4,
  "max_model_len": 32384,
  "num_gpu_blocks_override": 219,
  "arrival_pattern": "PoissonBurstyArrivalPattern(lb=1,lg=930)",
  "vocab": [200, 30000],
  "requests": {
    "request_0": {"category": "SS_I400-608_O192-304", "input_length": 402, "output_length": 286, "arrival_time": 0, "sched_time": 0, "wait_time": 0, "slo": 0.05020881259256336},
    "request_1": {"category": "SS_I816-1216_O400-608", "input_length": 933, "output_length": 432, "arrival_time": 0, "sched_time": 0, "wait_time": 0, "slo": 0.050886992727499476},
    "request_2": {"category": "SS_I192-304_O816-1216", "input_length": 266, "output_length": 889, "arrival_time": 0, "sched_time": 0, "wait_time": 0, "slo": 0.05067662665905548},
    "request_3": {"category": "SS_I192-304_O192-304", "input_length": 208, "output_length": 281, "arrival_time": 0, "sched_time": 0, "wait_time": 0, "slo": 0.050009465699133095},
    "request_4": {"category": "SS_I192-304_O192-304", "input_length": 239, "output_length": 304, "arrival_time": 891, "sched_time": 891, "wait_time": 0, "slo": 0.05006355983101869},
    "request_5": {"category": "SS_I400-608_O400-608", "input_length": 590, "output_length": 574, "arrival_time": 1197, "sched_time": 1197, "wait_time": 0, "slo": 0.05068564234770308},
    "request_6": {"category": "SS_I192-304_O400-608", "input_length": 281, "output_length": 506, "arrival_time": 1773, "sched_time": 1773, "wait_time": 0, "slo": 0.050307985167686954},
    "request_7": {"category": "SS_I816-1216_O400-608", "input_length": 969, "output_length": 517, "arrival_time": 2281, "sched_time": 2281, "wait_time": 0, "slo": 0.05100820365265054},
    "request_8": {"category": "SS_I400-608_O192-304", "input_length": 589, "output_length": 227, "arrival_time": 2800, "sched_time": 2800, "wait_time": 0, "slo": 0.050337035719995885},
    "request_9": {"category": "SS_I816-1216_O1632-2448", "input_length": 989, "output_length": 2005, "arrival_time": 3029, "sched_time": 3029, "wait_time": 0, "slo": 0.052518832372715034},
    "request_10": {"category": "SS_I816-1216_O1632-2448", "input_length": 1157, "output_length": 1907, "arrival_time": 5036, "sched_time": 5036, "wait_time": 0, "slo": 0.0525889543955297},
    "request_11": {"category": "SS_I192-304_O816-1216", "input_length": 197, "output_length": 1150, "arrival_time": 6945, "sched_time": 6945, "wait_time": 0, "slo": 0.05086896135020427},
    "request_12": {"category": "SS_I192-304_O816-1216", "input_length": 221, "output_length": 1117, "arrival_time": 8097, "sched_time": 8097, "wait_time": 0, "slo": 0.050859945661556674},
    "request_13": {"category": "SS_I192-304_O816-1216", "input_length": 242, "output_length": 1189, "arrival_time": 9216, "sched_time": 9216, "wait_time": 0, "slo": 0.05095310777758187},
    "request_14": {"category": "SS_I192-304_O816-1216", "input_length": 236, "output_length": 878, "arrival_time": 9216, "sched_time": 9216, "wait_time": 0, "slo": 0.050635555188549744},
    "request_15": {"category": "SS_I192-304_O1632-2448", "input_length": 297, "output_length": 2416, "arrival_time": 10407, "sched_time": 10407, "wait_time": 0, "slo": 0.05223734253827331},
    "request_16": {"category": "SS_I400-608_O400-608", "input_length": 497, "output_length": 462, "arrival_time": 12825, "sched_time": 12825, "wait_time": 0, "slo": 0.050480284995174415},
    "request_17": {"category": "SS_I400-608_O400-608", "input_length": 466, "output_length": 434, "arrival_time": 13289, "sched_time": 13289, "wait_time": 0, "slo": 0.05042118214737348},
    "request_18": {"category": "SS_I816-1216_O816-1216", "input_length": 1167, "output_length": 1012, "arrival_time": 13725, "sched_time": 13725, "wait_time": 0, "slo": 0.05170241167851572},
    "request_19": {"category": "SS_I816-1216_O400-608", "input_length": 1154, "output_length": 547, "arrival_time": 14739, "sched_time": 14739, "wait_time": 0, "slo": 0.051223578437009865},
    "request_20": {"category": "SS_I400-608_O400-608", "input_length": 452, "output_length": 425, "arrival_time": 15288, "sched_time": 15288, "wait_time": 0, "slo": 0.05039814205416295},
    "request_21": {"category": "SS_I816-1216_O400-608", "input_length": 1133, "output_length": 537, "arrival_time": 15715, "sched_time": 15715, "wait_time": 0, "slo": 0.0511925243983348},
    "request_22": {"category": "SS_I400-608_O816-1216", "input_length": 450, "output_length": 852, "arrival_time": 16254, "sched_time": 16254, "wait_time": 0, "slo": 0.050823882906966274},
    "request_23": {"category": "SS_I816-1216_O816-1216", "input_length": 1107, "output_length": 1172, "arrival_time": 17108, "sched_time": 17108, "wait_time": 0, "slo": 0.05180258599682239},
    "request_24": {"category": "SS_I816-1216_O816-1216", "input_length": 871, "output_length": 861, "arrival_time": 18282, "sched_time": 18282, "wait_time": 0, "slo": 0.05125463247568493},
    "request_25": {"category": "SS_I816-1216_O400-608", "input_length": 873, "output_length": 525, "arrival_time": 19145, "sched_time": 19145, "wait_time": 0, "slo": 0.05092005025254067},
    "request_26": {"category": "SS_I816-1216_O816-1216", "input_length": 1044, "output_length": 1049, "arrival_time": 19672, "sched_time": 19672, "wait_time": 0, "slo": 0.05161626176477199},
    "request_27": {"category": "SS_I816-1216_O1632-2448", "input_length": 1205, "output_length": 2293, "arrival_time": 19672, "sched_time": 19672, "wait_time": 0, "slo": 0.05302371093698063},
    "request_28": {"category": "SS_I192-304_O816-1216", "input_length": 273, "output_length": 1180, "arrival_time": 21967, "sched_time": 21967, "wait_time": 0, "slo": 0.05097514612760934},
    "request_29": {"category": "SS_I400-608_O192-304", "input_length": 499, "output_length": 206, "arrival_time": 23149, "sched_time": 23149, "wait_time": 0, "slo": 0.05022584222667549},
    "request_30": {"category": "SS_I816-1216_O1632-2448", "input_length": 1102, "output_length": 1688, "arrival_time": 23357, "sched_time": 23357, "wait_time": 0, "slo": 0.05231447676336944},
    "request_31": {"category": "SS_I400-608_O192-304", "input_length": 460, "output_length": 248, "arrival_time": 23357, "sched_time": 23357, "wait_time": 0, "slo": 0.05022884745622469},
    "request_32": {"category": "SS_I400-608_O1632-2448", "input_length": 599, "output_length": 1785, "arrival_time": 25047, "sched_time": 25047, "wait_time": 0, "slo": 0.05190776903104438},
    "request_33": {"category": "SS_I192-304_O400-608", "input_length": 225, "output_length": 559, "arrival_time": 25047, "sched_time": 25047, "wait_time": 0, "slo": 0.050304979938137755},
    "request_34": {"category": "SS_I400-608_O400-608", "input_length": 460, "output_length": 412, "arrival_time": 26834, "sched_time": 26834, "wait_time": 0, "slo": 0.05039313333824762},
    "request_35": {"category": "SS_I816-1216_O816-1216", "input_length": 887, "output_length": 881, "arrival_time": 27248, "sched_time": 27248, "wait_time": 0, "slo": 0.05129069523027533},
    "request_36": {"category": "SS_I400-608_O816-1216", "input_length": 581, "output_length": 992, "arrival_time": 28131, "sched_time": 28131, "wait_time": 0, "slo": 0.05109535530957734},
    "request_37": {"category": "SS_I400-608_O400-608", "input_length": 490, "output_length": 525, "arrival_time": 29125, "sched_time": 29125, "wait_time": 0, "slo": 0.05053638261342615},
    "request_38": {"category": "SS_I192-304_O816-1216", "input_length": 273, "output_length": 1191, "arrival_time": 29125, "sched_time": 29125, "wait_time": 0, "slo": 0.05098616530262307},
    "request_39": {"category": "SS_I192-304_O400-608", "input_length": 273, "output_length": 475, "arrival_time": 30318, "sched_time": 30318, "wait_time": 0, "slo": 0.050268917183547354},
    "request_40": {"category": "SS_I400-608_O1632-2448", "input_length": 464, "output_length": 1819, "arrival_time": 30795, "sched_time": 30795, "wait_time": 0, "slo": 0.05180659296955465},
    "request_41": {"category": "SS_I192-304_O192-304", "input_length": 257, "output_length": 291, "arrival_time": 32616,