{
  "PPR": 2.375,
  "TPI": 0.1531748420102317,
  "OV_block_step": 61038,
  "OV_frac": 0.045020445734718806,
  "GE2_frac": 0.0003009328919650918,
  "peak_blocks": 323,
  "peak_step": 2046,
  "gpu_blocks": 136,
  "total_steps": 9969,
  "type1_count": 33,
  "type2_count": 24,
  "plot_path": "traces/requests_types_8k/all_traces_arrival_rate_CV/SS54_SM10_SL01_MS02_MM09_ML02_LS06_LM14_LL01/lognormal_lambda1.5x_cv2/lognormal_lambda1.5x_cv2.png"
}