{
  "PPR": 4.365935919055649,
  "TPI": 0.26019347662438347,
  "OV_block_step": 10721374,
  "OV_frac": 0.20313796952369814,
  "GE2_frac": 0.06399784276934485,
  "peak_blocks": 2589,
  "peak_step": 14841,
  "gpu_blocks": 593,
  "total_steps": 89003,
  "type1_count": 67,
  "type2_count": 25,
  "plot_path": "traces/requests_types_32k/all_traces_arrival_rate_CV/SS05_SM02_SL22_MS01_MM07_ML11_LS31_LM03_LL19/lognormal_lambda1.0x_cv7/lognormal_lambda1.0x_cv7.png"
}