{
  "PPR": 3.4921875,
  "TPI": 0.41779141104294476,
  "OV_block_step": 165399,
  "OV_frac": 0.39637413726993864,
  "GE2_frac": 0.1361963190184049,
  "peak_blocks": 447,
  "peak_step": 1242,
  "gpu_blocks": 128,
  "total_steps": 3260,
  "type1_count": 26,
  "type2_count": 13,
  "plot_path": "traces/requests_types_8k/all_traces_arrival_rate_CV/SS55_SM04_SL04_MS04_MM02_ML15_LS04_LM04_LL05/lognormal_lambda5.0x_cv7/lognormal_lambda5.0x_cv7.png"
}