{
  "PPR": 2.0024610336341264,
  "TPI": 0.09183623552602733,
  "OV_block_step": 25735680,
  "OV_frac": 0.019125414848715886,
  "GE2_frac": 5.616562699863572e-05,
  "peak_blocks": 4882,
  "peak_step": 109193,
  "gpu_blocks": 2438,
  "total_steps": 551939,
  "type1_count": 45,
  "type2_count": 50,
  "plot_path": "traces/requests_types_128k/all_traces_arrival_rate_CV/SS10_SM00_SL12_MS50_MM04_ML04_LS04_LM08_LL09/lognormal_lambda1.0x_cv1/lognormal_lambda1.0x_cv1.png"
}