{
  "PPR": 2.9865771812080535,
  "TPI": 0.2113233229826875,
  "OV_block_step": 510720,
  "OV_frac": 0.1458016507172321,
  "GE2_frac": 0.06048747288272577,
  "peak_blocks": 445,
  "peak_step": 8902,
  "gpu_blocks": 149,
  "total_steps": 23509,
  "type1_count": 68,
  "type2_count": 51,
  "plot_path": "traces/requests_types_8k/all_traces_arrival_rate_CV/SS08_SM22_SL00_MS03_MM03_ML08_LS25_LM08_LL23/lognormal_lambda1.5x_cv5/lognormal_lambda1.5x_cv5.png"
}