{
  "PPR": 4.0989862850327965,
  "TPI": 0.5850422121619968,
  "OV_block_step": 143826912,
  "OV_frac": 0.5246813157420688,
  "GE2_frac": 0.20983726905664996,
  "peak_blocks": 6874,
  "peak_step": 63185,
  "gpu_blocks": 1677,
  "total_steps": 163460,
  "type1_count": 113,
  "type2_count": 35,
  "plot_path": "traces/requests_types_64k/all_traces_arrival_rate_CV/SS06_SM06_SL19_MS24_MM08_ML20_LS10_LM05_LL02/lognormal_lambda3.5x_cv1/lognormal_lambda3.5x_cv1.png"
}