{
  "PPR": 3.0353860294117645,
  "TPI": 0.7923482370047256,
  "OV_block_step": 189836544,
  "OV_frac": 0.7928122393995767,
  "GE2_frac": 0.3085696110505271,
  "peak_blocks": 33025,
  "peak_step": 3943,
  "gpu_blocks": 10880,
  "total_steps": 22008,
  "type1_count": 23,
  "type2_count": 6,
  "plot_path": "traces/request_types/SS12_SL37_LS06_LL43/bim05/bim05_hi_ov79.png"
}