{
  "PPR": 2.01568603515625,
  "TPI": 0.7320065430752454,
  "OV_block_step": 96646420,
  "OV_frac": 0.2680311407535044,
  "GE2_frac": 0.006315885132679026,
  "peak_blocks": 33025,
  "peak_step": 3943,
  "gpu_blocks": 16384,
  "total_steps": 22008,
  "type1_count": 51,
  "type2_count": 12,
  "plot_path": "traces/request_types/SS12_SL37_LS06_LL43/bim05/bim05_ml_ov27.png"
}