{
  "PPR": 3.4755244755244754,
  "TPI": 0.4703410298521882,
  "OV_block_step": 9730061,
  "OV_frac": 0.41084426997019985,
  "GE2_frac": 0.1830016423533958,
  "peak_blocks": 1988,
  "peak_step": 22258,
  "gpu_blocks": 572,
  "total_steps": 41404,
  "type1_count": 51,
  "type2_count": 26,
  "plot_path": "traces/requests_types_32k/all_traces_arrival_rate_CV/SS18_SM04_SL04_MS07_MM51_ML04_LS07_LM02_LL03/lognormal_lambda3.0x_cv2/lognormal_lambda3.0x_cv2.png"
}