{
  "PPR": 2.4126032723149198,
  "TPI": 0.7560758561433657,
  "OV_block_step": 105336043,
  "OV_frac": 0.5236281852866744,
  "GE2_frac": 0.1796673622192218,
  "peak_blocks": 14893,
  "peak_step": 16387,
  "gpu_blocks": 6173,
  "total_steps": 32588,
  "type1_count": 51,
  "type2_count": 13,
  "plot_path": "traces/request_types/SS16_SL02_LS38_LL41/poi05/poi05_mh_ov54.png"
}