{
  "PPR": 6.724832214765101,
  "TPI": 0.1252188203351077,
  "OV_block_step": 1225599,
  "OV_frac": 0.293862193001154,
  "GE2_frac": 0.0918152263227466,
  "peak_blocks": 1002,
  "peak_step": 26020,
  "gpu_blocks": 149,
  "total_steps": 27991,
  "type1_count": 24,
  "type2_count": 8,
  "plot_path": "traces/requests_types_8k/all_traces_arrival_rate_CV/SS08_SM22_SL00_MS03_MM03_ML08_LS25_LM08_LL23/lognormal_lambda3.0x_cv7/lognormal_lambda3.0x_cv7.png"
}