{
  "PPR": 3.5224042236361175,
  "TPI": 0.7164560528010303,
  "OV_block_step": 282229193,
  "OV_frac": 0.7687982761915064,
  "GE2_frac": 0.4095903090792015,
  "peak_blocks": 26020,
  "peak_step": 20021,
  "gpu_blocks": 7387,
  "total_steps": 49696,
  "type1_count": 56,
  "type2_count": 13,
  "plot_path": "traces/SS08_SL00_LS08_LL83/uni05/uni05_hi_ov79.png"
}