{
  "PPR": 1.795780711825488,
  "TPI": 0.5947591138467109,
  "OV_block_step": 66808905,
  "OV_frac": 0.21696634970505993,
  "GE2_frac": 0.0,
  "peak_blocks": 12513,
  "peak_step": 19434,
  "gpu_blocks": 6968,
  "total_steps": 44191,
  "type1_count": 81,
  "type2_count": 23,
  "plot_path": "traces/request_types/SS10_SL16_LS51_LL22/tsa05/tsa05_ml_ov22.png"
}