{
  "PPR": 1.3869430281534028,
  "TPI": 0.3633997872870041,
  "OV_block_step": 21994211,
  "OV_frac": 0.05516603047588695,
  "GE2_frac": 0.0,
  "peak_blocks": 12513,
  "peak_step": 19434,
  "gpu_blocks": 9022,
  "total_steps": 44191,
  "type1_count": 70,
  "type2_count": 50,
  "plot_path": "traces/request_types/SS10_SL16_LS51_LL22/tsa05/tsa05_vl_ov6.png"
}