{
  "PPR": 5.328947368421052,
  "TPI": 0.6839230586559012,
  "OV_block_step": 556194,
  "OV_frac": 0.8689553675211539,
  "GE2_frac": 0.4041795298028972,
  "peak_blocks": 810,
  "peak_step": 2344,
  "gpu_blocks": 152,
  "total_steps": 4211,
  "type1_count": 23,
  "type2_count": 17,
  "plot_path": "traces/requests_types_8k/all_traces_arrival_rate_CV/SS07_SM02_SL09_MS02_MM02_ML07_LS02_LM57_LL10/lognormal_lambda4.5x_cv7/lognormal_lambda4.5x_cv7.png"
}