{
  "PPR": 2.7474747474747474,
  "TPI": 0.2228993849105581,
  "OV_block_step": 964305,
  "OV_frac": 0.0916093386890746,
  "GE2_frac": 0.026945431973364933,
  "peak_blocks": 816,
  "peak_step": 30899,
  "gpu_blocks": 297,
  "total_steps": 35442,
  "type1_count": 67,
  "type2_count": 35,
  "plot_path": "traces/requests_types_16k/all_traces_arrival_rate_CV/SS14_SM21_SL27_MS03_MM10_ML05_LS17_LM02_LL01/lognormal_lambda1.5x_cv1/lognormal_lambda1.5x_cv1.png"
}