{
  "PPR": 5.443089430894309,
  "TPI": 0.6798458286708939,
  "OV_block_step": 2351657,
  "OV_frac": 1.1885591571320413,
  "GE2_frac": 0.5456919060052219,
  "peak_blocks": 1339,
  "peak_step": 4635,
  "gpu_blocks": 246,
  "total_steps": 8043,
  "type1_count": 14,
  "type2_count": 24,
  "plot_path": "traces/requests_types_16k/all_traces_arrival_rate_CV/SS06_SM01_SL07_MS08_MM02_ML49_LS05_LM19_LL03/lognormal_lambda4.0x_cv4/lognormal_lambda4.0x_cv4.png"
}