{
  "PPR": 7.623376623376624,
  "TPI": 0.8384839650145772,
  "OV_block_step": 923885,
  "OV_frac": 1.7490534247094014,
  "GE2_frac": 0.5335276967930029,
  "peak_blocks": 1174,
  "peak_step": 426,
  "gpu_blocks": 154,
  "total_steps": 3430,
  "type1_count": 24,
  "type2_count": 18,
  "plot_path": "traces/requests_types_8k/all_traces_arrival_rate_CV/SS00_SM00_SL00_MS00_MM00_ML00_LS00_LM33_LL67/lognormal_lambda2.5x_cv5/lognormal_lambda2.5x_cv5.png"
}