{
  "PPR": 3.707818930041152,
  "TPI": 0.5671144786322396,
  "OV_block_step": 354420452,
  "OV_frac": 0.45309946414811597,
  "GE2_frac": 0.21726755483483148,
  "peak_blocks": 8109,
  "peak_step": 275691,
  "gpu_blocks": 2187,
  "total_steps": 357665,
  "type1_count": 131,
  "type2_count": 63,
  "plot_path": "traces/requests_types_64k/all_traces_arrival_rate_CV/SS00_SM00_SL00_MS00_MM00_ML00_LS00_LM00_LL100/lognormal_lambda1.5x_cv1/lognormal_lambda1.5x_cv1.png"
}