{
  "PPR": 6.368760064412238,
  "TPI": 0.6354009077155824,
  "OV_block_step": 14072413,
  "OV_frac": 0.8162556912036182,
  "GE2_frac": 0.31957351775808657,
  "peak_blocks": 3955,
  "peak_step": 9238,
  "gpu_blocks": 621,
  "total_steps": 27762,
  "type1_count": 43,
  "type2_count": 41,
  "plot_path": "traces/requests_types_32k/all_traces_arrival_rate_CV/SS06_SM03_SL09_MS03_MM03_ML06_LS03_LM03_LL64/lognormal_lambda2.0x_cv4/lognormal_lambda2.0x_cv4.png"
}