{
  "PPR": 2.442622950819672,
  "TPI": 0.08228340332866697,
  "OV_block_step": 46570,
  "OV_frac": 0.029687456173231437,
  "GE2_frac": 0.004433037797480168,
  "peak_blocks": 298,
  "peak_step": 2000,
  "gpu_blocks": 122,
  "total_steps": 12858,
  "type1_count": 29,
  "type2_count": 19,
  "plot_path": "traces/requests_types_8k/all_traces_arrival_rate_CV/SS06_SM63_SL03_MS03_MM03_ML06_LS03_LM09_LL04/lognormal_lambda1.0x_cv2/lognormal_lambda1.0x_cv2.png"
}