{
  "PPR": 7.0361328125,
  "TPI": 0.6912472570255539,
  "OV_block_step": 250692755,
  "OV_frac": 0.7220722244481239,
  "GE2_frac": 0.27402019773011493,
  "peak_blocks": 7205,
  "peak_step": 263460,
  "gpu_blocks": 1024,
  "total_steps": 339048,
  "type1_count": 175,
  "type2_count": 104,
  "plot_path": "traces/request_types/all_traces/SS07_SL05_LS02_LL84/bim50/bim50_hi_ov80.png"
}