{
  "PPR": 2.425196850393701,
  "TPI": 0.6273176318992054,
  "OV_block_step": 1192561,
  "OV_frac": 0.3361101043198579,
  "GE2_frac": 0.07688453003078245,
  "peak_blocks": 616,
  "peak_step": 5923,
  "gpu_blocks": 254,
  "total_steps": 13969,
  "type1_count": 65,
  "type2_count": 41,
  "plot_path": "traces/requests_types_16k/all_traces_arrival_rate_CV/SS03_SM42_SL05_MS03_MM05_ML25_LS13_LM02_LL00/lognormal_lambda4.5x_cv3/lognormal_lambda4.5x_cv3.png"
}