{
  "PPR": 2.8815104166666665,
  "TPI": 0.34210026284954237,
  "OV_block_step": 71371364,
  "OV_frac": 0.18393819778174514,
  "GE2_frac": 0.03986683345472971,
  "peak_blocks": 4426,
  "peak_step": 238511,
  "gpu_blocks": 1536,
  "total_steps": 252616,
  "type1_count": 98,
  "type2_count": 84,
  "plot_path": "traces/request_types/all_traces/SS12_SL37_LS06_LL43/bim50/bim50_ml_ov20.png"
}