{
  "PPR": 2.4296296296296296,
  "TPI": 0.7040994330571304,
  "OV_block_step": 210397,
  "OV_frac": 0.3398378317261876,
  "GE2_frac": 0.08177060619276058,
  "peak_blocks": 328,
  "peak_step": 646,
  "gpu_blocks": 135,
  "total_steps": 4586,
  "type1_count": 86,
  "type2_count": 49,
  "plot_path": "traces/requests_types_8k/all_traces_arrival_rate_CV/SS15_SM13_SL18_MS00_MM19_ML17_LS06_LM03_LL09/lognormal_lambda3.5x_cv2/lognormal_lambda3.5x_cv2.png"
}