{
  "PPR": 2.1948051948051948,
  "TPI": 0.13387018057589067,
  "OV_block_step": 224668,
  "OV_frac": 0.0711997616829242,
  "GE2_frac": 0.010541727672035138,
  "peak_blocks": 338,
  "peak_step": 2807,
  "gpu_blocks": 154,
  "total_steps": 20490,
  "type1_count": 35,
  "type2_count": 27,
  "plot_path": "traces/requests_types_8k/all_traces_arrival_rate_CV/SS11_SM11_SL11_MS11_MM11_ML11_LS11_LM11_LL11/lognormal_lambda1.0x_cv3/lognormal_lambda1.0x_cv3.png"
}