{
  "PPR": 2.869280205655527,
  "TPI": 0.728051721483914,
  "OV_block_step": 87820485,
  "OV_frac": 0.579197499980544,
  "GE2_frac": 0.3642054492277695,
  "peak_blocks": 22323,
  "peak_step": 2838,
  "gpu_blocks": 7780,
  "total_steps": 19489,
  "type1_count": 33,
  "type2_count": 12,
  "plot_path": "traces/request_types/SS24_SL23_LS23_LL28/bim05/bim05_mh_ov58.png"
}