{
  "PPR": 2.5695652173913044,
  "TPI": 0.18768375049662298,
  "OV_block_step": 276675,
  "OV_frac": 0.09558480592838264,
  "GE2_frac": 0.03186332936034962,
  "peak_blocks": 591,
  "peak_step": 3197,
  "gpu_blocks": 230,
  "total_steps": 12585,
  "type1_count": 25,
  "type2_count": 20,
  "plot_path": "traces/requests_types_16k/all_traces_arrival_rate_CV/SS55_SM04_SL04_MS04_MM02_ML15_LS04_LM04_LL05/lognormal_lambda4.0x_cv3/lognormal_lambda4.0x_cv3.png"
}