{
  "PPR": 7.0711743772241995,
  "TPI": 0.547767393561786,
  "OV_block_step": 1687319,
  "OV_frac": 1.0392339823776282,
  "GE2_frac": 0.3854274835583247,
  "peak_blocks": 1987,
  "peak_step": 1090,
  "gpu_blocks": 281,
  "total_steps": 5778,
  "type1_count": 12,
  "type2_count": 24,
  "plot_path": "traces/requests_types_16k/all_traces_arrival_rate_CV/SS00_SM06_SL06_MS06_MM39_ML00_LS06_LM18_LL19/lognormal_lambda4.5x_cv5/lognormal_lambda4.5x_cv5.png"
}