{
  "PPR": 1.6538842157347848,
  "TPI": 0.6488798563191228,
  "OV_block_step": 16794191,
  "OV_frac": 0.09818794495401087,
  "GE2_frac": 0.0,
  "peak_blocks": 13370,
  "peak_step": 2883,
  "gpu_blocks": 8084,
  "total_steps": 21158,
  "type1_count": 64,
  "type2_count": 31,
  "plot_path": "traces/SS25_SL00_LS75_LL00/bim05/bim05_lo_ov10.png"
}