{
  "batch_size": 4,
  "max_model_len": 32384,
  "num_gpu_blocks_override": 8810,
  "arrival_pattern": "BimodalArrival(l1=0.008212540549418964,l2=0.1,p=0.7,max=17395)",
  "vocab": [200, 30000],
  "requests": {
    "request_0": {"category": "SS_I192-304_O816-1216", "input_length": 257, "output_length": 896, "arrival_time": 0, "sched_time": 0, "wait_time": 0, "slo": 0.050674623172689344},
    "request_1": {"category": "SL_I1632-2448_O6544-9824", "input_length": 1784, "output_length": 7658, "arrival_time": 0, "sched_time": 0, "wait_time": 0, "slo": 0.058978072417128755},
    "request_2": {"category": "SL_I1632-2448_O3264-4912", "input_length": 2425, "output_length": 3369, "arrival_time": 0, "sched_time": 0, "wait_time": 0, "slo": 0.05532371328530164},
    "request_3": {"category": "LS_I6544-9824_O192-304", "input_length": 9394, "output_length": 220, "arrival_time": 0, "sched_time": 0, "wait_time": 0, "slo": 0.059150372244616216},
    "request_4": {"category": "LS_I6544-9824_O1632-2448", "input_length": 8836, "output_length": 1941, "arrival_time": 109, "sched_time": 221, "wait_time": 112, "slo": 0.06031539956652272},
    "request_5": {"category": "LS_I3264-4912_O1632-2448", "input_length": 3389, "output_length": 1981, "arrival_time": 156, "sched_time": 897, "wait_time": 741, "slo": 0.05489897417568138},
    "request_6": {"category": "SL_I1632-2448_O3264-4912", "input_length": 2240, "output_length": 3797, "arrival_time": 174, "sched_time": 2163, "wait_time": 1989, "slo": 0.05556713687878683},
    "request_7": {"category": "LS_I3264-4912_O192-304", "input_length": 4077, "output_length": 207, "arrival_time": 174, "sched_time": 2879, "wait_time": 2705, "slo": 0.053811081078871004},
    "request_8": {"category": "SS_I192-304_O192-304", "input_length": 273, "output_length": 278, "arrival_time": 179, "sched_time": 3087, "wait_time": 2908, "slo": 0.050071573776483226},
    "request_9": {"category": "LS_I3264-4912_O816-1216", "input_length": 3596, "output_length": 917, "arrival_time": 197, "sched_time": 3366, "wait_time": 3169, "slo": 0.05404048026779327},
    "request_10": {"category": "LS_I3264-4912_O1632-2448", "input_length": 3988, "output_length": 2010, "arrival_time": 229, "sched_time": 3370, "wait_time": 3141, "slo": 0.05552806889464723},
    "request_11": {"category": "SS_I400-608_O192-304", "input_length": 454, "output_length": 217, "arrival_time": 237, "sched_time": 4284, "wait_time": 4047, "slo": 0.050191782958451225},
    "request_12": {"category": "LS_I6544-9824_O400-608", "input_length": 9255, "output_length": 413, "arrival_time": 237, "sched_time": 4502, "wait_time": 4265, "slo": 0.05920446637650181},
    "request_13": {"category": "SS_I400-608_O816-1216", "input_length": 555, "output_length": 989, "arrival_time": 265, "sched_time": 4916, "wait_time": 4651, "slo": 0.0510663047572684},
    "request_14": {"category": "SS_I192-304_O400-608", "input_length": 228, "output_length": 590, "arrival_time": 384, "sched_time": 5381, "wait_time": 4997, "slo": 0.05033903920636202},
    "request_15": {"category": "LS_I3264-4912_O192-304", "input_length": 3638, "output_length": 206, "arrival_time": 391, "sched_time": 5906, "wait_time": 5515, "slo": 0.053370314078321685},
    "request_16": {"category": "LS_I6544-9824_O192-304", "input_length": 9271, "output_length": 267, "arrival_time": 476, "sched_time": 5961, "wait_time": 5485, "slo": 0.05907423976270315},
    "request_17": {"category": "LS_I6544-9824_O192-304", "input_length": 8437, "output_length": 202, "arrival_time": 497, "sched_time": 5972, "wait_time": 5475, "slo": 0.05817367264112624},
    "request_18": {"category": "SS_I400-608_O192-304", "input_length": 524, "output_length": 245, "arrival_time": 544, "sched_time": 6113, "wait_time": 5569, "slo": 0.05028995379039176},
    "request_19": {"category": "SL_I1632-2448_O3264-4912", "input_length": 2252, "output_length": 4585, "arrival_time": 560, "sched_time": 6175, "wait_time": 5615, "slo": 0.05636853142524015},
    "request_20": {"category": "LS_I6544-9824_O816-1216", "input_length": 8315, "output_length": 921, "arrival_time": 567, "sched_time": 6229, "wait_time": 5662, "slo": 0.05877171332141702},
    "request_21": {"category": "SL_I816-1216_O13104-19648", "input_length": 1079, "output_length": 16630, "arrival_time": 652, "sched_time": 6359, "wait_time": 5707, "slo": 0.06725948331154069},
    "request_22": {"category": "LS_I3264-4912_O192-304", "input_length": 3816, "output_length": 217, "arrival_time": 653, "sched_time": 7151, "wait_time": 6498, "slo": 0.05355964353992128},
    "request_23": {"category": "SL_I1632-2448_O6544-9824", "input_length": 1925, "output_length": 9700, "arrival_time": 675, "sched_time": 7369, "wait_time": 6694, "slo": 0.06116487778576323},
    "request_24": {"category": "LS_I6544-9824_O1632-2448", "input_length": 9305, "output_length": 2246, "arrival_time": 791, "sched_time": 7659, "wait_time": 6868, "slo": 0.0610907487902163},
    "request_25": {"category": "SS_I400-608_O400-608", "input_length": 572, "output_length": 505, "arrival_time": 800, "sched_time": 9906, "wait_time": 9106, "slo": 0.05059849069077628},
    "request_26": {"category": "SS_I400-608_O192-304", "input_length": 599, "output_length": 212, "arrival_time": 808, "sched_time": 10412, "wait_time": 9604, "slo": 0.05033202700408056},
    "request_27": {"category": "SL_I816-1216_O13104-19648", "input_length": 1168, "output_length": 14489, "arrival_time": 815, "sched_time": 10625, "wait_time": 9810, "slo": 0.06520390629988794},
    "request_28": {"category": "SS_I816-1216_O1632-2448", "input_length": 907, "output_length": 2137, "arrival_time": 845, "sched_time": 10761, "wait_time": 9916, "slo": 0.05256891953186837},
    "request_29": {"category": "SL_I1632-2448_O6544-9824", "input_length": 2357, "output_length": 9783, "arrival_time": 884, "sched_time": 12899, "wait_time": 12015, "slo": 0.06168077552504256},
    "request_30": {"category": "SL_I1632-2448_O6544-9824", "input_length": 1683, "output_length": 8740, "arrival_time": 888, "sched_time": 17070, "wait_time": 16182, "slo": 0.05996078247971713},
    "request_31": {"category": "SS_I192-304_O192-304", "input_length": 216, "output_length": 264, "arrival_time": 915, "sched_time": 22683, "wait_time": 21768, "slo": 0.050000450010485496},
    "request_32": {"category": "SL_I1632-2448_O6544-9824", "input_length": 1719, "output_length": 7679, "arrival_time": 934, "sched_time": 22948, "wait_time": 22014, "slo": 0.05893399571707382},
    "request_33": {"category": "LS_I3264-4912_O816-1216", "input_length": 3790, "output_length": 1159, "arrival_time": 956, "sched_time": 22990, "wait_time": 22034, "slo": 0.054477240295610324},
    "request_34": {"category": "LS_I6544-9824_O400-608", "input_length": 8958, "output_length": 456, "arrival_time": 968, "sched_time": 24150, "wait_time": 23182, "slo": 0.05895002360800289},
    "request_35": {"category": "SS_I400-608_O192-304", "input_length": 589, "output_length": 232, "arrival_time": 1014, "sched_time": 24607, "wait_time": 23593, "slo": 0.05034204443591122},
    "request_36": {"category": "LS_I3264-4912_O816-1216", "input_length": 3602, "output_length": 1013, "arrival_time": 1035, "sched_time": 24840, "wait_time": 23805, "slo": 0.054142658072466064},
    "request_37": {"category": "LS_I3264-4912_O400-608", "input_length": 4680, "output_length": 508, "arrival_time": 1078, "sched_time": 25115, "wait_time": 24037, "slo": 0.05471665691636325},
    "request_38": {"category": "SL_I1632-2448_O3264-4912", "input_length": 1887, "output_length": 3448, "arrival_time": 1150, "sched_time": 25624, "wait_time": 24474, "slo": 0.054863913164274046},
    "request_39": {"category": "LS_I3264-4912_O1632-2448", "input_length": 3551, "output_length": 2079, "arrival_time": 1231, "sched_time": 25811, "wait_time": 24580, "slo": 0.055159427403278706},
    "request_40": {"category": "LS_I6544-9824_O816-1216", "input_length": 7540, "output_length": 962, "arrival_time": 1237, "sched_time": 25854, "wait_time": 24617,