{
  "PPR": 5.781818181818182,
  "TPI": 0.8949843260188087,
  "OV_block_step": 2667776,
  "OV_frac": 1.520533485323454,
  "GE2_frac": 0.6608150470219436,
  "peak_blocks": 3180,
  "peak_step": 317,
  "gpu_blocks": 550,
  "total_steps": 3190,
  "type1_count": 25,
  "type2_count": 16,
  "plot_path": "traces/requests_types_32k/all_traces_arrival_rate_CV/SS00_SM00_SL00_MS00_MM00_ML00_LS00_LM99_LL01/lognormal_lambda3.5x_cv1/lognormal_lambda3.5x_cv1.png"
}