{
  "PPR": 1.85827224378324,
  "TPI": 0.42988905578833636,
  "OV_block_step": 55028399,
  "OV_frac": 0.20844305368768593,
  "GE2_frac": 0.0,
  "peak_blocks": 12928,
  "peak_step": 20392,
  "gpu_blocks": 6957,
  "total_steps": 37947,
  "type1_count": 36,
  "type2_count": 12,
  "plot_path": "traces/request_types/SS28_SL29_LS27_LL15/uni05/uni05_ml_ov21.png"
}