{
  "PPR": 2.4868316744472825,
  "TPI": 0.46493672715261863,
  "OV_block_step": 122701866,
  "OV_frac": 0.22311431192666256,
  "GE2_frac": 0.05868995272599657,
  "peak_blocks": 28233,
  "peak_step": 18804,
  "gpu_blocks": 11353,
  "total_steps": 48441,
  "type1_count": 52,
  "type2_count": 30,
  "plot_path": "traces/request_types/SS08_SL00_LS08_LL83/poi05/poi05_ml_ov22.png"
}