{
  "PPR": 3.6242618741976895,
  "TPI": 0.6658822072211557,
  "OV_block_step": 218820442,
  "OV_frac": 0.5798789358752766,
  "GE2_frac": 0.2118246939575979,
  "peak_blocks": 28233,
  "peak_step": 18804,
  "gpu_blocks": 7790,
  "total_steps": 48441,
  "type1_count": 41,
  "type2_count": 22,
  "plot_path": "traces/request_types/SS08_SL00_LS08_LL83/poi05/poi05_mh_ov58.png"
}