{
  "PPR": 4.290077495821304,
  "TPI": 0.7307239734935282,
  "OV_block_step": 259667866,
  "OV_frac": 0.8145415037683982,
  "GE2_frac": 0.37189570818108625,
  "peak_blocks": 28233,
  "peak_step": 18804,
  "gpu_blocks": 6581,
  "total_steps": 48441,
  "type1_count": 45,
  "type2_count": 16,
  "plot_path": "traces/request_types/SS08_SL00_LS08_LL83/poi05/poi05_hi_ov81.png"
}