{
  "PPR": 2.5670498084291187,
  "TPI": 0.48839600470035255,
  "OV_block_step": 414999,
  "OV_frac": 0.23355383119251186,
  "GE2_frac": 0.04788484136310223,
  "peak_blocks": 670,
  "peak_step": 1061,
  "gpu_blocks": 261,
  "total_steps": 6808,
  "type1_count": 43,
  "type2_count": 31,
  "plot_path": "traces/requests_types_16k/all_traces_arrival_rate_CV/SS06_SM63_SL03_MS03_MM03_ML06_LS03_LM09_LL04/lognormal_lambda1.5x_cv6/lognormal_lambda1.5x_cv6.png"
}