{
  "PPR": 3.3895833333333334,
  "TPI": 0.44937172864133124,
  "OV_block_step": 56994440,
  "OV_frac": 0.3374036470617208,
  "GE2_frac": 0.13193414374939616,
  "peak_blocks": 3254,
  "peak_step": 70466,
  "gpu_blocks": 960,
  "total_steps": 175959,
  "type1_count": 120,
  "type2_count": 73,
  "plot_path": "traces/request_types/SS37_SL21_LS05_LL35/bim50/bim50_md_ov34.png"
}