{
  "PPR": 3.282758620689655,
  "TPI": 0.4733717055437746,
  "OV_block_step": 849652,
  "OV_frac": 0.3550238694648435,
  "GE2_frac": 0.13547409875795213,
  "peak_blocks": 476,
  "peak_step": 5981,
  "gpu_blocks": 145,
  "total_steps": 16505,
  "type1_count": 104,
  "type2_count": 34,
  "plot_path": "traces/requests_types_8k/all_traces_arrival_rate_CV/SS05_SM02_SL22_MS01_MM07_ML11_LS31_LM03_LL19/lognormal_lambda1.0x_cv6/lognormal_lambda1.0x_cv6.png"
}