{
  "PPR": 3.9561551433389543,
  "TPI": 0.28264764995035957,
  "OV_block_step": 8478183,
  "OV_frac": 0.17310100676949572,
  "GE2_frac": 0.0484175605976221,
  "peak_blocks": 2346,
  "peak_step": 34869,
  "gpu_blocks": 593,
  "total_steps": 82594,
  "type1_count": 64,
  "type2_count": 42,
  "plot_path": "traces/requests_types_32k/all_traces_arrival_rate_CV/SS05_SM02_SL22_MS01_MM07_ML11_LS31_LM03_LL19/lognormal_lambda1.2x_cv5/lognormal_lambda1.2x_cv5.png"
}