{
  "PPR": 3.4073660714285716,
  "TPI": 0.4760861086617378,
  "OV_block_step": 60510301,
  "OV_frac": 0.2862961154461318,
  "GE2_frac": 0.09933103845892965,
  "peak_blocks": 3053,
  "peak_step": 225014,
  "gpu_blocks": 896,
  "total_steps": 235888,
  "type1_count": 198,
  "type2_count": 84,
  "plot_path": "traces/request_types/all_traces/SS30_SL52_LS11_LL05/bim50/bim50_md_ov33.png"
}