{
  "PPR": 6.792253521126761,
  "TPI": 0.7045256604625657,
  "OV_block_step": 16026146,
  "OV_frac": 0.9101334077819389,
  "GE2_frac": 0.32321538014902745,
  "peak_blocks": 3858,
  "peak_step": 26348,
  "gpu_blocks": 568,
  "total_steps": 31001,
  "type1_count": 52,
  "type2_count": 19,
  "plot_path": "traces/requests_types_32k/all_traces_arrival_rate_CV/SS08_SM22_SL00_MS03_MM03_ML08_LS25_LM08_LL23/lognormal_lambda4.5x_cv3/lognormal_lambda4.5x_cv3.png"
}