{
  "PPR": 3.799618320610687,
  "TPI": 0.6294700386597938,
  "OV_block_step": 7044520,
  "OV_frac": 0.541387743960022,
  "GE2_frac": 0.21194426546391754,
  "peak_blocks": 1991,
  "peak_step": 15915,
  "gpu_blocks": 524,
  "total_steps": 24832,
  "type1_count": 61,
  "type2_count": 32,
  "plot_path": "traces/requests_types_32k/all_traces_arrival_rate_CV/SS03_SM42_SL05_MS03_MM05_ML25_LS13_LM02_LL00/lognormal_lambda3.5x_cv2/lognormal_lambda3.5x_cv2.png"
}