{
  "PPR": 5.850267379679145,
  "TPI": 0.5007784281977831,
  "OV_block_step": 9035056,
  "OV_frac": 0.5014718259500043,
  "GE2_frac": 0.1945447751899365,
  "peak_blocks": 3282,
  "peak_step": 29920,
  "gpu_blocks": 561,
  "total_steps": 32116,
  "type1_count": 61,
  "type2_count": 24,
  "plot_path": "traces/requests_types_32k/all_traces_arrival_rate_CV/SS11_SM11_SL11_MS11_MM11_ML11_LS11_LM11_LL11/lognormal_lambda2.0x_cv4/lognormal_lambda2.0x_cv4.png"
}