{
  "PPR": 4.634868421052632,
  "TPI": 0.43140291111799317,
  "OV_block_step": 3746596,
  "OV_frac": 0.4240848197711167,
  "GE2_frac": 0.19087436770930113,
  "peak_blocks": 1409,
  "peak_step": 14108,
  "gpu_blocks": 304,
  "total_steps": 29061,
  "type1_count": 52,
  "type2_count": 29,
  "plot_path": "traces/requests_types_16k/all_traces_arrival_rate_CV/SS05_SM02_SL22_MS01_MM07_ML11_LS31_LM03_LL19/lognormal_lambda1.5x_cv7/lognormal_lambda1.5x_cv7.png"
}