{
  "PPR": 4.978056426332288,
  "TPI": 0.7549410264583998,
  "OV_block_step": 5373834,
  "OV_frac": 1.3425147121573533,
  "GE2_frac": 0.5095632770162576,
  "peak_blocks": 1588,
  "peak_step": 9138,
  "gpu_blocks": 319,
  "total_steps": 12548,
  "type1_count": 33,
  "type2_count": 20,
  "plot_path": "traces/requests_types_16k/all_traces_arrival_rate_CV/SS11_SM11_SL11_MS11_MM11_ML11_LS11_LM11_LL11/lognormal_lambda3.5x_cv3/lognormal_lambda3.5x_cv3.png"
}