{
  "PPR": 2.0687272727272727,
  "TPI": 0.2983132337490293,
  "OV_block_step": 36307024,
  "OV_frac": 0.07538802579723507,
  "GE2_frac": 0.0043111324288520395,
  "peak_blocks": 5689,
  "peak_step": 140398,
  "gpu_blocks": 2750,
  "total_steps": 175128,
  "type1_count": 57,
  "type2_count": 38,
  "plot_path": "traces/sy_requests/all_traces_arrival_rate_CV/SS01_SM18_SL11_MS32_MM14_ML02_LS14_LM07_LL01/lognormal_lambda2.5x_cv1/lognormal_lambda2.5x_cv1.png"
}