{
  "PPR": 3.332163229486617,
  "TPI": 0.8110083490287577,
  "OV_block_step": 133628130,
  "OV_frac": 0.8241439554359274,
  "GE2_frac": 0.4007814915806932,
  "peak_blocks": 15188,
  "peak_step": 19089,
  "gpu_blocks": 4558,
  "total_steps": 35573,
  "type1_count": 43,
  "type2_count": 17,
  "plot_path": "traces/SS16_SL02_LS38_LL41/per05/per05_hi_ov83.png"
}