{
  "PPR": 3.978494623655914,
  "TPI": 0.5807830162668872,
  "OV_block_step": 4623696,
  "OV_frac": 0.7615286782820602,
  "GE2_frac": 0.38190423674294643,
  "peak_blocks": 1110,
  "peak_step": 2438,
  "gpu_blocks": 279,
  "total_steps": 21762,
  "type1_count": 60,
  "type2_count": 27,
  "plot_path": "traces/requests_types_16k/all_traces_arrival_rate_CV/SS01_SM18_SL11_MS32_MM14_ML02_LS14_LM07_LL01/lognormal_lambda4.0x_cv3/lognormal_lambda4.0x_cv3.png"
}