{
  "PPR": 1.718864097363083,
  "TPI": 0.2936155684533971,
  "OV_block_step": 5887808,
  "OV_frac": 0.05824911191445886,
  "GE2_frac": 0.0,
  "peak_blocks": 8474,
  "peak_step": 2017,
  "gpu_blocks": 4930,
  "total_steps": 20503,
  "type1_count": 38,
  "type2_count": 7,
  "plot_path": "traces/request_types/SS83_SL00_LS08_LL08/bim05/bim05_vl_ov6.png"
}