{
  "PPR": 2.9403192227619708,
  "TPI": 0.46359069404477393,
  "OV_block_step": 21562264,
  "OV_frac": 0.3649076523491104,
  "GE2_frac": 0.10934985124128177,
  "peak_blocks": 8474,
  "peak_step": 2017,
  "gpu_blocks": 2882,
  "total_steps": 20503,
  "type1_count": 25,
  "type2_count": 8,
  "plot_path": "traces/request_types/SS83_SL00_LS08_LL08/bim05/bim05_md_ov36.png"
}