{
  "PPR": 3.973333333333333,
  "TPI": 0.7142000299895037,
  "OV_block_step": 677335,
  "OV_frac": 0.6770980156945069,
  "GE2_frac": 0.290448343079922,
  "peak_blocks": 596,
  "peak_step": 1259,
  "gpu_blocks": 150,
  "total_steps": 6669,
  "type1_count": 55,
  "type2_count": 36,
  "plot_path": "traces/requests_types_8k/all_traces_arrival_rate_CV/SS00_SM00_SL00_MS00_MM00_ML00_LS33_LM66_LL01/lognormal_lambda3.0x_cv7/lognormal_lambda3.0x_cv7.png"
}