{
  "PPR": 4.4855072463768115,
  "TPI": 0.6953189332995503,
  "OV_block_step": 3667573,
  "OV_frac": 0.8417247083685623,
  "GE2_frac": 0.391651358712865,
  "peak_blocks": 1238,
  "peak_step": 6496,
  "gpu_blocks": 276,
  "total_steps": 15787,
  "type1_count": 55,
  "type2_count": 22,
  "plot_path": "traces/requests_types_16k/all_traces_arrival_rate_CV/SS15_SM02_SL11_MS22_MM03_ML32_LS00_LM00_LL14/lognormal_lambda4.5x_cv5/lognormal_lambda4.5x_cv5.png"
}