{
  "PPR": 3.4426494345718903,
  "TPI": 0.8052439860064198,
  "OV_block_step": 12789187,
  "OV_frac": 0.7451597805117318,
  "GE2_frac": 0.32185234608865004,
  "peak_blocks": 2131,
  "peak_step": 18125,
  "gpu_blocks": 619,
  "total_steps": 27727,
  "type1_count": 43,
  "type2_count": 41,
  "plot_path": "traces/requests_types_32k/all_traces_arrival_rate_CV/SS00_SM00_SL00_MS00_MM00_ML00_LS00_LM00_LL100/lognormal_lambda2.5x_cv1/lognormal_lambda2.5x_cv1.png"
}