{
  "PPR": 5.902597402597403,
  "TPI": 0.3506709663996671,
  "OV_block_step": 405633,
  "OV_frac": 0.27400192650374694,
  "GE2_frac": 0.09403932175179444,
  "peak_blocks": 909,
  "peak_step": 3427,
  "gpu_blocks": 154,
  "total_steps": 9613,
  "type1_count": 57,
  "type2_count": 27,
  "plot_path": "traces/requests_types_8k/all_traces_arrival_rate_CV/SS11_SM11_SL11_MS11_MM11_ML11_LS11_LM11_LL11/lognormal_lambda4.0x_cv5/lognormal_lambda4.0x_cv5.png"
}