{
  "PPR": 3.427258193445244,
  "TPI": 0.5855535518087035,
  "OV_block_step": 186145559,
  "OV_frac": 0.34490630640772424,
  "GE2_frac": 0.0855141465042859,
  "peak_blocks": 8575,
  "peak_step": 96144,
  "gpu_blocks": 2502,
  "total_steps": 215707,
  "type1_count": 103,
  "type2_count": 55,
  "plot_path": "traces/requests_types_128k/all_traces_arrival_rate_CV/SS15_SM17_SL08_MS09_MM06_ML17_LS06_LM14_LL09/lognormal_lambda2.5x_cv1/lognormal_lambda2.5x_cv1.png"
}