{
  "PPR": 2.9390444810543657,
  "TPI": 0.26779684377368895,
  "OV_block_step": 3404331,
  "OV_frac": 0.19324833050017046,
  "GE2_frac": 0.07666597753428434,
  "peak_blocks": 1784,
  "peak_step": 14843,
  "gpu_blocks": 607,
  "total_steps": 29022,
  "type1_count": 16,
  "type2_count": 48,
  "plot_path": "traces/requests_types_32k/all_traces_arrival_rate_CV/SS00_SM00_SL00_MS00_MM00_ML00_LS00_LM66_LL34/lognormal_lambda1.0x_cv1/lognormal_lambda1.0x_cv1.png"
}