{
  "PPR": 3.713193116634799,
  "TPI": 0.601529936743,
  "OV_block_step": 6612574,
  "OV_frac": 0.619994357528485,
  "GE2_frac": 0.3235914284313245,
  "peak_blocks": 1942,
  "peak_step": 13436,
  "gpu_blocks": 523,
  "total_steps": 20393,
  "type1_count": 32,
  "type2_count": 25,
  "plot_path": "traces/requests_types_32k/all_traces_arrival_rate_CV/SS06_SM01_SL07_MS08_MM02_ML49_LS05_LM19_LL03/lognormal_lambda3.5x_cv6/lognormal_lambda3.5x_cv6.png"
}