{
  "PPR": 5.41875,
  "TPI": 0.3295651456390791,
  "OV_block_step": 924581,
  "OV_frac": 0.47682409852298047,
  "GE2_frac": 0.18565888274610115,
  "peak_blocks": 867,
  "peak_step": 6059,
  "gpu_blocks": 160,
  "total_steps": 12119,
  "type1_count": 35,
  "type2_count": 25,
  "plot_path": "traces/requests_types_8k/all_traces_arrival_rate_CV/SS02_SM02_SL02_MS01_MM01_ML02_LS01_LM03_LL86/lognormal_lambda2.0x_cv3/lognormal_lambda2.0x_cv3.png"
}