{
  "PPR": 8.287272727272727,
  "TPI": 0.949732179645653,
  "OV_block_step": 3033637,
  "OV_frac": 2.2726426190208637,
  "GE2_frac": 0.7449526163988464,
  "peak_blocks": 4558,
  "peak_step": 1960,
  "gpu_blocks": 550,
  "total_steps": 2427,
  "type1_count": 18,
  "type2_count": 12,
  "plot_path": "traces/requests_types_32k/all_traces_arrival_rate_CV/SS00_SM00_SL00_MS00_MM00_ML00_LS00_LM99_LL01/lognormal_lambda3.5x_cv5/lognormal_lambda3.5x_cv5.png"
}