{
  "PPR": 3.7957166392092256,
  "TPI": 0.4819656560101982,
  "OV_block_step": 10407827,
  "OV_frac": 0.42858344106091156,
  "GE2_frac": 0.18604244257254982,
  "peak_blocks": 2304,
  "peak_step": 31031,
  "gpu_blocks": 607,
  "total_steps": 40007,
  "type1_count": 60,
  "type2_count": 28,
  "plot_path": "traces/requests_types_32k/all_traces_arrival_rate_CV/SS07_SM08_SL06_MS09_MM09_ML09_LS07_LM08_LL38/lognormal_lambda2.5x_cv2/lognormal_lambda2.5x_cv2.png"
}