{
  "PPR": 1.8311231393775371,
  "TPI": 0.43042183937167466,
  "OV_block_step": 29981470,
  "OV_frac": 0.12848468698756493,
  "GE2_frac": 0.0,
  "peak_blocks": 13532,
  "peak_step": 10160,
  "gpu_blocks": 7390,
  "total_steps": 31576,
  "type1_count": 65,
  "type2_count": 25,
  "plot_path": "traces/request_types/SS37_SL21_LS05_LL35/uni05/uni05_lo_ov13.png"
}