{
  "PPR": 2.0540376442015784,
  "TPI": 0.47513934633899163,
  "OV_block_step": 41640094,
  "OV_frac": 0.20017092558673216,
  "GE2_frac": 0.0031036230048137824,
  "peak_blocks": 13532,
  "peak_step": 10160,
  "gpu_blocks": 6588,
  "total_steps": 31576,
  "type1_count": 55,
  "type2_count": 20,
  "plot_path": "traces/request_types/SS37_SL21_LS05_LL35/uni05/uni05_ml_ov20.png"
}