{
  "PPR": 2.9532955041466606,
  "TPI": 0.5586521408664809,
  "OV_block_step": 73970803,
  "OV_frac": 0.5112674393040834,
  "GE2_frac": 0.2508550798074487,
  "peak_blocks": 13532,
  "peak_step": 10160,
  "gpu_blocks": 4582,
  "total_steps": 31576,
  "type1_count": 29,
  "type2_count": 12,
  "plot_path": "traces/request_types/SS37_SL21_LS05_LL35/uni05/uni05_mh_ov51.png"
}