{
  "PPR": 1.7049180327868851,
  "TPI": 0.2964897618052654,
  "OV_block_step": 52659,
  "OV_frac": 0.09018619881758956,
  "GE2_frac": 0.0,
  "peak_blocks": 208,
  "peak_step": 2243,
  "gpu_blocks": 122,
  "total_steps": 4786,
  "type1_count": 36,
  "type2_count": 34,
  "plot_path": "traces/requests_types_8k/all_traces_arrival_rate_CV/SS06_SM63_SL03_MS03_MM03_ML06_LS03_LM09_LL04/lognormal_lambda1.5x_cv1/lognormal_lambda1.5x_cv1.png"
}