{
  "PPR": 2.3956521739130436,
  "TPI": 0.24395844723892837,
  "OV_block_step": 265279,
  "OV_frac": 0.12612213849335585,
  "GE2_frac": 0.03750683433570257,
  "peak_blocks": 551,
  "peak_step": 2313,
  "gpu_blocks": 230,
  "total_steps": 9145,
  "type1_count": 26,
  "type2_count": 14,
  "plot_path": "traces/requests_types_16k/all_traces_arrival_rate_CV/SS55_SM04_SL04_MS04_MM02_ML15_LS04_LM04_LL05/lognormal_lambda2.5x_cv4/lognormal_lambda2.5x_cv4.png"
}