{
  "PPR": 4.9727891156462585,
  "TPI": 0.8739977090492554,
  "OV_block_step": 784390,
  "OV_frac": 2.037413667261483,
  "GE2_frac": 0.7556319205803742,
  "peak_blocks": 731,
  "peak_step": 979,
  "gpu_blocks": 147,
  "total_steps": 2619,
  "type1_count": 16,
  "type2_count": 6,
  "plot_path": "traces/requests_types_8k/all_traces_arrival_rate_CV/SS04_SM15_SL55_MS02_MM04_ML04_LS04_LM04_LL05/lognormal_lambda4.0x_cv6/lognormal_lambda4.0x_cv6.png"
}