{
  "PPR": 1.859251827432994,
  "TPI": 0.633201047032002,
  "OV_block_step": 62920898,
  "OV_frac": 0.25383014930102926,
  "GE2_frac": 0.0,
  "peak_blocks": 12972,
  "peak_step": 18723,
  "gpu_blocks": 6977,
  "total_steps": 35529,
  "type1_count": 77,
  "type2_count": 15,
  "plot_path": "traces/SS00_SL00_LS75_LL25/per05/per05_md_ov26.png"
}