{
  "PPR": 4.448028673835125,
  "TPI": 0.9212672102660072,
  "OV_block_step": 4977688,
  "OV_frac": 1.1924325375778735,
  "GE2_frac": 0.5223900548055073,
  "peak_blocks": 1241,
  "peak_step": 4948,
  "gpu_blocks": 279,
  "total_steps": 14962,
  "type1_count": 60,
  "type2_count": 12,
  "plot_path": "traces/requests_types_16k/all_traces_arrival_rate_CV/SS03_SM24_SL03_MS36_MM03_ML12_LS06_LM06_LL07/lognormal_lambda4.0x_cv5/lognormal_lambda4.0x_cv5.png"
}