{
  "PPR": 2.9642857142857144,
  "TPI": 0.11961184882533198,
  "OV_block_step": 201951,
  "OV_frac": 0.09209059900773384,
  "GE2_frac": 0.04851889683350358,
  "peak_blocks": 332,
  "peak_step": 13772,
  "gpu_blocks": 112,
  "total_steps": 19580,
  "type1_count": 42,
  "type2_count": 31,
  "plot_path": "traces/requests_types_8k/all_traces_arrival_rate_CV/SS03_SM42_SL05_MS03_MM05_ML25_LS13_LM02_LL00/lognormal_lambda2.5x_cv7/lognormal_lambda2.5x_cv7.png"
}