{
  "PPR": 4.3003663003663,
  "TPI": 0.5599744789451297,
  "OV_block_step": 607798,
  "OV_frac": 0.47349347094136546,
  "GE2_frac": 0.18438962143768609,
  "peak_blocks": 1174,
  "peak_step": 3515,
  "gpu_blocks": 273,
  "total_steps": 4702,
  "type1_count": 48,
  "type2_count": 20,
  "plot_path": "traces/requests_types_16k/all_traces_arrival_rate_CV/SS06_SM27_SL20_MS09_MM11_ML01_LS04_LM12_LL10/lognormal_lambda1.5x_cv5/lognormal_lambda1.5x_cv5.png"
}