{
  "PPR": 2.7552447552447554,
  "TPI": 0.38848976438779453,
  "OV_block_step": 457173,
  "OV_frac": 0.2469690217083033,
  "GE2_frac": 0.08914638856701429,
  "peak_blocks": 394,
  "peak_step": 4722,
  "gpu_blocks": 143,
  "total_steps": 12945,
  "type1_count": 75,
  "type2_count": 42,
  "plot_path": "traces/requests_types_8k/all_traces_arrival_rate_CV/SS18_SM08_SL17_MS21_MM06_ML10_LS10_LM03_LL07/lognormal_lambda3.5x_cv3/lognormal_lambda3.5x_cv3.png"
}