{
  "batch_size": 4,
  "max_model_len": 32384,
  "num_gpu_blocks_override": 1819,
  "arrival_pattern": "PeriodicArrival(interval=84)",
  "vocab": [200, 30000],
  "requests": {
    "request_0": {"category": "SS_I192-304_O816-1216", "input_length": 203, "output_length": 1086, "arrival_time": 0, "sched_time": 0, "wait_time": 0, "slo": 0.05081086024558641},
    "request_1": {"category": "SS_I400-608_O400-608", "input_length": 562, "output_length": 422, "arrival_time": 0, "sched_time": 0, "wait_time": 0, "slo": 0.05050532857475108},
    "request_2": {"category": "SS_I192-304_O816-1216", "input_length": 268, "output_length": 1189, "arrival_time": 0, "sched_time": 0, "wait_time": 0, "slo": 0.0509791531003416},
    "request_3": {"category": "SS_I400-608_O400-608", "input_length": 434, "output_length": 456, "arrival_time": 0, "sched_time": 0, "wait_time": 0, "slo": 0.05041116471554282},
    "request_4": {"category": "SS_I816-1216_O400-608", "input_length": 906, "output_length": 540, "arrival_time": 336, "sched_time": 423, "wait_time": 87, "slo": 0.05096813392532787},
    "request_5": {"category": "SS_I192-304_O816-1216", "input_length": 204, "output_length": 1049, "arrival_time": 420, "sched_time": 457, "wait_time": 37, "slo": 0.05077479749099601},
    "request_6": {"category": "SS_I400-608_O192-304", "input_length": 459, "output_length": 200, "arrival_time": 504, "sched_time": 964, "wait_time": 460, "slo": 0.05017976204025442},
    "request_7": {"category": "SS_I400-608_O816-1216", "input_length": 431, "output_length": 1067, "arrival_time": 588, "sched_time": 1087, "wait_time": 499, "slo": 0.05102022457084734},
    "request_8": {"category": "SS_I400-608_O816-1216", "input_length": 596, "output_length": 1109, "arrival_time": 672, "sched_time": 1165, "wait_time": 493, "slo": 0.051227585409742135},
    "request_9": {"category": "SS_I816-1216_O1632-2448", "input_length": 887, "output_length": 2212, "arrival_time": 756, "sched_time": 1190, "wait_time": 434, "slo": 0.052624015406937036},
    "request_10": {"category": "LL_I3264-4912_O6544-9824", "input_length": 4272, "output_length": 8319, "arrival_time": 840, "sched_time": 1507, "wait_time": 667, "slo": 0.06213256170060561},
    "request_11": {"category": "LL_I13104-19648_O6544-9824", "input_length": 16958, "output_length": 9719, "arrival_time": 924, "sched_time": 2155, "wait_time": 1231, "slo": 0.07624311617728236},
    "request_12": {"category": "SS_I816-1216_O400-608", "input_length": 1142, "output_length": 406, "arrival_time": 1008, "sched_time": 2275, "wait_time": 1267, "slo": 0.05107031173000067},
    "request_13": {"category": "LS_I13104-19648_O192-304", "input_length": 14446, "output_length": 237, "arrival_time": 1092, "sched_time": 11875, "wait_time": 10783, "slo": 0.06422820843958103},
    "request_14": {"category": "SS_I192-304_O1632-2448", "input_length": 194, "output_length": 1730, "arrival_time": 1176, "sched_time": 1176, "wait_time": 0, "slo": 0.05144696716683373},
    "request_15": {"category": "SS_I400-608_O192-304", "input_length": 602, "output_length": 266, "arrival_time": 1260, "sched_time": 1260, "wait_time": 0, "slo": 0.05038912636551535},
    "request_16": {"category": "SS_I816-1216_O1632-2448", "input_length": 886, "output_length": 2148, "arrival_time": 1344, "sched_time": 1344, "wait_time": 0, "slo": 0.052558902100037705},
    "request_17": {"category": "SS_I816-1216_O192-304", "input_length": 845, "output_length": 267, "arrival_time": 1428, "sched_time": 1527, "wait_time": 99, "slo": 0.050633551702183616},
    "request_18": {"category": "SS_I192-304_O1632-2448", "input_length": 217, "output_length": 2065, "arrival_time": 1512, "sched_time": 1795, "wait_time": 283, "slo": 0.051805591226371586},
    "request_19": {"category": "SS_I400-608_O816-1216", "input_length": 456, "output_length": 993, "arrival_time": 1596, "sched_time": 2907, "wait_time": 1311, "slo": 0.050971139154877075},
    "request_20": {"category": "SS_I400-608_O1632-2448", "input_length": 600, "output_length": 1648, "arrival_time": 1680, "sched_time": 3493, "wait_time": 1813, "slo": 0.05177153195814732},
    "request_21": {"category": "SS_I400-608_O400-608", "input_length": 488, "output_length": 564, "arrival_time": 1764, "sched_time": 3861, "wait_time": 2097, "slo": 0.05057344711119961},
    "request_22": {"category": "SS_I192-304_O400-608", "input_length": 271, "output_length": 545, "arrival_time": 1848, "sched_time": 3901, "wait_time": 2053, "slo": 0.050337035719995885},
    "request_23": {"category": "SS_I816-1216_O192-304", "input_length": 858, "output_length": 244, "arrival_time": 1932, "sched_time": 4426, "wait_time": 2494, "slo": 0.050623534270352946},
    "request_24": {"category": "SS_I400-608_O400-608", "input_length": 401, "output_length": 558, "arrival_time": 2016, "sched_time": 4447, "wait_time": 2431, "slo": 0.050480284995174415},
    "request_25": {"category": "SS_I192-304_O192-304", "input_length": 289, "output_length": 302, "arrival_time": 2100, "sched_time": 4671, "wait_time": 2571, "slo": 0.05011164350380589},
    "request_26": {"category": "SS_I816-1216_O400-608", "input_length": 1151, "output_length": 517, "arrival_time": 2184, "sched_time": 4974, "wait_time": 2790, "slo": 0.051190520911968664},
    "request_27": {"category": "SS_I816-1216_O1632-2448", "input_length": 817, "output_length": 2165, "arrival_time": 2268, "sched_time": 5006, "wait_time": 2738, "slo": 0.052506811454518236},
    "request_28": {"category": "LL_I13104-19648_O6544-9824", "input_length": 16581, "output_length": 6717, "arrival_time": 2352, "sched_time": 12113, "wait_time": 9761, "slo": 0.07285822596170016},
    "request_29": {"category": "SS_I192-304_O400-608", "input_length": 299, "output_length": 488, "arrival_time": 2436, "sched_time": 2436, "wait_time": 0, "slo": 0.050307985167686954},
    "request_30": {"category": "SS_I400-608_O1632-2448", "input_length": 486, "output_length": 1679, "arrival_time": 2520, "sched_time": 2520, "wait_time": 0, "slo": 0.051688387273952786},
    "request_31": {"category": "LL_I3264-4912_O6544-9824", "input_length": 3756, "output_length": 7306, "arrival_time": 2604, "sched_time": 2604, "wait_time": 0, "slo": 0.060600896373696714},
    "request_32": {"category": "SS_I816-1216_O192-304", "input_length": 1032, "output_length": 226, "arrival_time": 2688, "sched_time": 2925, "wait_time": 237, "slo": 0.050779806206911346},
    "request_33": {"category": "SL_I816-1216_O13104-19648", "input_length": 846, "output_length": 19450, "arrival_time": 2772, "sched_time": 3152, "wait_time": 380, "slo": 0.0698509929261341},
    "request_34": {"category": "SS_I192-304_O192-304", "input_length": 192, "output_length": 194, "arrival_time": 2856, "sched_time": 4200, "wait_time": 1344, "slo": 0.04990628615127723},
    "request_35": {"category": "LL_I3264-4912_O3264-4912", "input_length": 4792, "output_length": 4390, "arrival_time": 2940, "sched_time": 4395, "wait_time": 1455, "slo": 0.058717619189531424},
    "request_36": {"category": "SS_I400-608_O1632-2448", "input_length": 495, "output_length": 2413, "arrival_time": 3024, "sched_time": 8786, "wait_time": 5762, "slo": 0.05243268245897131},
    "request_37": {"category": "SS_I816-1216_O816-1216", "input_length": 1020, "output_length": 1166, "arrival_time": 3108, "sched_time": 9911, "wait_time": 6803, "slo": 0.05170942388079719},
    "request_38": {"category": "SS_I816-1216_O400-608", "input_length": 1104, "output_length": 477, "arrival_time": 3192, "sched_time": 11078, "wait_time": 7886, "slo": 0.05110336925504187},
    "request_39": {"category": "SS_I192-304_O400-608", "input_length": 232, "output_length": 486, "arrival_time": 3276, "sched_time": 11200, "wait_time": 7924, "slo": 0.05023886488805535},
    "request_40": {"category": "SS_I400-608_O1632-2448", "input_length": 495, "output_length": 2128, "arrival_time": 3360, "sched_time": 11556, "wait_time": 8196, "slo": 0.05214718565179731},
    "request_41": {"category": "SS_I816-1216_O192-304", "input_length": 892,