{
  "PPR": 3.984412470023981,
  "TPI": 0.8218531251294371,
  "OV_block_step": 36223759,
  "OV_frac": 0.8995104955674279,
  "GE2_frac": 0.3305720084496541,
  "peak_blocks": 6646,
  "peak_step": 9069,
  "gpu_blocks": 1668,
  "total_steps": 24143,
  "type1_count": 32,
  "type2_count": 9,
  "plot_path": "traces/SS83_SL00_LS08_LL08/per05/per05_sv_ov90.png"
}