{
  "PPR": 2.8007878446820484,
  "TPI": 0.34254194864188375,
  "OV_block_step": 46518562,
  "OV_frac": 0.1866787234137072,
  "GE2_frac": 0.052242371515570735,
  "peak_blocks": 4977,
  "peak_step": 9593,
  "gpu_blocks": 1777,
  "total_steps": 140231,
  "type1_count": 54,
  "type2_count": 27,
  "plot_path": "traces/requests_types_64k/all_traces_arrival_rate_CV/SS54_SM10_SL01_MS02_MM09_ML02_LS06_LM14_LL01/lognormal_lambda1.5x_cv1/lognormal_lambda1.5x_cv1.png"
}