{
  "PPR": 1.5661501787842669,
  "TPI": 0.42446241961414793,
  "OV_block_step": 33470262,
  "OV_frac": 0.10021362971344695,
  "GE2_frac": 0.0,
  "peak_blocks": 13140,
  "peak_step": 23687,
  "gpu_blocks": 8390,
  "total_steps": 39808,
  "type1_count": 76,
  "type2_count": 27,
  "plot_path": "traces/SS00_SL00_LS100_LL00/per05/per05_lo_ov10.png"
}