{
  "PPR": 4.6151173807769235,
  "TPI": 0.8051161225176708,
  "OV_block_step": 296346426,
  "OV_frac": 1.500103120361966,
  "GE2_frac": 0.6269173438476703,
  "peak_blocks": 43839,
  "peak_step": 4305,
  "gpu_blocks": 9499,
  "total_steps": 20797,
  "type1_count": 20,
  "type2_count": 11,
  "plot_path": "traces/SS06_SL07_LS05_LL80/bim05/bim05_sv_ov1p5.png"
}