{
  "PPR": 7.223684210526316,
  "TPI": 0.754661694192861,
  "OV_block_step": 603820,
  "OV_frac": 1.0582045817794352,
  "GE2_frac": 0.46830047948854553,
  "peak_blocks": 1098,
  "peak_step": 1701,
  "gpu_blocks": 152,
  "total_steps": 3754,
  "type1_count": 26,
  "type2_count": 15,
  "plot_path": "traces/requests_types_8k/all_traces_arrival_rate_CV/SS07_SM02_SL09_MS02_MM02_ML07_LS02_LM57_LL10/lognormal_lambda5.0x_cv7/lognormal_lambda5.0x_cv7.png"
}