{
  "PPR": 3.989010989010989,
  "TPI": 0.36381482087354816,
  "OV_block_step": 374288,
  "OV_frac": 0.22427912890860707,
  "GE2_frac": 0.06870603631604777,
  "peak_blocks": 1089,
  "peak_step": 4488,
  "gpu_blocks": 273,
  "total_steps": 6113,
  "type1_count": 52,
  "type2_count": 42,
  "plot_path": "traces/requests_types_16k/all_traces_arrival_rate_CV/SS06_SM27_SL20_MS09_MM11_ML01_LS04_LM12_LL10/lognormal_lambda4.5x_cv3/lognormal_lambda4.5x_cv3.png"
}