{
  "PPR": 4.672661870503597,
  "TPI": 0.3444561977113184,
  "OV_block_step": 1434146,
  "OV_frac": 0.4960860237668121,
  "GE2_frac": 0.21732858928743148,
  "peak_blocks": 1299,
  "peak_step": 8470,
  "gpu_blocks": 278,
  "total_steps": 10399,
  "type1_count": 14,
  "type2_count": 24,
  "plot_path": "traces/requests_types_16k/all_traces_arrival_rate_CV/SS07_SM02_SL09_MS02_MM02_ML07_LS02_LM57_LL10/lognormal_lambda3.0x_cv5/lognormal_lambda3.0x_cv5.png"
}