{
  "PPR": 3.6198198198198197,
  "TPI": 0.3393957110939425,
  "OV_block_step": 7541237,
  "OV_frac": 0.28372375633030034,
  "GE2_frac": 0.11173289344553257,
  "peak_blocks": 2009,
  "peak_step": 26771,
  "gpu_blocks": 555,
  "total_steps": 47891,
  "type1_count": 53,
  "type2_count": 22,
  "plot_path": "traces/requests_types_32k/all_traces_arrival_rate_CV/SS06_SM06_SL19_MS24_MM08_ML20_LS10_LM05_LL02/lognormal_lambda3.0x_cv2/lognormal_lambda3.0x_cv2.png"
}