{
  "PPR": 4.7168458781362,
  "TPI": 0.9174834018337021,
  "OV_block_step": 5674023,
  "OV_frac": 1.6074138476130255,
  "GE2_frac": 0.6870850458425546,
  "peak_blocks": 1316,
  "peak_step": 4766,
  "gpu_blocks": 279,
  "total_steps": 12652,
  "type1_count": 30,
  "type2_count": 6,
  "plot_path": "traces/requests_types_16k/all_traces_arrival_rate_CV/SS03_SM24_SL03_MS36_MM03_ML12_LS06_LM06_LL07/lognormal_lambda2.5x_cv6/lognormal_lambda2.5x_cv6.png"
}