{
  "PPR": 4.237864077669903,
  "TPI": 0.3822337338417632,
  "OV_block_step": 10150652,
  "OV_frac": 0.39391330878111025,
  "GE2_frac": 0.18349041897498622,
  "peak_blocks": 2619,
  "peak_step": 30743,
  "gpu_blocks": 618,
  "total_steps": 41697,
  "type1_count": 39,
  "type2_count": 36,
  "plot_path": "traces/requests_types_32k/all_traces_arrival_rate_CV/SS00_SM00_SL00_MS00_MM00_ML00_LS33_LM66_LL01/lognormal_lambda1.0x_cv6/lognormal_lambda1.0x_cv6.png"
}