{
  "PPR": 2.292682926829268,
  "TPI": 0.2767260338953814,
  "OV_block_step": 581710,
  "OV_frac": 0.10197398752632574,
  "GE2_frac": 0.022338177584199405,
  "peak_blocks": 564,
  "peak_step": 7527,
  "gpu_blocks": 246,
  "total_steps": 23189,
  "type1_count": 69,
  "type2_count": 51,
  "plot_path": "traces/requests_types_16k/all_traces_arrival_rate_CV/SS06_SM01_SL07_MS08_MM02_ML49_LS05_LM19_LL03/lognormal_lambda2.0x_cv1/lognormal_lambda2.0x_cv1.png"
}