{
  "PPR": 3.3927125506072873,
  "TPI": 0.39731132703314254,
  "OV_block_step": 1023770,
  "OV_frac": 0.2758430596143473,
  "GE2_frac": 0.12112338613070678,
  "peak_blocks": 838,
  "peak_step": 5417,
  "gpu_blocks": 247,
  "total_steps": 15026,
  "type1_count": 50,
  "type2_count": 37,
  "plot_path": "traces/requests_types_16k/all_traces_arrival_rate_CV/SS02_SM04_SL04_MS04_MM15_ML55_LS04_LM04_LL05/lognormal_lambda2.5x_cv7/lognormal_lambda2.5x_cv7.png"
}