{
  "PPR": 1.8804595209710633,
  "TPI": 0.7217111100733199,
  "OV_block_step": 47676216,
  "OV_frac": 0.24130356661464378,
  "GE2_frac": 0.0,
  "peak_blocks": 17351,
  "peak_step": 3169,
  "gpu_blocks": 9227,
  "total_steps": 21413,
  "type1_count": 37,
  "type2_count": 9,
  "plot_path": "traces/SS23_SL38_LS15_LL22/bim05/bim05_md_ov24.png"
}