{
  "PPR": 1.9017857142857142,
  "TPI": 0.07979513444302176,
  "OV_block_step": 51601,
  "OV_frac": 0.023596579476861168,
  "GE2_frac": 0.0,
  "peak_blocks": 213,
  "peak_step": 8563,
  "gpu_blocks": 112,
  "total_steps": 19525,
  "type1_count": 25,
  "type2_count": 15,
  "plot_path": "traces/requests_types_8k/all_traces_arrival_rate_CV/SS03_SM42_SL05_MS03_MM05_ML25_LS13_LM02_LL00/lognormal_lambda1.0x_cv1/lognormal_lambda1.0x_cv1.png"
}