{
  "PPR": 3.4574290484140233,
  "TPI": 0.8490525524719523,
  "OV_block_step": 8851236,
  "OV_frac": 0.793208857857196,
  "GE2_frac": 0.28337538246819477,
  "peak_blocks": 2071,
  "peak_step": 12028,
  "gpu_blocks": 599,
  "total_steps": 18629,
  "type1_count": 33,
  "type2_count": 16,
  "plot_path": "traces/requests_types_32k/all_traces_arrival_rate_CV/SS15_SM13_SL18_MS00_MM19_ML17_LS06_LM03_LL09/lognormal_lambda5.0x_cv4/lognormal_lambda5.0x_cv4.png"
}