{
  "PPR": 3.3489208633093526,
  "TPI": 0.08584595433282387,
  "OV_block_step": 810350,
  "OV_frac": 0.0675033128978268,
  "GE2_frac": 0.03142513084155435,
  "peak_blocks": 931,
  "peak_step": 478,
  "gpu_blocks": 278,
  "total_steps": 43182,
  "type1_count": 31,
  "type2_count": 35,
  "plot_path": "traces/requests_types_16k/all_traces_arrival_rate_CV/SS07_SM02_SL09_MS02_MM02_ML07_LS02_LM57_LL10/lognormal_lambda2.0x_cv7/lognormal_lambda2.0x_cv7.png"
}