{
  "PPR": 4.51936715766503,
  "TPI": 0.5591134615244917,
  "OV_block_step": 146407628,
  "OV_frac": 0.5802252565180324,
  "GE2_frac": 0.22924763364545725,
  "peak_blocks": 8284,
  "peak_step": 15372,
  "gpu_blocks": 1833,
  "total_steps": 137659,
  "type1_count": 52,
  "type2_count": 32,
  "plot_path": "traces/requests_types_64k/all_traces_arrival_rate_CV/SS15_SM02_SL11_MS22_MM03_ML32_LS00_LM00_LL14/lognormal_lambda2.5x_cv1/lognormal_lambda2.5x_cv1.png"
}