{
  "PPR": 5.235795454545454,
  "TPI": 0.6776413286174395,
  "OV_block_step": 108099196,
  "OV_frac": 0.7585113039092939,
  "GE2_frac": 0.2982621668082752,
  "peak_blocks": 3686,
  "peak_step": 53279,
  "gpu_blocks": 704,
  "total_steps": 202436,
  "type1_count": 164,
  "type2_count": 83,
  "plot_path": "traces/request_types/SS26_SL12_LS36_LL24/bim50/bim50_hi_ov79.png"
}