{
  "PPR": 4.430288461538462,
  "TPI": 0.6164960777727282,
  "OV_block_step": 91288004,
  "OV_frac": 0.54200418232847,
  "GE2_frac": 0.20136734572902054,
  "peak_blocks": 3686,
  "peak_step": 53279,
  "gpu_blocks": 832,
  "total_steps": 202436,
  "type1_count": 146,
  "type2_count": 97,
  "plot_path": "traces/request_types/SS26_SL12_LS36_LL24/bim50/bim50_mh_ov57.png"
}