{
  "PPR": 1.9197916666666666,
  "TPI": 0.1385079728901974,
  "OV_block_step": 14876376,
  "OV_frac": 0.03827438054496236,
  "GE2_frac": 0.0,
  "peak_blocks": 3686,
  "peak_step": 53279,
  "gpu_blocks": 1920,
  "total_steps": 202436,
  "type1_count": 60,
  "type2_count": 46,
  "plot_path": "traces/request_types/SS26_SL12_LS36_LL24/bim50/bim50_vl_ov5.png"
}