{
  "PPR": 2.0553435114503817,
  "TPI": 0.09281076146678378,
  "OV_block_step": 1689967,
  "OV_frac": 0.027774572956780343,
  "GE2_frac": 0.0012142820234588953,
  "peak_blocks": 1077,
  "peak_step": 98871,
  "gpu_blocks": 524,
  "total_steps": 116118,
  "type1_count": 55,
  "type2_count": 42,
  "plot_path": "traces/requests_types_32k/all_traces_arrival_rate_CV/SS03_SM42_SL05_MS03_MM05_ML25_LS13_LM02_LL00/lognormal_lambda1.0x_cv7/lognormal_lambda1.0x_cv7.png"
}