{
  "PPR": 3.0408163265306123,
  "TPI": 0.5727288049890443,
  "OV_block_step": 469268,
  "OV_frac": 0.538058203223983,
  "GE2_frac": 0.264453059160627,
  "peak_blocks": 447,
  "peak_step": 2149,
  "gpu_blocks": 147,
  "total_steps": 5933,
  "type1_count": 58,
  "type2_count": 24,
  "plot_path": "traces/requests_types_8k/all_traces_arrival_rate_CV/SS04_SM15_SL55_MS02_MM04_ML04_LS04_LM04_LL05/lognormal_lambda4.0x_cv3/lognormal_lambda4.0x_cv3.png"
}