{
  "PPR": 2.69701726844584,
  "TPI": 0.4851838512163976,
  "OV_block_step": 161419594,
  "OV_frac": 0.23706395247976356,
  "GE2_frac": 0.03299826462787728,
  "peak_blocks": 12026,
  "peak_step": 88649,
  "gpu_blocks": 4459,
  "total_steps": 152705,
  "type1_count": 69,
  "type2_count": 80,
  "plot_path": "traces/requests_types_128k_bs8/all_traces_arrival_rate_CV/SS00_SM00_SL00_MS00_MM00_ML00_LS00_LM66_LL34/lognormal_lambda3.0x_cv1/lognormal_lambda3.0x_cv1.png"
}