{
  "PPR": 4.639377197388247,
  "TPI": 0.7266309216596023,
  "OV_block_step": 291572907,
  "OV_frac": 0.9790574687539326,
  "GE2_frac": 0.44073326291299525,
  "peak_blocks": 9237,
  "peak_step": 95866,
  "gpu_blocks": 1991,
  "total_steps": 149578,
  "type1_count": 53,
  "type2_count": 33,
  "plot_path": "traces/requests_types_64k/all_traces_arrival_rate_CV/SS00_SM00_SL00_MS00_MM00_ML00_LS33_LM33_LL34/lognormal_lambda2.5x_cv1/lognormal_lambda2.5x_cv1.png"
}