{
  "PPR": 5.357142857142857,
  "TPI": 0.5229226361031518,
  "OV_block_step": 423116,
  "OV_frac": 0.5623222459080012,
  "GE2_frac": 0.19300040933278756,
  "peak_blocks": 825,
  "peak_step": 3309,
  "gpu_blocks": 154,
  "total_steps": 4886,
  "type1_count": 41,
  "type2_count": 28,
  "plot_path": "traces/requests_types_8k/all_traces_arrival_rate_CV/SS00_SM00_SL00_MS00_MM00_ML00_LS00_LM66_LL34/lognormal_lambda2.5x_cv4/lognormal_lambda2.5x_cv4.png"
}