{
  "PPR": 4.550748752079867,
  "TPI": 0.6683770558651624,
  "OV_block_step": 13993719,
  "OV_frac": 0.791221225916572,
  "GE2_frac": 0.3015495446513525,
  "peak_blocks": 2735,
  "peak_step": 20234,
  "gpu_blocks": 601,
  "total_steps": 29428,
  "type1_count": 39,
  "type2_count": 12,
  "plot_path": "traces/requests_types_32k/all_traces_arrival_rate_CV/SS09_SM11_SL08_MS09_MM08_ML09_LS18_LM23_LL05/lognormal_lambda4.0x_cv3/lognormal_lambda4.0x_cv3.png"
}