{
  "PPR": 2.826642335766423,
  "TPI": 0.17731211713730763,
  "OV_block_step": 2193370,
  "OV_frac": 0.07475160615568505,
  "GE2_frac": 0.011934110264455402,
  "peak_blocks": 1549,
  "peak_step": 15538,
  "gpu_blocks": 548,
  "total_steps": 53544,
  "type1_count": 58,
  "type2_count": 42,
  "plot_path": "traces/requests_types_32k/all_traces_arrival_rate_CV/SS03_SM35_SL00_MS13_MM01_ML28_LS01_LM18_LL02/lognormal_lambda1.5x_cv5/lognormal_lambda1.5x_cv5.png"
}