{
  "PPR": 3.375,
  "TPI": 0.5510732442101299,
  "OV_block_step": 3280439,
  "OV_frac": 0.5361708338563568,
  "GE2_frac": 0.23620787045754096,
  "peak_blocks": 972,
  "peak_step": 20035,
  "gpu_blocks": 288,
  "total_steps": 21244,
  "type1_count": 57,
  "type2_count": 17,
  "plot_path": "traces/requests_types_16k/all_traces_arrival_rate_CV/SS09_SM11_SL08_MS09_MM08_ML09_LS18_LM23_LL05/lognormal_lambda4.0x_cv5/lognormal_lambda4.0x_cv5.png"
}