{
  "PPR": 4.98051948051948,
  "TPI": 0.8162612035851472,
  "OV_block_step": 473853,
  "OV_frac": 0.9849447927232818,
  "GE2_frac": 0.4241357234314981,
  "peak_blocks": 767,
  "peak_step": 2395,
  "gpu_blocks": 154,
  "total_steps": 3124,
  "type1_count": 44,
  "type2_count": 28,
  "plot_path": "traces/requests_types_8k/all_traces_arrival_rate_CV/SS00_SM00_SL00_MS00_MM00_ML00_LS00_LM66_LL34/lognormal_lambda3.0x_cv2/lognormal_lambda3.0x_cv2.png"
}