{
  "PPR": 6.762545454545455,
  "TPI": 0.7529676236085284,
  "OV_block_step": 683547221,
  "OV_frac": 1.582919134282942,
  "GE2_frac": 0.5481570165830297,
  "peak_blocks": 18597,
  "peak_step": 40067,
  "gpu_blocks": 2750,
  "total_steps": 157028,
  "type1_count": 33,
  "type2_count": 19,
  "plot_path": "traces/sy_requests/all_traces_arrival_rate_CV/SS00_SM00_SL00_MS00_MM00_ML00_LS00_LM33_LL67/lognormal_lambda3.0x_cv1/lognormal_lambda3.0x_cv1.png"
}