{
  "PPR": 4.788461538461538,
  "TPI": 0.7934954453060302,
  "OV_block_step": 4006037,
  "OV_frac": 0.9666387246470812,
  "GE2_frac": 0.47233305729127456,
  "peak_blocks": 1494,
  "peak_step": 9378,
  "gpu_blocks": 312,
  "total_steps": 13283,
  "type1_count": 46,
  "type2_count": 25,
  "plot_path": "traces/requests_types_16k/all_traces_arrival_rate_CV/SS08_SM22_SL00_MS03_MM03_ML08_LS25_LM08_LL23/lognormal_lambda4.5x_cv3/lognormal_lambda4.5x_cv3.png"
}