{
  "PPR": 5.277192982456141,
  "TPI": 0.672993672993673,
  "OV_block_step": 2722619,
  "OV_frac": 0.6362337078126552,
  "GE2_frac": 0.20999000999001,
  "peak_blocks": 1504,
  "peak_step": 11107,
  "gpu_blocks": 285,
  "total_steps": 15015,
  "type1_count": 69,
  "type2_count": 24,
  "plot_path": "traces/requests_types_16k/all_traces_arrival_rate_CV/SS05_SM22_SL01_MS13_MM01_ML37_LS03_LM03_LL15/lognormal_lambda5.0x_cv7/lognormal_lambda5.0x_cv7.png"
}