{
  "PPR": 3.0,
  "TPI": 0.15648733790812963,
  "OV_block_step": 560829,
  "OV_frac": 0.04908886138724356,
  "GE2_frac": 0.007668074922464529,
  "peak_blocks": 837,
  "peak_step": 753,
  "gpu_blocks": 279,
  "total_steps": 40949,
  "type1_count": 72,
  "type2_count": 72,
  "plot_path": "traces/requests_types_16k/all_traces_arrival_rate_CV/SS00_SM00_SL00_MS00_MM00_ML00_LS33_LM66_LL01/lognormal_lambda2.5x_cv3/lognormal_lambda2.5x_cv3.png"
}