{
  "PPR": 1.87109375,
  "TPI": 0.10151391263410887,
  "OV_block_step": 29600322,
  "OV_frac": 0.035811794708893924,
  "GE2_frac": 0.0,
  "peak_blocks": 4790,
  "peak_step": 69928,
  "gpu_blocks": 2560,
  "total_steps": 322872,
  "type1_count": 39,
  "type2_count": 43,
  "plot_path": "traces/request_types/all_traces/SS18_SL17_LS19_LL45/bim50/bim50_vl_ov4.png"
}