{
  "batch_size": 4,
  "max_model_len": 32384,
  "num_gpu_blocks_override": 13630,
  "arrival_pattern": "UniformArrival(max_step=31090)",
  "vocab": [200, 30000],
  "requests": {
    "request_0": {"category": "LS_I13104-19648_O192-304", "input_length": 19643, "output_length": 196, "arrival_time": 0, "sched_time": 0, "wait_time": 0, "slo": 0.06939319629147264},
    "request_1": {"category": "LL_I13104-19648_O3264-4912", "input_length": 14042, "output_length": 4615, "arrival_time": 0, "sched_time": 0, "wait_time": 0, "slo": 0.06820913584908786},
    "request_2": {"category": "SS_I816-1216_O192-304", "input_length": 1076, "output_length": 261, "arrival_time": 0, "sched_time": 0, "wait_time": 0, "slo": 0.05085894391837361},
    "request_3": {"category": "LS_I13104-19648_O192-304", "input_length": 17739, "output_length": 243, "arrival_time": 0, "sched_time": 0, "wait_time": 0, "slo": 0.06753295920051788},
    "request_4": {"category": "SS_I816-1216_O1632-2448", "input_length": 997, "output_length": 2260, "arrival_time": 1968, "sched_time": 1968, "wait_time": 0, "slo": 0.052782290829861564},
    "request_5": {"category": "LL_I3264-4912_O3264-4912", "input_length": 4540, "output_length": 4352, "arrival_time": 2015, "sched_time": 2015, "wait_time": 0, "slo": 0.0584271136664421},
    "request_6": {"category": "SL_I400-608_O13104-19648", "input_length": 601, "output_length": 16223, "arrival_time": 2152, "sched_time": 2152, "wait_time": 0, "slo": 0.06637294059452671},
    "request_7": {"category": "LS_I13104-19648_O1632-2448", "input_length": 16920, "output_length": 2247, "arrival_time": 2203, "sched_time": 4229, "wait_time": 2026, "slo": 0.06872002487245185},
    "request_8": {"category": "LL_I6544-9824_O3264-4912", "input_length": 7365, "output_length": 3821, "arrival_time": 2438, "sched_time": 4616, "wait_time": 2178, "slo": 0.06072511252839698},
    "request_9": {"category": "LS_I13104-19648_O400-608", "input_length": 17086, "output_length": 515, "arrival_time": 2771, "sched_time": 6368, "wait_time": 3597, "slo": 0.0671512950477695},
    "request_10": {"category": "LL_I3264-4912_O3264-4912", "input_length": 4237, "output_length": 4318, "arrival_time": 2892, "sched_time": 6477, "wait_time": 3585, "slo": 0.05808952621374864},
    "request_11": {"category": "SL_I1632-2448_O13104-19648", "input_length": 2446, "output_length": 13471, "arrival_time": 2920, "sched_time": 6884, "wait_time": 3964, "slo": 0.06546435952748526},
    "request_12": {"category": "LS_I13104-19648_O192-304", "input_length": 16308, "output_length": 204, "arrival_time": 3094, "sched_time": 8438, "wait_time": 5344, "slo": 0.06606039672140993},
    "request_13": {"category": "SL_I400-608_O3264-4912", "input_length": 419, "output_length": 3947, "arrival_time": 3300, "sched_time": 8643, "wait_time": 5343, "slo": 0.053893224019882474},
    "request_14": {"category": "LL_I6544-9824_O13104-19648", "input_length": 8130, "output_length": 16948, "arrival_time": 4060, "sched_time": 10796, "wait_time": 6736, "slo": 0.07464132882755878},
    "request_15": {"category": "LL_I13104-19648_O6544-9824", "input_length": 15823, "output_length": 7431, "arrival_time": 4080, "sched_time": 12591, "wait_time": 8511, "slo": 0.07281414926164523},
    "request_16": {"category": "LS_I13104-19648_O400-608", "input_length": 14046, "output_length": 558, "arrival_time": 4138, "sched_time": 18376, "wait_time": 14238, "slo": 0.06414907072811876},
    "request_17": {"category": "LL_I3264-4912_O6544-9824", "input_length": 4839, "output_length": 7530, "arrival_time": 4397, "sched_time": 18935, "wait_time": 14538, "slo": 0.061910174713964816},
    "request_18": {"category": "SL_I192-304_O6544-9824", "input_length": 250, "output_length": 6909, "arrival_time": 4582, "sched_time": 20023, "wait_time": 15441, "slo": 0.0566910927301876},
    "request_19": {"category": "LS_I13104-19648_O192-304", "input_length": 18666, "output_length": 255, "arrival_time": 4814, "sched_time": 20356, "wait_time": 15542, "slo": 0.06847359604941747},
    "request_20": {"category": "SS_I1632-2448_O400-608", "input_length": 2115, "output_length": 514, "arrival_time": 4933, "sched_time": 20612, "wait_time": 15679, "slo": 0.05215319611089571},
    "request_21": {"category": "LS_I13104-19648_O1632-2448", "input_length": 14219, "output_length": 2055, "arrival_time": 5083, "sched_time": 21127, "wait_time": 16044, "slo": 0.06582198184384006},
    "request_22": {"category": "LL_I6544-9824_O3264-4912", "input_length": 8731, "output_length": 3753, "arrival_time": 5545, "sched_time": 23183, "wait_time": 17638, "slo": 0.06202537518001748},
    "request_23": {"category": "LL_I6544-9824_O13104-19648", "input_length": 7411, "output_length": 13468, "arrival_time": 5796, "sched_time": 26466, "wait_time": 20670, "slo": 0.07043500920186195},
    "request_24": {"category": "LL_I3264-4912_O6544-9824", "input_length": 4579, "output_length": 7264, "arrival_time": 5804, "sched_time": 26933, "wait_time": 21129, "slo": 0.06138325779967176},
    "request_25": {"category": "SL_I816-1216_O6544-9824", "input_length": 1184, "output_length": 8531, "arrival_time": 5830, "sched_time": 26937, "wait_time": 21107, "slo": 0.05925154830610595},
    "request_26": {"category": "LL_I13104-19648_O3264-4912", "input_length": 19623, "output_length": 4659, "arrival_time": 6870, "sched_time": 27745, "wait_time": 20875, "slo": 0.07384394125383774},
    "request_27": {"category": "SL_I816-1216_O13104-19648", "input_length": 1159, "output_length": 16464, "arrival_time": 6942, "sched_time": 32405, "wait_time": 25463, "slo": 0.06717333339779696},
    "request_28": {"category": "LS_I13104-19648_O400-608", "input_length": 14881, "output_length": 470, "arrival_time": 6982, "sched_time": 34198, "wait_time": 27216, "slo": 0.06489737288586955},
    "request_29": {"category": "LL_I6544-9824_O6544-9824", "input_length": 6552, "output_length": 6851, "arrival_time": 7026, "sched_time": 34669, "wait_time": 27643, "slo": 0.06294597716525573},
    "request_30": {"category": "LL_I13104-19648_O6544-9824", "input_length": 13882, "output_length": 7875, "arrival_time": 7109, "sched_time": 35469, "wait_time": 28360, "slo": 0.07131453971659446},
    "request_31": {"category": "LL_I6544-9824_O13104-19648", "input_length": 9422, "output_length": 13808, "arrival_time": 7583, "sched_time": 39935, "wait_time": 32352, "slo": 0.07279010742525163},
    "request_32": {"category": "LL_I3264-4912_O3264-4912", "input_length": 3648, "output_length": 4251, "arrival_time": 7639, "sched_time": 41521, "wait_time": 33882, "slo": 0.057432382685656924},
    "request_33": {"category": "LS_I13104-19648_O400-608", "input_length": 16146, "output_length": 465, "arrival_time": 8017, "sched_time": 43345, "wait_time": 35328, "slo": 0.06615956929653352},
    "request_34": {"category": "LL_I13104-19648_O6544-9824", "input_length": 15206, "output_length": 9554, "arrival_time": 8184, "sched_time": 43811, "wait_time": 35627, "slo": 0.0743227744953436},
    "request_35": {"category": "LL_I6544-9824_O13104-19648", "input_length": 9420, "output_length": 16523, "arrival_time": 9351, "sched_time": 45773, "wait_time": 36422, "slo": 0.07550783668091143},
    "request_36": {"category": "SL_I1632-2448_O6544-9824", "input_length": 2422, "output_length": 9271, "arrival_time": 9898, "sched_time": 48870, "wait_time": 38972, "slo": 0.06123299632221177},
    "request_37": {"category": "LL_I6544-9824_O6544-9824", "input_length": 9081, "output_length": 9028, "arrival_time": 9981, "sched_time": 53366, "wait_time": 43385, "slo": 0.06766018058476735},
    "request_38": {"category": "LL_I6544-9824_O6544-9824", "input_length": 6939, "output_length": 9750, "arrival_time": 10125, "sched_time": 53744, "wait_time": 43619, "slo": 0.06623770526481271},
    "request_39": {"category": "LS_I13104-19648_O192-304", "input_length": 13190, "output_length": 243, "arrival_time": 10460, "sched_time": 58142, "wait_time": 47682, "slo": 0.06297602946074772},