{
  "PPR": 4.764940239043825,
  "TPI": 0.293127386324193,
  "OV_block_step": 1059402,
  "OV_frac": 0.24417014344565507,
  "GE2_frac": 0.09111419645956265,
  "peak_blocks": 1196,
  "peak_step": 11547,
  "gpu_blocks": 251,
  "total_steps": 17286,
  "type1_count": 40,
  "type2_count": 32,
  "plot_path": "traces/requests_types_16k/all_traces_arrival_rate_CV/SS15_SM17_SL08_MS09_MM06_ML17_LS06_LM14_LL09/lognormal_lambda1.5x_cv4/lognormal_lambda1.5x_cv4.png"
}