{
  "PPR": 5.104377104377105,
  "TPI": 0.6754877200688115,
  "OV_block_step": 8783095,
  "OV_frac": 1.0824168382456878,
  "GE2_frac": 0.4634164196039676,
  "peak_blocks": 1516,
  "peak_step": 14487,
  "gpu_blocks": 297,
  "total_steps": 27321,
  "type1_count": 49,
  "type2_count": 25,
  "plot_path": "traces/requests_types_16k/all_traces_arrival_rate_CV/SS06_SM02_SL13_MS06_MM04_ML06_LS51_LM09_LL05/lognormal_lambda3.0x_cv6/lognormal_lambda3.0x_cv6.png"
}