{
  "PPR": 3.782608695652174,
  "TPI": 0.661266013564431,
  "OV_block_step": 287305,
  "OV_frac": 0.39222311413999106,
  "GE2_frac": 0.15090429540316502,
  "peak_blocks": 522,
  "peak_step": 1069,
  "gpu_blocks": 138,
  "total_steps": 5308,
  "type1_count": 61,
  "type2_count": 28,
  "plot_path": "traces/requests_types_8k/all_traces_arrival_rate_CV/SS18_SM04_SL04_MS07_MM51_ML04_LS07_LM02_LL03/lognormal_lambda4.0x_cv3/lognormal_lambda4.0x_cv3.png"
}