{
  "PPR": 8.356576862123614,
  "TPI": 0.6682084070194532,
  "OV_block_step": 32638794,
  "OV_frac": 1.759131599331764,
  "GE2_frac": 0.5925724391239288,
  "peak_blocks": 5273,
  "peak_step": 15018,
  "gpu_blocks": 631,
  "total_steps": 29404,
  "type1_count": 10,
  "type2_count": 19,
  "plot_path": "traces/requests_types_32k/all_traces_arrival_rate_CV/SS00_SM00_SL00_MS00_MM00_ML00_LS33_LM00_LL67/lognormal_lambda4.5x_cv7/lognormal_lambda4.5x_cv7.png"
}