{
  "PPR": 2.7386363636363638,
  "TPI": 0.3858051282051282,
  "OV_block_step": 1512221,
  "OV_frac": 0.1762495337995338,
  "GE2_frac": 0.03341538461538462,
  "peak_blocks": 482,
  "peak_step": 38581,
  "gpu_blocks": 176,
  "total_steps": 48750,
  "type1_count": 213,
  "type2_count": 120,
  "plot_path": "traces/request_types/SS100_SL00_LS00_LL00/bim50/bim50_ml_ov22.png"
}