{
  "PPR": 3.4276094276094278,
  "TPI": 0.4959268797939645,
  "OV_block_step": 13757430,
  "OV_frac": 0.3241791692186407,
  "GE2_frac": 0.11982811712670063,
  "peak_blocks": 2036,
  "peak_step": 56979,
  "gpu_blocks": 594,
  "total_steps": 71444,
  "type1_count": 144,
  "type2_count": 59,
  "plot_path": "traces/requests_types_32k/all_traces_arrival_rate_CV/SS01_SM18_SL11_MS32_MM14_ML02_LS14_LM07_LL01/lognormal_lambda3.5x_cv4/lognormal_lambda3.5x_cv4.png"
}