{
  "PPR": 2.246376811594203,
  "TPI": 0.12769508972040616,
  "OV_block_step": 116488,
  "OV_frac": 0.05870885672756889,
  "GE2_frac": 0.004173042147725692,
  "peak_blocks": 310,
  "peak_step": 3525,
  "gpu_blocks": 138,
  "total_steps": 14378,
  "type1_count": 24,
  "type2_count": 28,
  "plot_path": "traces/requests_types_8k/all_traces_arrival_rate_CV/SS18_SM04_SL04_MS07_MM51_ML04_LS07_LM02_LL03/lognormal_lambda1.5x_cv3/lognormal_lambda1.5x_cv3.png"
}