{
  "PPR": 8.10691823899371,
  "TPI": 0.9792922673656619,
  "OV_block_step": 1440398,
  "OV_frac": 2.374602075554127,
  "GE2_frac": 0.7939711664482306,
  "peak_blocks": 1289,
  "peak_step": 2095,
  "gpu_blocks": 159,
  "total_steps": 3815,
  "type1_count": 17,
  "type2_count": 7,
  "plot_path": "traces/requests_types_8k/all_traces_arrival_rate_CV/SS00_SM00_SL00_MS00_MM00_ML00_LS00_LM00_LL100/lognormal_lambda4.5x_cv2/lognormal_lambda4.5x_cv2.png"
}