{
  "PPR": 4.236247828604516,
  "TPI": 0.7977746928288751,
  "OV_block_step": 217390073,
  "OV_frac": 0.8693843181813883,
  "GE2_frac": 0.4495507255385423,
  "peak_blocks": 7316,
  "peak_step": 93742,
  "gpu_blocks": 1727,
  "total_steps": 144789,
  "type1_count": 84,
  "type2_count": 33,
  "plot_path": "traces/requests_types_64k/all_traces_arrival_rate_CV/SS06_SM02_SL13_MS06_MM04_ML06_LS51_LM09_LL05/lognormal_lambda3.5x_cv1/lognormal_lambda3.5x_cv1.png"
}