{
  "PPR": 4.2086330935251794,
  "TPI": 0.4691717077710563,
  "OV_block_step": 1227043,
  "OV_frac": 0.5134741439049784,
  "GE2_frac": 0.2668683108422522,
  "peak_blocks": 1170,
  "peak_step": 6332,
  "gpu_blocks": 278,
  "total_steps": 8596,
  "type1_count": 31,
  "type2_count": 39,
  "plot_path": "traces/requests_types_16k/all_traces_arrival_rate_CV/SS07_SM02_SL09_MS02_MM02_ML07_LS02_LM57_LL10/lognormal_lambda3.5x_cv1/lognormal_lambda3.5x_cv1.png"
}