{
  "PPR": 2.46,
  "TPI": 0.3451626898047722,
  "OV_block_step": 269234,
  "OV_frac": 0.15573911785972525,
  "GE2_frac": 0.03132321041214751,
  "peak_blocks": 369,
  "peak_step": 7936,
  "gpu_blocks": 150,
  "total_steps": 11525,
  "type1_count": 58,
  "type2_count": 60,
  "plot_path": "traces/requests_types_8k/all_traces_arrival_rate_CV/SS00_SM00_SL00_MS00_MM00_ML00_LS33_LM66_LL01/lognormal_lambda2.0x_cv1/lognormal_lambda2.0x_cv1.png"
}