{
  "PPR": 6.154181818181818,
  "TPI": 0.6835353838524879,
  "OV_block_step": 291288757,
  "OV_frac": 1.3822497992148917,
  "GE2_frac": 0.4562513865145959,
  "peak_blocks": 16924,
  "peak_step": 45551,
  "gpu_blocks": 2750,
  "total_steps": 76631,
  "type1_count": 16,
  "type2_count": 19,
  "plot_path": "traces/requests_types_96k/all_traces_arrival_rate_CV/SS00_SM00_SL00_MS00_MM00_ML00_LS00_LM66_LL34/lognormal_lambda4.0x_cv1/lognormal_lambda4.0x_cv1.png"
}