{
  "PPR": 2.9831223628691985,
  "TPI": 0.31782788272733425,
  "OV_block_step": 922235,
  "OV_frac": 0.26347666868652064,
  "GE2_frac": 0.125533211456429,
  "peak_blocks": 707,
  "peak_step": 2983,
  "gpu_blocks": 237,
  "total_steps": 14769,
  "type1_count": 72,
  "type2_count": 23,
  "plot_path": "traces/requests_types_16k/all_traces_arrival_rate_CV/SS04_SM15_SL55_MS02_MM04_ML04_LS04_LM04_LL05/lognormal_lambda4.0x_cv5/lognormal_lambda4.0x_cv5.png"
}