{
  "PPR": 5.7407407407407405,
  "TPI": 0.769128876422004,
  "OV_block_step": 26549285,
  "OV_frac": 1.1608686819714817,
  "GE2_frac": 0.4147317022492338,
  "peak_blocks": 3410,
  "peak_step": 30442,
  "gpu_blocks": 594,
  "total_steps": 38502,
  "type1_count": 78,
  "type2_count": 22,
  "plot_path": "traces/requests_types_32k/all_traces_arrival_rate_CV/SS01_SM18_SL11_MS32_MM14_ML02_LS14_LM07_LL01/lognormal_lambda5.0x_cv5/lognormal_lambda5.0x_cv5.png"
}