{
  "PPR": 2.4539473684210527,
  "TPI": 0.3560587680280361,
  "OV_block_step": 1931283,
  "OV_frac": 0.1712604018132675,
  "GE2_frac": 0.04725704272813048,
  "peak_blocks": 746,
  "peak_step": 4793,
  "gpu_blocks": 304,
  "total_steps": 37095,
  "type1_count": 80,
  "type2_count": 76,
  "plot_path": "traces/requests_types_16k/all_traces_arrival_rate_CV/SS05_SM02_SL22_MS01_MM07_ML11_LS31_LM03_LL19/lognormal_lambda2.0x_cv1/lognormal_lambda2.0x_cv1.png"
}