{
  "PPR": 3.1826171875,
  "TPI": 0.32793053707410347,
  "OV_block_step": 41280993,
  "OV_frac": 0.22539371862909402,
  "GE2_frac": 0.09048518936810207,
  "peak_blocks": 3259,
  "peak_step": 34279,
  "gpu_blocks": 1024,
  "total_steps": 178858,
  "type1_count": 110,
  "type2_count": 34,
  "plot_path": "traces/request_types/all_traces/SS51_SL34_LS08_LL05/bim50/bim50_ml_ov20.png"
}