{
  "PPR": 5.990808823529412,
  "TPI": 0.5150286819711727,
  "OV_block_step": 76020522,
  "OV_frac": 0.7813103502088085,
  "GE2_frac": 0.30920059488532803,
  "peak_blocks": 3259,
  "peak_step": 34279,
  "gpu_blocks": 544,
  "total_steps": 178858,
  "type1_count": 101,
  "type2_count": 41,
  "plot_path": "traces/request_types/all_traces/SS51_SL34_LS08_LL05/bim50/bim50_hi_ov78.png"
}