{
  "PPR": 2.1083172147001936,
  "TPI": 0.19338294836694558,
  "OV_block_step": 2824064,
  "OV_frac": 0.07021177893745582,
  "GE2_frac": 8.997544955590688e-05,
  "peak_blocks": 1090,
  "peak_step": 6601,
  "gpu_blocks": 517,
  "total_steps": 77799,
  "type1_count": 62,
  "type2_count": 35,
  "plot_path": "traces/requests_types_32k/all_traces_arrival_rate_CV/SS14_SM21_SL27_MS03_MM10_ML05_LS17_LM02_LL01/lognormal_lambda1.2x_cv5/lognormal_lambda1.2x_cv5.png"
}