{
  "PPR": 9.605815831987076,
  "TPI": 0.8521288348771989,
  "OV_block_step": 21962274,
  "OV_frac": 3.0152331765418827,
  "GE2_frac": 0.7724993626242883,
  "peak_blocks": 5946,
  "peak_step": 2053,
  "gpu_blocks": 619,
  "total_steps": 11767,
  "type1_count": 8,
  "type2_count": 7,
  "plot_path": "traces/requests_types_32k/all_traces_arrival_rate_CV/SS00_SM00_SL00_MS00_MM00_ML00_LS00_LM00_LL100/lognormal_lambda2.5x_cv6/lognormal_lambda2.5x_cv6.png"
}