{
  "PPR": 3.6396363636363636,
  "TPI": 0.5344200715982238,
  "OV_block_step": 577092905,
  "OV_frac": 0.45147319682314174,
  "GE2_frac": 0.1884487625210836,
  "peak_blocks": 10009,
  "peak_step": 333841,
  "gpu_blocks": 2750,
  "total_steps": 464816,
  "type1_count": 111,
  "type2_count": 48,
  "plot_path": "traces/sy_requests/all_traces_arrival_rate_CV/SS15_SM02_SL11_MS22_MM03_ML32_LS00_LM00_LL14/lognormal_lambda2.0x_cv1/lognormal_lambda2.0x_cv1.png"
}