{
  "PPR": 1.5729166666666667,
  "TPI": 0.07767606467089057,
  "OV_block_step": 387809,
  "OV_frac": 0.014484892137493172,
  "GE2_frac": 0.0,
  "peak_blocks": 453,
  "peak_step": 24313,
  "gpu_blocks": 288,
  "total_steps": 92963,
  "type1_count": 72,
  "type2_count": 48,
  "plot_path": "traces/requests_types_16k/all_traces_arrival_rate_CV/SS09_SM11_SL08_MS09_MM08_ML09_LS18_LM23_LL05/lognormal_lambda1.0x_cv4/lognormal_lambda1.0x_cv4.png"
}