{
  "PPR": 2.6296296296296298,
  "TPI": 0.3900933955970647,
  "OV_block_step": 133534,
  "OV_frac": 0.1649667679687693,
  "GE2_frac": 0.0395263509006004,
  "peak_blocks": 355,
  "peak_step": 886,
  "gpu_blocks": 135,
  "total_steps": 5996,
  "type1_count": 73,
  "type2_count": 52,
  "plot_path": "traces/requests_types_8k/all_traces_arrival_rate_CV/SS15_SM13_SL18_MS00_MM19_ML17_LS06_LM03_LL09/lognormal_lambda3.5x_cv3/lognormal_lambda3.5x_cv3.png"
}