{
  "PPR": 3.0236486486486487,
  "TPI": 0.4023355203756095,
  "OV_block_step": 9532881,
  "OV_frac": 0.2423228725550326,
  "GE2_frac": 0.08415096611087702,
  "peak_blocks": 1790,
  "peak_step": 58283,
  "gpu_blocks": 592,
  "total_steps": 66452,
  "type1_count": 96,
  "type2_count": 46,
  "plot_path": "traces/requests_types_32k/all_traces_arrival_rate_CV/SS06_SM02_SL13_MS06_MM04_ML06_LS51_LM09_LL05/lognormal_lambda1.0x_cv7/lognormal_lambda1.0x_cv7.png"
}