{
  "PPR": 2.1486486486486487,
  "TPI": 0.07095947987128128,
  "OV_block_step": 147231,
  "OV_frac": 0.03266579280403409,
  "GE2_frac": 0.005943390030866224,
  "peak_blocks": 318,
  "peak_step": 10221,
  "gpu_blocks": 148,
  "total_steps": 30454,
  "type1_count": 23,
  "type2_count": 32,
  "plot_path": "traces/requests_types_8k/all_traces_arrival_rate_CV/SS15_SM02_SL11_MS22_MM03_ML32_LS00_LM00_LL14/lognormal_lambda1.0x_cv3/lognormal_lambda1.0x_cv3.png"
}