{
  "PPR": 4.8953125,
  "TPI": 0.5272178077718516,
  "OV_block_step": 63201313,
  "OV_frac": 0.5374553802247741,
  "GE2_frac": 0.23084249482965058,
  "peak_blocks": 3133,
  "peak_step": 75917,
  "gpu_blocks": 640,
  "total_steps": 183740,
  "type1_count": 144,
  "type2_count": 72,
  "plot_path": "traces/request_types/SS32_SL30_LS30_LL05/bim50/bim50_mh_ov58.png"
}