{
  "PPR": 3.0595703125,
  "TPI": 0.33498965930118646,
  "OV_block_step": 33091578,
  "OV_frac": 0.1758789275096604,
  "GE2_frac": 0.04838902797431153,
  "peak_blocks": 3133,
  "peak_step": 75917,
  "gpu_blocks": 1024,
  "total_steps": 183740,
  "type1_count": 115,
  "type2_count": 72,
  "plot_path": "traces/request_types/SS32_SL30_LS30_LL05/bim50/bim50_ml_ov21.png"
}