{
  "PPR": 4.419272727272728,
  "TPI": 0.58843690022184,
  "OV_block_step": 354973774,
  "OV_frac": 0.5362437264290252,
  "GE2_frac": 0.22893558330633032,
  "peak_blocks": 12153,
  "peak_step": 223740,
  "gpu_blocks": 2750,
  "total_steps": 240714,
  "type1_count": 75,
  "type2_count": 51,
  "plot_path": "traces/sy_requests/all_traces_arrival_rate_CV/SS00_SM00_SL00_MS00_MM00_ML00_LS00_LM66_LL34/lognormal_lambda2.0x_cv1/lognormal_lambda2.0x_cv1.png"
}