{
  "PPR": 4.8845553822152885,
  "TPI": 0.2168579845591223,
  "OV_block_step": 19289754,
  "OV_frac": 0.25475094785993796,
  "GE2_frac": 0.09950223486387648,
  "peak_blocks": 3131,
  "peak_step": 94391,
  "gpu_blocks": 641,
  "total_steps": 118128,
  "type1_count": 45,
  "type2_count": 37,
  "plot_path": "traces/requests_types_32k/all_traces_arrival_rate_CV/SS00_SM00_SL00_MS00_MM00_ML00_LS33_LM33_LL34/lognormal_lambda3.0x_cv4/lognormal_lambda3.0x_cv4.png"
}