{
  "PPR": 2.488372093023256,
  "TPI": 0.554595928439235,
  "OV_block_step": 3557946,
  "OV_frac": 0.30203771589806183,
  "GE2_frac": 0.1100934845536943,
  "peak_blocks": 1391,
  "peak_step": 16552,
  "gpu_blocks": 559,
  "total_steps": 21073,
  "type1_count": 56,
  "type2_count": 26,
  "plot_path": "traces/requests_types_32k/all_traces_arrival_rate_CV/SS06_SM63_SL03_MS03_MM03_ML06_LS03_LM09_LL04/lognormal_lambda2.5x_cv1/lognormal_lambda2.5x_cv1.png"
}