{
  "PPR": 2.6489795918367345,
  "TPI": 0.1977077363896848,
  "OV_block_step": 154974,
  "OV_frac": 0.12946110085458662,
  "GE2_frac": 0.05853458862054851,
  "peak_blocks": 649,
  "peak_step": 2797,
  "gpu_blocks": 245,
  "total_steps": 4886,
  "type1_count": 23,
  "type2_count": 20,
  "plot_path": "traces/requests_types_16k/all_traces_arrival_rate_CV/SS54_SM10_SL01_MS02_MM09_ML02_LS06_LM14_LL01/lognormal_lambda2.5x_cv1/lognormal_lambda2.5x_cv1.png"
}