{
  "PPR": 2.195806680881308,
  "TPI": 0.40093176212661,
  "OV_block_step": 14487580,
  "OV_frac": 0.20155791197423656,
  "GE2_frac": 0.012449594800923933,
  "peak_blocks": 6179,
  "peak_step": 11243,
  "gpu_blocks": 2814,
  "total_steps": 25543,
  "type1_count": 52,
  "type2_count": 8,
  "plot_path": "traces/request_types/SS62_SL37_LS00_LL00/uni05/uni05_ml_ov20.png"
}