{
  "PPR": 3.5390625,
  "TPI": 0.3213177369300549,
  "OV_block_step": 93906,
  "OV_frac": 0.17513502625925043,
  "GE2_frac": 0.061112437335879684,
  "peak_blocks": 453,
  "peak_step": 2227,
  "gpu_blocks": 128,
  "total_steps": 4189,
  "type1_count": 27,
  "type2_count": 38,
  "plot_path": "traces/requests_types_8k/all_traces_arrival_rate_CV/SS55_SM04_SL04_MS04_MM02_ML15_LS04_LM04_LL05/lognormal_lambda2.0x_cv7/lognormal_lambda2.0x_cv7.png"
}