{
  "PPR": 2.9767441860465116,
  "TPI": 0.5691735317565771,
  "OV_block_step": 3879974,
  "OV_frac": 0.36890350779195036,
  "GE2_frac": 0.15296306138719107,
  "peak_blocks": 1664,
  "peak_step": 11686,
  "gpu_blocks": 559,
  "total_steps": 18815,
  "type1_count": 53,
  "type2_count": 33,
  "plot_path": "traces/requests_types_32k/all_traces_arrival_rate_CV/SS06_SM63_SL03_MS03_MM03_ML06_LS03_LM09_LL04/lognormal_lambda1.5x_cv5/lognormal_lambda1.5x_cv5.png"
}