{
  "PPR": 7.088962108731466,
  "TPI": 0.9790712884238064,
  "OV_block_step": 8302072,
  "OV_frac": 2.2363013587931513,
  "GE2_frac": 0.8431981687377371,
  "peak_blocks": 4303,
  "peak_step": 269,
  "gpu_blocks": 607,
  "total_steps": 6116,
  "type1_count": 8,
  "type2_count": 7,
  "plot_path": "traces/requests_types_32k/all_traces_arrival_rate_CV/SS00_SM00_SL00_MS00_MM00_ML00_LS00_LM66_LL34/lognormal_lambda5.0x_cv3/lognormal_lambda5.0x_cv3.png"
}