{
  "PPR": 1.7317806160781368,
  "TPI": 0.5185883620689655,
  "OV_block_step": 35539143,
  "OV_frac": 0.13320703697346795,
  "GE2_frac": 0.0,
  "peak_blocks": 13830,
  "peak_step": 16909,
  "gpu_blocks": 7986,
  "total_steps": 33408,
  "type1_count": 90,
  "type2_count": 21,
  "plot_path": "traces/request_types/SS24_SL23_LS23_LL28/uni05/uni05_lo_ov13.png"
}