{
  "PPR": 6.8072487644151565,
  "TPI": 0.8824050072706582,
  "OV_block_step": 19680226,
  "OV_frac": 2.0498273134061438,
  "GE2_frac": 0.6436745274072201,
  "peak_blocks": 4132,
  "peak_step": 6073,
  "gpu_blocks": 607,
  "total_steps": 15817,
  "type1_count": 17,
  "type2_count": 10,
  "plot_path": "traces/requests_types_32k/all_traces_arrival_rate_CV/SS07_SM08_SL06_MS09_MM09_ML09_LS07_LM08_LL38/lognormal_lambda4.0x_cv4/lognormal_lambda4.0x_cv4.png"
}