{
  "PPR": 5.662068965517242,
  "TPI": 0.9235939158118146,
  "OV_block_step": 1756023,
  "OV_frac": 2.141935523218228,
  "GE2_frac": 0.7828086310576583,
  "peak_blocks": 821,
  "peak_step": 3261,
  "gpu_blocks": 145,
  "total_steps": 5654,
  "type1_count": 14,
  "type2_count": 6,
  "plot_path": "traces/requests_types_8k/all_traces_arrival_rate_CV/SS05_SM02_SL22_MS01_MM07_ML11_LS31_LM03_LL19/lognormal_lambda5.0x_cv5/lognormal_lambda5.0x_cv5.png"
}