{
  "PPR": 7.050724637681159,
  "TPI": 0.4783696445324716,
  "OV_block_step": 1206922,
  "OV_frac": 0.9116868126970602,
  "GE2_frac": 0.24267695194412592,
  "peak_blocks": 973,
  "peak_step": 6567,
  "gpu_blocks": 138,
  "total_steps": 9593,
  "type1_count": 51,
  "type2_count": 33,
  "plot_path": "traces/requests_types_8k/all_traces_arrival_rate_CV/SS06_SM06_SL19_MS24_MM08_ML20_LS10_LM05_LL02/lognormal_lambda4.0x_cv7/lognormal_lambda4.0x_cv7.png"
}