{
  "PPR": 3.173549107142857,
  "TPI": 0.3386658134698448,
  "OV_block_step": 88958365,
  "OV_frac": 0.16544667771311353,
  "GE2_frac": 0.05210832933397323,
  "peak_blocks": 5687,
  "peak_step": 172437,
  "gpu_blocks": 1792,
  "total_steps": 300048,
  "type1_count": 141,
  "type2_count": 84,
  "plot_path": "traces/request_types/SS00_SL25_LS00_LL75/bim50/bim50_ml_ov22.png"
}