{
  "PPR": 4.26056338028169,
  "TPI": 0.36903548596312424,
  "OV_block_step": 380890,
  "OV_frac": 0.24852440875215157,
  "GE2_frac": 0.07291763179838784,
  "peak_blocks": 605,
  "peak_step": 5031,
  "gpu_blocks": 142,
  "total_steps": 10793,
  "type1_count": 62,
  "type2_count": 29,
  "plot_path": "traces/requests_types_8k/all_traces_arrival_rate_CV/SS09_SM11_SL08_MS09_MM08_ML09_LS18_LM23_LL05/lognormal_lambda3.0x_cv5/lognormal_lambda3.0x_cv5.png"
}