{
  "PPR": 3.089126559714795,
  "TPI": 0.09473975140432653,
  "OV_block_step": 4537825,
  "OV_frac": 0.060422004726573095,
  "GE2_frac": 0.023746563881917055,
  "peak_blocks": 1733,
  "peak_step": 83949,
  "gpu_blocks": 561,
  "total_steps": 133872,
  "type1_count": 45,
  "type2_count": 29,
  "plot_path": "traces/requests_types_32k/all_traces_arrival_rate_CV/SS11_SM11_SL11_MS11_MM11_ML11_LS11_LM11_LL11/lognormal_lambda1.0x_cv3/lognormal_lambda1.0x_cv3.png"
}