{
  "PPR": 1.937832005312085,
  "TPI": 0.658576582486061,
  "OV_block_step": 65854243,
  "OV_frac": 0.25610221734685834,
  "GE2_frac": 0.0,
  "peak_blocks": 23347,
  "peak_step": 2963,
  "gpu_blocks": 12048,
  "total_steps": 21343,
  "type1_count": 29,
  "type2_count": 17,
  "plot_path": "traces/SS43_SL12_LS12_LL31/bim05/bim05_md_ov26.png"
}