{
  "PPR": 2.428072015381926,
  "TPI": 0.5705355282350489,
  "OV_block_step": 81820683,
  "OV_frac": 0.3725207046390214,
  "GE2_frac": 0.14510835590748072,
  "peak_blocks": 13891,
  "peak_step": 19856,
  "gpu_blocks": 5721,
  "total_steps": 38392,
  "type1_count": 59,
  "type2_count": 27,
  "plot_path": "traces/request_types/SS28_SL29_LS27_LL15/tsa05/tsa05_md_ov37.png"
}