{
  "PPR": 3.98989898989899,
  "TPI": 0.6698425849212924,
  "OV_block_step": 7611646,
  "OV_frac": 0.8166604330647412,
  "GE2_frac": 0.41198776368618956,
  "peak_blocks": 1185,
  "peak_step": 18591,
  "gpu_blocks": 297,
  "total_steps": 31382,
  "type1_count": 65,
  "type2_count": 30,
  "plot_path": "traces/requests_types_16k/all_traces_arrival_rate_CV/SS06_SM02_SL13_MS06_MM04_ML06_LS51_LM09_LL05/lognormal_lambda4.0x_cv4/lognormal_lambda4.0x_cv4.png"
}