{
  "PPR": 4.298701298701299,
  "TPI": 0.7461393596986817,
  "OV_block_step": 690097,
  "OV_frac": 0.8439075989923448,
  "GE2_frac": 0.3728813559322034,
  "peak_blocks": 662,
  "peak_step": 3232,
  "gpu_blocks": 154,
  "total_steps": 5310,
  "type1_count": 36,
  "type2_count": 41,
  "plot_path": "traces/requests_types_8k/all_traces_arrival_rate_CV/SS00_SM00_SL00_MS00_MM00_ML00_LS00_LM33_LL67/lognormal_lambda2.5x_cv1/lognormal_lambda2.5x_cv1.png"
}