{
  "PPR": 4.956945156330087,
  "TPI": 0.7460382433775803,
  "OV_block_step": 101342466,
  "OV_frac": 1.5187374278980692,
  "GE2_frac": 0.5498508859131045,
  "peak_blocks": 9671,
  "peak_step": 20908,
  "gpu_blocks": 1951,
  "total_steps": 34202,
  "type1_count": 39,
  "type2_count": 10,
  "plot_path": "traces/SS25_SL00_LS75_LL00/uni05/uni05_sv_ov1p5.png"
}