{
  "PPR": 3.8484650555192683,
  "TPI": 0.6604495815664052,
  "OV_block_step": 31397696,
  "OV_frac": 0.7696163183574536,
  "GE2_frac": 0.3383870604570871,
  "peak_blocks": 5892,
  "peak_step": 12277,
  "gpu_blocks": 1531,
  "total_steps": 26647,
  "type1_count": 59,
  "type2_count": 19,
  "plot_path": "traces/SS62_SL37_LS00_LL00/per05/per05_hi_ov77.png"
}