{
  "PPR": 3.395759717314488,
  "TPI": 0.5152318531065125,
  "OV_block_step": 11744786,
  "OV_frac": 0.5093773547476093,
  "GE2_frac": 0.24061663843680192,
  "peak_blocks": 1922,
  "peak_step": 6725,
  "gpu_blocks": 566,
  "total_steps": 40737,
  "type1_count": 58,
  "type2_count": 33,
  "plot_path": "traces/requests_types_32k/all_traces_arrival_rate_CV/SS00_SM06_SL06_MS06_MM39_ML00_LS06_LM18_LL19/lognormal_lambda2.5x_cv1/lognormal_lambda2.5x_cv1.png"
}