{
  "PPR": 4.021201413427562,
  "TPI": 0.4201231477095879,
  "OV_block_step": 9831761,
  "OV_frac": 0.3917856975776041,
  "GE2_frac": 0.15341588289690328,
  "peak_blocks": 2276,
  "peak_step": 10049,
  "gpu_blocks": 566,
  "total_steps": 44337,
  "type1_count": 53,
  "type2_count": 36,
  "plot_path": "traces/requests_types_32k/all_traces_arrival_rate_CV/SS00_SM06_SL06_MS06_MM39_ML00_LS06_LM18_LL19/lognormal_lambda2.5x_cv1/lognormal_lambda2.5x_cv1.png"
}