{
  "PPR": 3.7,
  "TPI": 0.2976900596501061,
  "OV_block_step": 770838,
  "OV_frac": 0.22042458522301592,
  "GE2_frac": 0.0752632211057288,
  "peak_blocks": 518,
  "peak_step": 9855,
  "gpu_blocks": 140,
  "total_steps": 24979,
  "type1_count": 108,
  "type2_count": 61,
  "plot_path": "traces/requests_types_8k/all_traces_arrival_rate_CV/SS06_SM02_SL13_MS06_MM04_ML06_LS51_LM09_LL05/lognormal_lambda2.0x_cv2/lognormal_lambda2.0x_cv2.png"
}