{
  "PPR": 5.973154362416107,
  "TPI": 0.7653208943220202,
  "OV_block_step": 1075072,
  "OV_frac": 1.1605675280919496,
  "GE2_frac": 0.3709184494129001,
  "peak_blocks": 890,
  "peak_step": 2808,
  "gpu_blocks": 149,
  "total_steps": 6217,
  "type1_count": 38,
  "type2_count": 20,
  "plot_path": "traces/requests_types_8k/all_traces_arrival_rate_CV/SS11_SM02_SL03_MS00_MM36_ML08_LS16_LM20_LL04/lognormal_lambda4.0x_cv3/lognormal_lambda4.0x_cv3.png"
}