{
  "PPR": 1.9430663831797779,
  "TPI": 0.36365923193023647,
  "OV_block_step": 11287573,
  "OV_frac": 0.11179631865596566,
  "GE2_frac": 0.0,
  "peak_blocks": 8225,
  "peak_step": 10530,
  "gpu_blocks": 4233,
  "total_steps": 23852,
  "type1_count": 47,
  "type2_count": 28,
  "plot_path": "traces/request_types/SS41_SL16_LS41_LL00/tsa05/tsa05_lo_ov11.png"
}