{
  "PPR": 3.012627669452182,
  "TPI": 0.6618943600810591,
  "OV_block_step": 107323762,
  "OV_frac": 0.5245185730222703,
  "GE2_frac": 0.2493091559859989,
  "peak_blocks": 16223,
  "peak_step": 19126,
  "gpu_blocks": 5385,
  "total_steps": 37997,
  "type1_count": 33,
  "type2_count": 13,
  "plot_path": "traces/request_types/SS43_SL12_LS12_LL31/tsa05/tsa05_mh_ov52.png"
}