{
  "PPR": 2.5460526315789473,
  "TPI": 0.19567247546385214,
  "OV_block_step": 1749107,
  "OV_frac": 0.10138039306060334,
  "GE2_frac": 0.020686131129631913,
  "peak_blocks": 774,
  "peak_step": 45859,
  "gpu_blocks": 304,
  "total_steps": 56753,
  "type1_count": 66,
  "type2_count": 33,
  "plot_path": "traces/requests_types_16k/all_traces_arrival_rate_CV/SS05_SM02_SL22_MS01_MM07_ML11_LS31_LM03_LL19/lognormal_lambda1.0x_cv3/lognormal_lambda1.0x_cv3.png"
}