{
  "PPR": 1.5531083018376124,
  "TPI": 0.49287334923497583,
  "OV_block_step": 27056774,
  "OV_frac": 0.1025723270977668,
  "GE2_frac": 0.0,
  "peak_blocks": 11917,
  "peak_step": 16275,
  "gpu_blocks": 7673,
  "total_steps": 34378,
  "type1_count": 71,
  "type2_count": 36,
  "plot_path": "traces/SS25_SL25_LS25_LL25/uni05/uni05_lo_ov10.png"
}