{
  "PPR": 3.8218623481781377,
  "TPI": 0.776130198915009,
  "OV_block_step": 1955939,
  "OV_frac": 0.9546451327930342,
  "GE2_frac": 0.44677516576250753,
  "peak_blocks": 944,
  "peak_step": 3809,
  "gpu_blocks": 247,
  "total_steps": 8295,
  "type1_count": 31,
  "type2_count": 15,
  "plot_path": "traces/requests_types_16k/all_traces_arrival_rate_CV/SS02_SM04_SL04_MS04_MM15_ML55_LS04_LM04_LL05/lognormal_lambda5.0x_cv5/lognormal_lambda5.0x_cv5.png"
}