{
  "PPR": 2.6455078125,
  "TPI": 0.34082353683413597,
  "OV_block_step": 47499286,
  "OV_frac": 0.16258340688374937,
  "GE2_frac": 0.041818258291097976,
  "peak_blocks": 2709,
  "peak_step": 281135,
  "gpu_blocks": 1024,
  "total_steps": 285306,
  "type1_count": 168,
  "type2_count": 99,
  "plot_path": "traces/request_types/SS08_SL61_LS23_LL06/bim50/bim50_ml_ov21.png"
}