{
  "PPR": 3.4065934065934065,
  "TPI": 0.6387791330241082,
  "OV_block_step": 2366675,
  "OV_frac": 0.49642897521268936,
  "GE2_frac": 0.19687338945198418,
  "peak_blocks": 930,
  "peak_step": 8259,
  "gpu_blocks": 273,
  "total_steps": 17463,
  "type1_count": 70,
  "type2_count": 33,
  "plot_path": "traces/requests_types_16k/all_traces_arrival_rate_CV/SS18_SM04_SL04_MS07_MM51_ML04_LS07_LM02_LL03/lognormal_lambda2.0x_cv6/lognormal_lambda2.0x_cv6.png"
}