{
  "PPR": 4.717261904761905,
  "TPI": 0.9079509996532994,
  "OV_block_step": 7471166,
  "OV_frac": 1.284849941941413,
  "GE2_frac": 0.5425863862244308,
  "peak_blocks": 1585,
  "peak_step": 8666,
  "gpu_blocks": 336,
  "total_steps": 17306,
  "type1_count": 54,
  "type2_count": 20,
  "plot_path": "traces/requests_types_16k/all_traces_arrival_rate_CV/SS00_SM00_SL00_MS00_MM00_ML00_LS33_LM33_LL34/lognormal_lambda4.5x_cv1/lognormal_lambda4.5x_cv1.png"
}