{
  "PPR": 3.4119601328903655,
  "TPI": 0.2934099861599063,
  "OV_block_step": 1258300,
  "OV_frac": 0.1483515621951221,
  "GE2_frac": 0.0382199510273608,
  "peak_blocks": 1027,
  "peak_step": 2498,
  "gpu_blocks": 301,
  "total_steps": 28179,
  "type1_count": 54,
  "type2_count": 44,
  "plot_path": "traces/requests_types_16k/all_traces_arrival_rate_CV/SS07_SM08_SL06_MS09_MM09_ML09_LS07_LM08_LL38/lognormal_lambda1.5x_cv1/lognormal_lambda1.5x_cv1.png"
}