{
  "PPR": 3.1860036832412524,
  "TPI": 0.4270926823430862,
  "OV_block_step": 3021415,
  "OV_frac": 0.33293245881422023,
  "GE2_frac": 0.11900915455035002,
  "peak_blocks": 1730,
  "peak_step": 5771,
  "gpu_blocks": 543,
  "total_steps": 16713,
  "type1_count": 44,
  "type2_count": 29,
  "plot_path": "traces/requests_types_32k/all_traces_arrival_rate_CV/SS54_SM10_SL01_MS02_MM09_ML02_LS06_LM14_LL01/lognormal_lambda4.5x_cv1/lognormal_lambda4.5x_cv1.png"
}