{
  "PPR": 3.8913873568095037,
  "TPI": 0.2497475246557105,
  "OV_block_step": 220241523,
  "OV_frac": 0.20293905354909159,
  "GE2_frac": 0.07763426801696634,
  "peak_blocks": 9172,
  "peak_step": 260474,
  "gpu_blocks": 2357,
  "total_steps": 460441,
  "type1_count": 75,
  "type2_count": 50,
  "plot_path": "traces/requests_types_128k/all_traces_arrival_rate_CV/SS06_SM01_SL07_MS08_MM02_ML49_LS05_LM19_LL03/lognormal_lambda1.5x_cv1/lognormal_lambda1.5x_cv1.png"
}