{
  "PPR": 2.982638888888889,
  "TPI": 0.21476350682762715,
  "OV_block_step": 761340,
  "OV_frac": 0.10463256151461178,
  "GE2_frac": 0.014367702355036613,
  "peak_blocks": 859,
  "peak_step": 1116,
  "gpu_blocks": 288,
  "total_steps": 25265,
  "type1_count": 42,
  "type2_count": 24,
  "plot_path": "traces/requests_types_16k/all_traces_arrival_rate_CV/SS15_SM13_SL18_MS00_MM19_ML17_LS06_LM03_LL09/lognormal_lambda2.0x_cv2/lognormal_lambda2.0x_cv2.png"
}