{
  "PPR": 3.264847512038523,
  "TPI": 0.6248938458925437,
  "OV_block_step": 11787958,
  "OV_frac": 0.5356191161998642,
  "GE2_frac": 0.23925720432542602,
  "peak_blocks": 2034,
  "peak_step": 15601,
  "gpu_blocks": 623,
  "total_steps": 35326,
  "type1_count": 58,
  "type2_count": 17,
  "plot_path": "traces/requests_types_32k/all_traces_arrival_rate_CV/SS11_SM02_SL03_MS00_MM36_ML08_LS16_LM20_LL04/lognormal_lambda3.5x_cv3/lognormal_lambda3.5x_cv3.png"
}