{
  "PPR": 3.6739130434782608,
  "TPI": 0.6902101486417221,
  "OV_block_step": 915332,
  "OV_frac": 0.6799426529687488,
  "GE2_frac": 0.2853921066119938,
  "peak_blocks": 507,
  "peak_step": 5096,
  "gpu_blocks": 138,
  "total_steps": 9755,
  "type1_count": 89,
  "type2_count": 29,
  "plot_path": "traces/requests_types_8k/all_traces_arrival_rate_CV/SS06_SM06_SL19_MS24_MM08_ML20_LS10_LM05_LL02/lognormal_lambda4.0x_cv1/lognormal_lambda4.0x_cv1.png"
}