{
  "PPR": 5.74609375,
  "TPI": 0.574604995891027,
  "OV_block_step": 12213911,
  "OV_frac": 0.7397793534763463,
  "GE2_frac": 0.31843765990107453,
  "peak_blocks": 1471,
  "peak_step": 32222,
  "gpu_blocks": 256,
  "total_steps": 64493,
  "type1_count": 99,
  "type2_count": 39,
  "plot_path": "traces/request_types/all_traces/SS18_SM08_SL17_MS21_MM06_ML10_LS10_LM03_LL07/bim50/bim50_hi_ov76.png"
}