{
  "PPR": 4.838815789473684,
  "TPI": 0.497356302234351,
  "OV_block_step": 10555522,
  "OV_frac": 0.5383857448421575,
  "GE2_frac": 0.24687950630300962,
  "peak_blocks": 1471,
  "peak_step": 32222,
  "gpu_blocks": 304,
  "total_steps": 64493,
  "type1_count": 85,
  "type2_count": 40,
  "plot_path": "traces/request_types/all_traces/SS18_SM08_SL17_MS21_MM06_ML10_LS10_LM03_LL07/bim50/bim50_mh_ov55.png"
}