{
  "PPR": 5.131578947368421,
  "TPI": 0.37234803337306316,
  "OV_block_step": 432566,
  "OV_frac": 0.3391929615456998,
  "GE2_frac": 0.12717520858164483,
  "peak_blocks": 780,
  "peak_step": 1901,
  "gpu_blocks": 152,
  "total_steps": 8390,
  "type1_count": 42,
  "type2_count": 25,
  "plot_path": "traces/requests_types_8k/all_traces_arrival_rate_CV/SS07_SM02_SL09_MS02_MM02_ML07_LS02_LM57_LL10/lognormal_lambda2.5x_cv5/lognormal_lambda2.5x_cv5.png"
}