{
  "PPR": 3.2021578648495175,
  "TPI": 0.15625618724788828,
  "OV_block_step": 62460626,
  "OV_frac": 0.08460896425376037,
  "GE2_frac": 0.02878993533058689,
  "peak_blocks": 5639,
  "peak_step": 281264,
  "gpu_blocks": 1761,
  "total_steps": 419209,
  "type1_count": 57,
  "type2_count": 38,
  "plot_path": "traces/requests_types_64k/all_traces_arrival_rate_CV/SS11_SM02_SL03_MS00_MM36_ML08_LS16_LM20_LL04/lognormal_lambda1.0x_cv1/lognormal_lambda1.0x_cv1.png"
}