{
  "PPR": 4.8798828125,
  "TPI": 0.4797885846278631,
  "OV_block_step": 77555898,
  "OV_frac": 0.33386605205431297,
  "GE2_frac": 0.10266605540175974,
  "peak_blocks": 4997,
  "peak_step": 52681,
  "gpu_blocks": 1024,
  "total_steps": 226852,
  "type1_count": 174,
  "type2_count": 84,
  "plot_path": "traces/request_types/all_traces/SS25_SL25_LS25_LL25/bim50/bim50_md_ov33.png"
}