{
  "PPR": 8.727272727272727,
  "TPI": 0.6028093245666467,
  "OV_block_step": 3074806,
  "OV_frac": 1.6708178014454165,
  "GE2_frac": 0.5065750149432158,
  "peak_blocks": 4800,
  "peak_step": 706,
  "gpu_blocks": 550,
  "total_steps": 3346,
  "type1_count": 11,
  "type2_count": 11,
  "plot_path": "traces/requests_types_32k/all_traces_arrival_rate_CV/SS00_SM00_SL00_MS00_MM00_ML00_LS00_LM99_LL01/lognormal_lambda5.0x_cv2/lognormal_lambda5.0x_cv2.png"
}