{
  "PPR": 6.258467023172906,
  "TPI": 0.8274613105037867,
  "OV_block_step": 11924780,
  "OV_frac": 1.166518073488962,
  "GE2_frac": 0.41471847217648994,
  "peak_blocks": 3511,
  "peak_step": 14960,
  "gpu_blocks": 561,
  "total_steps": 18222,
  "type1_count": 47,
  "type2_count": 17,
  "plot_path": "traces/requests_types_32k/all_traces_arrival_rate_CV/SS11_SM11_SL11_MS11_MM11_ML11_LS11_LM11_LL11/lognormal_lambda4.5x_cv1/lognormal_lambda4.5x_cv1.png"
}