{
  "PPR": 2.3333333333333335,
  "TPI": 0.13283755638185046,
  "OV_block_step": 939011,
  "OV_frac": 0.043005211080522354,
  "GE2_frac": 0.0067466554222409625,
  "peak_blocks": 651,
  "peak_step": 55757,
  "gpu_blocks": 279,
  "total_steps": 78261,
  "type1_count": 92,
  "type2_count": 54,
  "plot_path": "traces/requests_types_16k/all_traces_arrival_rate_CV/SS03_SM24_SL03_MS36_MM03_ML12_LS06_LM06_LL07/lognormal_lambda1.5x_cv2/lognormal_lambda1.5x_cv2.png"
}