{
  "PPR": 3.471355379599441,
  "TPI": 0.6342854357574575,
  "OV_block_step": 192207532,
  "OV_frac": 0.4848452642922167,
  "GE2_frac": 0.187013929507593,
  "peak_blocks": 7453,
  "peak_step": 18018,
  "gpu_blocks": 2147,
  "total_steps": 184644,
  "type1_count": 96,
  "type2_count": 46,
  "plot_path": "traces/requests_types_128k/all_traces_arrival_rate_CV/SS03_SM35_SL00_MS13_MM01_ML28_LS01_LM18_LL02/lognormal_lambda2.5x_cv1/lognormal_lambda2.5x_cv1.png"
}