{
  "PPR": 2.9134615384615383,
  "TPI": 0.34281877245834996,
  "OV_block_step": 1887718,
  "OV_frac": 0.21960648270945538,
  "GE2_frac": 0.08830895430292911,
  "peak_blocks": 909,
  "peak_step": 16438,
  "gpu_blocks": 312,
  "total_steps": 27551,
  "type1_count": 66,
  "type2_count": 34,
  "plot_path": "traces/requests_types_16k/all_traces_arrival_rate_CV/SS08_SM22_SL00_MS03_MM03_ML08_LS25_LM08_LL23/lognormal_lambda2.0x_cv1/lognormal_lambda2.0x_cv1.png"
}