{
  "PPR": 4.825396825396825,
  "TPI": 0.735257960418301,
  "OV_block_step": 674062456,
  "OV_frac": 1.0062168918328127,
  "GE2_frac": 0.4300526515856134,
  "peak_blocks": 13072,
  "peak_step": 154266,
  "gpu_blocks": 2709,
  "total_steps": 247286,
  "type1_count": 50,
  "type2_count": 36,
  "plot_path": "traces/requests_types_128k/all_traces_arrival_rate_CV/SS00_SM00_SL00_MS00_MM00_ML00_LS00_LM33_LL67/lognormal_lambda3.0x_cv1/lognormal_lambda3.0x_cv1.png"
}