{
  "PPR": 2.8926174496644297,
  "TPI": 0.511617312072893,
  "OV_block_step": 654581,
  "OV_frac": 0.400288024949932,
  "GE2_frac": 0.17457858769931664,
  "peak_blocks": 431,
  "peak_step": 3722,
  "gpu_blocks": 149,
  "total_steps": 10975,
  "type1_count": 66,
  "type2_count": 46,
  "plot_path": "traces/requests_types_8k/all_traces_arrival_rate_CV/SS11_SM02_SL03_MS00_MM36_ML08_LS16_LM20_LL04/lognormal_lambda2.0x_cv1/lognormal_lambda2.0x_cv1.png"
}