{
  "PPR": 3.5833333333333335,
  "TPI": 0.13786422814631122,
  "OV_block_step": 1771081,
  "OV_frac": 0.0953128767135083,
  "GE2_frac": 0.03502789832610043,
  "peak_blocks": 1032,
  "peak_step": 63472,
  "gpu_blocks": 288,
  "total_steps": 64520,
  "type1_count": 60,
  "type2_count": 32,
  "plot_path": "traces/requests_types_16k/all_traces_arrival_rate_CV/SS09_SM11_SL08_MS09_MM08_ML09_LS18_LM23_LL05/lognormal_lambda1.0x_cv2/lognormal_lambda1.0x_cv2.png"
}