{
  "PPR": 3.4592592592592593,
  "TPI": 0.557037037037037,
  "OV_block_step": 293424,
  "OV_frac": 0.5366694101508916,
  "GE2_frac": 0.27753086419753087,
  "peak_blocks": 467,
  "peak_step": 1026,
  "gpu_blocks": 135,
  "total_steps": 4050,
  "type1_count": 53,
  "type2_count": 31,
  "plot_path": "traces/requests_types_8k/all_traces_arrival_rate_CV/SS15_SM13_SL18_MS00_MM19_ML17_LS06_LM03_LL09/lognormal_lambda3.5x_cv7/lognormal_lambda3.5x_cv7.png"
}