{
  "PPR": 5.357142857142857,
  "TPI": 0.39736937371787134,
  "OV_block_step": 384241,
  "OV_frac": 0.30108259063248805,
  "GE2_frac": 0.08157354893206227,
  "peak_blocks": 825,
  "peak_step": 2722,
  "gpu_blocks": 154,
  "total_steps": 8287,
  "type1_count": 45,
  "type2_count": 33,
  "plot_path": "traces/requests_types_8k/all_traces_arrival_rate_CV/SS11_SM11_SL11_MS11_MM11_ML11_LS11_LM11_LL11/lognormal_lambda3.0x_cv5/lognormal_lambda3.0x_cv5.png"
}