{
  "PPR": 2.128434158884829,
  "TPI": 0.5148703761119988,
  "OV_block_step": 68222829,
  "OV_frac": 0.22020620536076846,
  "GE2_frac": 0.007226501943762074,
  "peak_blocks": 15727,
  "peak_step": 12157,
  "gpu_blocks": 7389,
  "total_steps": 41929,
  "type1_count": 87,
  "type2_count": 22,
  "plot_path": "traces/request_types/SS14_SL39_LS12_LL33/tsa05/tsa05_ml_ov22.png"
}