{
  "PPR": 2.9800664451827243,
  "TPI": 0.18797977906759034,
  "OV_block_step": 1268461,
  "OV_frac": 0.09862750763385607,
  "GE2_frac": 0.02534637708294327,
  "peak_blocks": 897,
  "peak_step": 40094,
  "gpu_blocks": 301,
  "total_steps": 42728,
  "type1_count": 58,
  "type2_count": 51,
  "plot_path": "traces/requests_types_16k/all_traces_arrival_rate_CV/SS07_SM08_SL06_MS09_MM09_ML09_LS07_LM08_LL38/lognormal_lambda1.0x_cv5/lognormal_lambda1.0x_cv5.png"
}