{
  "PPR": 4.6292335115864525,
  "TPI": 0.37498737756235484,
  "OV_block_step": 12448606,
  "OV_frac": 0.5601845026885567,
  "GE2_frac": 0.2558063213167727,
  "peak_blocks": 2597,
  "peak_step": 2370,
  "gpu_blocks": 561,
  "total_steps": 39612,
  "type1_count": 24,
  "type2_count": 10,
  "plot_path": "traces/requests_types_32k/all_traces_arrival_rate_CV/SS11_SM11_SL11_MS11_MM11_ML11_LS11_LM11_LL11/lognormal_lambda3.0x_cv6/lognormal_lambda3.0x_cv6.png"
}