{
  "PPR": 2.5473887814313345,
  "TPI": 0.23409646976581616,
  "OV_block_step": 3211673,
  "OV_frac": 0.10856577179801466,
  "GE2_frac": 0.03439356868227892,
  "peak_blocks": 1317,
  "peak_step": 34174,
  "gpu_blocks": 517,
  "total_steps": 57220,
  "type1_count": 63,
  "type2_count": 34,
  "plot_path": "traces/requests_types_32k/all_traces_arrival_rate_CV/SS14_SM21_SL27_MS03_MM10_ML05_LS17_LM02_LL01/lognormal_lambda2.0x_cv1/lognormal_lambda2.0x_cv1.png"
}