{
  "PPR": 3.0208333333333335,
  "TPI": 0.3148915098586477,
  "OV_block_step": 1446014,
  "OV_frac": 0.22602331612696697,
  "GE2_frac": 0.08863779598451427,
  "peak_blocks": 870,
  "peak_step": 19161,
  "gpu_blocks": 288,
  "total_steps": 22214,
  "type1_count": 57,
  "type2_count": 19,
  "plot_path": "traces/requests_types_16k/all_traces_arrival_rate_CV/SS15_SM13_SL18_MS00_MM19_ML17_LS06_LM03_LL09/lognormal_lambda2.5x_cv5/lognormal_lambda2.5x_cv5.png"
}