{
  "PPR": 2.652576722640417,
  "TPI": 0.6835718063437156,
  "OV_block_step": 89801445,
  "OV_frac": 0.37163567629523897,
  "GE2_frac": 0.08240540888234538,
  "peak_blocks": 4581,
  "peak_step": 101278,
  "gpu_blocks": 1727,
  "total_steps": 139918,
  "type1_count": 121,
  "type2_count": 47,
  "plot_path": "traces/requests_types_64k/all_traces_arrival_rate_CV/SS10_SM00_SL12_MS50_MM04_ML04_LS04_LM08_LL09/lognormal_lambda3.5x_cv1/lognormal_lambda3.5x_cv1.png"
}