{
  "PPR": 4.067636363636364,
  "TPI": 0.41104073855402284,
  "OV_block_step": 201373285,
  "OV_frac": 0.39303660077778485,
  "GE2_frac": 0.147517578229832,
  "peak_blocks": 11186,
  "peak_step": 183876,
  "gpu_blocks": 2750,
  "total_steps": 186310,
  "type1_count": 34,
  "type2_count": 27,
  "plot_path": "traces/sy_requests/all_traces_arrival_rate_CV/SS09_SM11_SL08_MS09_MM08_ML09_LS18_LM23_LL05/lognormal_lambda2.5x_cv1/lognormal_lambda2.5x_cv1.png"
}