{
  "PPR": 3.349479166666667,
  "TPI": 0.2804870989301295,
  "OV_block_step": 74787368,
  "OV_frac": 0.20498441855284186,
  "GE2_frac": 0.08670529356972577,
  "peak_blocks": 6431,
  "peak_step": 162455,
  "gpu_blocks": 1920,
  "total_steps": 190023,
  "type1_count": 59,
  "type2_count": 56,
  "plot_path": "traces/request_types/SS16_SL02_LS38_LL41/bim50/bim50_ml_ov22.png"
}