{
  "PPR": 2.4337146071629476,
  "TPI": 0.4193597329692004,
  "OV_block_step": 52818386,
  "OV_frac": 0.250444201161905,
  "GE2_frac": 0.07490011632023466,
  "peak_blocks": 12979,
  "peak_step": 18367,
  "gpu_blocks": 5333,
  "total_steps": 39546,
  "type1_count": 61,
  "type2_count": 22,
  "plot_path": "traces/SS12_SL38_LS27_LL21/poi05/poi05_md_ov26.png"
}