{
  "PPR": 3.27027027027027,
  "TPI": 0.19442219471346392,
  "OV_block_step": 319240,
  "OV_frac": 0.15706888713515088,
  "GE2_frac": 0.07412801281584505,
  "peak_blocks": 484,
  "peak_step": 3085,
  "gpu_blocks": 148,
  "total_steps": 13733,
  "type1_count": 33,
  "type2_count": 28,
  "plot_path": "traces/requests_types_8k/all_traces_arrival_rate_CV/SS15_SM02_SL11_MS22_MM03_ML32_LS00_LM00_LL14/lognormal_lambda2.0x_cv5/lognormal_lambda2.0x_cv5.png"
}