{
  "PPR": 3.010009765625,
  "TPI": 0.8254649499284692,
  "OV_block_step": 289335858,
  "OV_frac": 0.8149734321730496,
  "GE2_frac": 0.3529004568738751,
  "peak_blocks": 49316,
  "peak_step": 3162,
  "gpu_blocks": 16384,
  "total_steps": 21669,
  "type1_count": 21,
  "type2_count": 6,
  "plot_path": "traces/SS08_SL00_LS08_LL83/bim05/bim05_sk_ov82.png"
}