{
  "PPR": 5.080128205128205,
  "TPI": 0.8769477911646586,
  "OV_block_step": 4323658,
  "OV_frac": 1.1130825867572856,
  "GE2_frac": 0.5101204819277109,
  "peak_blocks": 1585,
  "peak_step": 8413,
  "gpu_blocks": 312,
  "total_steps": 12450,
  "type1_count": 54,
  "type2_count": 21,
  "plot_path": "traces/requests_types_16k/all_traces_arrival_rate_CV/SS08_SM22_SL00_MS03_MM03_ML08_LS25_LM08_LL23/lognormal_lambda4.5x_cv1/lognormal_lambda4.5x_cv1.png"
}