{
  "PPR": 3.6539196940726577,
  "TPI": 0.43249708459169334,
  "OV_block_step": 4608863,
  "OV_frac": 0.2635037990784697,
  "GE2_frac": 0.0781329426187842,
  "peak_blocks": 1911,
  "peak_step": 27592,
  "gpu_blocks": 523,
  "total_steps": 33443,
  "type1_count": 69,
  "type2_count": 27,
  "plot_path": "traces/requests_types_32k/all_traces_arrival_rate_CV/SS06_SM01_SL07_MS08_MM02_ML49_LS05_LM19_LL03/lognormal_lambda1.5x_cv5/lognormal_lambda1.5x_cv5.png"
}