{
  "PPR": 5.593454545454545,
  "TPI": 0.48940480401299075,
  "OV_block_step": 204160732,
  "OV_frac": 0.5968058955418034,
  "GE2_frac": 0.2764558345927522,
  "peak_blocks": 15382,
  "peak_step": 73184,
  "gpu_blocks": 2750,
  "total_steps": 124396,
  "type1_count": 28,
  "type2_count": 34,
  "plot_path": "traces/sy_requests/all_traces_arrival_rate_CV/SS07_SM02_SL09_MS02_MM02_ML07_LS02_LM57_LL10/lognormal_lambda4.0x_cv1/lognormal_lambda4.0x_cv1.png"
}