{
  "PPR": 1.3357609069048437,
  "TPI": 0.2804242688419785,
  "OV_block_step": 35530875,
  "OV_frac": 0.0506703542025093,
  "GE2_frac": 0.0,
  "peak_blocks": 19442,
  "peak_step": 29782,
  "gpu_blocks": 14555,
  "total_steps": 48177,
  "type1_count": 48,
  "type2_count": 38,
  "plot_path": "traces/SS00_SL25_LS00_LL75/poi05/poi05_sk_ov5.png"
}