{
  "PPR": 5.180811808118081,
  "TPI": 0.8141186660892161,
  "OV_block_step": 3564991,
  "OV_frac": 1.1394498345156687,
  "GE2_frac": 0.4101342572542226,
  "peak_blocks": 1404,
  "peak_step": 5264,
  "gpu_blocks": 271,
  "total_steps": 11545,
  "type1_count": 45,
  "type2_count": 26,
  "plot_path": "traces/requests_types_16k/all_traces_arrival_rate_CV/SS06_SM06_SL19_MS24_MM08_ML20_LS10_LM05_LL02/lognormal_lambda4.0x_cv2/lognormal_lambda4.0x_cv2.png"
}