{
  "PPR": 3.171232876712329,
  "TPI": 0.2820026066753556,
  "OV_block_step": 6615151,
  "OV_frac": 0.1604708074483536,
  "GE2_frac": 0.0501218337394458,
  "peak_blocks": 1852,
  "peak_step": 67363,
  "gpu_blocks": 584,
  "total_steps": 70588,
  "type1_count": 76,
  "type2_count": 47,
  "plot_path": "traces/requests_types_32k/all_traces_arrival_rate_CV/SS15_SM02_SL11_MS22_MM03_ML32_LS00_LM00_LL14/lognormal_lambda1.5x_cv6/lognormal_lambda1.5x_cv6.png"
}