{
  "PPR": 7.978693181818182,
  "TPI": 0.486074845321486,
  "OV_block_step": 67004883,
  "OV_frac": 0.5188333867099131,
  "GE2_frac": 0.16393469432254898,
  "peak_blocks": 5617,
  "peak_step": 15571,
  "gpu_blocks": 704,
  "total_steps": 183445,
  "type1_count": 148,
  "type2_count": 77,
  "plot_path": "traces/request_types/SS00_SL12_LS87_LL00/bim50/bim50_mh_ov51.png"
}