{
  "PPR": 3.5182186234817814,
  "TPI": 0.955841027699719,
  "OV_block_step": 1869657,
  "OV_frac": 1.0129080072877745,
  "GE2_frac": 0.42927873678576206,
  "peak_blocks": 869,
  "peak_step": 2148,
  "gpu_blocks": 247,
  "total_steps": 7473,
  "type1_count": 57,
  "type2_count": 16,
  "plot_path": "traces/requests_types_16k/all_traces_arrival_rate_CV/SS02_SM04_SL04_MS04_MM15_ML55_LS04_LM04_LL05/lognormal_lambda5.0x_cv7/lognormal_lambda5.0x_cv7.png"
}