{
  "PPR": 2.957572502685285,
  "TPI": 0.4120134525640691,
  "OV_block_step": 81092561,
  "OV_frac": 0.22708408737440308,
  "GE2_frac": 0.05656855332794535,
  "peak_blocks": 5507,
  "peak_step": 173856,
  "gpu_blocks": 1862,
  "total_steps": 191785,
  "type1_count": 93,
  "type2_count": 40,
  "plot_path": "traces/requests_types_64k/all_traces_arrival_rate_CV/SS10_SM24_SL05_MS05_MM03_ML14_LS09_LM12_LL18/lognormal_lambda2.0x_cv1/lognormal_lambda2.0x_cv1.png"
}