{
  "PPR": 3.1812080536912752,
  "TPI": 0.2046790714588763,
  "OV_block_step": 498712,
  "OV_frac": 0.20286444043181792,
  "GE2_frac": 0.1049760591551003,
  "peak_blocks": 474,
  "peak_step": 4026,
  "gpu_blocks": 149,
  "total_steps": 16499,
  "type1_count": 34,
  "type2_count": 36,
  "plot_path": "traces/requests_types_8k/all_traces_arrival_rate_CV/SS08_SM22_SL00_MS03_MM03_ML08_LS25_LM08_LL23/lognormal_lambda2.5x_cv3/lognormal_lambda2.5x_cv3.png"
}