{
  "PPR": 1.4266139657444006,
  "TPI": 0.2883255826456278,
  "OV_block_step": 14542457,
  "OV_frac": 0.05150405203594517,
  "GE2_frac": 0.0,
  "peak_blocks": 10828,
  "peak_step": 23678,
  "gpu_blocks": 7590,
  "total_steps": 37201,
  "type1_count": 47,
  "type2_count": 15,
  "plot_path": "traces/SS30_SL52_LS11_LL05/per05/per05_sk_ov5.png"
}