{
  "PPR": 6.388379204892966,
  "TPI": 0.32572073024599985,
  "OV_block_step": 3329483,
  "OV_frac": 0.7176926199180065,
  "GE2_frac": 0.2630577289067456,
  "peak_blocks": 2089,
  "peak_step": 11726,
  "gpu_blocks": 327,
  "total_steps": 14187,
  "type1_count": 14,
  "type2_count": 6,
  "plot_path": "traces/requests_types_16k/all_traces_arrival_rate_CV/SS00_SM00_SL00_MS00_MM00_ML00_LS00_LM33_LL67/lognormal_lambda2.0x_cv3/lognormal_lambda2.0x_cv3.png"
}