{
  "PPR": 3.706093189964158,
  "TPI": 0.5566599527103949,
  "OV_block_step": 3713354,
  "OV_frac": 0.5827792514582217,
  "GE2_frac": 0.27896488308958756,
  "peak_blocks": 1034,
  "peak_step": 20414,
  "gpu_blocks": 279,
  "total_steps": 22838,
  "type1_count": 83,
  "type2_count": 36,
  "plot_path": "traces/requests_types_16k/all_traces_arrival_rate_CV/SS01_SM18_SL11_MS32_MM14_ML02_LS14_LM07_LL01/lognormal_lambda4.0x_cv4/lognormal_lambda4.0x_cv4.png"
}