{
  "PPR": 6.388719512195122,
  "TPI": 0.37776256816726644,
  "OV_block_step": 10962172,
  "OV_frac": 0.36894504777295584,
  "GE2_frac": 0.12125494005696244,
  "peak_blocks": 4191,
  "peak_step": 28960,
  "gpu_blocks": 656,
  "total_steps": 45293,
  "type1_count": 27,
  "type2_count": 39,
  "plot_path": "traces/requests_types_32k/all_traces_arrival_rate_CV/SS02_SM02_SL02_MS01_MM01_ML02_LS01_LM03_LL86/lognormal_lambda1.5x_cv5/lognormal_lambda1.5x_cv5.png"
}