{
  "PPR": 6.2,
  "TPI": 0.675421686746988,
  "OV_block_step": 1012362,
  "OV_frac": 1.4784403066812706,
  "GE2_frac": 0.5216867469879518,
  "peak_blocks": 1023,
  "peak_step": 2363,
  "gpu_blocks": 165,
  "total_steps": 4150,
  "type1_count": 20,
  "type2_count": 14,
  "plot_path": "traces/requests_types_8k/all_traces_arrival_rate_CV/SS06_SM03_SL09_MS03_MM03_ML06_LS03_LM03_LL64/lognormal_lambda3.5x_cv6/lognormal_lambda3.5x_cv6.png"
}