{
  "PPR": 3.4959349593495936,
  "TPI": 0.33457347860749403,
  "OV_block_step": 1374677,
  "OV_frac": 0.2970033423427511,
  "GE2_frac": 0.11676853574275843,
  "peak_blocks": 860,
  "peak_step": 7149,
  "gpu_blocks": 246,
  "total_steps": 18815,
  "type1_count": 42,
  "type2_count": 21,
  "plot_path": "traces/requests_types_16k/all_traces_arrival_rate_CV/SS06_SM01_SL07_MS08_MM02_ML49_LS05_LM19_LL03/lognormal_lambda3.0x_cv6/lognormal_lambda3.0x_cv6.png"
}