{
  "PPR": 5.550699300699301,
  "TPI": 0.5719511328929612,
  "OV_block_step": 14240168,
  "OV_frac": 0.8841323460969742,
  "GE2_frac": 0.31383620995809364,
  "peak_blocks": 3175,
  "peak_step": 16333,
  "gpu_blocks": 572,
  "total_steps": 28158,
  "type1_count": 22,
  "type2_count": 11,
  "plot_path": "traces/requests_types_32k/all_traces_arrival_rate_CV/SS18_SM04_SL04_MS07_MM51_ML04_LS07_LM02_LL03/lognormal_lambda3.0x_cv6/lognormal_lambda3.0x_cv6.png"
}