{
  "PPR": 6.198675496688741,
  "TPI": 0.7663335895465027,
  "OV_block_step": 1642738,
  "OV_frac": 2.0905187553130298,
  "GE2_frac": 0.6983089930822445,
  "peak_blocks": 936,
  "peak_step": 3768,
  "gpu_blocks": 151,
  "total_steps": 5204,
  "type1_count": 10,
  "type2_count": 2,
  "plot_path": "traces/requests_types_8k/all_traces_arrival_rate_CV/SS10_SM00_SL12_MS50_MM04_ML04_LS04_LM08_LL09/lognormal_lambda4.0x_cv7/lognormal_lambda4.0x_cv7.png"
}