{
  "PPR": 3.2183098591549295,
  "TPI": 0.5076004954397028,
  "OV_block_step": 395091,
  "OV_frac": 0.3132902810399159,
  "GE2_frac": 0.07330255601846639,
  "peak_blocks": 457,
  "peak_step": 3041,
  "gpu_blocks": 142,
  "total_steps": 8881,
  "type1_count": 62,
  "type2_count": 33,
  "plot_path": "traces/requests_types_8k/all_traces_arrival_rate_CV/SS09_SM11_SL08_MS09_MM08_ML09_LS18_LM23_LL05/lognormal_lambda2.0x_cv3/lognormal_lambda2.0x_cv3.png"
}