{
  "PPR": 3.7589285714285716,
  "TPI": 0.1992678259422581,
  "OV_block_step": 286697,
  "OV_frac": 0.21297900348258114,
  "GE2_frac": 0.09460021632415343,
  "peak_blocks": 421,
  "peak_step": 10530,
  "gpu_blocks": 112,
  "total_steps": 12019,
  "type1_count": 31,
  "type2_count": 29,
  "plot_path": "traces/requests_types_8k/all_traces_arrival_rate_CV/SS03_SM42_SL05_MS03_MM05_ML25_LS13_LM02_LL00/lognormal_lambda2.0x_cv6/lognormal_lambda2.0x_cv6.png"
}