{
  "PPR": 2.563311688311688,
  "TPI": 0.15617620872527388,
  "OV_block_step": 4567144,
  "OV_frac": 0.07175119813024819,
  "GE2_frac": 0.013461464018890566,
  "peak_blocks": 1579,
  "peak_step": 102518,
  "gpu_blocks": 616,
  "total_steps": 103332,
  "type1_count": 68,
  "type2_count": 40,
  "plot_path": "traces/requests_types_32k/all_traces_arrival_rate_CV/SS18_SM08_SL17_MS21_MM06_ML10_LS10_LM03_LL07/lognormal_lambda1.2x_cv4/lognormal_lambda1.2x_cv4.png"
}