{
  "PPR": 3.8541818181818184,
  "TPI": 0.646228881556409,
  "OV_block_step": 206588535,
  "OV_frac": 0.6772606303200776,
  "GE2_frac": 0.31321108526712466,
  "peak_blocks": 10599,
  "peak_step": 81253,
  "gpu_blocks": 2750,
  "total_steps": 110922,
  "type1_count": 59,
  "type2_count": 22,
  "plot_path": "traces/sy_requests/all_traces_arrival_rate_CV/SS15_SM17_SL08_MS09_MM06_ML17_LS06_LM14_LL09/lognormal_lambda4.0x_cv1/lognormal_lambda4.0x_cv1.png"
}