{
  "PPR": 3.84399375975039,
  "TPI": 0.1737042126242557,
  "OV_block_step": 13679096,
  "OV_frac": 0.13208702151331866,
  "GE2_frac": 0.05598469937237717,
  "peak_blocks": 2464,
  "peak_step": 61682,
  "gpu_blocks": 641,
  "total_steps": 161562,
  "type1_count": 60,
  "type2_count": 55,
  "plot_path": "traces/requests_types_32k/all_traces_arrival_rate_CV/SS00_SM00_SL00_MS00_MM00_ML00_LS33_LM33_LL34/lognormal_lambda1.0x_cv7/lognormal_lambda1.0x_cv7.png"
}