{
  "PPR": 1.7257406904050014,
  "TPI": 0.036891183388595386,
  "OV_block_step": 18042477,
  "OV_frac": 0.008204289475654276,
  "GE2_frac": 0.0,
  "peak_blocks": 6349,
  "peak_step": 206581,
  "gpu_blocks": 3679,
  "total_steps": 597758,
  "type1_count": 29,
  "type2_count": 28,
  "plot_path": "traces/requests_types_128k_bs8/all_traces_arrival_rate_CV/SS03_SM24_SL03_MS36_MM03_ML12_LS06_LM06_LL07/lognormal_lambda2.0x_cv1/lognormal_lambda2.0x_cv1.png"
}