{
  "PPR": 1.5589941972920696,
  "TPI": 0.06807540227535501,
  "OV_block_step": 1014708,
  "OV_frac": 0.012537351207853126,
  "GE2_frac": 0.0,
  "peak_blocks": 806,
  "peak_step": 46716,
  "gpu_blocks": 517,
  "total_steps": 156547,
  "type1_count": 52,
  "type2_count": 30,
  "plot_path": "traces/requests_types_32k/all_traces_arrival_rate_CV/SS14_SM21_SL27_MS03_MM10_ML05_LS17_LM02_LL01/lognormal_lambda1.0x_cv5/lognormal_lambda1.0x_cv5.png"
}