{
  "PPR": 8.297971918876755,
  "TPI": 0.4800711863268527,
  "OV_block_step": 28050240,
  "OV_frac": 1.4693974280578959,
  "GE2_frac": 0.3801752795406467,
  "peak_blocks": 5319,
  "peak_step": 18403,
  "gpu_blocks": 641,
  "total_steps": 29781,
  "type1_count": 14,
  "type2_count": 25,
  "plot_path": "traces/requests_types_32k/all_traces_arrival_rate_CV/SS00_SM00_SL00_MS00_MM00_ML00_LS33_LM33_LL34/lognormal_lambda3.5x_cv1/lognormal_lambda3.5x_cv1.png"
}