{
  "PPR": 6.81651376146789,
  "TPI": 0.7544308423168281,
  "OV_block_step": 3545399,
  "OV_frac": 1.981033944227738,
  "GE2_frac": 0.6075278640599305,
  "peak_blocks": 2229,
  "peak_step": 4696,
  "gpu_blocks": 327,
  "total_steps": 5473,
  "type1_count": 11,
  "type2_count": 8,
  "plot_path": "traces/requests_types_16k/all_traces_arrival_rate_CV/SS00_SM00_SL00_MS00_MM00_ML00_LS00_LM33_LL67/lognormal_lambda2.0x_cv6/lognormal_lambda2.0x_cv6.png"
}