{
  "PPR": 6.47588424437299,
  "TPI": 0.8197467109307759,
  "OV_block_step": 4564855,
  "OV_frac": 1.8047449100821036,
  "GE2_frac": 0.606172384114103,
  "peak_blocks": 2014,
  "peak_step": 1303,
  "gpu_blocks": 311,
  "total_steps": 8133,
  "type1_count": 10,
  "type2_count": 14,
  "plot_path": "traces/requests_types_16k/all_traces_arrival_rate_CV/SS06_SM03_SL09_MS03_MM03_ML06_LS03_LM03_LL64/lognormal_lambda5.0x_cv2/lognormal_lambda5.0x_cv2.png"
}