{
  "PPR": 2.592982456140351,
  "TPI": 0.30518060478093656,
  "OV_block_step": 1039188,
  "OV_frac": 0.13748109811516954,
  "GE2_frac": 0.0436241610738255,
  "peak_blocks": 739,
  "peak_step": 1312,
  "gpu_blocks": 285,
  "total_steps": 26522,
  "type1_count": 82,
  "type2_count": 58,
  "plot_path": "traces/requests_types_16k/all_traces_arrival_rate_CV/SS05_SM22_SL01_MS13_MM01_ML37_LS03_LM03_LL15/lognormal_lambda2.0x_cv1/lognormal_lambda2.0x_cv1.png"
}