{
  "PPR": 5.0888671875,
  "TPI": 0.6446832909855418,
  "OV_block_step": 239236860,
  "OV_frac": 0.7504705779550032,
  "GE2_frac": 0.3148812602188808,
  "peak_blocks": 5211,
  "peak_step": 284434,
  "gpu_blocks": 1024,
  "total_steps": 311311,
  "type1_count": 132,
  "type2_count": 90,
  "plot_path": "traces/request_types/all_traces/SS08_SL00_LS08_LL83/bim50/bim50_hi_ov79.png"
}