{
  "PPR": 2.907924107142857,
  "TPI": 0.3903588373041749,
  "OV_block_step": 118293460,
  "OV_frac": 0.21204511066563203,
  "GE2_frac": 0.0692940500014455,
  "peak_blocks": 5211,
  "peak_step": 284434,
  "gpu_blocks": 1792,
  "total_steps": 311311,
  "type1_count": 145,
  "type2_count": 91,
  "plot_path": "traces/request_types/all_traces/SS08_SL00_LS08_LL83/bim50/bim50_ml_ov23.png"
}