{
  "PPR": 1.264287380452531,
  "TPI": 0.017899434930250244,
  "OV_block_step": 3252058,
  "OV_frac": 0.0016869499299412903,
  "GE2_frac": 0.0,
  "peak_blocks": 5420,
  "peak_step": 56841,
  "gpu_blocks": 4287,
  "total_steps": 449679,
  "type1_count": 9,
  "type2_count": 16,
  "plot_path": "traces/requests_types_128k_bs8/all_traces_arrival_rate_CV/SS18_SM08_SL17_MS21_MM06_ML10_LS10_LM03_LL07/lognormal_lambda2.5x_cv1/lognormal_lambda2.5x_cv1.png"
}