{
  "PPR": 3.4214285714285713,
  "TPI": 0.09905370529679243,
  "OV_block_step": 89512,
  "OV_frac": 0.039287908846714306,
  "GE2_frac": 0.009094260784072754,
  "peak_blocks": 479,
  "peak_step": 15307,
  "gpu_blocks": 140,
  "total_steps": 16274,
  "type1_count": 30,
  "type2_count": 32,
  "plot_path": "traces/requests_types_8k/all_traces_arrival_rate_CV/SS06_SM27_SL20_MS09_MM11_ML01_LS04_LM12_LL10/lognormal_lambda1.0x_cv3/lognormal_lambda1.0x_cv3.png"
}