{
  "PPR": 3.4489795918367347,
  "TPI": 0.558435127104655,
  "OV_block_step": 424911,
  "OV_frac": 0.47714609118655715,
  "GE2_frac": 0.18917134367778143,
  "peak_blocks": 507,
  "peak_step": 1739,
  "gpu_blocks": 147,
  "total_steps": 6058,
  "type1_count": 57,
  "type2_count": 24,
  "plot_path": "traces/requests_types_8k/all_traces_arrival_rate_CV/SS04_SM15_SL55_MS02_MM04_ML04_LS04_LM04_LL05/lognormal_lambda3.5x_cv5/lognormal_lambda3.5x_cv5.png"
}