{
  "PPR": 6.607636363636364,
  "TPI": 0.8224823142678891,
  "OV_block_step": 1120773965,
  "OV_frac": 1.4869301403216781,
  "GE2_frac": 0.5360664888668362,
  "peak_blocks": 18171,
  "peak_step": 254363,
  "gpu_blocks": 2750,
  "total_steps": 274091,
  "type1_count": 71,
  "type2_count": 15,
  "plot_path": "traces/sy_requests/all_traces_arrival_rate_CV/SS10_SM24_SL05_MS05_MM03_ML14_LS09_LM12_LL18/lognormal_lambda3.5x_cv1/lognormal_lambda3.5x_cv1.png"
}