{
  "PPR": 2.794407894736842,
  "TPI": 0.18319710267757677,
  "OV_block_step": 13014343,
  "OV_frac": 0.09351278241639284,
  "GE2_frac": 0.021004713828248894,
  "peak_blocks": 1699,
  "peak_step": 128299,
  "gpu_blocks": 608,
  "total_steps": 228901,
  "type1_count": 129,
  "type2_count": 53,
  "plot_path": "traces/requests_types_32k/all_traces_arrival_rate_CV/SS10_SM00_SL12_MS50_MM04_ML04_LS04_LM08_LL09/lognormal_lambda1.2x_cv6/lognormal_lambda1.2x_cv6.png"
}