{
  "PPR": 6.384868421052632,
  "TPI": 0.801124648547329,
  "OV_block_step": 6673926,
  "OV_frac": 2.0575167710748286,
  "GE2_frac": 0.6801312089971884,
  "peak_blocks": 1941,
  "peak_step": 6686,
  "gpu_blocks": 304,
  "total_steps": 10670,
  "type1_count": 17,
  "type2_count": 9,
  "plot_path": "traces/requests_types_16k/all_traces_arrival_rate_CV/SS05_SM02_SL22_MS01_MM07_ML11_LS31_LM03_LL19/lognormal_lambda5.0x_cv3/lognormal_lambda5.0x_cv3.png"
}