{
  "PPR": 2.492003131640756,
  "TPI": 0.7870519247138938,
  "OV_block_step": 63603510,
  "OV_frac": 0.33640834495032873,
  "GE2_frac": 0.04019672751347773,
  "peak_blocks": 22281,
  "peak_step": 2300,
  "gpu_blocks": 8941,
  "total_steps": 21146,
  "type1_count": 37,
  "type2_count": 12,
  "plot_path": "traces/request_types/SS26_SL12_LS36_LL24/bim05/bim05_md_ov34.png"
}