{
  "PPR": 2.0478260869565217,
  "TPI": 0.20018578727357175,
  "OV_block_step": 234387,
  "OV_frac": 0.0946654819362265,
  "GE2_frac": 0.006316767301439851,
  "peak_blocks": 471,
  "peak_step": 3269,
  "gpu_blocks": 230,
  "total_steps": 10765,
  "type1_count": 19,
  "type2_count": 11,
  "plot_path": "traces/requests_types_16k/all_traces_arrival_rate_CV/SS55_SM04_SL04_MS04_MM02_ML15_LS04_LM04_LL05/lognormal_lambda2.5x_cv1/lognormal_lambda2.5x_cv1.png"
}