{
  "PPR": 2.6666666666666665,
  "TPI": 0.4653119542784569,
  "OV_block_step": 332020,
  "OV_frac": 0.20195384659366353,
  "GE2_frac": 0.050642959199872994,
  "peak_blocks": 696,
  "peak_step": 2455,
  "gpu_blocks": 261,
  "total_steps": 6299,
  "type1_count": 51,
  "type2_count": 40,
  "plot_path": "traces/requests_types_16k/all_traces_arrival_rate_CV/SS06_SM63_SL03_MS03_MM03_ML06_LS03_LM09_LL04/lognormal_lambda2.0x_cv5/lognormal_lambda2.0x_cv5.png"
}