{
  "PPR": 3.130434782608696,
  "TPI": 0.45803085299455537,
  "OV_block_step": 126157,
  "OV_frac": 0.4147827402088429,
  "GE2_frac": 0.18625226860254082,
  "peak_blocks": 216,
  "peak_step": 3534,
  "gpu_blocks": 69,
  "total_steps": 4408,
  "type1_count": 40,
  "type2_count": 19,
  "plot_path": "traces/requests_types_8k/all_traces_arrival_rate_CV/SS14_SM21_SL27_MS03_MM10_ML05_LS17_LM02_LL01/lognormal_lambda2.0x_cv4/lognormal_lambda2.0x_cv4.png"
}