{
  "PPR": 4.351351351351352,
  "TPI": 0.7421118578425788,
  "OV_block_step": 1056228,
  "OV_frac": 0.812925808825114,
  "GE2_frac": 0.3248661578767513,
  "peak_blocks": 644,
  "peak_step": 7955,
  "gpu_blocks": 148,
  "total_steps": 8779,
  "type1_count": 53,
  "type2_count": 21,
  "plot_path": "traces/requests_types_8k/all_traces_arrival_rate_CV/SS01_SM18_SL11_MS32_MM14_ML02_LS14_LM07_LL01/lognormal_lambda4.5x_cv4/lognormal_lambda4.5x_cv4.png"
}