{
  "PPR": 5.811594202898551,
  "TPI": 0.6550305594734368,
  "OV_block_step": 1138511,
  "OV_frac": 0.9696849682821964,
  "GE2_frac": 0.3952750352609309,
  "peak_blocks": 802,
  "peak_step": 6693,
  "gpu_blocks": 138,
  "total_steps": 8508,
  "type1_count": 49,
  "type2_count": 16,
  "plot_path": "traces/requests_types_8k/all_traces_arrival_rate_CV/SS06_SM06_SL19_MS24_MM08_ML20_LS10_LM05_LL02/lognormal_lambda3.0x_cv7/lognormal_lambda3.0x_cv7.png"
}