{
  "PPR": 5.379421221864952,
  "TPI": 0.4943696308335268,
  "OV_block_step": 3607988,
  "OV_frac": 0.6733949145823332,
  "GE2_frac": 0.2715347109356861,
  "peak_blocks": 1673,
  "peak_step": 4177,
  "gpu_blocks": 311,
  "total_steps": 17228,
  "type1_count": 46,
  "type2_count": 29,
  "plot_path": "traces/requests_types_16k/all_traces_arrival_rate_CV/SS06_SM03_SL09_MS03_MM03_ML06_LS03_LM03_LL64/lognormal_lambda2.5x_cv3/lognormal_lambda2.5x_cv3.png"
}