{
  "PPR": 2.7986577181208054,
  "TPI": 0.32197836166924265,
  "OV_block_step": 417129,
  "OV_frac": 0.17307718639461428,
  "GE2_frac": 0.040741885625966,
  "peak_blocks": 417,
  "peak_step": 9857,
  "gpu_blocks": 149,
  "total_steps": 16175,
  "type1_count": 68,
  "type2_count": 46,
  "plot_path": "traces/requests_types_8k/all_traces_arrival_rate_CV/SS08_SM22_SL00_MS03_MM03_ML08_LS25_LM08_LL23/lognormal_lambda1.5x_cv2/lognormal_lambda1.5x_cv2.png"
}