{
  "PPR": 5.221354166666667,
  "TPI": 0.7137516452644037,
  "OV_block_step": 190956842,
  "OV_frac": 1.3750634400358732,
  "GE2_frac": 0.5673977723949519,
  "peak_blocks": 8020,
  "peak_step": 53459,
  "gpu_blocks": 1536,
  "total_steps": 90411,
  "type1_count": 28,
  "type2_count": 16,
  "plot_path": "traces/requests_types_48k/all_traces_arrival_rate_CV/SS00_SM00_SL00_MS00_MM00_ML00_LS00_LM66_LL34/lognormal_lambda4.0x_cv1/lognormal_lambda4.0x_cv1.png"
}