{
  "PPR": 3.0034071550255534,
  "TPI": 0.06967311570843553,
  "OV_block_step": 2937841,
  "OV_frac": 0.027961092689176667,
  "GE2_frac": 0.003396780879699206,
  "peak_blocks": 1763,
  "peak_step": 84399,
  "gpu_blocks": 587,
  "total_steps": 178993,
  "type1_count": 42,
  "type2_count": 35,
  "plot_path": "traces/requests_types_32k/all_traces_arrival_rate_CV/SS19_SM26_SL11_MS14_MM09_ML02_LS10_LM01_LL08/lognormal_lambda1.0x_cv4/lognormal_lambda1.0x_cv4.png"
}