{
  "PPR": 3.4876302083333335,
  "TPI": 0.40780302076311675,
  "OV_block_step": 105821927,
  "OV_frac": 0.25516664465647276,
  "GE2_frac": 0.09067104200771857,
  "peak_blocks": 5357,
  "peak_step": 145456,
  "gpu_blocks": 1536,
  "total_steps": 269998,
  "type1_count": 107,
  "type2_count": 59,
  "plot_path": "traces/requests_types_48k/all_traces_arrival_rate_CV/SS00_SM00_SL00_MS00_MM00_ML00_LS00_LM99_LL01/lognormal_lambda1.5x_cv1/lognormal_lambda1.5x_cv1.png"
}