{
  "PPR": 3.967679691268693,
  "TPI": 0.6084605064564816,
  "OV_block_step": 38331867,
  "OV_frac": 0.7752394590568515,
  "GE2_frac": 0.3675582760355526,
  "peak_blocks": 8225,
  "peak_step": 10530,
  "gpu_blocks": 2073,
  "total_steps": 23852,
  "type1_count": 18,
  "type2_count": 12,
  "plot_path": "traces/SS41_SL16_LS41_LL00/tsa05/tsa05_hi_ov77.png"
}