{
  "PPR": 2.6390977443609023,
  "TPI": 0.6437103672024775,
  "OV_block_step": 500196,
  "OV_frac": 0.2773095546712231,
  "GE2_frac": 0.020203509806813156,
  "peak_blocks": 702,
  "peak_step": 1518,
  "gpu_blocks": 266,
  "total_steps": 6781,
  "type1_count": 75,
  "type2_count": 41,
  "plot_path": "traces/requests_types_16k/all_traces_arrival_rate_CV/SS03_SM35_SL00_MS13_MM01_ML28_LS01_LM18_LL02/lognormal_lambda5.0x_cv2/lognormal_lambda5.0x_cv2.png"
}