{
  "PPR": 3.901315789473684,
  "TPI": 0.4377016629436585,
  "OV_block_step": 516305,
  "OV_frac": 0.42153678593356064,
  "GE2_frac": 0.16393646066021345,
  "peak_blocks": 593,
  "peak_step": 6696,
  "gpu_blocks": 152,
  "total_steps": 8058,
  "type1_count": 39,
  "type2_count": 45,
  "plot_path": "traces/requests_types_8k/all_traces_arrival_rate_CV/SS00_SM06_SL06_MS06_MM39_ML00_LS06_LM18_LL19/lognormal_lambda4.5x_cv2/lognormal_lambda4.5x_cv2.png"
}