{
  "PPR": 5.459510357815443,
  "TPI": 0.7532241749905171,
  "OV_block_step": 21146614,
  "OV_frac": 1.2588232338709697,
  "GE2_frac": 0.4427550891389556,
  "peak_blocks": 2899,
  "peak_step": 9981,
  "gpu_blocks": 531,
  "total_steps": 31636,
  "type1_count": 43,
  "type2_count": 8,
  "plot_path": "traces/requests_types_32k/all_traces_arrival_rate_CV/SS03_SM24_SL03_MS36_MM03_ML12_LS06_LM06_LL07/lognormal_lambda4.5x_cv5/lognormal_lambda4.5x_cv5.png"
}