{
  "PPR": 5.42713567839196,
  "TPI": 0.681891396101475,
  "OV_block_step": 260894010,
  "OV_frac": 0.8887571169566971,
  "GE2_frac": 0.3880255328033885,
  "peak_blocks": 11880,
  "peak_step": 53134,
  "gpu_blocks": 2189,
  "total_steps": 134102,
  "type1_count": 55,
  "type2_count": 25,
  "plot_path": "traces/requests_types_64k/all_traces_arrival_rate_CV/SS00_SM00_SL00_MS00_MM00_ML00_LS00_LM66_LL34/lognormal_lambda2.5x_cv1/lognormal_lambda2.5x_cv1.png"
}