{
  "PPR": 4.571428571428571,
  "TPI": 0.43450479233226835,
  "OV_block_step": 550299,
  "OV_frac": 0.3828710300453073,
  "GE2_frac": 0.13718051118210864,
  "peak_blocks": 1312,
  "peak_step": 1388,
  "gpu_blocks": 287,
  "total_steps": 5008,
  "type1_count": 28,
  "type2_count": 36,
  "plot_path": "traces/requests_types_16k/all_traces_arrival_rate_CV/SS00_SM00_SL00_MS00_MM00_ML00_LS00_LM99_LL01/lognormal_lambda1.0x_cv3/lognormal_lambda1.0x_cv3.png"
}