{
  "PPR": 5.7379310344827585,
  "TPI": 0.9663348946135831,
  "OV_block_step": 1567485,
  "OV_frac": 1.5822952838569007,
  "GE2_frac": 0.7059426229508197,
  "peak_blocks": 832,
  "peak_step": 2992,
  "gpu_blocks": 145,
  "total_steps": 6832,
  "type1_count": 26,
  "type2_count": 4,
  "plot_path": "traces/requests_types_8k/all_traces_arrival_rate_CV/SS05_SM02_SL22_MS01_MM07_ML11_LS31_LM03_LL19/lognormal_lambda5.0x_cv3/lognormal_lambda5.0x_cv3.png"
}