{
  "PPR": 5.757575757575758,
  "TPI": 0.3534539941248934,
  "OV_block_step": 669736,
  "OV_frac": 0.38463053734540514,
  "GE2_frac": 0.1807069079882498,
  "peak_blocks": 950,
  "peak_step": 2033,
  "gpu_blocks": 165,
  "total_steps": 10553,
  "type1_count": 36,
  "type2_count": 33,
  "plot_path": "traces/requests_types_8k/all_traces_arrival_rate_CV/SS06_SM03_SL09_MS03_MM03_ML06_LS03_LM03_LL64/lognormal_lambda2.0x_cv7/lognormal_lambda2.0x_cv7.png"
}