{
  "PPR": 2.0112727272727273,
  "TPI": 0.1927795880725484,
  "OV_block_step": 99346281,
  "OV_frac": 0.08884333320291758,
  "GE2_frac": 0.0004205348908699662,
  "peak_blocks": 5531,
  "peak_step": 383007,
  "gpu_blocks": 2750,
  "total_steps": 406625,
  "type1_count": 42,
  "type2_count": 22,
  "plot_path": "traces/sy_requests/all_traces_arrival_rate_CV/SS06_SM63_SL03_MS03_MM03_ML06_LS03_LM09_LL04/lognormal_lambda1.0x_cv1/lognormal_lambda1.0x_cv1.png"
}