{
  "PPR": 4.9818181818181815,
  "TPI": 0.3707605667667882,
  "OV_block_step": 1020871314,
  "OV_frac": 0.3486652018149953,
  "GE2_frac": 0.13328280295217648,
  "peak_blocks": 13700,
  "peak_step": 544805,
  "gpu_blocks": 2750,
  "total_steps": 1064706,
  "type1_count": 118,
  "type2_count": 64,
  "plot_path": "traces/sy_requests/all_traces_arrival_rate_CV/SS00_SM00_SL00_MS00_MM00_ML00_LS00_LM00_LL100/lognormal_lambda1.0x_cv1/lognormal_lambda1.0x_cv1.png"
}