{
  "PPR": 1.7591145833333333,
  "TPI": 0.06272274094880705,
  "OV_block_step": 4418125,
  "OV_frac": 0.015967311696004634,
  "GE2_frac": 0.0,
  "peak_blocks": 2702,
  "peak_step": 87843,
  "gpu_blocks": 1536,
  "total_steps": 180142,
  "type1_count": 20,
  "type2_count": 19,
  "plot_path": "traces/requests_types_48k/all_traces_arrival_rate_CV/SS03_SM42_SL05_MS03_MM05_ML25_LS13_LM02_LL00/lognormal_lambda1.0x_cv1/lognormal_lambda1.0x_cv1.png"
}