{
  "PPR": 3.7028985507246377,
  "TPI": 0.6434042553191489,
  "OV_block_step": 369745,
  "OV_frac": 0.5700662966389146,
  "GE2_frac": 0.19404255319148936,
  "peak_blocks": 511,
  "peak_step": 3052,
  "gpu_blocks": 138,
  "total_steps": 4700,
  "type1_count": 37,
  "type2_count": 16,
  "plot_path": "traces/requests_types_8k/all_traces_arrival_rate_CV/SS18_SM04_SL04_MS07_MM51_ML04_LS07_LM02_LL03/lognormal_lambda4.5x_cv6/lognormal_lambda4.5x_cv6.png"
}