{
  "PPR": 1.9375,
  "TPI": 0.11523392750767539,
  "OV_block_step": 18925255,
  "OV_frac": 0.03528710980757591,
  "GE2_frac": 0.0,
  "peak_blocks": 2976,
  "peak_step": 287691,
  "gpu_blocks": 1536,
  "total_steps": 349168,
  "type1_count": 63,
  "type2_count": 45,
  "plot_path": "traces/requests_types_48k/all_traces_arrival_rate_CV/SS05_SM22_SL01_MS13_MM01_ML37_LS03_LM03_LL15/lognormal_lambda1.0x_cv1/lognormal_lambda1.0x_cv1.png"
}