{
  "PPR": 5.2924528301886795,
  "TPI": 0.4894503777025267,
  "OV_block_step": 4104039,
  "OV_frac": 0.48025092170088657,
  "GE2_frac": 0.16771480668328806,
  "peak_blocks": 1683,
  "peak_step": 11964,
  "gpu_blocks": 318,
  "total_steps": 26873,
  "type1_count": 61,
  "type2_count": 45,
  "plot_path": "traces/requests_types_16k/all_traces_arrival_rate_CV/SS00_SM00_SL00_MS00_MM00_ML00_LS33_LM00_LL67/lognormal_lambda2.0x_cv3/lognormal_lambda2.0x_cv3.png"
}