{
  "PPR": 6.212121212121212,
  "TPI": 0.8612012426648257,
  "OV_block_step": 31537316,
  "OV_frac": 1.8326932888893537,
  "GE2_frac": 0.6084915429754919,
  "peak_blocks": 3690,
  "peak_step": 24916,
  "gpu_blocks": 594,
  "total_steps": 28970,
  "type1_count": 48,
  "type2_count": 13,
  "plot_path": "traces/requests_types_32k/all_traces_arrival_rate_CV/SS01_SM18_SL11_MS32_MM14_ML02_LS14_LM07_LL01/lognormal_lambda3.5x_cv7/lognormal_lambda3.5x_cv7.png"
}