{
  "PPR": 6.12751677852349,
  "TPI": 0.8059811703895144,
  "OV_block_step": 1161492,
  "OV_frac": 1.439034211214261,
  "GE2_frac": 0.5562119254199741,
  "peak_blocks": 913,
  "peak_step": 2459,
  "gpu_blocks": 149,
  "total_steps": 5417,
  "type1_count": 22,
  "type2_count": 11,
  "plot_path": "traces/requests_types_8k/all_traces_arrival_rate_CV/SS11_SM02_SL03_MS00_MM36_ML08_LS16_LM20_LL04/lognormal_lambda5.0x_cv2/lognormal_lambda5.0x_cv2.png"
}