{
  "PPR": 1.4424728911420928,
  "TPI": 0.32981459829630866,
  "OV_block_step": 10906266,
  "OV_frac": 0.05130708141121705,
  "GE2_frac": 0.0,
  "peak_blocks": 10243,
  "peak_step": 19616,
  "gpu_blocks": 7101,
  "total_steps": 29935,
  "type1_count": 69,
  "type2_count": 25,
  "plot_path": "traces/SS00_SL50_LS50_LL00/uni05/uni05_sk_ov5.png"
}