{
  "PPR": 2.3396363636363637,
  "TPI": 0.2897743810966736,
  "OV_block_step": 44105036,
  "OV_frac": 0.11969963436072835,
  "GE2_frac": 0.004030241739870286,
  "peak_blocks": 6434,
  "peak_step": 89472,
  "gpu_blocks": 2750,
  "total_steps": 133987,
  "type1_count": 51,
  "type2_count": 36,
  "plot_path": "traces/requests_types_96k/all_traces_arrival_rate_CV/SS03_SM35_SL00_MS13_MM01_ML28_LS01_LM18_LL02/lognormal_lambda3.0x_cv1/lognormal_lambda3.0x_cv1.png"
}