{
  "PPR": 2.8864468864468864,
  "TPI": 0.0354643390736809,
  "OV_block_step": 109023,
  "OV_frac": 0.015701488100638844,
  "GE2_frac": 0.007273728080522136,
  "peak_blocks": 788,
  "peak_step": 22871,
  "gpu_blocks": 273,
  "total_steps": 25434,
  "type1_count": 16,
  "type2_count": 20,
  "plot_path": "traces/requests_types_16k/all_traces_arrival_rate_CV/SS06_SM27_SL20_MS09_MM11_ML01_LS04_LM12_LL10/lognormal_lambda1.0x_cv5/lognormal_lambda1.0x_cv5.png"
}