{
  "PPR": 1.9905454545454546,
  "TPI": 0.2840731491178603,
  "OV_block_step": 81664899,
  "OV_frac": 0.1196178478574515,
  "GE2_frac": 0.0,
  "peak_blocks": 5474,
  "peak_step": 248257,
  "gpu_blocks": 2750,
  "total_steps": 248260,
  "type1_count": 43,
  "type2_count": 31,
  "plot_path": "traces/sy_requests/all_traces_arrival_rate_CV/SS18_SM04_SL04_MS07_MM51_ML04_LS07_LM02_LL03/lognormal_lambda2.5x_cv1/lognormal_lambda2.5x_cv1.png"
}