{
  "batch_size": 4,
  "max_model_len": 32384,
  "num_gpu_blocks_override": 2354,
  "arrival_pattern": "TokenScaledArrival(scale=05)",
  "vocab": [200, 30000],
  "requests": {
    "request_0": {"category": "SS_I816-1216_O192-304", "input_length": 1125, "output_length": 198, "arrival_time": 0, "sched_time": 0, "wait_time": 0, "slo": 0.05084491951381068},
    "request_1": {"category": "SS_I816-1216_O400-608", "input_length": 1209, "output_length": 546, "arrival_time": 0, "sched_time": 0, "wait_time": 0, "slo": 0.05127767256889546},
    "request_2": {"category": "SS_I816-1216_O816-1216", "input_length": 1084, "output_length": 1146, "arrival_time": 0, "sched_time": 0, "wait_time": 0, "slo": 0.05175350058085212},
    "request_3": {"category": "LL_I6544-9824_O13104-19648", "input_length": 6777, "output_length": 17627, "arrival_time": 0, "sched_time": 0, "wait_time": 0, "slo": 0.07396615392217187},
    "request_4": {"category": "LS_I13104-19648_O1632-2448", "input_length": 15717, "output_length": 2277, "arrival_time": 673, "sched_time": 673, "wait_time": 0, "slo": 0.06754498011871468},
    "request_5": {"category": "SS_I1632-2448_O1632-2448", "input_length": 1884, "output_length": 1785, "arrival_time": 842, "sched_time": 842, "wait_time": 0, "slo": 0.05319500902128502},
    "request_6": {"category": "LL_I3264-4912_O6544-9824", "input_length": 3631, "output_length": 9643, "arrival_time": 1010, "sched_time": 1147, "wait_time": 137, "slo": 0.06281675229464012},
    "request_7": {"category": "SS_I400-608_O400-608", "input_length": 442, "output_length": 589, "arrival_time": 1179, "sched_time": 2628, "wait_time": 1449, "slo": 0.050552410504355216},
    "request_8": {"category": "SS_I192-304_O400-608", "input_length": 220, "output_length": 514, "arrival_time": 1347, "sched_time": 2951, "wait_time": 1604, "slo": 0.05025489277898442},
    "request_9": {"category": "SS_I816-1216_O192-304", "input_length": 1216, "output_length": 294, "arrival_time": 1515, "sched_time": 3218, "wait_time": 1703, "slo": 0.051032245489044135},
    "request_10": {"category": "SS_I1632-2448_O400-608", "input_length": 2267, "output_length": 536, "arrival_time": 1684, "sched_time": 3466, "wait_time": 1782, "slo": 0.052327499424749305},
    "request_11": {"category": "SS_I816-1216_O400-608", "input_length": 917, "output_length": 571, "arrival_time": 1852, "sched_time": 3513, "wait_time": 1661, "slo": 0.05101020713901667},
    "request_12": {"category": "SS_I400-608_O816-1216", "input_length": 569, "output_length": 867, "arrival_time": 2021, "sched_time": 4003, "wait_time": 1982, "slo": 0.050958116493497206},
    "request_13": {"category": "SS_I192-304_O1632-2448", "input_length": 294, "output_length": 1933, "arrival_time": 2189, "sched_time": 4085, "wait_time": 1896, "slo": 0.05175049535130292},
    "request_14": {"category": "LL_I6544-9824_O13104-19648", "input_length": 9011, "output_length": 19371, "arrival_time": 2358, "sched_time": 4871, "wait_time": 2513, "slo": 0.07795108830441097},
    "request_15": {"category": "SS_I816-1216_O400-608", "input_length": 1052, "output_length": 425, "arrival_time": 2526, "sched_time": 6019, "wait_time": 3493, "slo": 0.05099918796400294},
    "request_16": {"category": "LL_I6544-9824_O6544-9824", "input_length": 7504, "output_length": 7890, "arrival_time": 2694, "sched_time": 6445, "wait_time": 3751, "slo": 0.06494044784274142},
    "request_17": {"category": "SL_I192-304_O3264-4912", "input_length": 297, "output_length": 3340, "arrival_time": 2863, "sched_time": 10791, "wait_time": 7928, "slo": 0.05316295323942689},
    "request_18": {"category": "LS_I13104-19648_O400-608", "input_length": 19047, "output_length": 535, "arrival_time": 3031, "sched_time": 14336, "wait_time": 11305, "slo": 0.06913574829342452},
    "request_19": {"category": "SS_I816-1216_O1632-2448", "input_length": 840, "output_length": 1989, "arrival_time": 3200, "sched_time": 3200, "wait_time": 0, "slo": 0.05235354474750904},
    "request_20": {"category": "LL_I6544-9824_O3264-4912", "input_length": 7693, "output_length": 4068, "arrival_time": 3368, "sched_time": 14872, "wait_time": 11504, "slo": 0.0613011148586603},
    "request_21": {"category": "SS_I400-608_O816-1216", "input_length": 509, "output_length": 1029, "arrival_time": 3537, "sched_time": 3537, "wait_time": 0, "slo": 0.05106029429817},
    "request_22": {"category": "SL_I400-608_O6544-9824", "input_length": 435, "output_length": 6593, "arrival_time": 3705, "sched_time": 4567, "wait_time": 862, "slo": 0.05655986437320588},
    "request_23": {"category": "SL_I400-608_O6544-9824", "input_length": 590, "output_length": 9248, "arrival_time": 3873, "sched_time": 11161, "wait_time": 7288, "slo": 0.05937476271762314},
    "request_24": {"category": "SS_I816-1216_O400-608", "input_length": 975, "output_length": 433, "arrival_time": 4042, "sched_time": 17628, "wait_time": 13586, "slo": 0.05093006768437134},
    "request_25": {"category": "SL_I816-1216_O3264-4912", "input_length": 865, "output_length": 4054, "arrival_time": 4210, "sched_time": 18062, "wait_time": 13852, "slo": 0.05444718800011832},
    "request_26": {"category": "LL_I3264-4912_O3264-4912", "input_length": 3290, "output_length": 4342, "arrival_time": 4379, "sched_time": 18941, "wait_time": 14562, "slo": 0.05716491725577813},
    "request_27": {"category": "LS_I13104-19648_O192-304", "input_length": 17437, "output_length": 208, "arrival_time": 4547, "sched_time": 20410, "wait_time": 15863, "slo": 0.06719537174782442},
    "request_28": {"category": "LL_I6544-9824_O6544-9824", "input_length": 8668, "output_length": 7144, "arrival_time": 4716, "sched_time": 20619, "wait_time": 15903, "slo": 0.06535917649326327},
    "request_29": {"category": "LL_I3264-4912_O3264-4912", "input_length": 4660, "output_length": 4904, "arrival_time": 4884, "sched_time": 22117, "wait_time": 17233, "slo": 0.05910028508546288},
    "request_30": {"category": "LS_I13104-19648_O192-304", "input_length": 14601, "output_length": 221, "arrival_time": 5052, "sched_time": 23284, "wait_time": 18232, "slo": 0.0643674507420273},
    "request_31": {"category": "SS_I400-608_O400-608", "input_length": 572, "output_length": 599, "arrival_time": 5221, "sched_time": 23506, "wait_time": 18285, "slo": 0.05069265454998455},
    "request_32": {"category": "SL_I192-304_O13104-19648", "input_length": 284, "output_length": 15313, "arrival_time": 5389, "sched_time": 24106, "wait_time": 18717, "slo": 0.06514380170890394},
    "request_33": {"category": "SL_I400-608_O6544-9824", "input_length": 600, "output_length": 7490, "arrival_time": 5558, "sched_time": 24243, "wait_time": 18685, "slo": 0.057623715633622646},
    "request_34": {"category": "LS_I13104-19648_O192-304", "input_length": 13171, "output_length": 204, "arrival_time": 5726, "sched_time": 27022, "wait_time": 21296, "slo": 0.06291792835612986},
    "request_35": {"category": "LL_I6544-9824_O13104-19648", "input_length": 8378, "output_length": 16745, "arrival_time": 5895, "sched_time": 27227, "wait_time": 21332, "slo": 0.07468640727079678},
    "request_36": {"category": "LS_I13104-19648_O400-608", "input_length": 17921, "output_length": 515, "arrival_time": 6063, "sched_time": 27764, "wait_time": 21701, "slo": 0.06798775060563014},
    "request_37": {"category": "SS_I1632-2448_O192-304", "input_length": 1812, "output_length": 288, "arrival_time": 6231, "sched_time": 28280, "wait_time": 22049, "slo": 0.051623273967053455},
    "request_38": {"category": "SS_I400-608_O816-1216", "input_length": 489, "output_length": 1204, "arrival_time": 6400, "sched_time": 28569, "wait_time": 22169, "slo": 0.05121556449154533},
    "request_39": {"category": "SS_I816-1216_O192-304", "input_length": 1078, "output_length": 269, "arrival_time": 6568, "sched_time": 29774, "wait_time": 23206, "slo": 0.05086896135020427},
    "request_40": {"category": "SS_I400-608_O400-608", "input_length": 464, "output_length": 428, "arrival_time": 6737, "sched_time": 30044, "wait_time": 23307,