{
  "PPR": 3.2007168458781363,
  "TPI": 0.17501931496265774,
  "OV_block_step": 725660,
  "OV_frac": 0.06698253668919849,
  "GE2_frac": 0.013443214009786248,
  "peak_blocks": 893,
  "peak_step": 17808,
  "gpu_blocks": 279,
  "total_steps": 38830,
  "type1_count": 64,
  "type2_count": 63,
  "plot_path": "traces/requests_types_16k/all_traces_arrival_rate_CV/SS00_SM00_SL00_MS00_MM00_ML00_LS33_LM66_LL01/lognormal_lambda1.5x_cv4/lognormal_lambda1.5x_cv4.png"
}