{
  "PPR": 7.426470588235294,
  "TPI": 0.24482338611449453,
  "OV_block_step": 114572,
  "OV_frac": 0.34203864249719373,
  "GE2_frac": 0.11896061713357693,
  "peak_blocks": 1010,
  "peak_step": 69,
  "gpu_blocks": 136,
  "total_steps": 2463,
  "type1_count": 21,
  "type2_count": 26,
  "plot_path": "traces/requests_types_8k/all_traces_arrival_rate_CV/SS00_SM00_SL00_MS00_MM00_ML00_LS00_LM99_LL01/lognormal_lambda1.5x_cv7/lognormal_lambda1.5x_cv7.png"
}