{
  "PPR": 4.490259740259741,
  "TPI": 0.7092000147259139,
  "OV_block_step": 10874345,
  "OV_frac": 0.6498971935181117,
  "GE2_frac": 0.21798034090490742,
  "peak_blocks": 2766,
  "peak_step": 18609,
  "gpu_blocks": 616,
  "total_steps": 27163,
  "type1_count": 54,
  "type2_count": 13,
  "plot_path": "traces/requests_types_32k/all_traces_arrival_rate_CV/SS18_SM08_SL17_MS21_MM06_ML10_LS10_LM03_LL07/lognormal_lambda2.0x_cv7/lognormal_lambda2.0x_cv7.png"
}