{
  "PPR": 6.1103896103896105,
  "TPI": 0.7180816591056384,
  "OV_block_step": 795411,
  "OV_frac": 1.115793150465866,
  "GE2_frac": 0.43270684813134586,
  "peak_blocks": 941,
  "peak_step": 329,
  "gpu_blocks": 154,
  "total_steps": 4629,
  "type1_count": 31,
  "type2_count": 30,
  "plot_path": "traces/requests_types_8k/all_traces_arrival_rate_CV/SS00_SM00_SL00_MS00_MM00_ML00_LS00_LM33_LL67/lognormal_lambda2.0x_cv4/lognormal_lambda2.0x_cv4.png"
}