{
  "PPR": 1.5448600040874718,
  "TPI": 0.2806515047879617,
  "OV_block_step": 5909637,
  "OV_frac": 0.05163191511757912,
  "GE2_frac": 0.0,
  "peak_blocks": 7559,
  "peak_step": 10169,
  "gpu_blocks": 4893,
  "total_steps": 23392,
  "type1_count": 69,
  "type2_count": 36,
  "plot_path": "traces/SS41_SL16_LS41_LL00/uni05/uni05_sk_ov5.png"
}