{
  "PPR": 3.646406174626146,
  "TPI": 0.6218792749658003,
  "OV_block_step": 39235772,
  "OV_frac": 0.8091248598520618,
  "GE2_frac": 0.4577633378932969,
  "peak_blocks": 7559,
  "peak_step": 10169,
  "gpu_blocks": 2073,
  "total_steps": 23392,
  "type1_count": 22,
  "type2_count": 6,
  "plot_path": "traces/SS41_SL16_LS41_LL00/uni05/uni05_hi_ov81.png"
}