{
  "PPR": 2.832369942196532,
  "TPI": 0.39570256716814456,
  "OV_block_step": 3054508,
  "OV_frac": 0.19545587555972255,
  "GE2_frac": 0.0693766397661984,
  "peak_blocks": 1470,
  "peak_step": 3805,
  "gpu_blocks": 519,
  "total_steps": 30111,
  "type1_count": 58,
  "type2_count": 46,
  "plot_path": "traces/requests_types_32k/all_traces_arrival_rate_CV/SS06_SM27_SL20_MS09_MM11_ML01_LS04_LM12_LL10/lognormal_lambda1.5x_cv7/lognormal_lambda1.5x_cv7.png"
}