{
  "PPR": 4.4393939393939394,
  "TPI": 0.1263783693975808,
  "OV_block_step": 23198073,
  "OV_frac": 0.1410568791134189,
  "GE2_frac": 0.05845405916920399,
  "peak_blocks": 2637,
  "peak_step": 36931,
  "gpu_blocks": 594,
  "total_steps": 276867,
  "type1_count": 117,
  "type2_count": 29,
  "plot_path": "traces/requests_types_32k/all_traces_arrival_rate_CV/SS01_SM18_SL11_MS32_MM14_ML02_LS14_LM07_LL01/lognormal_lambda4.0x_cv7/lognormal_lambda4.0x_cv7.png"
}