{
  "PPR": 6.8042071197411005,
  "TPI": 0.8053899842070406,
  "OV_block_step": 15469503,
  "OV_frac": 1.275233493933832,
  "GE2_frac": 0.5783279841051505,
  "peak_blocks": 4205,
  "peak_step": 8593,
  "gpu_blocks": 618,
  "total_steps": 19629,
  "type1_count": 24,
  "type2_count": 12,
  "plot_path": "traces/requests_types_32k/all_traces_arrival_rate_CV/SS00_SM00_SL00_MS00_MM00_ML00_LS33_LM66_LL01/lognormal_lambda4.0x_cv6/lognormal_lambda4.0x_cv6.png"
}