{
  "PPR": 11.97191887675507,
  "TPI": 0.719372237317004,
  "OV_block_step": 27771776,
  "OV_frac": 1.7569935353478863,
  "GE2_frac": 0.4904902875217973,
  "peak_blocks": 7674,
  "peak_step": 15940,
  "gpu_blocks": 641,
  "total_steps": 24659,
  "type1_count": 19,
  "type2_count": 31,
  "plot_path": "traces/requests_types_32k/all_traces_arrival_rate_CV/SS00_SM00_SL00_MS00_MM00_ML00_LS33_LM33_LL34/lognormal_lambda5.0x_cv4/lognormal_lambda5.0x_cv4.png"
}