{
  "PPR": 4.588039867109635,
  "TPI": 0.6149279050042409,
  "OV_block_step": 3235462,
  "OV_frac": 0.9117084978260196,
  "GE2_frac": 0.4342663273960984,
  "peak_blocks": 1381,
  "peak_step": 7201,
  "gpu_blocks": 301,
  "total_steps": 11790,
  "type1_count": 20,
  "type2_count": 20,
  "plot_path": "traces/requests_types_16k/all_traces_arrival_rate_CV/SS07_SM08_SL06_MS09_MM09_ML09_LS07_LM08_LL38/lognormal_lambda4.5x_cv1/lognormal_lambda4.5x_cv1.png"
}