{
  "PPR": 6.079268292682927,
  "TPI": 0.4949556918882072,
  "OV_block_step": 1837299,
  "OV_frac": 0.7636702578682228,
  "GE2_frac": 0.2915473755964553,
  "peak_blocks": 997,
  "peak_step": 5594,
  "gpu_blocks": 164,
  "total_steps": 14670,
  "type1_count": 53,
  "type2_count": 36,
  "plot_path": "traces/requests_types_8k/all_traces_arrival_rate_CV/SS00_SM00_SL00_MS00_MM00_ML00_LS33_LM00_LL67/lognormal_lambda2.5x_cv7/lognormal_lambda2.5x_cv7.png"
}