{
  "PPR": 3.041015625,
  "TPI": 0.15318790132531943,
  "OV_block_step": 21471994,
  "OV_frac": 0.06044651270368048,
  "GE2_frac": 0.01666054093788511,
  "peak_blocks": 4671,
  "peak_step": 130041,
  "gpu_blocks": 1536,
  "total_steps": 231265,
  "type1_count": 80,
  "type2_count": 67,
  "plot_path": "traces/request_types/all_traces/SS07_SL67_LS17_LL07/bim50/bim50_vl_ov6.png"
}