{
  "PPR": 9.123046875,
  "TPI": 0.5168053964067195,
  "OV_block_step": 99195442,
  "OV_frac": 0.8377450009999351,
  "GE2_frac": 0.3314293126932307,
  "peak_blocks": 4671,
  "peak_step": 130041,
  "gpu_blocks": 512,
  "total_steps": 231265,
  "type1_count": 129,
  "type2_count": 66,
  "plot_path": "traces/request_types/all_traces/SS07_SL67_LS17_LL07/bim50/bim50_hi_ov79.png"
}