{
  "PPR": 3.2974910394265233,
  "TPI": 0.33986113148501296,
  "OV_block_step": 3208420,
  "OV_frac": 0.2811528351094994,
  "GE2_frac": 0.12725539093442864,
  "peak_blocks": 920,
  "peak_step": 39607,
  "gpu_blocks": 279,
  "total_steps": 40902,
  "type1_count": 96,
  "type2_count": 50,
  "plot_path": "traces/requests_types_16k/all_traces_arrival_rate_CV/SS03_SM24_SL03_MS36_MM03_ML12_LS06_LM06_LL07/lognormal_lambda1.5x_cv6/lognormal_lambda1.5x_cv6.png"
}