{
  "PPR": 6.299694189602446,
  "TPI": 0.9330918389090134,
  "OV_block_step": 3615569,
  "OV_frac": 2.3560166061627346,
  "GE2_frac": 0.7604943532921372,
  "peak_blocks": 2060,
  "peak_step": 1093,
  "gpu_blocks": 327,
  "total_steps": 4693,
  "type1_count": 13,
  "type2_count": 15,
  "plot_path": "traces/requests_types_16k/all_traces_arrival_rate_CV/SS00_SM00_SL00_MS00_MM00_ML00_LS00_LM33_LL67/lognormal_lambda5.0x_cv1/lognormal_lambda5.0x_cv1.png"
}