{
  "PPR": 3.3923357664233578,
  "TPI": 0.28926321555738155,
  "OV_block_step": 2992935,
  "OV_frac": 0.14959080303966316,
  "GE2_frac": 0.04259107093946864,
  "peak_blocks": 1859,
  "peak_step": 27874,
  "gpu_blocks": 548,
  "total_steps": 36510,
  "type1_count": 54,
  "type2_count": 30,
  "plot_path": "traces/requests_types_32k/all_traces_arrival_rate_CV/SS03_SM35_SL00_MS13_MM01_ML28_LS01_LM18_LL02/lognormal_lambda2.0x_cv1/lognormal_lambda2.0x_cv1.png"
}