{
  "PPR": 2.056601218686527,
  "TPI": 0.5404493434187218,
  "OV_block_step": 64072397,
  "OV_frac": 0.24396194221851725,
  "GE2_frac": 0.0025869583555942974,
  "peak_blocks": 15188,
  "peak_step": 19084,
  "gpu_blocks": 7385,
  "total_steps": 35563,
  "type1_count": 51,
  "type2_count": 54,
  "plot_path": "traces/SS16_SL02_LS38_LL41/tsa05/tsa05_md_ov25.png"
}