{
  "PPR": 3.6487455197132617,
  "TPI": 0.6722114018002843,
  "OV_block_step": 4574368,
  "OV_frac": 0.8630617586666675,
  "GE2_frac": 0.4602832026109386,
  "peak_blocks": 1018,
  "peak_step": 2348,
  "gpu_blocks": 279,
  "total_steps": 18997,
  "type1_count": 68,
  "type2_count": 18,
  "plot_path": "traces/requests_types_16k/all_traces_arrival_rate_CV/SS01_SM18_SL11_MS32_MM14_ML02_LS14_LM07_LL01/lognormal_lambda4.5x_cv4/lognormal_lambda4.5x_cv4.png"
}