{
  "PPR": 1.3935242839352429,
  "TPI": 0.024785200557662323,
  "OV_block_step": 7129122,
  "OV_frac": 0.004164693139853293,
  "GE2_frac": 0.0,
  "peak_blocks": 4476,
  "peak_step": 35946,
  "gpu_blocks": 3212,
  "total_steps": 532939,
  "type1_count": 14,
  "type2_count": 24,
  "plot_path": "traces/requests_types_128k_bs8/all_traces_arrival_rate_CV/SS00_SM00_SL00_MS00_MM00_ML00_LS33_LM66_LL01/lognormal_lambda1.0x_cv1/lognormal_lambda1.0x_cv1.png"
}