{
  "PPR": 3.5337837837837838,
  "TPI": 0.5191626904725258,
  "OV_block_step": 482165,
  "OV_frac": 0.5014424536896447,
  "GE2_frac": 0.24334308142219485,
  "peak_blocks": 523,
  "peak_step": 1505,
  "gpu_blocks": 148,
  "total_steps": 6497,
  "type1_count": 45,
  "type2_count": 24,
  "plot_path": "traces/requests_types_8k/all_traces_arrival_rate_CV/SS15_SM02_SL11_MS22_MM03_ML32_LS00_LM00_LL14/lognormal_lambda3.5x_cv2/lognormal_lambda3.5x_cv2.png"
}