{
  "PPR": 1.4949748743718594,
  "TPI": 0.046068645992634084,
  "OV_block_step": 842232,
  "OV_frac": 0.006383072280749684,
  "GE2_frac": 0.0,
  "peak_blocks": 1785,
  "peak_step": 29448,
  "gpu_blocks": 1194,
  "total_steps": 110509,
  "type1_count": 19,
  "type2_count": 19,
  "plot_path": "traces/requests_types_32k_bs8/all_traces_arrival_rate_CV/SS08_SM22_SL00_MS03_MM03_ML08_LS25_LM08_LL23/lognormal_lambda1.0x_cv1/lognormal_lambda1.0x_cv1.png"
}