{
  "PPR": 3.0,
  "TPI": 0.7717915024091109,
  "OV_block_step": 274232,
  "OV_frac": 0.4482057517929407,
  "GE2_frac": 0.11081909767849321,
  "peak_blocks": 402,
  "peak_step": 1620,
  "gpu_blocks": 134,
  "total_steps": 4566,
  "type1_count": 66,
  "type2_count": 36,
  "plot_path": "traces/requests_types_8k/all_traces_arrival_rate_CV/SS02_SM04_SL04_MS04_MM15_ML55_LS04_LM04_LL05/lognormal_lambda1.5x_cv7/lognormal_lambda1.5x_cv7.png"
}