{
  "PPR": 2.797202797202797,
  "TPI": 0.19309845262314285,
  "OV_block_step": 1576604,
  "OV_frac": 0.08496087477038096,
  "GE2_frac": 0.018710313790765057,
  "peak_blocks": 800,
  "peak_step": 54607,
  "gpu_blocks": 286,
  "total_steps": 64884,
  "type1_count": 118,
  "type2_count": 50,
  "plot_path": "traces/requests_types_16k/all_traces_arrival_rate_CV/SS10_SM00_SL12_MS50_MM04_ML04_LS04_LM08_LL09/lognormal_lambda1.5x_cv1/lognormal_lambda1.5x_cv1.png"
}