{
  "PPR": 6.794594594594595,
  "TPI": 0.21849624720186103,
  "OV_block_step": 13317801,
  "OV_frac": 0.526621556376198,
  "GE2_frac": 0.18761796076021595,
  "peak_blocks": 3771,
  "peak_step": 3343,
  "gpu_blocks": 555,
  "total_steps": 45566,
  "type1_count": 18,
  "type2_count": 15,
  "plot_path": "traces/requests_types_32k/all_traces_arrival_rate_CV/SS02_SM04_SL04_MS04_MM15_ML55_LS04_LM04_LL05/lognormal_lambda4.5x_cv7/lognormal_lambda4.5x_cv7.png"
}