{
  "PPR": 4.34054054054054,
  "TPI": 0.3726528930484431,
  "OV_block_step": 7679614,
  "OV_frac": 0.4072382818983561,
  "GE2_frac": 0.1680499146506563,
  "peak_blocks": 2409,
  "peak_step": 18096,
  "gpu_blocks": 555,
  "total_steps": 33978,
  "type1_count": 41,
  "type2_count": 27,
  "plot_path": "traces/requests_types_32k/all_traces_arrival_rate_CV/SS02_SM04_SL04_MS04_MM15_ML55_LS04_LM04_LL05/lognormal_lambda3.5x_cv1/lognormal_lambda3.5x_cv1.png"
}