{
  "PPR": 3.8718381112984823,
  "TPI": 0.6685221039044853,
  "OV_block_step": 5132538,
  "OV_frac": 0.6982258325184592,
  "GE2_frac": 0.3453533397870281,
  "peak_blocks": 2296,
  "peak_step": 8745,
  "gpu_blocks": 593,
  "total_steps": 12396,
  "type1_count": 31,
  "type2_count": 26,
  "plot_path": "traces/requests_types_32k/all_traces_arrival_rate_CV/SS07_SM02_SL09_MS02_MM02_ML07_LS02_LM57_LL10/lognormal_lambda3.0x_cv1/lognormal_lambda3.0x_cv1.png"
}