{
  "PPR": 3.0546875,
  "TPI": 0.3886729594669628,
  "OV_block_step": 150071,
  "OV_frac": 0.32549408314825096,
  "GE2_frac": 0.12965019433647973,
  "peak_blocks": 391,
  "peak_step": 1743,
  "gpu_blocks": 128,
  "total_steps": 3602,
  "type1_count": 30,
  "type2_count": 19,
  "plot_path": "traces/requests_types_8k/all_traces_arrival_rate_CV/SS55_SM04_SL04_MS04_MM02_ML15_LS04_LM04_LL05/lognormal_lambda5.0x_cv1/lognormal_lambda5.0x_cv1.png"
}