{
  "PPR": 5.337837837837838,
  "TPI": 0.5292189548604608,
  "OV_block_step": 1139824,
  "OV_frac": 0.7212505631685253,
  "GE2_frac": 0.28853717924705,
  "peak_blocks": 790,
  "peak_step": 5186,
  "gpu_blocks": 148,
  "total_steps": 10678,
  "type1_count": 52,
  "type2_count": 26,
  "plot_path": "traces/requests_types_8k/all_traces_arrival_rate_CV/SS01_SM18_SL11_MS32_MM14_ML02_LS14_LM07_LL01/lognormal_lambda3.5x_cv5/lognormal_lambda3.5x_cv5.png"
}