{
  "PPR": 3.1631944444444446,
  "TPI": 0.42555960437272256,
  "OV_block_step": 2290400,
  "OV_frac": 0.29570825380299615,
  "GE2_frac": 0.11597382315758162,
  "peak_blocks": 911,
  "peak_step": 25303,
  "gpu_blocks": 288,
  "total_steps": 26894,
  "type1_count": 98,
  "type2_count": 45,
  "plot_path": "traces/requests_types_16k/all_traces_arrival_rate_CV/SS09_SM11_SL08_MS09_MM08_ML09_LS18_LM23_LL05/lognormal_lambda3.0x_cv4/lognormal_lambda3.0x_cv4.png"
}