{
  "PPR": 3.3181818181818183,
  "TPI": 0.6392808375056895,
  "OV_block_step": 284111,
  "OV_frac": 0.48983979531316807,
  "GE2_frac": 0.22485207100591717,
  "peak_blocks": 438,
  "peak_step": 2215,
  "gpu_blocks": 132,
  "total_steps": 4394,
  "type1_count": 69,
  "type2_count": 38,
  "plot_path": "traces/requests_types_8k/all_traces_arrival_rate_CV/SS06_SM01_SL07_MS08_MM02_ML49_LS05_LM19_LL03/lognormal_lambda4.0x_cv2/lognormal_lambda4.0x_cv2.png"
}