{
  "PPR": 4.5174825174825175,
  "TPI": 0.8363224795403099,
  "OV_block_step": 1046981,
  "OV_frac": 1.27486426163076,
  "GE2_frac": 0.5732195716524464,
  "peak_blocks": 646,
  "peak_step": 4024,
  "gpu_blocks": 143,
  "total_steps": 5743,
  "type1_count": 35,
  "type2_count": 7,
  "plot_path": "traces/requests_types_8k/all_traces_arrival_rate_CV/SS18_SM08_SL17_MS21_MM06_ML10_LS10_LM03_LL07/lognormal_lambda4.5x_cv7/lognormal_lambda4.5x_cv7.png"
}