{
  "PPR": 8.535031847133759,
  "TPI": 0.3806733373873625,
  "OV_block_step": 4470848,
  "OV_frac": 0.7871286100255178,
  "GE2_frac": 0.22461164243462878,
  "peak_blocks": 2680,
  "peak_step": 5265,
  "gpu_blocks": 314,
  "total_steps": 18089,
  "type1_count": 30,
  "type2_count": 22,
  "plot_path": "traces/requests_types_16k/all_traces_arrival_rate_CV/SS00_SM00_SL00_MS00_MM00_ML00_LS00_LM00_LL100/lognormal_lambda3.5x_cv4/lognormal_lambda3.5x_cv4.png"
}