{
  "PPR": 2.7687074829931975,
  "TPI": 0.3154800085524909,
  "OV_block_step": 264694,
  "OV_frac": 0.19249940728910764,
  "GE2_frac": 0.029399187513363265,
  "peak_blocks": 407,
  "peak_step": 5474,
  "gpu_blocks": 147,
  "total_steps": 9354,
  "type1_count": 37,
  "type2_count": 22,
  "plot_path": "traces/requests_types_8k/all_traces_arrival_rate_CV/SS19_SM26_SL11_MS14_MM09_ML02_LS10_LM01_LL08/lognormal_lambda2.0x_cv2/lognormal_lambda2.0x_cv2.png"
}