{
  "PPR": 4.5141065830721,
  "TPI": 0.5206049533089728,
  "OV_block_step": 4484188,
  "OV_frac": 0.7134092404578355,
  "GE2_frac": 0.30435444579780757,
  "peak_blocks": 1440,
  "peak_step": 15992,
  "gpu_blocks": 319,
  "total_steps": 19704,
  "type1_count": 45,
  "type2_count": 29,
  "plot_path": "traces/requests_types_16k/all_traces_arrival_rate_CV/SS11_SM11_SL11_MS11_MM11_ML11_LS11_LM11_LL11/lognormal_lambda1.5x_cv6/lognormal_lambda1.5x_cv6.png"
}