{
  "PPR": 2.809688581314879,
  "TPI": 0.5753825950805597,
  "OV_block_step": 2484768,
  "OV_frac": 0.4342549193792074,
  "GE2_frac": 0.16344259811101572,
  "peak_blocks": 812,
  "peak_step": 7524,
  "gpu_blocks": 289,
  "total_steps": 19799,
  "type1_count": 66,
  "type2_count": 32,
  "plot_path": "traces/requests_types_16k/all_traces_arrival_rate_CV/SS19_SM26_SL11_MS14_MM09_ML02_LS10_LM01_LL08/lognormal_lambda3.5x_cv2/lognormal_lambda3.5x_cv2.png"
}