{
  "PPR": 5.022012578616352,
  "TPI": 0.3594317539753007,
  "OV_block_step": 4396930,
  "OV_frac": 0.3720188312043229,
  "GE2_frac": 0.1254876637877687,
  "peak_blocks": 1597,
  "peak_step": 14873,
  "gpu_blocks": 318,
  "total_steps": 37167,
  "type1_count": 53,
  "type2_count": 37,
  "plot_path": "traces/requests_types_16k/all_traces_arrival_rate_CV/SS00_SM00_SL00_MS00_MM00_ML00_LS33_LM00_LL67/lognormal_lambda1.5x_cv2/lognormal_lambda1.5x_cv2.png"
}