{
  "PPR": 2.712,
  "TPI": 0.4619519800887757,
  "OV_block_step": 167576495,
  "OV_frac": 0.22044484537591216,
  "GE2_frac": 0.05024111248177638,
  "peak_blocks": 7458,
  "peak_step": 74862,
  "gpu_blocks": 2750,
  "total_steps": 276427,
  "type1_count": 140,
  "type2_count": 46,
  "plot_path": "traces/requests_types_96k/all_traces_arrival_rate_CV/SS04_SM15_SL55_MS02_MM04_ML04_LS04_LM04_LL05/lognormal_lambda3.5x_cv1/lognormal_lambda3.5x_cv1.png"
}