{
  "PPR": 2.828358208955224,
  "TPI": 0.39920654599553684,
  "OV_block_step": 134492,
  "OV_frac": 0.12443238802269338,
  "GE2_frac": 0.0009918175055789735,
  "peak_blocks": 379,
  "peak_step": 1144,
  "gpu_blocks": 134,
  "total_steps": 8066,
  "type1_count": 71,
  "type2_count": 59,
  "plot_path": "traces/requests_types_8k/all_traces_arrival_rate_CV/SS02_SM04_SL04_MS04_MM15_ML55_LS04_LM04_LL05/lognormal_lambda1.5x_cv4/lognormal_lambda1.5x_cv4.png"
}