{
  "PPR": 4.984251968503937,
  "TPI": 0.5319306320374785,
  "OV_block_step": 1830246,
  "OV_frac": 0.5922325070589156,
  "GE2_frac": 0.3167584449741103,
  "peak_blocks": 1266,
  "peak_step": 5725,
  "gpu_blocks": 254,
  "total_steps": 12167,
  "type1_count": 55,
  "type2_count": 33,
  "plot_path": "traces/requests_types_16k/all_traces_arrival_rate_CV/SS03_SM42_SL05_MS03_MM05_ML25_LS13_LM02_LL00/lognormal_lambda2.5x_cv6/lognormal_lambda2.5x_cv6.png"
}