{
  "PPR": 3.1362007168458783,
  "TPI": 0.22770632989611092,
  "OV_block_step": 2313417,
  "OV_frac": 0.1601169660584149,
  "GE2_frac": 0.0728961495384853,
  "peak_blocks": 875,
  "peak_step": 9364,
  "gpu_blocks": 279,
  "total_steps": 51786,
  "type1_count": 87,
  "type2_count": 40,
  "plot_path": "traces/requests_types_16k/all_traces_arrival_rate_CV/SS01_SM18_SL11_MS32_MM14_ML02_LS14_LM07_LL01/lognormal_lambda1.5x_cv4/lognormal_lambda1.5x_cv4.png"
}