{
  "PPR": 2.4645669291338583,
  "TPI": 0.36683908849433805,
  "OV_block_step": 203051,
  "OV_frac": 0.22351835197169626,
  "GE2_frac": 0.07409478540472529,
  "peak_blocks": 313,
  "peak_step": 5458,
  "gpu_blocks": 127,
  "total_steps": 7153,
  "type1_count": 69,
  "type2_count": 42,
  "plot_path": "traces/requests_types_8k/all_traces_arrival_rate_CV/SS05_SM22_SL01_MS13_MM01_ML37_LS03_LM03_LL15/lognormal_lambda2.0x_cv5/lognormal_lambda2.0x_cv5.png"
}