{
  "PPR": 5.003508771929824,
  "TPI": 0.4085240575278322,
  "OV_block_step": 2700054,
  "OV_frac": 0.45266728865261247,
  "GE2_frac": 0.17325242486501982,
  "peak_blocks": 1426,
  "peak_step": 17654,
  "gpu_blocks": 285,
  "total_steps": 20929,
  "type1_count": 53,
  "type2_count": 25,
  "plot_path": "traces/requests_types_16k/all_traces_arrival_rate_CV/SS05_SM22_SL01_MS13_MM01_ML37_LS03_LM03_LL15/lognormal_lambda3.5x_cv6/lognormal_lambda3.5x_cv6.png"
}