{
  "PPR": 5.016155088852988,
  "TPI": 0.3023553649980511,
  "OV_block_step": 12684827,
  "OV_frac": 0.3803561951663789,
  "GE2_frac": 0.15882473040443973,
  "peak_blocks": 3105,
  "peak_step": 30229,
  "gpu_blocks": 619,
  "total_steps": 53877,
  "type1_count": 31,
  "type2_count": 44,
  "plot_path": "traces/requests_types_32k/all_traces_arrival_rate_CV/SS00_SM00_SL00_MS00_MM00_ML00_LS00_LM00_LL100/lognormal_lambda1.2x_cv3/lognormal_lambda1.2x_cv3.png"
}