{
  "PPR": 1.4482814395471089,
  "TPI": 0.449195291856834,
  "OV_block_step": 24878433,
  "OV_frac": 0.0966612676575524,
  "GE2_frac": 0.0,
  "peak_blocks": 17908,
  "peak_step": 9397,
  "gpu_blocks": 12365,
  "total_steps": 20815,
  "type1_count": 46,
  "type2_count": 12,
  "plot_path": "traces/SS00_SL100_LS00_LL00/bim05/bim05_lo_ov10.png"
}