{
  "PPR": 3.475,
  "TPI": 0.17792368795628816,
  "OV_block_step": 610264,
  "OV_frac": 0.17512971210799394,
  "GE2_frac": 0.08981128610129023,
  "peak_blocks": 556,
  "peak_step": 18374,
  "gpu_blocks": 160,
  "total_steps": 21779,
  "type1_count": 33,
  "type2_count": 31,
  "plot_path": "traces/requests_types_8k/all_traces_arrival_rate_CV/SS02_SM02_SL02_MS01_MM01_ML02_LS01_LM03_LL86/lognormal_lambda1.0x_cv4/lognormal_lambda1.0x_cv4.png"
}