{
  "PPR": 4.275574112734864,
  "TPI": 0.262455226310648,
  "OV_block_step": 2227228,
  "OV_frac": 0.3028163661813082,
  "GE2_frac": 0.150179094757408,
  "peak_blocks": 2048,
  "peak_step": 8980,
  "gpu_blocks": 479,
  "total_steps": 15355,
  "type1_count": 12,
  "type2_count": 14,
  "plot_path": "traces/requests_types_32k/all_traces_arrival_rate_CV/SS55_SM04_SL04_MS04_MM02_ML15_LS04_LM04_LL05/lognormal_lambda2.0x_cv6/lognormal_lambda2.0x_cv6.png"
}