{
  "PPR": 5.960336538461538,
  "TPI": 0.6547926550694079,
  "OV_block_step": 136675958,
  "OV_frac": 0.7216393778807294,
  "GE2_frac": 0.28686083289404324,
  "peak_blocks": 4959,
  "peak_step": 153246,
  "gpu_blocks": 832,
  "total_steps": 227640,
  "type1_count": 152,
  "type2_count": 77,
  "plot_path": "traces/request_types/SS12_SL06_LS43_LL37/bim50/bim50_hi_ov76.png"
}