{
  "PPR": 3.6807432432432434,
  "TPI": 0.2384016966660877,
  "OV_block_step": 11213854,
  "OV_frac": 0.17316160329410962,
  "GE2_frac": 0.0657275278587818,
  "peak_blocks": 2179,
  "peak_step": 87034,
  "gpu_blocks": 592,
  "total_steps": 109391,
  "type1_count": 60,
  "type2_count": 37,
  "plot_path": "traces/requests_types_32k/all_traces_arrival_rate_CV/SS06_SM02_SL13_MS06_MM04_ML06_LS51_LM09_LL05/lognormal_lambda1.0x_cv6/lognormal_lambda1.0x_cv6.png"
}