{
  "PPR": 4.2101449275362315,
  "TPI": 0.7445939452186449,
  "OV_block_step": 387679,
  "OV_frac": 0.6749803257909729,
  "GE2_frac": 0.30418068236424795,
  "peak_blocks": 581,
  "peak_step": 1838,
  "gpu_blocks": 138,
  "total_steps": 4162,
  "type1_count": 37,
  "type2_count": 11,
  "plot_path": "traces/requests_types_8k/all_traces_arrival_rate_CV/SS18_SM04_SL04_MS07_MM51_ML04_LS07_LM02_LL03/lognormal_lambda5.0x_cv3/lognormal_lambda5.0x_cv3.png"
}