{
  "batch_size": 4,
  "max_model_len": 32384,
  "num_gpu_blocks_override": 10446,
  "arrival_pattern": "UniformArrival(max_step=26814)",
  "vocab": [200, 30000],
  "requests": {
    "request_0": {"category": "SL_I192-304_O3264-4912", "input_length": 273, "output_length": 4002, "arrival_time": 0, "sched_time": 0, "wait_time": 0, "slo": 0.053802065390223405},
    "request_1": {"category": "SL_I192-304_O13104-19648", "input_length": 256, "output_length": 15186, "arrival_time": 0, "sched_time": 0, "wait_time": 0, "slo": 0.06498853151552861},
    "request_2": {"category": "LL_I3264-4912_O13104-19648", "input_length": 4447, "output_length": 16026, "arrival_time": 0, "sched_time": 0, "wait_time": 0, "slo": 0.0700283014695369},
    "request_3": {"category": "SL_I192-304_O13104-19648", "input_length": 209, "output_length": 19241, "arrival_time": 0, "sched_time": 0, "wait_time": 0, "slo": 0.06900351819325971},
    "request_4": {"category": "SS_I1632-2448_O816-1216", "input_length": 2238, "output_length": 1097, "arrival_time": 1202, "sched_time": 4003, "wait_time": 2801, "slo": 0.052860426798140764},
    "request_5": {"category": "LL_I13104-19648_O6544-9824", "input_length": 18630, "output_length": 9629, "arrival_time": 1657, "sched_time": 5101, "wait_time": 3444, "slo": 0.07782787389289378},
    "request_6": {"category": "LS_I13104-19648_O816-1216", "input_length": 15778, "output_length": 987, "arrival_time": 1814, "sched_time": 14731, "wait_time": 12917, "slo": 0.06631383774672578},
    "request_7": {"category": "LL_I6544-9824_O3264-4912", "input_length": 9647, "output_length": 4149, "arrival_time": 2656, "sched_time": 15187, "wait_time": 12531, "slo": 0.06333966223620091},
    "request_8": {"category": "LL_I3264-4912_O3264-4912", "input_length": 4416, "output_length": 4871, "arrival_time": 3358, "sched_time": 15719, "wait_time": 12361, "slo": 0.05882280222375342},
    "request_9": {"category": "LS_I13104-19648_O1632-2448", "input_length": 15543, "output_length": 2331, "arrival_time": 3398, "sched_time": 16027, "wait_time": 12629, "slo": 0.06742477093674669},
    "request_10": {"category": "SS_I1632-2448_O400-608", "input_length": 2163, "output_length": 468, "arrival_time": 3640, "sched_time": 18359, "wait_time": 14719, "slo": 0.05215519959726184},
    "request_11": {"category": "LL_I13104-19648_O6544-9824", "input_length": 13926, "output_length": 9462, "arrival_time": 3871, "sched_time": 18828, "wait_time": 14957, "slo": 0.07294838284817616},
    "request_12": {"category": "LS_I13104-19648_O816-1216", "input_length": 19566, "output_length": 1047, "arrival_time": 3932, "sched_time": 19242, "wait_time": 15310, "slo": 0.07016854551516621},
    "request_13": {"category": "SL_I400-608_O6544-9824", "input_length": 410, "output_length": 8921, "arrival_time": 4039, "sched_time": 19337, "wait_time": 15298, "slo": 0.058866878923808354},
    "request_14": {"category": "SS_I1632-2448_O816-1216", "input_length": 2283, "output_length": 1079, "arrival_time": 4064, "sched_time": 20290, "wait_time": 16226, "slo": 0.05288747386408356},
    "request_15": {"category": "SS_I1632-2448_O1632-2448", "input_length": 1782, "output_length": 2143, "arrival_time": 4419, "sched_time": 20591, "wait_time": 16172, "slo": 0.053451455276150084},
    "request_16": {"category": "SS_I1632-2448_O816-1216", "input_length": 2401, "output_length": 1050, "arrival_time": 4829, "sched_time": 21370, "wait_time": 16541, "slo": 0.05297662900737649},
    "request_17": {"category": "LL_I3264-4912_O3264-4912", "input_length": 3946, "output_length": 4399, "arrival_time": 5229, "sched_time": 22421, "wait_time": 17192, "slo": 0.05787916014530464},
    "request_18": {"category": "SS_I1632-2448_O1632-2448", "input_length": 1946, "output_length": 2047, "arrival_time": 5374, "sched_time": 22735, "wait_time": 17361, "slo": 0.053519573812598614},
    "request_19": {"category": "SL_I192-304_O6544-9824", "input_length": 217, "output_length": 6879, "arrival_time": 7423, "sched_time": 24783, "wait_time": 17360, "slo": 0.05662798290965441},
    "request_20": {"category": "LL_I13104-19648_O3264-4912", "input_length": 18653, "output_length": 4222, "arrival_time": 7498, "sched_time": 26821, "wait_time": 19323, "slo": 0.07243448859526297},
    "request_21": {"category": "LL_I13104-19648_O3264-4912", "input_length": 15289, "output_length": 3792, "arrival_time": 7623, "sched_time": 28259, "wait_time": 20636, "slo": 0.06863387495870812},
    "request_22": {"category": "LS_I13104-19648_O816-1216", "input_length": 13107, "output_length": 938, "arrival_time": 7683, "sched_time": 28291, "wait_time": 20608, "slo": 0.06358909628878451},
    "request_23": {"category": "SL_I400-608_O6544-9824", "input_length": 432, "output_length": 8815, "arrival_time": 7768, "sched_time": 29230, "wait_time": 21462, "slo": 0.058782732496430755},
    "request_24": {"category": "SL_I192-304_O6544-9824", "input_length": 232, "output_length": 7458, "arrival_time": 8266, "sched_time": 31044, "wait_time": 22778, "slo": 0.05722301836039599},
    "request_25": {"category": "LL_I3264-4912_O3264-4912", "input_length": 4520, "output_length": 4286, "arrival_time": 8299, "sched_time": 31663, "wait_time": 23364, "slo": 0.058340963752698365},
    "request_26": {"category": "LL_I3264-4912_O3264-4912", "input_length": 3782, "output_length": 4335, "arrival_time": 8489, "sched_time": 32052, "wait_time": 23563, "slo": 0.05765076269956545},
    "request_27": {"category": "SL_I816-1216_O6544-9824", "input_length": 940, "output_length": 8594, "arrival_time": 8623, "sched_time": 35950, "wait_time": 27327, "slo": 0.05907023278997088},
    "request_28": {"category": "SL_I816-1216_O3264-4912", "input_length": 1114, "output_length": 3911, "arrival_time": 8654, "sched_time": 36388, "wait_time": 27734, "slo": 0.05455337277752339},
    "request_29": {"category": "LS_I13104-19648_O192-304", "input_length": 14762, "output_length": 224, "arrival_time": 8893, "sched_time": 38046, "wait_time": 29153, "slo": 0.06453173662405022},
    "request_30": {"category": "SL_I816-1216_O6544-9824", "input_length": 1068, "output_length": 8739, "arrival_time": 8991, "sched_time": 38271, "wait_time": 29280, "slo": 0.05934370867894807},
    "request_31": {"category": "LS_I13104-19648_O1632-2448", "input_length": 18232, "output_length": 2396, "arrival_time": 9235, "sched_time": 38503, "wait_time": 29268, "slo": 0.07018357166291223},
    "request_32": {"category": "SS_I1632-2448_O192-304", "input_length": 1976, "output_length": 202, "arrival_time": 9423, "sched_time": 40300, "wait_time": 30877, "slo": 0.051701409935332655},
    "request_33": {"category": "LS_I13104-19648_O192-304", "input_length": 13730, "output_length": 218, "arrival_time": 9627, "sched_time": 40503, "wait_time": 30876, "slo": 0.06349192720002704},
    "request_34": {"category": "LL_I13104-19648_O3264-4912", "input_length": 13840, "output_length": 4459, "arrival_time": 9847, "sched_time": 40722, "wait_time": 30875, "slo": 0.06785051178955001},
    "request_35": {"category": "SS_I1632-2448_O816-1216", "input_length": 2230, "output_length": 850, "arrival_time": 10064, "sched_time": 40900, "wait_time": 30836, "slo": 0.05260498228645877},
    "request_36": {"category": "SL_I400-608_O3264-4912", "input_length": 408, "output_length": 3981, "arrival_time": 10236, "sched_time": 41751, "wait_time": 31515, "slo": 0.053916264113093006},
    "request_37": {"category": "LS_I13104-19648_O1632-2448", "input_length": 17315, "output_length": 1780, "arrival_time": 10314, "sched_time": 44545, "wait_time": 34231, "slo": 0.06864789936327106},
    "request_38": {"category": "LL_I3264-4912_O3264-4912", "input_length": 4851, "output_length": 3428, "arrival_time": 10670, "sched_time": 45182, "wait_time": 34512, "slo": 0.05781304509522225},
    "request_39": {"category": "SS_I1632-2448_O400-608", "input_length": 1707, "output_length": 431, "arrival_time": 10751, "sched_time": 45733, "wait_time": 34982, "slo": 0.05166134020800999},