{
  "PPR": 4.006711409395973,
  "TPI": 0.5736719011025727,
  "OV_block_step": 728109,
  "OV_frac": 0.5442296006117182,
  "GE2_frac": 0.20681590377547612,
  "peak_blocks": 597,
  "peak_step": 3440,
  "gpu_blocks": 149,
  "total_steps": 8979,
  "type1_count": 54,
  "type2_count": 44,
  "plot_path": "traces/requests_types_8k/all_traces_arrival_rate_CV/SS08_SM22_SL00_MS03_MM03_ML08_LS25_LM08_LL23/lognormal_lambda2.5x_cv1/lognormal_lambda2.5x_cv1.png"
}