{
  "PPR": 2.1956363636363636,
  "TPI": 0.14889783479362073,
  "OV_block_step": 46659319,
  "OV_frac": 0.08734453391389156,
  "GE2_frac": 0.01572168398076745,
  "peak_blocks": 6038,
  "peak_step": 153892,
  "gpu_blocks": 2750,
  "total_steps": 194254,
  "type1_count": 17,
  "type2_count": 10,
  "plot_path": "traces/sy_requests/all_traces_arrival_rate_CV/SS03_SM24_SL03_MS36_MM03_ML12_LS06_LM06_LL07/lognormal_lambda1.5x_cv1/lognormal_lambda1.5x_cv1.png"
}