{
  "PPR": 8.812995245641838,
  "TPI": 0.8098356332952448,
  "OV_block_step": 33136121,
  "OV_frac": 2.3078870721882097,
  "GE2_frac": 0.6562362661510064,
  "peak_blocks": 5561,
  "peak_step": 16323,
  "gpu_blocks": 631,
  "total_steps": 22754,
  "type1_count": 8,
  "type2_count": 13,
  "plot_path": "traces/requests_types_32k/all_traces_arrival_rate_CV/SS00_SM00_SL00_MS00_MM00_ML00_LS33_LM00_LL67/lognormal_lambda5.0x_cv7/lognormal_lambda5.0x_cv7.png"
}