{
  "PPR": 5.125862068965517,
  "TPI": 0.5853937909787503,
  "OV_block_step": 13416440,
  "OV_frac": 0.9136500949304162,
  "GE2_frac": 0.42124180424994073,
  "peak_blocks": 2973,
  "peak_step": 6334,
  "gpu_blocks": 580,
  "total_steps": 25318,
  "type1_count": 30,
  "type2_count": 14,
  "plot_path": "traces/requests_types_32k/all_traces_arrival_rate_CV/SS15_SM17_SL08_MS09_MM06_ML17_LS06_LM14_LL09/lognormal_lambda4.0x_cv3/lognormal_lambda4.0x_cv3.png"
}