{
  "PPR": 3.8625429553264605,
  "TPI": 0.22045693277310924,
  "OV_block_step": 7046757,
  "OV_frac": 0.15897885894048341,
  "GE2_frac": 0.05846901260504202,
  "peak_blocks": 2248,
  "peak_step": 67782,
  "gpu_blocks": 582,
  "total_steps": 76160,
  "type1_count": 66,
  "type2_count": 38,
  "plot_path": "traces/requests_types_32k/all_traces_arrival_rate_CV/SS10_SM24_SL05_MS05_MM03_ML14_LS09_LM12_LL18/lognormal_lambda1.2x_cv5/lognormal_lambda1.2x_cv5.png"
}