{
  "PPR": 2.1188151041666665,
  "TPI": 0.13725121967786919,
  "OV_block_step": 33954768,
  "OV_frac": 0.04416406365499798,
  "GE2_frac": 0.001414466718077604,
  "peak_blocks": 6509,
  "peak_step": 112252,
  "gpu_blocks": 3072,
  "total_steps": 250271,
  "type1_count": 43,
  "type2_count": 32,
  "plot_path": "traces/request_types/all_traces/SS11_SL12_LS10_LL64/bim50/bim50_vl_ov5.png"
}