{
  "PPR": 5.101351351351352,
  "TPI": 0.33751716022749556,
  "OV_block_step": 542775,
  "OV_frac": 0.3596194007304029,
  "GE2_frac": 0.13659541086487548,
  "peak_blocks": 755,
  "peak_step": 3963,
  "gpu_blocks": 148,
  "total_steps": 10198,
  "type1_count": 40,
  "type2_count": 41,
  "plot_path": "traces/requests_types_8k/all_traces_arrival_rate_CV/SS10_SM24_SL05_MS05_MM03_ML14_LS09_LM12_LL18/lognormal_lambda2.5x_cv7/lognormal_lambda2.5x_cv7.png"
}