{
  "PPR": 5.1141732283464565,
  "TPI": 0.6623936604125393,
  "OV_block_step": 2257759,
  "OV_frac": 1.0358716886877894,
  "GE2_frac": 0.4342151264421396,
  "peak_blocks": 1299,
  "peak_step": 5464,
  "gpu_blocks": 254,
  "total_steps": 8581,
  "type1_count": 21,
  "type2_count": 17,
  "plot_path": "traces/requests_types_16k/all_traces_arrival_rate_CV/SS03_SM42_SL05_MS03_MM05_ML25_LS13_LM02_LL00/lognormal_lambda4.5x_cv6/lognormal_lambda4.5x_cv6.png"
}