{
  "PPR": 8.433962264150944,
  "TPI": 0.16760544640085157,
  "OV_block_step": 1350197,
  "OV_frac": 0.37662682536242253,
  "GE2_frac": 0.12325364793542379,
  "peak_blocks": 1341,
  "peak_step": 251,
  "gpu_blocks": 159,
  "total_steps": 22547,
  "type1_count": 25,
  "type2_count": 15,
  "plot_path": "traces/requests_types_8k/all_traces_arrival_rate_CV/SS00_SM00_SL00_MS00_MM00_ML00_LS00_LM00_LL100/lognormal_lambda2.0x_cv6/lognormal_lambda2.0x_cv6.png"
}