{
  "PPR": 6.265454545454546,
  "TPI": 0.5988597491448119,
  "OV_block_step": 2701108,
  "OV_frac": 1.1199784388929201,
  "GE2_frac": 0.40615735461801594,
  "peak_blocks": 3446,
  "peak_step": 3872,
  "gpu_blocks": 550,
  "total_steps": 4385,
  "type1_count": 10,
  "type2_count": 24,
  "plot_path": "traces/requests_types_32k/all_traces_arrival_rate_CV/SS00_SM00_SL00_MS00_MM00_ML00_LS00_LM99_LL01/lognormal_lambda2.5x_cv7/lognormal_lambda2.5x_cv7.png"
}