{
  "PPR": 1.6599811971168912,
  "TPI": 0.3523551159552504,
  "OV_block_step": 26651290,
  "OV_frac": 0.10025469554088849,
  "GE2_frac": 0.0,
  "peak_blocks": 10594,
  "peak_step": 25727,
  "gpu_blocks": 6382,
  "total_steps": 41654,
  "type1_count": 63,
  "type2_count": 13,
  "plot_path": "traces/SS51_SL34_LS08_LL05/per05/per05_lo_ov10.png"
}