{
  "PPR": 6.02828618968386,
  "TPI": 0.6866236276162672,
  "OV_block_step": 14714163,
  "OV_frac": 1.0067354880043875,
  "GE2_frac": 0.3880916156091945,
  "peak_blocks": 3623,
  "peak_step": 15133,
  "gpu_blocks": 601,
  "total_steps": 24319,
  "type1_count": 36,
  "type2_count": 15,
  "plot_path": "traces/requests_types_32k/all_traces_arrival_rate_CV/SS09_SM11_SL08_MS09_MM08_ML09_LS18_LM23_LL05/lognormal_lambda5.0x_cv1/lognormal_lambda5.0x_cv1.png"
}