{
  "PPR": 2.113595851563766,
  "TPI": 0.5136177244629414,
  "OV_block_step": 65474252,
  "OV_frac": 0.216455323687683,
  "GE2_frac": 0.01319950221351776,
  "peak_blocks": 13043,
  "peak_step": 18568,
  "gpu_blocks": 6171,
  "total_steps": 49017,
  "type1_count": 80,
  "type2_count": 20,
  "plot_path": "traces/request_types/SS07_SL67_LS17_LL07/tsa05/tsa05_ml_ov22.png"
}