{
  "PPR": 3.7233799600342565,
  "TPI": 0.6447967031846095,
  "OV_block_step": 142214919,
  "OV_frac": 0.8282439905277696,
  "GE2_frac": 0.44880347634494155,
  "peak_blocks": 13043,
  "peak_step": 18568,
  "gpu_blocks": 3503,
  "total_steps": 49017,
  "type1_count": 33,
  "type2_count": 7,
  "plot_path": "traces/request_types/SS07_SL67_LS17_LL07/tsa05/tsa05_hi_ov83.png"
}