{
  "PPR": 4.55012077294686,
  "TPI": 0.8473359310012697,
  "OV_block_step": 104338859,
  "OV_frac": 1.3792425324449402,
  "GE2_frac": 0.6243815945011164,
  "peak_blocks": 7535,
  "peak_step": 7022,
  "gpu_blocks": 1656,
  "total_steps": 45682,
  "type1_count": 21,
  "type2_count": 20,
  "plot_path": "traces/requests_types_64k/all_traces_arrival_rate_CV/SS00_SM00_SL00_MS00_MM00_ML00_LS00_LM99_LL01/lognormal_lambda4.0x_cv1/lognormal_lambda4.0x_cv1.png"
}