{
  "PPR": 4.6223776223776225,
  "TPI": 0.5621212121212121,
  "OV_block_step": 991966,
  "OV_frac": 0.9554855612706853,
  "GE2_frac": 0.4527548209366391,
  "peak_blocks": 661,
  "peak_step": 5315,
  "gpu_blocks": 143,
  "total_steps": 7260,
  "type1_count": 36,
  "type2_count": 10,
  "plot_path": "traces/requests_types_8k/all_traces_arrival_rate_CV/SS18_SM08_SL17_MS21_MM06_ML10_LS10_LM03_LL07/lognormal_lambda4.0x_cv3/lognormal_lambda4.0x_cv3.png"
}