{
  "PPR": 2.200373993095512,
  "TPI": 0.46938945497959295,
  "OV_block_step": 56871851,
  "OV_frac": 0.22713290949137208,
  "GE2_frac": 0.029652664019768443,
  "peak_blocks": 15297,
  "peak_step": 20863,
  "gpu_blocks": 6952,
  "total_steps": 36017,
  "type1_count": 50,
  "type2_count": 21,
  "plot_path": "traces/request_types/SS22_SL19_LS47_LL09/per05/per05_ml_ov23.png"
}