{
  "PPR": 3.294921875,
  "TPI": 0.33826624855019544,
  "OV_block_step": 42615539,
  "OV_frac": 0.14897811083196408,
  "GE2_frac": 0.02382512135401005,
  "peak_blocks": 5061,
  "peak_step": 172112,
  "gpu_blocks": 1536,
  "total_steps": 186232,
  "type1_count": 110,
  "type2_count": 48,
  "plot_path": "traces/requests_types_48k/all_traces_arrival_rate_CV/SS06_SM06_SL19_MS24_MM08_ML20_LS10_LM05_LL02/lognormal_lambda2.0x_cv1/lognormal_lambda2.0x_cv1.png"
}