{
  "PPR": 9.02866779089376,
  "TPI": 0.47423250668387573,
  "OV_block_step": 6073516,
  "OV_frac": 0.944225764119702,
  "GE2_frac": 0.21554346824006637,
  "peak_blocks": 5354,
  "peak_step": 3248,
  "gpu_blocks": 593,
  "total_steps": 10847,
  "type1_count": 22,
  "type2_count": 18,
  "plot_path": "traces/requests_types_32k/all_traces_arrival_rate_CV/SS07_SM02_SL09_MS02_MM02_ML07_LS02_LM57_LL10/lognormal_lambda5.0x_cv5/lognormal_lambda5.0x_cv5.png"
}