{
  "PPR": 4.869121561668146,
  "TPI": 0.6935115146315373,
  "OV_block_step": 263261666,
  "OV_frac": 0.6342281032446665,
  "GE2_frac": 0.25006380425397895,
  "peak_blocks": 10975,
  "peak_step": 86346,
  "gpu_blocks": 2254,
  "total_steps": 184157,
  "type1_count": 90,
  "type2_count": 37,
  "plot_path": "traces/requests_types_128k/all_traces_arrival_rate_CV/SS10_SM24_SL05_MS05_MM03_ML14_LS09_LM12_LL18/lognormal_lambda4.0x_cv1/lognormal_lambda4.0x_cv1.png"
}