{
  "PPR": 4.359797297297297,
  "TPI": 0.5785014623276542,
  "OV_block_step": 14375001,
  "OV_frac": 0.5636250936303743,
  "GE2_frac": 0.25416647323708275,
  "peak_blocks": 2581,
  "peak_step": 7348,
  "gpu_blocks": 592,
  "total_steps": 43082,
  "type1_count": 65,
  "type2_count": 34,
  "plot_path": "traces/requests_types_32k/all_traces_arrival_rate_CV/SS06_SM02_SL13_MS06_MM04_ML06_LS51_LM09_LL05/lognormal_lambda4.0x_cv1/lognormal_lambda4.0x_cv1.png"
}