{
  "PPR": 3.4454545454545453,
  "TPI": 0.3052916123921485,
  "OV_block_step": 98621380,
  "OV_frac": 0.14643838021698918,
  "GE2_frac": 0.040102573735080464,
  "peak_blocks": 9475,
  "peak_step": 40175,
  "gpu_blocks": 2750,
  "total_steps": 244897,
  "type1_count": 49,
  "type2_count": 54,
  "plot_path": "traces/requests_types_96k/all_traces_arrival_rate_CV/SS15_SM17_SL08_MS09_MM06_ML17_LS06_LM14_LL09/lognormal_lambda2.5x_cv1/lognormal_lambda2.5x_cv1.png"
}