{
  "PPR": 5.197368421052632,
  "TPI": 0.8126967471143757,
  "OV_block_step": 591849,
  "OV_frac": 1.021443709615066,
  "GE2_frac": 0.4522560335781742,
  "peak_blocks": 790,
  "peak_step": 2380,
  "gpu_blocks": 152,
  "total_steps": 3812,
  "type1_count": 32,
  "type2_count": 17,
  "plot_path": "traces/requests_types_8k/all_traces_arrival_rate_CV/SS07_SM02_SL09_MS02_MM02_ML07_LS02_LM57_LL10/lognormal_lambda3.5x_cv6/lognormal_lambda3.5x_cv6.png"
}