{
  "PPR": 2.1349532710280372,
  "TPI": 0.505082138344047,
  "OV_block_step": 46803430,
  "OV_frac": 0.24032483580290084,
  "GE2_frac": 0.010796110103840448,
  "peak_blocks": 11422,
  "peak_step": 17897,
  "gpu_blocks": 5350,
  "total_steps": 36402,
  "type1_count": 56,
  "type2_count": 37,
  "plot_path": "traces/SS13_SL07_LS74_LL04/uni05/uni05_md_ov24.png"
}