{
  "PPR": 4.974738675958188,
  "TPI": 0.8339926377671556,
  "OV_block_step": 120900168,
  "OV_frac": 1.4465377615465858,
  "GE2_frac": 0.5952694906873248,
  "peak_blocks": 11422,
  "peak_step": 17897,
  "gpu_blocks": 2296,
  "total_steps": 36402,
  "type1_count": 28,
  "type2_count": 11,
  "plot_path": "traces/SS13_SL07_LS74_LL04/uni05/uni05_sv_ov1p4.png"
}