{
  "PPR": 2.8157552083333335,
  "TPI": 0.19804047137605704,
  "OV_block_step": 28254882,
  "OV_frac": 0.09275794057247885,
  "GE2_frac": 0.019222138740274213,
  "peak_blocks": 4325,
  "peak_step": 88416,
  "gpu_blocks": 1536,
  "total_steps": 198313,
  "type1_count": 76,
  "type2_count": 65,
  "plot_path": "traces/request_types/SS13_SL07_LS74_LL04/bim50/bim50_lo_ov12.png"
}