{
  "PPR": 4.099518459069021,
  "TPI": 0.7868953793849482,
  "OV_block_step": 15450895,
  "OV_frac": 0.9581515431361504,
  "GE2_frac": 0.43629269046515223,
  "peak_blocks": 2554,
  "peak_step": 9015,
  "gpu_blocks": 623,
  "total_steps": 25884,
  "type1_count": 47,
  "type2_count": 32,
  "plot_path": "traces/requests_types_32k/all_traces_arrival_rate_CV/SS11_SM02_SL03_MS00_MM36_ML08_LS16_LM20_LL04/lognormal_lambda5.0x_cv2/lognormal_lambda5.0x_cv2.png"
}