{
  "PPR": 2.4502724795640325,
  "TPI": 0.2552597444145208,
  "OV_block_step": 24208372,
  "OV_frac": 0.09592143172804289,
  "GE2_frac": 0.013296959614702272,
  "peak_blocks": 3597,
  "peak_step": 96383,
  "gpu_blocks": 1468,
  "total_steps": 171919,
  "type1_count": 54,
  "type2_count": 51,
  "plot_path": "traces/requests_types_64k/all_traces_arrival_rate_CV/SS18_SM04_SL04_MS07_MM51_ML04_LS07_LM02_LL03/lognormal_lambda1.5x_cv1/lognormal_lambda1.5x_cv1.png"
}