{
  "PPR": 6.436573311367381,
  "TPI": 0.7181385510312004,
  "OV_block_step": 7176219,
  "OV_frac": 1.2503899072777755,
  "GE2_frac": 0.4923320994182972,
  "peak_blocks": 3907,
  "peak_step": 731,
  "gpu_blocks": 607,
  "total_steps": 9455,
  "type1_count": 13,
  "type2_count": 25,
  "plot_path": "traces/requests_types_32k/all_traces_arrival_rate_CV/SS00_SM00_SL00_MS00_MM00_ML00_LS00_LM66_LL34/lognormal_lambda3.0x_cv2/lognormal_lambda3.0x_cv2.png"
}