{
  "PPR": 9.078778135048232,
  "TPI": 0.6434236356497841,
  "OV_block_step": 13272573,
  "OV_frac": 1.6755823950249773,
  "GE2_frac": 0.399057714958775,
  "peak_blocks": 5647,
  "peak_step": 10782,
  "gpu_blocks": 622,
  "total_steps": 12735,
  "type1_count": 17,
  "type2_count": 14,
  "plot_path": "traces/requests_types_32k/all_traces_arrival_rate_CV/SS00_SM00_SL00_MS00_MM00_ML00_LS00_LM33_LL67/lognormal_lambda4.0x_cv4/lognormal_lambda4.0x_cv4.png"
}