{
  "PPR": 10.770096463022508,
  "TPI": 0.8406711601893015,
  "OV_block_step": 15376766,
  "OV_frac": 3.5453160398652956,
  "GE2_frac": 0.7903341459916822,
  "peak_blocks": 6699,
  "peak_step": 3106,
  "gpu_blocks": 622,
  "total_steps": 6973,
  "type1_count": 3,
  "type2_count": 10,
  "plot_path": "traces/requests_types_32k/all_traces_arrival_rate_CV/SS00_SM00_SL00_MS00_MM00_ML00_LS00_LM33_LL67/lognormal_lambda5.0x_cv2/lognormal_lambda5.0x_cv2.png"
}