{
  "PPR": 5.892976588628763,
  "TPI": 0.6580342937952979,
  "OV_block_step": 2776953,
  "OV_frac": 0.8208828201718887,
  "GE2_frac": 0.3571681103058158,
  "peak_blocks": 1762,
  "peak_step": 5388,
  "gpu_blocks": 299,
  "total_steps": 11314,
  "type1_count": 50,
  "type2_count": 32,
  "plot_path": "traces/requests_types_16k/all_traces_arrival_rate_CV/SS10_SM24_SL05_MS05_MM03_ML14_LS09_LM12_LL18/lognormal_lambda5.0x_cv1/lognormal_lambda5.0x_cv1.png"
}