{
  "PPR": 4.649269311064718,
  "TPI": 0.21439845221730056,
  "OV_block_step": 2246857,
  "OV_frac": 0.23882309586514255,
  "GE2_frac": 0.10508629906827555,
  "peak_blocks": 2227,
  "peak_step": 12760,
  "gpu_blocks": 479,
  "total_steps": 19641,
  "type1_count": 15,
  "type2_count": 20,
  "plot_path": "traces/requests_types_32k/all_traces_arrival_rate_CV/SS55_SM04_SL04_MS04_MM02_ML15_LS04_LM04_LL05/lognormal_lambda2.5x_cv6/lognormal_lambda2.5x_cv6.png"
}