{
  "PPR": 4.267605633802817,
  "TPI": 0.7152281473336999,
  "OV_block_step": 593687,
  "OV_frac": 0.76615253183016,
  "GE2_frac": 0.34084661902144037,
  "peak_blocks": 606,
  "peak_step": 1877,
  "gpu_blocks": 142,
  "total_steps": 5457,
  "type1_count": 47,
  "type2_count": 30,
  "plot_path": "traces/requests_types_8k/all_traces_arrival_rate_CV/SS09_SM11_SL08_MS09_MM08_ML09_LS18_LM23_LL05/lognormal_lambda4.0x_cv7/lognormal_lambda4.0x_cv7.png"
}