{
  "PPR": 5.266457680250784,
  "TPI": 0.7056277056277056,
  "OV_block_step": 5154156,
  "OV_frac": 1.1855036202307867,
  "GE2_frac": 0.44031110132805046,
  "peak_blocks": 1680,
  "peak_step": 5123,
  "gpu_blocks": 319,
  "total_steps": 13629,
  "type1_count": 27,
  "type2_count": 18,
  "plot_path": "traces/requests_types_16k/all_traces_arrival_rate_CV/SS11_SM11_SL11_MS11_MM11_ML11_LS11_LM11_LL11/lognormal_lambda4.0x_cv4/lognormal_lambda4.0x_cv4.png"
}