{
  "PPR": 4.385898046688899,
  "TPI": 0.7916917849509508,
  "OV_block_step": 360853327,
  "OV_frac": 1.0468496054370717,
  "GE2_frac": 0.4965686901347558,
  "peak_blocks": 9206,
  "peak_step": 131984,
  "gpu_blocks": 2099,
  "total_steps": 164223,
  "type1_count": 60,
  "type2_count": 31,
  "plot_path": "traces/requests_types_64k/all_traces_arrival_rate_CV/SS06_SM03_SL09_MS03_MM03_ML06_LS03_LM03_LL64/lognormal_lambda3.0x_cv1/lognormal_lambda3.0x_cv1.png"
}