{
  "PPR": 2.625,
  "TPI": 0.34579870729455214,
  "OV_block_step": 69229,
  "OV_frac": 0.12485031451985226,
  "GE2_frac": 0.038088642659279776,
  "peak_blocks": 336,
  "peak_step": 1156,
  "gpu_blocks": 128,
  "total_steps": 4332,
  "type1_count": 48,
  "type2_count": 35,
  "plot_path": "traces/requests_types_8k/all_traces_arrival_rate_CV/SS55_SM04_SL04_MS04_MM02_ML15_LS04_LM04_LL05/lognormal_lambda3.0x_cv2/lognormal_lambda3.0x_cv2.png"
}