{
  "PPR": 5.644160583941606,
  "TPI": 0.873605026039514,
  "OV_block_step": 7609980,
  "OV_frac": 1.1479560897345,
  "GE2_frac": 0.43581053153674465,
  "peak_blocks": 3093,
  "peak_step": 9540,
  "gpu_blocks": 548,
  "total_steps": 12097,
  "type1_count": 29,
  "type2_count": 15,
  "plot_path": "traces/requests_types_32k/all_traces_arrival_rate_CV/SS05_SM22_SL01_MS13_MM01_ML37_LS03_LM03_LL15/lognormal_lambda4.5x_cv7/lognormal_lambda4.5x_cv7.png"
}