{
  "PPR": 3.7651006711409396,
  "TPI": 0.4430643879173291,
  "OV_block_step": 623063,
  "OV_frac": 0.41550386252814203,
  "GE2_frac": 0.18928855325914148,
  "peak_blocks": 561,
  "peak_step": 2568,
  "gpu_blocks": 149,
  "total_steps": 10064,
  "type1_count": 51,
  "type2_count": 41,
  "plot_path": "traces/requests_types_8k/all_traces_arrival_rate_CV/SS08_SM22_SL00_MS03_MM03_ML08_LS25_LM08_LL23/lognormal_lambda2.0x_cv4/lognormal_lambda2.0x_cv4.png"
}