{
  "PPR": 6.657051282051282,
  "TPI": 0.8027283196031535,
  "OV_block_step": 4625289,
  "OV_frac": 1.31319374885014,
  "GE2_frac": 0.5167862521038179,
  "peak_blocks": 2077,
  "peak_step": 7238,
  "gpu_blocks": 312,
  "total_steps": 11289,
  "type1_count": 29,
  "type2_count": 14,
  "plot_path": "traces/requests_types_16k/all_traces_arrival_rate_CV/SS08_SM22_SL00_MS03_MM03_ML08_LS25_LM08_LL23/lognormal_lambda5.0x_cv3/lognormal_lambda5.0x_cv3.png"
}