{
  "PPR": 3.3126702997275204,
  "TPI": 0.7063054510935047,
  "OV_block_step": 63320801,
  "OV_frac": 0.524956011862463,
  "GE2_frac": 0.1897233682621977,
  "peak_blocks": 4863,
  "peak_step": 71082,
  "gpu_blocks": 1468,
  "total_steps": 82167,
  "type1_count": 64,
  "type2_count": 32,
  "plot_path": "traces/requests_types_64k/all_traces_arrival_rate_CV/SS18_SM04_SL04_MS07_MM51_ML04_LS07_LM02_LL03/lognormal_lambda4.0x_cv1/lognormal_lambda4.0x_cv1.png"
}