{
  "PPR": 2.4236641221374047,
  "TPI": 0.25618551822053953,
  "OV_block_step": 2583091,
  "OV_frac": 0.09331875015805464,
  "GE2_frac": 0.010563180312352106,
  "peak_blocks": 1270,
  "peak_step": 36377,
  "gpu_blocks": 524,
  "total_steps": 52825,
  "type1_count": 55,
  "type2_count": 29,
  "plot_path": "traces/requests_types_32k/all_traces_arrival_rate_CV/SS03_SM42_SL05_MS03_MM05_ML25_LS13_LM02_LL00/lognormal_lambda2.0x_cv1/lognormal_lambda2.0x_cv1.png"
}