{
  "PPR": 1.9280575539568345,
  "TPI": 0.15185049132151712,
  "OV_block_step": 298918,
  "OV_frac": 0.04937297292297487,
  "GE2_frac": 0.0,
  "peak_blocks": 536,
  "peak_step": 12433,
  "gpu_blocks": 278,
  "total_steps": 21778,
  "type1_count": 24,
  "type2_count": 33,
  "plot_path": "traces/requests_types_16k/all_traces_arrival_rate_CV/SS07_SM02_SL09_MS02_MM02_ML07_LS02_LM57_LL10/lognormal_lambda1.0x_cv1/lognormal_lambda1.0x_cv1.png"
}