{
  "PPR": 5.533653846153846,
  "TPI": 0.6462213396551574,
  "OV_block_step": 137651595,
  "OV_frac": 0.7236562272259902,
  "GE2_frac": 0.2599091966792928,
  "peak_blocks": 4604,
  "peak_step": 158563,
  "gpu_blocks": 832,
  "total_steps": 228626,
  "type1_count": 152,
  "type2_count": 58,
  "plot_path": "traces/request_types/SS12_SL06_LS43_LL37/bim50/bim50_hi_ov78.png"
}