{
  "PPR": 2.5274261603375527,
  "TPI": 0.33049796207690946,
  "OV_block_step": 637770,
  "OV_frac": 0.15895874878775168,
  "GE2_frac": 0.02297832122393526,
  "peak_blocks": 599,
  "peak_step": 11308,
  "gpu_blocks": 237,
  "total_steps": 16929,
  "type1_count": 83,
  "type2_count": 44,
  "plot_path": "traces/requests_types_16k/all_traces_arrival_rate_CV/SS04_SM15_SL55_MS02_MM04_ML04_LS04_LM04_LL05/lognormal_lambda2.5x_cv7/lognormal_lambda2.5x_cv7.png"
}