{
  "PPR": 6.106084243369735,
  "TPI": 0.16883948877286267,
  "OV_block_step": 18064081,
  "OV_frac": 0.3008968214201197,
  "GE2_frac": 0.1072210299283556,
  "peak_blocks": 3914,
  "peak_step": 55007,
  "gpu_blocks": 641,
  "total_steps": 93657,
  "type1_count": 20,
  "type2_count": 39,
  "plot_path": "traces/requests_types_32k/all_traces_arrival_rate_CV/SS00_SM00_SL00_MS00_MM00_ML00_LS33_LM33_LL34/lognormal_lambda2.0x_cv7/lognormal_lambda2.0x_cv7.png"
}