{
  "PPR": 1.7974927675988428,
  "TPI": 0.709498024293868,
  "OV_block_step": 1844190,
  "OV_frac": 0.2602648302857213,
  "GE2_frac": 0.0,
  "peak_blocks": 1864,
  "peak_step": 2242,
  "gpu_blocks": 1037,
  "total_steps": 6833,
  "type1_count": 92,
  "type2_count": 19,
  "plot_path": "traces/SS100_SL00_LS00_LL00/tsa05/tsa05_md_ov25.png"
}