{
  "PPR": 2.9140625,
  "TPI": 0.4273256697219831,
  "OV_block_step": 82653828,
  "OV_frac": 0.2972755499109186,
  "GE2_frac": 0.11309059603990479,
  "peak_blocks": 4103,
  "peak_step": 165253,
  "gpu_blocks": 1408,
  "total_steps": 197470,
  "type1_count": 105,
  "type2_count": 98,
  "plot_path": "traces/request_types/all_traces/SS16_SL02_LS38_LL41/bim50/bim50_md_ov36.png"
}