{
  "PPR": 3.131888836552049,
  "TPI": 0.6849672660976216,
  "OV_block_step": 27944623,
  "OV_frac": 0.5454047957469055,
  "GE2_frac": 0.24235518355846525,
  "peak_blocks": 6649,
  "peak_step": 9065,
  "gpu_blocks": 2123,
  "total_steps": 24134,
  "type1_count": 33,
  "type2_count": 9,
  "plot_path": "traces/request_types/SS83_SL00_LS08_LL08/tsa05/tsa05_mh_ov54.png"
}