{
  "PPR": 5.199203187250996,
  "TPI": 0.8660928742994396,
  "OV_block_step": 1594900,
  "OV_frac": 1.271854136695811,
  "GE2_frac": 0.4741793434747798,
  "peak_blocks": 1305,
  "peak_step": 2571,
  "gpu_blocks": 251,
  "total_steps": 4996,
  "type1_count": 28,
  "type2_count": 26,
  "plot_path": "traces/requests_types_16k/all_traces_arrival_rate_CV/SS15_SM17_SL08_MS09_MM06_ML17_LS06_LM14_LL09/lognormal_lambda4.5x_cv5/lognormal_lambda4.5x_cv5.png"
}