{
  "PPR": 3.7928571428571427,
  "TPI": 0.5410785915911455,
  "OV_block_step": 1069603,
  "OV_frac": 0.5675249909799011,
  "GE2_frac": 0.2657851730797801,
  "peak_blocks": 531,
  "peak_step": 6759,
  "gpu_blocks": 140,
  "total_steps": 13462,
  "type1_count": 68,
  "type2_count": 50,
  "plot_path": "traces/requests_types_8k/all_traces_arrival_rate_CV/SS06_SM02_SL13_MS06_MM04_ML06_LS51_LM09_LL05/lognormal_lambda1.5x_cv5/lognormal_lambda1.5x_cv5.png"
}