{
  "PPR": 3.0134680134680134,
  "TPI": 0.2631356409967302,
  "OV_block_step": 1586929,
  "OV_frac": 0.1506143670705628,
  "GE2_frac": 0.039998872477167664,
  "peak_blocks": 895,
  "peak_step": 9292,
  "gpu_blocks": 297,
  "total_steps": 35476,
  "type1_count": 76,
  "type2_count": 29,
  "plot_path": "traces/requests_types_16k/all_traces_arrival_rate_CV/SS14_SM21_SL27_MS03_MM10_ML05_LS17_LM02_LL01/lognormal_lambda1.5x_cv3/lognormal_lambda1.5x_cv3.png"
}