{
  "PPR": 12.20625,
  "TPI": 0.8788755684167011,
  "OV_block_step": 1443157,
  "OV_frac": 3.7287024596940883,
  "GE2_frac": 0.812732534105002,
  "peak_blocks": 1953,
  "peak_step": 412,
  "gpu_blocks": 160,
  "total_steps": 2419,
  "type1_count": 6,
  "type2_count": 5,
  "plot_path": "traces/requests_types_8k/all_traces_arrival_rate_CV/SS02_SM02_SL02_MS01_MM01_ML02_LS01_LM03_LL86/lognormal_lambda3.0x_cv7/lognormal_lambda3.0x_cv7.png"
}