{
  "PPR": 4.195255474452555,
  "TPI": 0.7104947326310175,
  "OV_block_step": 6724556,
  "OV_frac": 0.8181815969623201,
  "GE2_frac": 0.3591812241632218,
  "peak_blocks": 2299,
  "peak_step": 13044,
  "gpu_blocks": 548,
  "total_steps": 14998,
  "type1_count": 30,
  "type2_count": 11,
  "plot_path": "traces/requests_types_32k/all_traces_arrival_rate_CV/SS05_SM22_SL01_MS13_MM01_ML37_LS03_LM03_LL15/lognormal_lambda4.5x_cv2/lognormal_lambda4.5x_cv2.png"
}