{
  "PPR": 3.4782608695652173,
  "TPI": 0.4486317810849736,
  "OV_block_step": 124467,
  "OV_frac": 0.4329979753282264,
  "GE2_frac": 0.1956313010081613,
  "peak_blocks": 240,
  "peak_step": 3006,
  "gpu_blocks": 69,
  "total_steps": 4166,
  "type1_count": 40,
  "type2_count": 24,
  "plot_path": "traces/requests_types_8k/all_traces_arrival_rate_CV/SS14_SM21_SL27_MS03_MM10_ML05_LS17_LM02_LL01/lognormal_lambda3.0x_cv1/lognormal_lambda3.0x_cv1.png"
}