{
  "PPR": 3.2350936967632027,
  "TPI": 0.06915688455727308,
  "OV_block_step": 7225173,
  "OV_frac": 0.05109101200718224,
  "GE2_frac": 0.019035680486144547,
  "peak_blocks": 1899,
  "peak_step": 22159,
  "gpu_blocks": 587,
  "total_steps": 240916,
  "type1_count": 42,
  "type2_count": 32,
  "plot_path": "traces/requests_types_32k/all_traces_arrival_rate_CV/SS19_SM26_SL11_MS14_MM09_ML02_LS10_LM01_LL08/lognormal_lambda1.0x_cv5/lognormal_lambda1.0x_cv5.png"
}