{
  "PPR": 2.867132867132867,
  "TPI": 0.09482573972644656,
  "OV_block_step": 413374,
  "OV_frac": 0.08845284026582029,
  "GE2_frac": 0.05134481809002173,
  "peak_blocks": 410,
  "peak_step": 22618,
  "gpu_blocks": 143,
  "total_steps": 32681,
  "type1_count": 36,
  "type2_count": 33,
  "plot_path": "traces/requests_types_8k/all_traces_arrival_rate_CV/SS18_SM08_SL17_MS21_MM06_ML10_LS10_LM03_LL07/lognormal_lambda1.0x_cv3/lognormal_lambda1.0x_cv3.png"
}