{
  "PPR": 1.7083333333333333,
  "TPI": 0.12446122489892746,
  "OV_block_step": 291029,
  "OV_frac": 0.03376381974376395,
  "GE2_frac": 0.0,
  "peak_blocks": 492,
  "peak_step": 19708,
  "gpu_blocks": 288,
  "total_steps": 29929,
  "type1_count": 28,
  "type2_count": 23,
  "plot_path": "traces/requests_types_16k/all_traces_arrival_rate_CV/SS15_SM13_SL18_MS00_MM19_ML17_LS06_LM03_LL09/lognormal_lambda1.5x_cv6/lognormal_lambda1.5x_cv6.png"
}