{
  "PPR": 4.971786833855799,
  "TPI": 0.45465263525610233,
  "OV_block_step": 4092318,
  "OV_frac": 0.5601756723330996,
  "GE2_frac": 0.242347495742544,
  "peak_blocks": 1586,
  "peak_step": 19441,
  "gpu_blocks": 319,
  "total_steps": 22901,
  "type1_count": 55,
  "type2_count": 22,
  "plot_path": "traces/requests_types_16k/all_traces_arrival_rate_CV/SS11_SM11_SL11_MS11_MM11_ML11_LS11_LM11_LL11/lognormal_lambda2.0x_cv7/lognormal_lambda2.0x_cv7.png"
}