{
  "PPR": 4.046511627906977,
  "TPI": 0.3780748119536491,
  "OV_block_step": 2722861,
  "OV_frac": 0.45975044896762773,
  "GE2_frac": 0.20090465541776784,
  "peak_blocks": 1218,
  "peak_step": 17271,
  "gpu_blocks": 301,
  "total_steps": 19676,
  "type1_count": 38,
  "type2_count": 35,
  "plot_path": "traces/requests_types_16k/all_traces_arrival_rate_CV/SS07_SM08_SL06_MS09_MM09_ML09_LS07_LM08_LL38/lognormal_lambda2.5x_cv2/lognormal_lambda2.5x_cv2.png"
}