{
  "PPR": 2.7171052631578947,
  "TPI": 0.29987375241180536,
  "OV_block_step": 1785903,
  "OV_frac": 0.13993665994265575,
  "GE2_frac": 0.049689145089445226,
  "peak_blocks": 826,
  "peak_step": 35027,
  "gpu_blocks": 304,
  "total_steps": 41981,
  "type1_count": 78,
  "type2_count": 62,
  "plot_path": "traces/requests_types_16k/all_traces_arrival_rate_CV/SS05_SM02_SL22_MS01_MM07_ML11_LS31_LM03_LL19/lognormal_lambda1.0x_cv7/lognormal_lambda1.0x_cv7.png"
}