{
  "PPR": 3.2318840579710146,
  "TPI": 0.33150601492310033,
  "OV_block_step": 110698,
  "OV_frac": 0.24430011277291155,
  "GE2_frac": 0.08634079488350845,
  "peak_blocks": 223,
  "peak_step": 5018,
  "gpu_blocks": 69,
  "total_steps": 6567,
  "type1_count": 59,
  "type2_count": 27,
  "plot_path": "traces/requests_types_8k/all_traces_arrival_rate_CV/SS14_SM21_SL27_MS03_MM10_ML05_LS17_LM02_LL01/lognormal_lambda2.0x_cv6/lognormal_lambda2.0x_cv6.png"
}