{
  "PPR": 5.195007800312013,
  "TPI": 0.6112460761566808,
  "OV_block_step": 22366410,
  "OV_frac": 0.9524497152944669,
  "GE2_frac": 0.43144533915654426,
  "peak_blocks": 3330,
  "peak_step": 24771,
  "gpu_blocks": 641,
  "total_steps": 36635,
  "type1_count": 29,
  "type2_count": 23,
  "plot_path": "traces/requests_types_32k/all_traces_arrival_rate_CV/SS00_SM00_SL00_MS00_MM00_ML00_LS33_LM33_LL34/lognormal_lambda3.5x_cv3/lognormal_lambda3.5x_cv3.png"
}