{
  "PPR": 5.772344013490725,
  "TPI": 0.5643997939206594,
  "OV_block_step": 5914033,
  "OV_frac": 0.8563518975603809,
  "GE2_frac": 0.2521895929933024,
  "peak_blocks": 3423,
  "peak_step": 8012,
  "gpu_blocks": 593,
  "total_steps": 11646,
  "type1_count": 28,
  "type2_count": 22,
  "plot_path": "traces/requests_types_32k/all_traces_arrival_rate_CV/SS07_SM02_SL09_MS02_MM02_ML07_LS02_LM57_LL10/lognormal_lambda4.5x_cv6/lognormal_lambda4.5x_cv6.png"
}