{
  "PPR": 4.2473867595818815,
  "TPI": 0.31953665772001694,
  "OV_block_step": 473770,
  "OV_frac": 0.23319205403625484,
  "GE2_frac": 0.0885718321796864,
  "peak_blocks": 1219,
  "peak_step": 5617,
  "gpu_blocks": 287,
  "total_steps": 7079,
  "type1_count": 29,
  "type2_count": 44,
  "plot_path": "traces/requests_types_16k/all_traces_arrival_rate_CV/SS00_SM00_SL00_MS00_MM00_ML00_LS00_LM99_LL01/lognormal_lambda1.5x_cv3/lognormal_lambda1.5x_cv3.png"
}