{
  "PPR": 3.281070745697897,
  "TPI": 0.644107197684109,
  "OV_block_step": 6069225,
  "OV_frac": 0.5089976188113984,
  "GE2_frac": 0.1934295363831747,
  "peak_blocks": 1716,
  "peak_step": 19070,
  "gpu_blocks": 523,
  "total_steps": 22799,
  "type1_count": 47,
  "type2_count": 37,
  "plot_path": "traces/requests_types_32k/all_traces_arrival_rate_CV/SS06_SM01_SL07_MS08_MM02_ML49_LS05_LM19_LL03/lognormal_lambda4.0x_cv1/lognormal_lambda4.0x_cv1.png"
}