{
  "PPR": 2.550983899821109,
  "TPI": 0.4067467621565543,
  "OV_block_step": 3526700,
  "OV_frac": 0.2111356562306571,
  "GE2_frac": 0.02955055051705097,
  "peak_blocks": 1426,
  "peak_step": 9020,
  "gpu_blocks": 559,
  "total_steps": 29881,
  "type1_count": 66,
  "type2_count": 20,
  "plot_path": "traces/requests_types_32k/all_traces_arrival_rate_CV/SS06_SM63_SL03_MS03_MM03_ML06_LS03_LM09_LL04/lognormal_lambda2.5x_cv2/lognormal_lambda2.5x_cv2.png"
}