{
  "PPR": 2.699489235145794,
  "TPI": 0.45037121104648414,
  "OV_block_step": 109383562,
  "OV_frac": 0.33442382584975244,
  "GE2_frac": 0.11169433016503523,
  "peak_blocks": 41753,
  "peak_step": 3264,
  "gpu_blocks": 15467,
  "total_steps": 21147,
  "type1_count": 18,
  "type2_count": 7,
  "plot_path": "traces/request_types/SS00_SL00_LS50_LL50/bim05/bim05_md_ov33.png"
}