{
  "PPR": 2.54840087890625,
  "TPI": 0.44691918475433867,
  "OV_block_step": 100653661,
  "OV_frac": 0.290509856067978,
  "GE2_frac": 0.07282356835484939,
  "peak_blocks": 41753,
  "peak_step": 3264,
  "gpu_blocks": 16384,
  "total_steps": 21147,
  "type1_count": 25,
  "type2_count": 6,
  "plot_path": "traces/request_types/SS00_SL00_LS50_LL50/bim05/bim05_ml_ov29.png"
}