{
  "PPR": 3.8111888111888113,
  "TPI": 0.40947714920003064,
  "OV_block_step": 644511,
  "OV_frac": 0.3450256395980962,
  "GE2_frac": 0.15471178136722039,
  "peak_blocks": 545,
  "peak_step": 11035,
  "gpu_blocks": 143,
  "total_steps": 13063,
  "type1_count": 75,
  "type2_count": 22,
  "plot_path": "traces/requests_types_8k/all_traces_arrival_rate_CV/SS18_SM08_SL17_MS21_MM06_ML10_LS10_LM03_LL07/lognormal_lambda3.0x_cv1/lognormal_lambda3.0x_cv1.png"
}