{
  "PPR": 5.584717607973422,
  "TPI": 0.9166873603178545,
  "OV_block_step": 3796541,
  "OV_frac": 1.5660656845363563,
  "GE2_frac": 0.6753166128631736,
  "peak_blocks": 1681,
  "peak_step": 2057,
  "gpu_blocks": 301,
  "total_steps": 8054,
  "type1_count": 17,
  "type2_count": 7,
  "plot_path": "traces/requests_types_16k/all_traces_arrival_rate_CV/SS07_SM08_SL06_MS09_MM09_ML09_LS07_LM08_LL38/lognormal_lambda5.0x_cv7/lognormal_lambda5.0x_cv7.png"
}