{
  "PPR": 4.046153846153846,
  "TPI": 0.47951005595040075,
  "OV_block_step": 499639,
  "OV_frac": 0.5811850783421931,
  "GE2_frac": 0.2605474066233177,
  "peak_blocks": 526,
  "peak_step": 4650,
  "gpu_blocks": 130,
  "total_steps": 6613,
  "type1_count": 53,
  "type2_count": 24,
  "plot_path": "traces/requests_types_8k/all_traces_arrival_rate_CV/SS03_SM35_SL00_MS13_MM01_ML28_LS01_LM18_LL02/lognormal_lambda4.0x_cv7/lognormal_lambda4.0x_cv7.png"
}