{
  "PPR": 3.037837837837838,
  "TPI": 0.33202658303464755,
  "OV_block_step": 5814638,
  "OV_frac": 0.19557992131916863,
  "GE2_frac": 0.06479614695340502,
  "peak_blocks": 1686,
  "peak_step": 27018,
  "gpu_blocks": 555,
  "total_steps": 53568,
  "type1_count": 71,
  "type2_count": 34,
  "plot_path": "traces/requests_types_32k/all_traces_arrival_rate_CV/SS06_SM06_SL19_MS24_MM08_ML20_LS10_LM05_LL02/lognormal_lambda2.5x_cv5/lognormal_lambda2.5x_cv5.png"
}