{
  "PPR": 4.074817518248175,
  "TPI": 0.47431055682417006,
  "OV_block_step": 4695556,
  "OV_frac": 0.3762749361810701,
  "GE2_frac": 0.13494642543474442,
  "peak_blocks": 2233,
  "peak_step": 14206,
  "gpu_blocks": 548,
  "total_steps": 22772,
  "type1_count": 59,
  "type2_count": 49,
  "plot_path": "traces/requests_types_32k/all_traces_arrival_rate_CV/SS03_SM35_SL00_MS13_MM01_ML28_LS01_LM18_LL02/lognormal_lambda4.0x_cv1/lognormal_lambda4.0x_cv1.png"
}