{
  "PPR": 4.753521126760563,
  "TPI": 0.7848741704448386,
  "OV_block_step": 16475554,
  "OV_frac": 0.9529619896922767,
  "GE2_frac": 0.45554898482160455,
  "peak_blocks": 2700,
  "peak_step": 7247,
  "gpu_blocks": 568,
  "total_steps": 30438,
  "type1_count": 36,
  "type2_count": 12,
  "plot_path": "traces/requests_types_32k/all_traces_arrival_rate_CV/SS08_SM22_SL00_MS03_MM03_ML08_LS25_LM08_LL23/lognormal_lambda1.2x_cv7/lognormal_lambda1.2x_cv7.png"
}