{
  "PPR": 3.154032649102958,
  "TPI": 0.7785649225786864,
  "OV_block_step": 63652769,
  "OV_frac": 0.5206025487035827,
  "GE2_frac": 0.20180143710150794,
  "peak_blocks": 19514,
  "peak_step": 3015,
  "gpu_blocks": 6187,
  "total_steps": 19762,
  "type1_count": 31,
  "type2_count": 14,
  "plot_path": "traces/request_types/SS37_SL21_LS05_LL35/bim05/bim05_mh_ov52.png"
}