{
  "PPR": 1.6022135416666667,
  "TPI": 0.1980571873733078,
  "OV_block_step": 7039837,
  "OV_frac": 0.036433517600115,
  "GE2_frac": 0.0,
  "peak_blocks": 2461,
  "peak_step": 71635,
  "gpu_blocks": 1536,
  "total_steps": 125797,
  "type1_count": 49,
  "type2_count": 43,
  "plot_path": "traces/requests_types_48k/all_traces_arrival_rate_CV/SS15_SM13_SL18_MS00_MM19_ML17_LS06_LM03_LL09/lognormal_lambda1.5x_cv1/lognormal_lambda1.5x_cv1.png"
}