{
  "PPR": 3.050179211469534,
  "TPI": 0.3019377910844977,
  "OV_block_step": 969660,
  "OV_frac": 0.14452278239220484,
  "GE2_frac": 0.041458749168330006,
  "peak_blocks": 851,
  "peak_step": 6117,
  "gpu_blocks": 279,
  "total_steps": 24048,
  "type1_count": 56,
  "type2_count": 54,
  "plot_path": "traces/requests_types_16k/all_traces_arrival_rate_CV/SS00_SM00_SL00_MS00_MM00_ML00_LS33_LM66_LL01/lognormal_lambda1.0x_cv2/lognormal_lambda1.0x_cv2.png"
}