{
  "PPR": 4.651515151515151,
  "TPI": 0.8981687814597316,
  "OV_block_step": 462757797,
  "OV_frac": 1.2420007561543582,
  "GE2_frac": 0.6443477348993288,
  "peak_blocks": 11359,
  "peak_step": 19344,
  "gpu_blocks": 2442,
  "total_steps": 152576,
  "type1_count": 56,
  "type2_count": 14,
  "plot_path": "traces/requests_types_128k/all_traces_arrival_rate_CV/SS05_SM22_SL01_MS13_MM01_ML37_LS03_LM03_LL15/lognormal_lambda4.0x_cv1/lognormal_lambda4.0x_cv1.png"
}