{
  "PPR": 3.407098121085595,
  "TPI": 0.21519919392342274,
  "OV_block_step": 1742810,
  "OV_frac": 0.1410027219809264,
  "GE2_frac": 0.04375290652611998,
  "peak_blocks": 1632,
  "peak_step": 20458,
  "gpu_blocks": 479,
  "total_steps": 25804,
  "type1_count": 20,
  "type2_count": 15,
  "plot_path": "traces/requests_types_32k/all_traces_arrival_rate_CV/SS55_SM04_SL04_MS04_MM02_ML15_LS04_LM04_LL05/lognormal_lambda1.5x_cv1/lognormal_lambda1.5x_cv1.png"
}