{
  "PPR": 2.9817518248175183,
  "TPI": 0.3089629856225145,
  "OV_block_step": 3047221,
  "OV_frac": 0.1890018103658517,
  "GE2_frac": 0.04816287685666701,
  "peak_blocks": 1634,
  "peak_step": 26754,
  "gpu_blocks": 548,
  "total_steps": 29421,
  "type1_count": 31,
  "type2_count": 30,
  "plot_path": "traces/requests_types_32k/all_traces_arrival_rate_CV/SS05_SM22_SL01_MS13_MM01_ML37_LS03_LM03_LL15/lognormal_lambda4.0x_cv5/lognormal_lambda4.0x_cv5.png"
}