{
  "PPR": 2.8,
  "TPI": 0.3449553104114663,
  "OV_block_step": 226159,
  "OV_frac": 0.12140483667498725,
  "GE2_frac": 0.02174088090828569,
  "peak_blocks": 420,
  "peak_step": 2754,
  "gpu_blocks": 150,
  "total_steps": 12419,
  "type1_count": 81,
  "type2_count": 63,
  "plot_path": "traces/requests_types_8k/all_traces_arrival_rate_CV/SS00_SM00_SL00_MS00_MM00_ML00_LS33_LM66_LL01/lognormal_lambda1.0x_cv6/lognormal_lambda1.0x_cv6.png"
}