{
  "PPR": 3.779527559055118,
  "TPI": 0.3221749583872758,
  "OV_block_step": 1431710,
  "OV_frac": 0.26061834396648265,
  "GE2_frac": 0.10731459219530239,
  "peak_blocks": 960,
  "peak_step": 12448,
  "gpu_blocks": 254,
  "total_steps": 21628,
  "type1_count": 48,
  "type2_count": 29,
  "plot_path": "traces/requests_types_16k/all_traces_arrival_rate_CV/SS03_SM42_SL05_MS03_MM05_ML25_LS13_LM02_LL00/lognormal_lambda3.0x_cv5/lognormal_lambda3.0x_cv5.png"
}