{
  "PPR": 4.4324324324324325,
  "TPI": 0.8627508854781583,
  "OV_block_step": 1286837,
  "OV_frac": 1.2831824962506782,
  "GE2_frac": 0.6645513577331759,
  "peak_blocks": 656,
  "peak_step": 2587,
  "gpu_blocks": 148,
  "total_steps": 6776,
  "type1_count": 31,
  "type2_count": 8,
  "plot_path": "traces/requests_types_8k/all_traces_arrival_rate_CV/SS01_SM18_SL11_MS32_MM14_ML02_LS14_LM07_LL01/lognormal_lambda5.0x_cv7/lognormal_lambda5.0x_cv7.png"
}