{
  "PPR": 4.35445205479452,
  "TPI": 0.8431835733430246,
  "OV_block_step": 14756933,
  "OV_frac": 1.1478999177945286,
  "GE2_frac": 0.5152864216599282,
  "peak_blocks": 2543,
  "peak_step": 8950,
  "gpu_blocks": 584,
  "total_steps": 22013,
  "type1_count": 37,
  "type2_count": 12,
  "plot_path": "traces/requests_types_32k/all_traces_arrival_rate_CV/SS15_SM02_SL11_MS22_MM03_ML32_LS00_LM00_LL14/lognormal_lambda5.0x_cv1/lognormal_lambda5.0x_cv1.png"
}