{
  "PPR": 4.6878994930570865,
  "TPI": 0.7212149976269577,
  "OV_block_step": 303752815,
  "OV_frac": 1.588755258011986,
  "GE2_frac": 0.6076174655908875,
  "peak_blocks": 21269,
  "peak_step": 26810,
  "gpu_blocks": 4537,
  "total_steps": 42140,
  "type1_count": 11,
  "type2_count": 20,
  "plot_path": "traces/SS06_SL07_LS05_LL80/per05/per05_sv_ov1p6.png"
}