{
  "PPR": 5.276771004942339,
  "TPI": 0.586281289712445,
  "OV_block_step": 13360435,
  "OV_frac": 0.6504891485048073,
  "GE2_frac": 0.25785382864911194,
  "peak_blocks": 3203,
  "peak_step": 22315,
  "gpu_blocks": 607,
  "total_steps": 33837,
  "type1_count": 50,
  "type2_count": 21,
  "plot_path": "traces/requests_types_32k/all_traces_arrival_rate_CV/SS07_SM08_SL06_MS09_MM09_ML09_LS07_LM08_LL38/lognormal_lambda2.0x_cv5/lognormal_lambda2.0x_cv5.png"
}