{
  "PPR": 4.238095238095238,
  "TPI": 0.7231063504208111,
  "OV_block_step": 3198043,
  "OV_frac": 0.896284867899252,
  "GE2_frac": 0.481637337413925,
  "peak_blocks": 1157,
  "peak_step": 7526,
  "gpu_blocks": 273,
  "total_steps": 13070,
  "type1_count": 42,
  "type2_count": 13,
  "plot_path": "traces/requests_types_16k/all_traces_arrival_rate_CV/SS18_SM04_SL04_MS07_MM51_ML04_LS07_LM02_LL03/lognormal_lambda2.5x_cv5/lognormal_lambda2.5x_cv5.png"
}