{
  "PPR": 5.805921052631579,
  "TPI": 0.6840174562013788,
  "OV_block_step": 5460480,
  "OV_frac": 1.1360511835530893,
  "GE2_frac": 0.33849851369299855,
  "peak_blocks": 1765,
  "peak_step": 9567,
  "gpu_blocks": 304,
  "total_steps": 15811,
  "type1_count": 44,
  "type2_count": 19,
  "plot_path": "traces/requests_types_16k/all_traces_arrival_rate_CV/SS05_SM02_SL22_MS01_MM07_ML11_LS31_LM03_LL19/lognormal_lambda3.5x_cv7/lognormal_lambda3.5x_cv7.png"
}