{
  "PPR": 5.016339869281046,
  "TPI": 0.448451904359643,
  "OV_block_step": 3390172,
  "OV_frac": 0.4069120161623494,
  "GE2_frac": 0.16017188819921402,
  "peak_blocks": 1535,
  "peak_step": 19275,
  "gpu_blocks": 306,
  "total_steps": 27227,
  "type1_count": 70,
  "type2_count": 27,
  "plot_path": "traces/requests_types_16k/all_traces_arrival_rate_CV/SS18_SM08_SL17_MS21_MM06_ML10_LS10_LM03_LL07/lognormal_lambda3.0x_cv1/lognormal_lambda3.0x_cv1.png"
}