{
  "PPR": 7.337620578778135,
  "TPI": 0.6767288033674083,
  "OV_block_step": 4674417,
  "OV_frac": 1.807610311817832,
  "GE2_frac": 0.5809981960312688,
  "peak_blocks": 2282,
  "peak_step": 4567,
  "gpu_blocks": 311,
  "total_steps": 8315,
  "type1_count": 13,
  "type2_count": 13,
  "plot_path": "traces/requests_types_16k/all_traces_arrival_rate_CV/SS06_SM03_SL09_MS03_MM03_ML06_LS03_LM03_LL64/lognormal_lambda5.0x_cv3/lognormal_lambda5.0x_cv3.png"
}