{
  "PPR": 3.268727272727273,
  "TPI": 0.33977675577273164,
  "OV_block_step": 94602752,
  "OV_frac": 0.1648031078244358,
  "GE2_frac": 0.03938392258311776,
  "peak_blocks": 8989,
  "peak_step": 175896,
  "gpu_blocks": 2750,
  "total_steps": 208740,
  "type1_count": 49,
  "type2_count": 48,
  "plot_path": "traces/requests_types_96k/all_traces_arrival_rate_CV/SS00_SM06_SL06_MS06_MM39_ML00_LS06_LM18_LL19/lognormal_lambda1.5x_cv1/lognormal_lambda1.5x_cv1.png"
}