{
  "PPR": 2.978021978021978,
  "TPI": 0.27302263051758907,
  "OV_block_step": 406827,
  "OV_frac": 0.1669514666377763,
  "GE2_frac": 0.07539771454178804,
  "peak_blocks": 813,
  "peak_step": 6998,
  "gpu_blocks": 273,
  "total_steps": 8926,
  "type1_count": 48,
  "type2_count": 38,
  "plot_path": "traces/requests_types_16k/all_traces_arrival_rate_CV/SS06_SM27_SL20_MS09_MM11_ML01_LS04_LM12_LL10/lognormal_lambda3.5x_cv2/lognormal_lambda3.5x_cv2.png"
}