{
  "PPR": 8.688311688311689,
  "TPI": 0.4045846978267342,
  "OV_block_step": 977623,
  "OV_frac": 0.9449540486307382,
  "GE2_frac": 0.2902649598094671,
  "peak_blocks": 1338,
  "peak_step": 1406,
  "gpu_blocks": 154,
  "total_steps": 6718,
  "type1_count": 18,
  "type2_count": 14,
  "plot_path": "traces/requests_types_8k/all_traces_arrival_rate_CV/SS00_SM00_SL00_MS00_MM00_ML00_LS00_LM33_LL67/lognormal_lambda3.5x_cv6/lognormal_lambda3.5x_cv6.png"
}