{
  "PPR": 6.775351014040561,
  "TPI": 0.5480053339259918,
  "OV_block_step": 24297085,
  "OV_frac": 1.0530328036101775,
  "GE2_frac": 0.3296755195021669,
  "peak_blocks": 4343,
  "peak_step": 18496,
  "gpu_blocks": 641,
  "total_steps": 35996,
  "type1_count": 29,
  "type2_count": 44,
  "plot_path": "traces/requests_types_32k/all_traces_arrival_rate_CV/SS00_SM00_SL00_MS00_MM00_ML00_LS33_LM33_LL34/lognormal_lambda4.0x_cv3/lognormal_lambda4.0x_cv3.png"
}