{
  "PPR": 2.9123160653094136,
  "TPI": 0.7779221162646511,
  "OV_block_step": 130345041,
  "OV_frac": 0.7757062079883092,
  "GE2_frac": 0.42130436066251364,
  "peak_blocks": 14448,
  "peak_step": 15299,
  "gpu_blocks": 4961,
  "total_steps": 33871,
  "type1_count": 51,
  "type2_count": 13,
  "plot_path": "traces/SS16_SL02_LS38_LL41/poi05/poi05_hi_ov79.png"
}