{
  "PPR": 8.318181818181818,
  "TPI": 0.5832411504424779,
  "OV_block_step": 455391,
  "OV_frac": 0.8177777697965751,
  "GE2_frac": 0.25082964601769914,
  "peak_blocks": 1281,
  "peak_step": 2383,
  "gpu_blocks": 154,
  "total_steps": 3616,
  "type1_count": 29,
  "type2_count": 38,
  "plot_path": "traces/requests_types_8k/all_traces_arrival_rate_CV/SS00_SM00_SL00_MS00_MM00_ML00_LS00_LM66_LL34/lognormal_lambda3.5x_cv2/lognormal_lambda3.5x_cv2.png"
}