{
  "PPR": 3.732776617954071,
  "TPI": 0.18216865908575502,
  "OV_block_step": 1684026,
  "OV_frac": 0.11389872354913765,
  "GE2_frac": 0.027764279003466487,
  "peak_blocks": 1788,
  "peak_step": 26573,
  "gpu_blocks": 479,
  "total_steps": 30867,
  "type1_count": 18,
  "type2_count": 11,
  "plot_path": "traces/requests_types_32k/all_traces_arrival_rate_CV/SS55_SM04_SL04_MS04_MM02_ML15_LS04_LM04_LL05/lognormal_lambda1.0x_cv1/lognormal_lambda1.0x_cv1.png"
}