{
  "PPR": 5.016363636363637,
  "TPI": 0.5684931506849316,
  "OV_block_step": 1996621,
  "OV_frac": 0.5920123939986953,
  "GE2_frac": 0.25505544683626874,
  "peak_blocks": 2759,
  "peak_step": 5238,
  "gpu_blocks": 550,
  "total_steps": 6132,
  "type1_count": 26,
  "type2_count": 43,
  "plot_path": "traces/requests_types_32k/all_traces_arrival_rate_CV/SS00_SM00_SL00_MS00_MM00_ML00_LS00_LM99_LL01/lognormal_lambda2.0x_cv2/lognormal_lambda2.0x_cv2.png"
}