{
  "PPR": 1.2779397473275025,
  "TPI": 0.02464726108608015,
  "OV_block_step": 182790,
  "OV_frac": 0.0026327733573188075,
  "GE2_frac": 0.0,
  "peak_blocks": 1315,
  "peak_step": 20606,
  "gpu_blocks": 1029,
  "total_steps": 67472,
  "type1_count": 10,
  "type2_count": 16,
  "plot_path": "traces/requests_types_32k_bs8/all_traces_arrival_rate_CV/SS09_SM11_SL08_MS09_MM08_ML09_LS18_LM23_LL05/lognormal_lambda2.0x_cv1/lognormal_lambda2.0x_cv1.png"
}