{
  "PPR": 2.9615384615384617,
  "TPI": 0.15791654712951453,
  "OV_block_step": 7520886,
  "OV_frac": 0.1397086704058111,
  "GE2_frac": 0.0639019051565671,
  "peak_blocks": 1694,
  "peak_step": 14789,
  "gpu_blocks": 572,
  "total_steps": 94113,
  "type1_count": 38,
  "type2_count": 19,
  "plot_path": "traces/requests_types_32k/all_traces_arrival_rate_CV/SS18_SM04_SL04_MS07_MM51_ML04_LS07_LM02_LL03/lognormal_lambda1.2x_cv4/lognormal_lambda1.2x_cv4.png"
}