{
  "PPR": 2.7395104895104896,
  "TPI": 0.4617323655960711,
  "OV_block_step": 9376988,
  "OV_frac": 0.35623746499925385,
  "GE2_frac": 0.1490503715937242,
  "peak_blocks": 1567,
  "peak_step": 34515,
  "gpu_blocks": 572,
  "total_steps": 46018,
  "type1_count": 65,
  "type2_count": 31,
  "plot_path": "traces/requests_types_32k/all_traces_arrival_rate_CV/SS18_SM04_SL04_MS07_MM51_ML04_LS07_LM02_LL03/lognormal_lambda2.5x_cv7/lognormal_lambda2.5x_cv7.png"
}