{
  "PPR": 2.5702054794520546,
  "TPI": 0.35529285143908623,
  "OV_block_step": 6568510,
  "OV_frac": 0.19524786706483677,
  "GE2_frac": 0.05806686803457973,
  "peak_blocks": 1501,
  "peak_step": 8003,
  "gpu_blocks": 584,
  "total_steps": 57606,
  "type1_count": 68,
  "type2_count": 40,
  "plot_path": "traces/requests_types_32k/all_traces_arrival_rate_CV/SS15_SM02_SL11_MS22_MM03_ML32_LS00_LM00_LL14/lognormal_lambda1.5x_cv2/lognormal_lambda1.5x_cv2.png"
}