{
  "PPR": 5.313659359190557,
  "TPI": 0.5187061903555443,
  "OV_block_step": 5333567,
  "OV_frac": 0.7595820279182587,
  "GE2_frac": 0.23781775187906426,
  "peak_blocks": 3151,
  "peak_step": 5477,
  "gpu_blocks": 593,
  "total_steps": 11841,
  "type1_count": 21,
  "type2_count": 22,
  "plot_path": "traces/requests_types_32k/all_traces_arrival_rate_CV/SS07_SM02_SL09_MS02_MM02_ML07_LS02_LM57_LL10/lognormal_lambda4.5x_cv1/lognormal_lambda4.5x_cv1.png"
}