{
  "PPR": 6.522012578616352,
  "TPI": 0.8560171919770774,
  "OV_block_step": 5904777,
  "OV_frac": 1.4779115832597478,
  "GE2_frac": 0.5443330149633875,
  "peak_blocks": 2074,
  "peak_step": 7563,
  "gpu_blocks": 318,
  "total_steps": 12564,
  "type1_count": 44,
  "type2_count": 23,
  "plot_path": "traces/requests_types_16k/all_traces_arrival_rate_CV/SS00_SM00_SL00_MS00_MM00_ML00_LS33_LM00_LL67/lognormal_lambda4.5x_cv1/lognormal_lambda4.5x_cv1.png"
}