{
  "PPR": 5.163043478260869,
  "TPI": 0.3494132985658409,
  "OV_block_step": 3778871,
  "OV_frac": 0.48245398337513296,
  "GE2_frac": 0.18288170830543712,
  "peak_blocks": 1425,
  "peak_step": 22310,
  "gpu_blocks": 276,
  "total_steps": 28379,
  "type1_count": 52,
  "type2_count": 18,
  "plot_path": "traces/requests_types_16k/all_traces_arrival_rate_CV/SS15_SM02_SL11_MS22_MM03_ML32_LS00_LM00_LL14/lognormal_lambda4.5x_cv4/lognormal_lambda4.5x_cv4.png"
}