{
  "PPR": 5.194545454545454,
  "TPI": 0.5005793071486502,
  "OV_block_step": 794472918,
  "OV_frac": 0.49223940193197385,
  "GE2_frac": 0.21835619892725947,
  "peak_blocks": 14285,
  "peak_step": 180444,
  "gpu_blocks": 2750,
  "total_steps": 586908,
  "type1_count": 93,
  "type2_count": 25,
  "plot_path": "traces/sy_requests/all_traces_arrival_rate_CV/SS06_SM06_SL19_MS24_MM08_ML20_LS10_LM05_LL02/lognormal_lambda2.0x_cv1/lognormal_lambda2.0x_cv1.png"
}