{
  "PPR": 3.736654804270463,
  "TPI": 0.1786327722432154,
  "OV_block_step": 750936,
  "OV_frac": 0.10200275227152052,
  "GE2_frac": 0.026298713691362267,
  "peak_blocks": 1050,
  "peak_step": 17369,
  "gpu_blocks": 281,
  "total_steps": 26199,
  "type1_count": 30,
  "type2_count": 30,
  "plot_path": "traces/requests_types_16k/all_traces_arrival_rate_CV/SS00_SM06_SL06_MS06_MM39_ML00_LS06_LM18_LL19/lognormal_lambda1.0x_cv6/lognormal_lambda1.0x_cv6.png"
}