{
  "PPR": 4.745387453874539,
  "TPI": 0.4610154327890852,
  "OV_block_step": 2676009,
  "OV_frac": 0.44171648202726715,
  "GE2_frac": 0.12874077387609037,
  "peak_blocks": 1286,
  "peak_step": 6583,
  "gpu_blocks": 271,
  "total_steps": 22355,
  "type1_count": 72,
  "type2_count": 34,
  "plot_path": "traces/requests_types_16k/all_traces_arrival_rate_CV/SS06_SM06_SL19_MS24_MM08_ML20_LS10_LM05_LL02/lognormal_lambda3.5x_cv7/lognormal_lambda3.5x_cv7.png"
}