{
  "PPR": 2.683690491466701,
  "TPI": 0.7298974420367932,
  "OV_block_step": 224354101,
  "OV_frac": 0.5744280044712341,
  "GE2_frac": 0.24388443273873658,
  "peak_blocks": 20914,
  "peak_step": 28337,
  "gpu_blocks": 7793,
  "total_steps": 50118,
  "type1_count": 58,
  "type2_count": 15,
  "plot_path": "traces/request_types/SS07_SL05_LS02_LL84/uni05/uni05_mh_ov58.png"
}