{
  "PPR": 1.3516448006204356,
  "TPI": 0.25372121792569535,
  "OV_block_step": 31290051,
  "OV_frac": 0.04034948664433782,
  "GE2_frac": 0.0,
  "peak_blocks": 20914,
  "peak_step": 28337,
  "gpu_blocks": 15473,
  "total_steps": 50118,
  "type1_count": 56,
  "type2_count": 41,
  "plot_path": "traces/request_types/SS07_SL05_LS02_LL84/uni05/uni05_vl_ov4.png"
}