{
  "PPR": 3.4895104895104896,
  "TPI": 0.5514117151285293,
  "OV_block_step": 730378,
  "OV_frac": 0.5380887549029142,
  "GE2_frac": 0.22998314369995787,
  "peak_blocks": 499,
  "peak_step": 6551,
  "gpu_blocks": 143,
  "total_steps": 9492,
  "type1_count": 77,
  "type2_count": 22,
  "plot_path": "traces/requests_types_8k/all_traces_arrival_rate_CV/SS18_SM08_SL17_MS21_MM06_ML10_LS10_LM03_LL07/lognormal_lambda3.5x_cv2/lognormal_lambda3.5x_cv2.png"
}