{
  "PPR": 4.725126475548061,
  "TPI": 0.18717320560166734,
  "OV_block_step": 4176653,
  "OV_frac": 0.25753262263551446,
  "GE2_frac": 0.08801053054956305,
  "peak_blocks": 2802,
  "peak_step": 19387,
  "gpu_blocks": 593,
  "total_steps": 27349,
  "type1_count": 17,
  "type2_count": 24,
  "plot_path": "traces/requests_types_32k/all_traces_arrival_rate_CV/SS07_SM02_SL09_MS02_MM02_ML07_LS02_LM57_LL10/lognormal_lambda1.5x_cv4/lognormal_lambda1.5x_cv4.png"
}