{
  "PPR": 3.3117760617760617,
  "TPI": 0.3947042062384093,
  "OV_block_step": 200092649,
  "OV_frac": 0.22137209081714657,
  "GE2_frac": 0.05516088879108183,
  "peak_blocks": 6862,
  "peak_step": 348026,
  "gpu_blocks": 2072,
  "total_steps": 436233,
  "type1_count": 114,
  "type2_count": 71,
  "plot_path": "traces/requests_types_64k/all_traces_arrival_rate_CV/SS02_SM02_SL02_MS01_MM01_ML02_LS01_LM03_LL86/lognormal_lambda1.5x_cv1/lognormal_lambda1.5x_cv1.png"
}