{
  "PPR": 4.985239852398524,
  "TPI": 0.7817274472168906,
  "OV_block_step": 3390545,
  "OV_frac": 0.9605555594903358,
  "GE2_frac": 0.37013435700575814,
  "peak_blocks": 1351,
  "peak_step": 6482,
  "gpu_blocks": 271,
  "total_steps": 13025,
  "type1_count": 52,
  "type2_count": 24,
  "plot_path": "traces/requests_types_16k/all_traces_arrival_rate_CV/SS06_SM06_SL19_MS24_MM08_ML20_LS10_LM05_LL02/lognormal_lambda4.5x_cv2/lognormal_lambda4.5x_cv2.png"
}