{
  "PPR": 5.933110367892977,
  "TPI": 0.5109289617486339,
  "OV_block_step": 2451843,
  "OV_frac": 0.5091991935363283,
  "GE2_frac": 0.19783904619970194,
  "peak_blocks": 1774,
  "peak_step": 7272,
  "gpu_blocks": 299,
  "total_steps": 16104,
  "type1_count": 35,
  "type2_count": 24,
  "plot_path": "traces/requests_types_16k/all_traces_arrival_rate_CV/SS10_SM24_SL05_MS05_MM03_ML14_LS09_LM12_LL18/lognormal_lambda3.5x_cv3/lognormal_lambda3.5x_cv3.png"
}