{
  "PPR": 4.90650406504065,
  "TPI": 0.6170630591315732,
  "OV_block_step": 1942330,
  "OV_frac": 0.861406328442512,
  "GE2_frac": 0.41632118699541787,
  "peak_blocks": 1207,
  "peak_step": 5623,
  "gpu_blocks": 246,
  "total_steps": 9166,
  "type1_count": 40,
  "type2_count": 28,
  "plot_path": "traces/requests_types_16k/all_traces_arrival_rate_CV/SS06_SM01_SL07_MS08_MM02_ML49_LS05_LM19_LL03/lognormal_lambda4.5x_cv5/lognormal_lambda4.5x_cv5.png"
}