{
  "PPR": 3.0917782026768643,
  "TPI": 0.6292064485835029,
  "OV_block_step": 4070364,
  "OV_frac": 0.3045360288521709,
  "GE2_frac": 0.07223352637345437,
  "peak_blocks": 1617,
  "peak_step": 20417,
  "gpu_blocks": 523,
  "total_steps": 25556,
  "type1_count": 79,
  "type2_count": 54,
  "plot_path": "traces/requests_types_32k/all_traces_arrival_rate_CV/SS06_SM01_SL07_MS08_MM02_ML49_LS05_LM19_LL03/lognormal_lambda3.5x_cv1/lognormal_lambda3.5x_cv1.png"
}