{
  "PPR": 2.9139579349904396,
  "TPI": 0.5842545160420598,
  "OV_block_step": 4215273,
  "OV_frac": 0.310433902518579,
  "GE2_frac": 0.10565034857296922,
  "peak_blocks": 1524,
  "peak_step": 20961,
  "gpu_blocks": 523,
  "total_steps": 25963,
  "type1_count": 73,
  "type2_count": 68,
  "plot_path": "traces/requests_types_32k/all_traces_arrival_rate_CV/SS06_SM01_SL07_MS08_MM02_ML49_LS05_LM19_LL03/lognormal_lambda3.5x_cv1/lognormal_lambda3.5x_cv1.png"
}