{
  "PPR": 3.3565768621236134,
  "TPI": 0.5784976118106817,
  "OV_block_step": 18826696,
  "OV_frac": 0.5182159836993434,
  "GE2_frac": 0.2594876248371689,
  "peak_blocks": 2118,
  "peak_step": 35414,
  "gpu_blocks": 631,
  "total_steps": 57575,
  "type1_count": 75,
  "type2_count": 50,
  "plot_path": "traces/requests_types_32k/all_traces_arrival_rate_CV/SS00_SM00_SL00_MS00_MM00_ML00_LS33_LM00_LL67/lognormal_lambda3.0x_cv1/lognormal_lambda3.0x_cv1.png"
}