{
  "PPR": 3.9017543859649124,
  "TPI": 0.6346492025953551,
  "OV_block_step": 2456188,
  "OV_frac": 0.5226004189419641,
  "GE2_frac": 0.1925898975198593,
  "peak_blocks": 1112,
  "peak_step": 1756,
  "gpu_blocks": 285,
  "total_steps": 16491,
  "type1_count": 64,
  "type2_count": 19,
  "plot_path": "traces/requests_types_16k/all_traces_arrival_rate_CV/SS05_SM22_SL01_MS13_MM01_ML37_LS03_LM03_LL15/lognormal_lambda4.0x_cv7/lognormal_lambda4.0x_cv7.png"
}