{
  "PPR": 7.617090909090909,
  "TPI": 0.6796804920763744,
  "OV_block_step": 587663162,
  "OV_frac": 1.825600745570264,
  "GE2_frac": 0.5064627739097005,
  "peak_blocks": 20947,
  "peak_step": 81911,
  "gpu_blocks": 2750,
  "total_steps": 117055,
  "type1_count": 25,
  "type2_count": 18,
  "plot_path": "traces/sy_requests/all_traces_arrival_rate_CV/SS08_SM22_SL00_MS03_MM03_ML08_LS25_LM08_LL23/lognormal_lambda4.0x_cv1/lognormal_lambda4.0x_cv1.png"
}