{
  "PPR": 3.944146079484425,
  "TPI": 0.5575892826202967,
  "OV_block_step": 126724585,
  "OV_frac": 0.47168056003250847,
  "GE2_frac": 0.21515153615313712,
  "peak_blocks": 7344,
  "peak_step": 129578,
  "gpu_blocks": 1862,
  "total_steps": 144289,
  "type1_count": 76,
  "type2_count": 39,
  "plot_path": "traces/requests_types_64k/all_traces_arrival_rate_CV/SS10_SM24_SL05_MS05_MM03_ML14_LS09_LM12_LL18/lognormal_lambda3.0x_cv1/lognormal_lambda3.0x_cv1.png"
}