{
  "PPR": 5.249584026622296,
  "TPI": 0.6032224117284175,
  "OV_block_step": 14997775,
  "OV_frac": 0.9055666617980206,
  "GE2_frac": 0.32285807598795224,
  "peak_blocks": 3155,
  "peak_step": 7648,
  "gpu_blocks": 601,
  "total_steps": 27557,
  "type1_count": 43,
  "type2_count": 20,
  "plot_path": "traces/requests_types_32k/all_traces_arrival_rate_CV/SS09_SM11_SL08_MS09_MM08_ML09_LS18_LM23_LL05/lognormal_lambda4.5x_cv3/lognormal_lambda4.5x_cv3.png"
}