{
  "PPR": 4.552188552188552,
  "TPI": 0.4554546788836936,
  "OV_block_step": 6992630,
  "OV_frac": 0.49366172717607937,
  "GE2_frac": 0.19803744784349905,
  "peak_blocks": 1352,
  "peak_step": 8765,
  "gpu_blocks": 297,
  "total_steps": 47693,
  "type1_count": 98,
  "type2_count": 31,
  "plot_path": "traces/requests_types_16k/all_traces_arrival_rate_CV/SS06_SM02_SL13_MS06_MM04_ML06_LS51_LM09_LL05/lognormal_lambda3.5x_cv3/lognormal_lambda3.5x_cv3.png"
}