{
  "PPR": 2.4618931380526172,
  "TPI": 0.5512148356751251,
  "OV_block_step": 89252071,
  "OV_frac": 0.36261172884767073,
  "GE2_frac": 0.16902843104946225,
  "peak_blocks": 18154,
  "peak_step": 15233,
  "gpu_blocks": 7374,
  "total_steps": 33379,
  "type1_count": 51,
  "type2_count": 10,
  "plot_path": "traces/request_types/SS50_SL00_LS00_LL50/tsa05/tsa05_md_ov36.png"
}