{
  "PPR": 3.7085960172120482,
  "TPI": 0.7698722498225692,
  "OV_block_step": 190981444,
  "OV_frac": 0.8477431895726583,
  "GE2_frac": 0.3502484031227821,
  "peak_blocks": 37060,
  "peak_step": 3664,
  "gpu_blocks": 9993,
  "total_steps": 22544,
  "type1_count": 22,
  "type2_count": 10,
  "plot_path": "traces/request_types/SS11_SL12_LS10_LL64/bim05/bim05_hi_ov85.png"
}