{
  "PPR": 4.760697305863708,
  "TPI": 0.3009866758325077,
  "OV_block_step": 14193412,
  "OV_frac": 0.22739563471371974,
  "GE2_frac": 0.09190440566934228,
  "peak_blocks": 3004,
  "peak_step": 7203,
  "gpu_blocks": 631,
  "total_steps": 98918,
  "type1_count": 66,
  "type2_count": 62,
  "plot_path": "traces/requests_types_32k/all_traces_arrival_rate_CV/SS00_SM00_SL00_MS00_MM00_ML00_LS33_LM00_LL67/lognormal_lambda1.0x_cv5/lognormal_lambda1.0x_cv5.png"
}