{
  "PPR": 2.3636363636363638,
  "TPI": 0.1365490760739141,
  "OV_block_step": 185323,
  "OV_frac": 0.07219799039453467,
  "GE2_frac": 0.023698104151667867,
  "peak_blocks": 364,
  "peak_step": 4025,
  "gpu_blocks": 154,
  "total_steps": 16668,
  "type1_count": 29,
  "type2_count": 21,
  "plot_path": "traces/requests_types_8k/all_traces_arrival_rate_CV/SS11_SM11_SL11_MS11_MM11_ML11_LS11_LM11_LL11/lognormal_lambda1.5x_cv1/lognormal_lambda1.5x_cv1.png"
}