{
  "PPR": 1.8835309824864526,
  "TPI": 0.5041502245203429,
  "OV_block_step": 116666644,
  "OV_frac": 0.20779565795642077,
  "GE2_frac": 0.0,
  "peak_blocks": 23983,
  "peak_step": 19002,
  "gpu_blocks": 12733,
  "total_steps": 44094,
  "type1_count": 58,
  "type2_count": 18,
  "plot_path": "traces/request_types/SS03_SL00_LS04_LL91/uni05/uni05_ml_ov21.png"
}