{
  "PPR": 3.2448924367473957,
  "TPI": 0.6715199346849912,
  "OV_block_step": 250178076,
  "OV_frac": 0.7676558223355466,
  "GE2_frac": 0.43312015240168733,
  "peak_blocks": 23983,
  "peak_step": 19002,
  "gpu_blocks": 7391,
  "total_steps": 44094,
  "type1_count": 47,
  "type2_count": 17,
  "plot_path": "traces/request_types/SS03_SL00_LS04_LL91/uni05/uni05_hi_ov78.png"
}