{
  "PPR": 2.447633998654407,
  "TPI": 0.3180846455867764,
  "OV_block_step": 102432291,
  "OV_frac": 0.10699246913221667,
  "GE2_frac": 0.0052210687122450595,
  "peak_blocks": 10914,
  "peak_step": 37184,
  "gpu_blocks": 4459,
  "total_steps": 214707,
  "type1_count": 78,
  "type2_count": 98,
  "plot_path": "traces/requests_types_128k_bs8/all_traces_arrival_rate_CV/SS00_SM00_SL00_MS00_MM00_ML00_LS00_LM66_LL34/lognormal_lambda2.5x_cv1/lognormal_lambda2.5x_cv1.png"
}