{
  "PPR": 3.9115646258503403,
  "TPI": 0.15782471312156993,
  "OV_block_step": 384651,
  "OV_frac": 0.14505645930416072,
  "GE2_frac": 0.05077886800820445,
  "peak_blocks": 575,
  "peak_step": 5821,
  "gpu_blocks": 147,
  "total_steps": 18039,
  "type1_count": 36,
  "type2_count": 17,
  "plot_path": "traces/requests_types_8k/all_traces_arrival_rate_CV/SS04_SM15_SL55_MS02_MM04_ML04_LS04_LM04_LL05/lognormal_lambda2.5x_cv6/lognormal_lambda2.5x_cv6.png"
}