{
  "PPR": 1.8196363636363637,
  "TPI": 0.23396346384289943,
  "OV_block_step": 7172722,
  "OV_frac": 0.06378573635896763,
  "GE2_frac": 0.0,
  "peak_blocks": 5004,
  "peak_step": 19074,
  "gpu_blocks": 2750,
  "total_steps": 40891,
  "type1_count": 22,
  "type2_count": 21,
  "plot_path": "traces/requests_types_96k/all_traces_arrival_rate_CV/SS54_SM10_SL01_MS02_MM09_ML02_LS06_LM14_LL01/lognormal_lambda4.0x_cv1/lognormal_lambda4.0x_cv1.png"
}