{
  "PPR": 6.845588235294118,
  "TPI": 0.5004240882103478,
  "OV_block_step": 132417,
  "OV_frac": 0.8258307139649753,
  "GE2_frac": 0.31636980491942324,
  "peak_blocks": 931,
  "peak_step": 162,
  "gpu_blocks": 136,
  "total_steps": 1179,
  "type1_count": 17,
  "type2_count": 25,
  "plot_path": "traces/requests_types_8k/all_traces_arrival_rate_CV/SS00_SM00_SL00_MS00_MM00_ML00_LS00_LM99_LL01/lognormal_lambda2.5x_cv3/lognormal_lambda2.5x_cv3.png"
}