{
  "batch_size": 4,
  "max_model_len": 32384,
  "num_gpu_blocks_override": 7987,
  "arrival_pattern": "UniformArrival(max_step=21562)",
  "vocab": [200, 30000],
  "requests": {
    "request_0": {"category": "LS_I6544-9824_O1632-2448", "input_length": 7134, "output_length": 1843, "arrival_time": 0, "sched_time": 0, "wait_time": 0, "slo": 0.05851226183700276},
    "request_1": {"category": "SL_I192-304_O13104-19648", "input_length": 229, "output_length": 17602, "arrival_time": 0, "sched_time": 0, "wait_time": 0, "slo": 0.06738169597987483},
    "request_2": {"category": "SS_I400-608_O816-1216", "input_length": 466, "output_length": 897, "arrival_time": 0, "sched_time": 0, "wait_time": 0, "slo": 0.05088498924113334},
    "request_3": {"category": "LL_I3264-4912_O3264-4912", "input_length": 4889, "output_length": 3518, "arrival_time": 0, "sched_time": 0, "wait_time": 0, "slo": 0.057941268222654774},
    "request_4": {"category": "SL_I192-304_O13104-19648", "input_length": 286, "output_length": 13632, "arrival_time": 1088, "sched_time": 1088, "wait_time": 0, "slo": 0.06346187490453505},
    "request_5": {"category": "SL_I816-1216_O13104-19648", "input_length": 1154, "output_length": 17217, "arrival_time": 1720, "sched_time": 1844, "wait_time": 124, "slo": 0.06792263729873081},
    "request_6": {"category": "SS_I400-608_O192-304", "input_length": 421, "output_length": 234, "arrival_time": 2049, "sched_time": 3519, "wait_time": 1470, "slo": 0.05017575506752216},
    "request_7": {"category": "SL_I192-304_O13104-19648", "input_length": 232, "output_length": 19102, "arrival_time": 2135, "sched_time": 3754, "wait_time": 1619, "slo": 0.06888731598402398},
    "request_8": {"category": "SS_I816-1216_O192-304", "input_length": 960, "output_length": 280, "arrival_time": 2594, "sched_time": 14721, "wait_time": 12127, "slo": 0.05076177482961614},
    "request_9": {"category": "LS_I13104-19648_O816-1216", "input_length": 17772, "output_length": 887, "arrival_time": 2840, "sched_time": 15002, "wait_time": 12162, "slo": 0.068211139335454},
    "request_10": {"category": "SL_I816-1216_O6544-9824", "input_length": 1196, "output_length": 6766, "arrival_time": 3129, "sched_time": 15890, "wait_time": 12761, "slo": 0.05749549250619012},
    "request_11": {"category": "SS_I1632-2448_O192-304", "input_length": 2207, "output_length": 303, "arrival_time": 3141, "sched_time": 17603, "wait_time": 14462, "slo": 0.05203398867211078},
    "request_12": {"category": "SL_I192-304_O6544-9824", "input_length": 238, "output_length": 8670, "arrival_time": 3437, "sched_time": 17907, "wait_time": 14470, "slo": 0.05844314155737117},
    "request_13": {"category": "SS_I1632-2448_O816-1216", "input_length": 2033, "output_length": 1101, "arrival_time": 3504, "sched_time": 19062, "wait_time": 15558, "slo": 0.052659076418344365},
    "request_14": {"category": "SS_I192-304_O400-608", "input_length": 293, "output_length": 454, "arrival_time": 3807, "sched_time": 20164, "wait_time": 16357, "slo": 0.05026791544036429},
    "request_15": {"category": "LL_I3264-4912_O3264-4912", "input_length": 4288, "output_length": 4900, "arrival_time": 4263, "sched_time": 20619, "wait_time": 16356, "slo": 0.05872362964862982},
    "request_16": {"category": "LS_I6544-9824_O400-608", "input_length": 7223, "output_length": 424, "arrival_time": 4558, "sched_time": 22657, "wait_time": 18099, "slo": 0.05717994340352413},
    "request_17": {"category": "SL_I816-1216_O6544-9824", "input_length": 1039, "output_length": 7108, "arrival_time": 4975, "sched_time": 22857, "wait_time": 17882, "slo": 0.05768081499505745},
    "request_18": {"category": "LL_I3264-4912_O13104-19648", "input_length": 3393, "output_length": 16046, "arrival_time": 5216, "sched_time": 23082, "wait_time": 17866, "slo": 0.06899249901824599},
    "request_19": {"category": "SS_I192-304_O400-608", "input_length": 200, "output_length": 536, "arrival_time": 5289, "sched_time": 25520, "wait_time": 20231, "slo": 0.050256896265350556},
    "request_20": {"category": "SS_I400-608_O1632-2448", "input_length": 499, "output_length": 2267, "arrival_time": 5342, "sched_time": 26057, "wait_time": 20715, "slo": 0.05229043492697584},
    "request_21": {"category": "LL_I6544-9824_O6544-9824", "input_length": 9311, "output_length": 6836, "arrival_time": 5443, "sched_time": 26578, "wait_time": 21135, "slo": 0.06569476045959059},
    "request_22": {"category": "SL_I400-608_O3264-4912", "input_length": 608, "output_length": 3829, "arrival_time": 5608, "sched_time": 28325, "wait_time": 22717, "slo": 0.053964347785880204},
    "request_23": {"category": "SL_I816-1216_O3264-4912", "input_length": 907, "output_length": 4421, "arrival_time": 5648, "sched_time": 29966, "wait_time": 24318, "slo": 0.05485690096199258},
    "request_24": {"category": "LL_I3264-4912_O6544-9824", "input_length": 4469, "output_length": 6765, "arrival_time": 5760, "sched_time": 32155, "wait_time": 26395, "slo": 0.060773196201184175},
    "request_25": {"category": "LS_I3264-4912_O400-608", "input_length": 3764, "output_length": 601, "arrival_time": 6120, "sched_time": 33415, "wait_time": 27295, "slo": 0.0538922222766994},
    "request_26": {"category": "SS_I1632-2448_O192-304", "input_length": 2208, "output_length": 296, "arrival_time": 6174, "sched_time": 34017, "wait_time": 27843, "slo": 0.05202797821301238},
    "request_27": {"category": "SS_I1632-2448_O1632-2448", "input_length": 2023, "output_length": 1695, "arrival_time": 6409, "sched_time": 34314, "wait_time": 27905, "slo": 0.053244094437255286},
    "request_28": {"category": "LL_I3264-4912_O6544-9824", "input_length": 4814, "output_length": 6545, "arrival_time": 6430, "sched_time": 34388, "wait_time": 27958, "slo": 0.0608984140990675},
    "request_29": {"category": "LS_I13104-19648_O192-304", "input_length": 19270, "output_length": 203, "arrival_time": 6529, "sched_time": 36010, "wait_time": 29481, "slo": 0.06902655828647025},
    "request_30": {"category": "SS_I1632-2448_O400-608", "input_length": 1879, "output_length": 438, "arrival_time": 6706, "sched_time": 36214, "wait_time": 29508, "slo": 0.051840652237778916},
    "request_31": {"category": "SL_I1632-2448_O3264-4912", "input_length": 2102, "output_length": 4564, "arrival_time": 6744, "sched_time": 36653, "wait_time": 29909, "slo": 0.05619723334093575},
    "request_32": {"category": "SS_I816-1216_O192-304", "input_length": 1122, "output_length": 291, "arrival_time": 7170, "sched_time": 38921, "wait_time": 31751, "slo": 0.050935076400286675},
    "request_33": {"category": "SL_I816-1216_O3264-4912", "input_length": 1030, "output_length": 4172, "arrival_time": 7450, "sched_time": 39129, "wait_time": 31679, "slo": 0.054730681320926185},
    "request_34": {"category": "SS_I816-1216_O1632-2448", "input_length": 976, "output_length": 2170, "arrival_time": 7571, "sched_time": 39213, "wait_time": 31642, "slo": 0.05267109733654116},
    "request_35": {"category": "SS_I816-1216_O1632-2448", "input_length": 824, "output_length": 2147, "arrival_time": 7613, "sched_time": 40934, "wait_time": 33321, "slo": 0.0524957922795045},
    "request_36": {"category": "SL_I816-1216_O6544-9824", "input_length": 1050, "output_length": 9294, "arrival_time": 9096, "sched_time": 41218, "wait_time": 32122, "slo": 0.05988164476825486},
    "request_37": {"category": "SS_I816-1216_O192-304", "input_length": 1047, "output_length": 195, "arrival_time": 9119, "sched_time": 41384, "wait_time": 32265, "slo": 0.05076377831598228},
    "request_38": {"category": "SL_I192-304_O13104-19648", "input_length": 206, "output_length": 18885, "arrival_time": 9316, "sched_time": 41580, "wait_time": 32264, "slo": 0.0686438923905388},
    "request_39": {"category": "SL_I816-1216_O6544-9824", "input_length": 1002, "output_length": 9377, "arrival_time": 10002, "sched_time": 43082, "wait_time": 33080, "slo": 0.0599167057796622},
    "request_40": {"category": "LL_I6544-9824_O6544-9824", "input_length": 6874, "output_length": 6926,