{
  "PPR": 1.603852596314908,
  "TPI": 0.4402548540356466,
  "OV_block_step": 24875558,
  "OV_frac": 0.09535880349516541,
  "GE2_frac": 0.0,
  "peak_blocks": 11490,
  "peak_step": 16203,
  "gpu_blocks": 7164,
  "total_steps": 36413,
  "type1_count": 82,
  "type2_count": 43,
  "plot_path": "traces/SS23_SL38_LS15_LL22/uni05/uni05_lo_ov10.png"
}