{
  "PPR": 1.8033854166666667,
  "TPI": 0.19501221106393327,
  "OV_block_step": 6991366,
  "OV_frac": 0.04612509574200369,
  "GE2_frac": 0.0,
  "peak_blocks": 2770,
  "peak_step": 82592,
  "gpu_blocks": 1536,
  "total_steps": 98681,
  "type1_count": 54,
  "type2_count": 46,
  "plot_path": "traces/requests_types_48k/all_traces_arrival_rate_CV/SS03_SM42_SL05_MS03_MM05_ML25_LS13_LM02_LL00/lognormal_lambda2.0x_cv1/lognormal_lambda2.0x_cv1.png"
}