{
  "PPR": 4.465277777777778,
  "TPI": 0.6267253147277415,
  "OV_block_step": 3105588,
  "OV_frac": 0.545188920909382,
  "GE2_frac": 0.2032458668284544,
  "peak_blocks": 1286,
  "peak_step": 15446,
  "gpu_blocks": 288,
  "total_steps": 19779,
  "type1_count": 103,
  "type2_count": 45,
  "plot_path": "traces/requests_types_16k/all_traces_arrival_rate_CV/SS09_SM11_SL08_MS09_MM08_ML09_LS18_LM23_LL05/lognormal_lambda3.0x_cv5/lognormal_lambda3.0x_cv5.png"
}