{
  "PPR": 3.839797639123103,
  "TPI": 0.8250615258408531,
  "OV_block_step": 14757509,
  "OV_frac": 0.8506353289517067,
  "GE2_frac": 0.41321438337435057,
  "peak_blocks": 2277,
  "peak_step": 9128,
  "gpu_blocks": 593,
  "total_steps": 29256,
  "type1_count": 67,
  "type2_count": 27,
  "plot_path": "traces/requests_types_32k/all_traces_arrival_rate_CV/SS05_SM02_SL22_MS01_MM07_ML11_LS31_LM03_LL19/lognormal_lambda4.5x_cv2/lognormal_lambda4.5x_cv2.png"
}