{
  "PPR": 2.210909090909091,
  "TPI": 0.25958261209535793,
  "OV_block_step": 105644311,
  "OV_frac": 0.12112419510128575,
  "GE2_frac": 0.010136743567187849,
  "peak_blocks": 6080,
  "peak_step": 83610,
  "gpu_blocks": 2750,
  "total_steps": 317163,
  "type1_count": 60,
  "type2_count": 26,
  "plot_path": "traces/requests_types_96k/all_traces_arrival_rate_CV/SS01_SM18_SL11_MS32_MM14_ML02_LS14_LM07_LL01/lognormal_lambda1.5x_cv1/lognormal_lambda1.5x_cv1.png"
}