{
  "PPR": 2.5146909827760893,
  "TPI": 0.27989207313878556,
  "OV_block_step": 57972480,
  "OV_frac": 0.1538640138110202,
  "GE2_frac": 0.04411379472939697,
  "peak_blocks": 4964,
  "peak_step": 25282,
  "gpu_blocks": 1974,
  "total_steps": 190870,
  "type1_count": 66,
  "type2_count": 37,
  "plot_path": "traces/requests_types_128k/all_traces_arrival_rate_CV/SS01_SM18_SL11_MS32_MM14_ML02_LS14_LM07_LL01/lognormal_lambda1.5x_cv1/lognormal_lambda1.5x_cv1.png"
}