{
  "PPR": 8.180428134556575,
  "TPI": 0.8977125593439793,
  "OV_block_step": 3624054,
  "OV_frac": 2.3916128495800884,
  "GE2_frac": 0.743202416918429,
  "peak_blocks": 2675,
  "peak_step": 3753,
  "gpu_blocks": 327,
  "total_steps": 4634,
  "type1_count": 10,
  "type2_count": 11,
  "plot_path": "traces/requests_types_16k/all_traces_arrival_rate_CV/SS00_SM00_SL00_MS00_MM00_ML00_LS00_LM33_LL67/lognormal_lambda4.0x_cv4/lognormal_lambda4.0x_cv4.png"
}