{
  "PPR": 5.3671102012964855,
  "TPI": 0.6947850565389571,
  "OV_block_step": 179904142,
  "OV_frac": 1.4642822254604444,
  "GE2_frac": 0.5841166086168234,
  "peak_blocks": 15731,
  "peak_step": 12153,
  "gpu_blocks": 2931,
  "total_steps": 41918,
  "type1_count": 11,
  "type2_count": 22,
  "plot_path": "traces/SS14_SL39_LS12_LL33/per05/per05_sv_ov1p5.png"
}