{
  "PPR": 4.615131578947368,
  "TPI": 0.5412078256794751,
  "OV_block_step": 29197538,
  "OV_frac": 0.7032314088473586,
  "GE2_frac": 0.31507731958762886,
  "peak_blocks": 2806,
  "peak_step": 58440,
  "gpu_blocks": 608,
  "total_steps": 68288,
  "type1_count": 79,
  "type2_count": 27,
  "plot_path": "traces/requests_types_32k/all_traces_arrival_rate_CV/SS10_SM00_SL12_MS50_MM04_ML04_LS04_LM08_LL09/lognormal_lambda4.0x_cv3/lognormal_lambda4.0x_cv3.png"
}