{
  "PPR": 3.5338541666666665,
  "TPI": 0.41948208636351203,
  "OV_block_step": 83393540,
  "OV_frac": 0.32999546739461866,
  "GE2_frac": 0.13844966281822574,
  "peak_blocks": 2714,
  "peak_step": 231680,
  "gpu_blocks": 768,
  "total_steps": 329051,
  "type1_count": 236,
  "type2_count": 88,
  "plot_path": "traces/request_types/all_traces/SS00_SL100_LS00_LL00/bim50/bim50_md_ov35.png"
}