{
  "PPR": 1.7669270833333333,
  "TPI": 0.13830074973180448,
  "OV_block_step": 18722155,
  "OV_frac": 0.03704259520497329,
  "GE2_frac": 0.0,
  "peak_blocks": 2714,
  "peak_step": 231680,
  "gpu_blocks": 1536,
  "total_steps": 329051,
  "type1_count": 125,
  "type2_count": 54,
  "plot_path": "traces/request_types/all_traces/SS00_SL100_LS00_LL00/bim50/bim50_vl_ov4.png"
}