{
  "PPR": 2.3559027777777777,
  "TPI": 0.24152790904753366,
  "OV_block_step": 41996210,
  "OV_frac": 0.11078842915772259,
  "GE2_frac": 0.01647161078373869,
  "peak_blocks": 2714,
  "peak_step": 231680,
  "gpu_blocks": 1152,
  "total_steps": 329051,
  "type1_count": 171,
  "type2_count": 80,
  "plot_path": "traces/request_types/all_traces/SS00_SL100_LS00_LL00/bim50/bim50_lo_ov12.png"
}