{
  "PPR": 4.463815789473684,
  "TPI": 0.49752469981856917,
  "OV_block_step": 107469366,
  "OV_frac": 0.5371775975696617,
  "GE2_frac": 0.21945534278880782,
  "peak_blocks": 2714,
  "peak_step": 231680,
  "gpu_blocks": 608,
  "total_steps": 329051,
  "type1_count": 220,
  "type2_count": 88,
  "plot_path": "traces/request_types/all_traces/SS00_SL100_LS00_LL00/bim50/bim50_mh_ov56.png"
}