{
  "PPR": 3.9636711281070744,
  "TPI": 0.5880908012874809,
  "OV_block_step": 4193930,
  "OV_frac": 0.33961488292727326,
  "GE2_frac": 0.10367609689988141,
  "peak_blocks": 2073,
  "peak_step": 16147,
  "gpu_blocks": 523,
  "total_steps": 23612,
  "type1_count": 72,
  "type2_count": 49,
  "plot_path": "traces/requests_types_32k/all_traces_arrival_rate_CV/SS06_SM01_SL07_MS08_MM02_ML49_LS05_LM19_LL03/lognormal_lambda3.0x_cv5/lognormal_lambda3.0x_cv5.png"
}