{
  "PPR": 5.961038961038961,
  "TPI": 0.7174505794137696,
  "OV_block_step": 512617,
  "OV_frac": 1.1345200470967343,
  "GE2_frac": 0.41990456714383095,
  "peak_blocks": 918,
  "peak_step": 1495,
  "gpu_blocks": 154,
  "total_steps": 2934,
  "type1_count": 21,
  "type2_count": 21,
  "plot_path": "traces/requests_types_8k/all_traces_arrival_rate_CV/SS00_SM00_SL00_MS00_MM00_ML00_LS00_LM66_LL34/lognormal_lambda3.5x_cv1/lognormal_lambda3.5x_cv1.png"
}