{
  "PPR": 4.4328125,
  "TPI": 0.4560723514211886,
  "OV_block_step": 291397,
  "OV_frac": 0.5882529877260982,
  "GE2_frac": 0.2157622739018088,
  "peak_blocks": 2837,
  "peak_step": 602,
  "gpu_blocks": 640,
  "total_steps": 774,
  "type1_count": 19,
  "type2_count": 41,
  "plot_path": "traces/case234/token_static_batch_dyn/C2_bim50_mid_high.png"
}