{
  "PPR": 1.7049278846153846,
  "TPI": 0.1421188630490956,
  "OV_block_step": 60976,
  "OV_frac": 0.04734396740210694,
  "GE2_frac": 0.0,
  "peak_blocks": 2837,
  "peak_step": 602,
  "gpu_blocks": 1664,
  "total_steps": 774,
  "type1_count": 5,
  "type2_count": 27,
  "plot_path": "traces/case234/token_static_batch_dyn/C2_bim50_vlow.png"
}