{
  "PPR": 2.7685512367491167,
  "TPI": 0.1811049525480501,
  "OV_block_step": 6151362,
  "OV_frac": 0.10834327639813253,
  "GE2_frac": 0.04101204242762581,
  "peak_blocks": 1567,
  "peak_step": 11347,
  "gpu_blocks": 566,
  "total_steps": 100312,
  "type1_count": 60,
  "type2_count": 50,
  "plot_path": "traces/requests_types_32k/all_traces_arrival_rate_CV/SS00_SM06_SL06_MS06_MM39_ML00_LS06_LM18_LL19/lognormal_lambda1.2x_cv2/lognormal_lambda1.2x_cv2.png"
}