{
  "PPR": 3.556701030927835,
  "TPI": 0.3531549915505532,
  "OV_block_step": 3066238,
  "OV_frac": 0.33596595809210256,
  "GE2_frac": 0.15658578579855242,
  "peak_blocks": 1035,
  "peak_step": 26665,
  "gpu_blocks": 291,
  "total_steps": 31363,
  "type1_count": 49,
  "type2_count": 26,
  "plot_path": "traces/requests_types_16k/all_traces_arrival_rate_CV/SS11_SM02_SL03_MS00_MM36_ML08_LS16_LM20_LL04/lognormal_lambda2.0x_cv3/lognormal_lambda2.0x_cv3.png"
}