{
  "PPR": 1.9304347826086956,
  "TPI": 0.23537152381787876,
  "OV_block_step": 158085,
  "OV_frac": 0.060297051228750044,
  "GE2_frac": 0.0,
  "peak_blocks": 444,
  "peak_step": 6858,
  "gpu_blocks": 230,
  "total_steps": 11399,
  "type1_count": 40,
  "type2_count": 34,
  "plot_path": "traces/requests_types_16k/all_traces_arrival_rate_CV/SS55_SM04_SL04_MS04_MM02_ML15_LS04_LM04_LL05/lognormal_lambda2.0x_cv4/lognormal_lambda2.0x_cv4.png"
}