{
  "PPR": 4.835164835164835,
  "TPI": 0.29820696200386404,
  "OV_block_step": 3343662,
  "OV_frac": 0.4151390080278668,
  "GE2_frac": 0.20591126326136325,
  "peak_blocks": 1320,
  "peak_step": 24380,
  "gpu_blocks": 273,
  "total_steps": 29503,
  "type1_count": 34,
  "type2_count": 4,
  "plot_path": "traces/requests_types_16k/all_traces_arrival_rate_CV/SS18_SM04_SL04_MS07_MM51_ML04_LS07_LM02_LL03/lognormal_lambda2.5x_cv7/lognormal_lambda2.5x_cv7.png"
}