{
  "PPR": 2.006666666666667,
  "TPI": 0.41397944720056695,
  "OV_block_step": 261083,
  "OV_frac": 0.1541950153555398,
  "GE2_frac": 0.0006201275690999291,
  "peak_blocks": 301,
  "peak_step": 5954,
  "gpu_blocks": 150,
  "total_steps": 11288,
  "type1_count": 73,
  "type2_count": 68,
  "plot_path": "traces/requests_types_8k/all_traces_arrival_rate_CV/SS00_SM00_SL00_MS00_MM00_ML00_LS33_LM66_LL01/lognormal_lambda2.5x_cv1/lognormal_lambda2.5x_cv1.png"
}