{
  "PPR": 5.152777777777778,
  "TPI": 0.4518508462304281,
  "OV_block_step": 3838676,
  "OV_frac": 0.6031648163232469,
  "GE2_frac": 0.25730835369716715,
  "peak_blocks": 1484,
  "peak_step": 17911,
  "gpu_blocks": 288,
  "total_steps": 22098,
  "type1_count": 62,
  "type2_count": 28,
  "plot_path": "traces/requests_types_16k/all_traces_arrival_rate_CV/SS09_SM11_SL08_MS09_MM08_ML09_LS18_LM23_LL05/lognormal_lambda4.0x_cv7/lognormal_lambda4.0x_cv7.png"
}