{
  "PPR": 3.7592329545454546,
  "TPI": 0.34782625578577864,
  "OV_block_step": 74089113,
  "OV_frac": 0.20432771840255323,
  "GE2_frac": 0.08538100711378957,
  "peak_blocks": 5293,
  "peak_step": 158744,
  "gpu_blocks": 1408,
  "total_steps": 257528,
  "type1_count": 131,
  "type2_count": 71,
  "plot_path": "traces/request_types/all_traces/SS23_SL38_LS15_LL22/bim50/bim50_ml_ov23.png"
}