{
  "PPR": 1.2862232779097387,
  "TPI": 0.014181391406402817,
  "OV_block_step": 47015,
  "OV_frac": 0.0018203459660142201,
  "GE2_frac": 0.0,
  "peak_blocks": 1083,
  "peak_step": 2735,
  "gpu_blocks": 842,
  "total_steps": 30674,
  "type1_count": 1,
  "type2_count": 4,
  "plot_path": "traces/requests_types_32k_bs8/all_traces_arrival_rate_CV/SS06_SM63_SL03_MS03_MM03_ML06_LS03_LM09_LL04/lognormal_lambda1.0x_cv1/lognormal_lambda1.0x_cv1.png"
}