{
  "PPR": 3.910909090909091,
  "TPI": 0.3765793404109313,
  "OV_block_step": 356451847,
  "OV_frac": 0.43602192391765715,
  "GE2_frac": 0.2011396816426486,
  "peak_blocks": 10755,
  "peak_step": 251306,
  "gpu_blocks": 2750,
  "total_steps": 297276,
  "type1_count": 43,
  "type2_count": 26,
  "plot_path": "traces/sy_requests/all_traces_arrival_rate_CV/SS19_SM26_SL11_MS14_MM09_ML02_LS10_LM01_LL08/lognormal_lambda1.5x_cv1/lognormal_lambda1.5x_cv1.png"
}