{
  "PPR": 8.204437400950871,
  "TPI": 0.5949022252191504,
  "OV_block_step": 30455572,
  "OV_frac": 1.301835893961463,
  "GE2_frac": 0.4184760620364127,
  "peak_blocks": 5177,
  "peak_step": 28402,
  "gpu_blocks": 631,
  "total_steps": 37075,
  "type1_count": 27,
  "type2_count": 25,
  "plot_path": "traces/requests_types_32k/all_traces_arrival_rate_CV/SS00_SM00_SL00_MS00_MM00_ML00_LS33_LM00_LL67/lognormal_lambda4.5x_cv3/lognormal_lambda4.5x_cv3.png"
}