{
  "PPR": 1.8421052631578947,
  "TPI": 0.30272452068617556,
  "OV_block_step": 65436,
  "OV_frac": 0.21720484359233097,
  "GE2_frac": 0.0,
  "peak_blocks": 560,
  "peak_step": 592,
  "gpu_blocks": 304,
  "total_steps": 991,
  "type1_count": 0,
  "type2_count": 8,
  "plot_path": "traces/case234/token_static_batch_static_v2/C4_bim50_mid_low.png"
}