{
  "PPR": 3.3296924042686755,
  "TPI": 0.6680288788993325,
  "OV_block_step": 198286504,
  "OV_frac": 0.5651983706242851,
  "GE2_frac": 0.33133542205875677,
  "peak_blocks": 53042,
  "peak_step": 2796,
  "gpu_blocks": 15930,
  "total_steps": 22023,
  "type1_count": 24,
  "type2_count": 12,
  "plot_path": "traces/request_types/SS00_SL00_LS00_LL100/bim05/bim05_mh_ov57.png"
}