{
  "PPR": 2.6350626118067977,
  "TPI": 0.2296460693844177,
  "OV_block_step": 3334089,
  "OV_frac": 0.1161153494055812,
  "GE2_frac": 0.033368375968539504,
  "peak_blocks": 1473,
  "peak_step": 43613,
  "gpu_blocks": 559,
  "total_steps": 51366,
  "type1_count": 53,
  "type2_count": 20,
  "plot_path": "traces/requests_types_32k/all_traces_arrival_rate_CV/SS06_SM63_SL03_MS03_MM03_ML06_LS03_LM09_LL04/lognormal_lambda1.2x_cv4/lognormal_lambda1.2x_cv4.png"
}