{
  "PPR": 1.5100502512562815,
  "TPI": 0.08236668170838532,
  "OV_block_step": 1625122,
  "OV_frac": 0.01806431266215255,
  "GE2_frac": 0.0,
  "peak_blocks": 1803,
  "peak_step": 24831,
  "gpu_blocks": 1194,
  "total_steps": 75346,
  "type1_count": 18,
  "type2_count": 16,
  "plot_path": "traces/requests_types_32k_bs8/all_traces_arrival_rate_CV/SS08_SM22_SL00_MS03_MM03_ML08_LS25_LM08_LL23/lognormal_lambda2.0x_cv1/lognormal_lambda2.0x_cv1.png"
}