{
  "PPR": 5.715890850722311,
  "TPI": 0.6972722934028415,
  "OV_block_step": 15861937,
  "OV_frac": 0.9347102696026971,
  "GE2_frac": 0.4322478798781159,
  "peak_blocks": 3561,
  "peak_step": 10548,
  "gpu_blocks": 623,
  "total_steps": 27239,
  "type1_count": 39,
  "type2_count": 13,
  "plot_path": "traces/requests_types_32k/all_traces_arrival_rate_CV/SS11_SM02_SL03_MS00_MM36_ML08_LS16_LM20_LL04/lognormal_lambda3.0x_cv4/lognormal_lambda3.0x_cv4.png"
}