{
  "PPR": 2.6963249516441006,
  "TPI": 0.3698919735160878,
  "OV_block_step": 4743440,
  "OV_frac": 0.2131474573525569,
  "GE2_frac": 0.06416540829364618,
  "peak_blocks": 1394,
  "peak_step": 23029,
  "gpu_blocks": 517,
  "total_steps": 43045,
  "type1_count": 62,
  "type2_count": 27,
  "plot_path": "traces/requests_types_32k/all_traces_arrival_rate_CV/SS14_SM21_SL27_MS03_MM10_ML05_LS17_LM02_LL01/lognormal_lambda2.5x_cv1/lognormal_lambda2.5x_cv1.png"
}