{
  "PPR": 2.533731617647059,
  "TPI": 0.7446172816086503,
  "OV_block_step": 76511369,
  "OV_frac": 0.33350540381546717,
  "GE2_frac": 0.036374845869297165,
  "peak_blocks": 27567,
  "peak_step": 2845,
  "gpu_blocks": 10880,
  "total_steps": 21086,
  "type1_count": 46,
  "type2_count": 7,
  "plot_path": "traces/request_types/SS00_SL00_LS75_LL25/bim05/bim05_md_ov33.png"
}