{
  "PPR": 2.6148148148148147,
  "TPI": 0.2948517940717629,
  "OV_block_step": 107251,
  "OV_frac": 0.08852817604767682,
  "GE2_frac": 0.01326053042121685,
  "peak_blocks": 353,
  "peak_step": 1022,
  "gpu_blocks": 135,
  "total_steps": 8974,
  "type1_count": 80,
  "type2_count": 45,
  "plot_path": "traces/requests_types_8k/all_traces_arrival_rate_CV/SS15_SM13_SL18_MS00_MM19_ML17_LS06_LM03_LL09/lognormal_lambda1.0x_cv2/lognormal_lambda1.0x_cv2.png"
}