{
  "PPR": 1.7073888725345894,
  "TPI": 0.11716166953966146,
  "OV_block_step": 20543060,
  "OV_frac": 0.028482269490330416,
  "GE2_frac": 0.0,
  "peak_blocks": 5800,
  "peak_step": 98994,
  "gpu_blocks": 3397,
  "total_steps": 212322,
  "type1_count": 38,
  "type2_count": 22,
  "plot_path": "traces/requests_types_128k_bs8/all_traces_arrival_rate_CV/SS06_SM27_SL20_MS09_MM11_ML01_LS04_LM12_LL10/lognormal_lambda2.0x_cv1/lognormal_lambda2.0x_cv1.png"
}