{
  "PPR": 1.9981583793738489,
  "TPI": 0.1574700109051254,
  "OV_block_step": 1215195,
  "OV_frac": 0.05423308316480262,
  "GE2_frac": 0.0,
  "peak_blocks": 1085,
  "peak_step": 22973,
  "gpu_blocks": 543,
  "total_steps": 41265,
  "type1_count": 44,
  "type2_count": 28,
  "plot_path": "traces/requests_types_32k/all_traces_arrival_rate_CV/SS54_SM10_SL01_MS02_MM09_ML02_LS06_LM14_LL01/lognormal_lambda2.0x_cv6/lognormal_lambda2.0x_cv6.png"
}