{
  "PPR": 2.0166666666666666,
  "TPI": 0.1818393300248139,
  "OV_block_step": 1198215,
  "OV_frac": 0.04839254904621588,
  "GE2_frac": 0.002442617866004963,
  "peak_blocks": 1936,
  "peak_step": 10711,
  "gpu_blocks": 960,
  "total_steps": 25792,
  "type1_count": 25,
  "type2_count": 31,
  "plot_path": "traces/request_types/all_traces/SS07_SM02_SL09_MS02_MM02_ML07_LS02_LM57_LL10/bim50/bim50_vl_ov5.png"
}