{
  "PPR": 6.466448445171849,
  "TPI": 0.5047700678244019,
  "OV_block_step": 27936827,
  "OV_frac": 0.8519624564531867,
  "GE2_frac": 0.3759596034881121,
  "peak_blocks": 3951,
  "peak_step": 44551,
  "gpu_blocks": 611,
  "total_steps": 53668,
  "type1_count": 39,
  "type2_count": 14,
  "plot_path": "traces/request_types_request_52_for_both_dyn_arrival_rate_CV/all_traces_arrival_rate_CV/SS06_SM02_SL13_MS06_MM04_ML06_LS51_LM09_LL05/lognormal_lambda3.0x_cv4/lognormal_lambda3.0x_cv4.png"
}