{
  "PPR": 3.0774410774410774,
  "TPI": 0.24685052498027765,
  "OV_block_step": 9524085,
  "OV_frac": 0.13040179193793872,
  "GE2_frac": 0.043584342493717315,
  "peak_blocks": 1828,
  "peak_step": 105295,
  "gpu_blocks": 594,
  "total_steps": 122957,
  "type1_count": 120,
  "type2_count": 53,
  "plot_path": "traces/requests_types_32k/all_traces_arrival_rate_CV/SS01_SM18_SL11_MS32_MM14_ML02_LS14_LM07_LL01/lognormal_lambda1.5x_cv1/lognormal_lambda1.5x_cv1.png"
}