{
  "PPR": 2.2410399257195914,
  "TPI": 0.5179563206691302,
  "OV_block_step": 59135148,
  "OV_frac": 0.24299022816842428,
  "GE2_frac": 0.02947359104286062,
  "peak_blocks": 12068,
  "peak_step": 26531,
  "gpu_blocks": 5385,
  "total_steps": 45193,
  "type1_count": 68,
  "type2_count": 14,
  "plot_path": "traces/SS08_SL61_LS23_LL06/poi05/poi05_md_ov24.png"
}