{
  "PPR": 7.22940226171244,
  "TPI": 0.9487625523839646,
  "OV_block_step": 20998185,
  "OV_frac": 2.682276780473585,
  "GE2_frac": 0.8280224559183996,
  "peak_blocks": 4475,
  "peak_step": 1643,
  "gpu_blocks": 619,
  "total_steps": 12647,
  "type1_count": 12,
  "type2_count": 4,
  "plot_path": "traces/requests_types_32k/all_traces_arrival_rate_CV/SS00_SM00_SL00_MS00_MM00_ML00_LS00_LM00_LL100/lognormal_lambda4.5x_cv5/lognormal_lambda4.5x_cv5.png"
}