{
  "PPR": 2.7474048442906573,
  "TPI": 0.4107261956137942,
  "OV_block_step": 2457020,
  "OV_frac": 0.3335477777848671,
  "GE2_frac": 0.13856957903409314,
  "peak_blocks": 794,
  "peak_step": 6348,
  "gpu_blocks": 289,
  "total_steps": 25489,
  "type1_count": 66,
  "type2_count": 22,
  "plot_path": "traces/requests_types_16k/all_traces_arrival_rate_CV/SS19_SM26_SL11_MS14_MM09_ML02_LS10_LM01_LL08/lognormal_lambda2.5x_cv5/lognormal_lambda2.5x_cv5.png"
}