{
  "PPR": 4.3780687397708675,
  "TPI": 0.5973492187075631,
  "OV_block_step": 19141663,
  "OV_frac": 0.5672457829873587,
  "GE2_frac": 0.24456354451465714,
  "peak_blocks": 2675,
  "peak_step": 46844,
  "gpu_blocks": 611,
  "total_steps": 55229,
  "type1_count": 90,
  "type2_count": 37,
  "plot_path": "traces/request_types_request_52_for_both_dyn_arrival_rate_CV/all_traces_arrival_rate_CV/SS06_SM02_SL13_MS06_MM04_ML06_LS51_LM09_LL05/lognormal_lambda2.0x_cv5/lognormal_lambda2.0x_cv5.png"
}