{
  "PPR": 6.359477124183006,
  "TPI": 0.8128293931636802,
  "OV_block_step": 5361388,
  "OV_frac": 1.31914439218442,
  "GE2_frac": 0.4393163680168649,
  "peak_blocks": 1946,
  "peak_step": 9405,
  "gpu_blocks": 306,
  "total_steps": 13282,
  "type1_count": 46,
  "type2_count": 11,
  "plot_path": "traces/requests_types_16k/all_traces_arrival_rate_CV/SS18_SM08_SL17_MS21_MM06_ML10_LS10_LM03_LL07/lognormal_lambda4.5x_cv3/lognormal_lambda4.5x_cv3.png"
}