{
  "PPR": 3.1915285451197053,
  "TPI": 0.44071235347159604,
  "OV_block_step": 1905090,
  "OV_frac": 0.19772616313537156,
  "GE2_frac": 0.06520513976555456,
  "peak_blocks": 1733,
  "peak_step": 8468,
  "gpu_blocks": 543,
  "total_steps": 17744,
  "type1_count": 65,
  "type2_count": 41,
  "plot_path": "traces/requests_types_32k/all_traces_arrival_rate_CV/SS54_SM10_SL01_MS02_MM09_ML02_LS06_LM14_LL01/lognormal_lambda5.0x_cv1/lognormal_lambda5.0x_cv1.png"
}