{
  "PPR": 10.478605388272584,
  "TPI": 0.8695353178111799,
  "OV_block_step": 34819648,
  "OV_frac": 2.7105655050351483,
  "GE2_frac": 0.7513508203163376,
  "peak_blocks": 6612,
  "peak_step": 14774,
  "gpu_blocks": 631,
  "total_steps": 20358,
  "type1_count": 14,
  "type2_count": 9,
  "plot_path": "traces/requests_types_32k/all_traces_arrival_rate_CV/SS00_SM00_SL00_MS00_MM00_ML00_LS33_LM00_LL67/lognormal_lambda4.0x_cv5/lognormal_lambda4.0x_cv5.png"
}