{
  "PPR": 2.8456375838926173,
  "TPI": 0.20189439531110995,
  "OV_block_step": 373193,
  "OV_frac": 0.13107179898013552,
  "GE2_frac": 0.05118007221727982,
  "peak_blocks": 424,
  "peak_step": 5688,
  "gpu_blocks": 149,
  "total_steps": 19109,
  "type1_count": 39,
  "type2_count": 35,
  "plot_path": "traces/requests_types_8k/all_traces_arrival_rate_CV/SS11_SM02_SL03_MS00_MM36_ML08_LS16_LM20_LL04/lognormal_lambda1.5x_cv1/lognormal_lambda1.5x_cv1.png"
}