{
  "PPR": 4.456293706293707,
  "TPI": 0.664179104477612,
  "OV_block_step": 14221552,
  "OV_frac": 0.905091122928764,
  "GE2_frac": 0.4251183108846014,
  "peak_blocks": 2549,
  "peak_step": 15917,
  "gpu_blocks": 572,
  "total_steps": 27470,
  "type1_count": 35,
  "type2_count": 13,
  "plot_path": "traces/requests_types_32k/all_traces_arrival_rate_CV/SS18_SM04_SL04_MS07_MM51_ML04_LS07_LM02_LL03/lognormal_lambda4.5x_cv1/lognormal_lambda4.5x_cv1.png"
}