{
  "PPR": 1.887109375,
  "TPI": 0.16980908375351156,
  "OV_block_step": 34644072,
  "OV_frac": 0.04456855505350068,
  "GE2_frac": 0.0,
  "peak_blocks": 4831,
  "peak_step": 45423,
  "gpu_blocks": 2560,
  "total_steps": 303641,
  "type1_count": 66,
  "type2_count": 73,
  "plot_path": "traces/request_types/all_traces/SS06_SL07_LS05_LL80/bim50/bim50_vl_ov4.png"
}