{
  "PPR": 3.942760942760943,
  "TPI": 0.6386299773833185,
  "OV_block_step": 19245974,
  "OV_frac": 0.5551475160994728,
  "GE2_frac": 0.2106606812418614,
  "peak_blocks": 2342,
  "peak_step": 38565,
  "gpu_blocks": 594,
  "total_steps": 58364,
  "type1_count": 133,
  "type2_count": 45,
  "plot_path": "traces/requests_types_32k/all_traces_arrival_rate_CV/SS01_SM18_SL11_MS32_MM14_ML02_LS14_LM07_LL01/lognormal_lambda4.0x_cv1/lognormal_lambda4.0x_cv1.png"
}