{
  "PPR": 2.5216284987277353,
  "TPI": 0.6413185462182721,
  "OV_block_step": 185437094,
  "OV_frac": 0.5254519954690843,
  "GE2_frac": 0.2501856926977947,
  "peak_blocks": 22793,
  "peak_step": 19744,
  "gpu_blocks": 9039,
  "total_steps": 39043,
  "type1_count": 41,
  "type2_count": 10,
  "plot_path": "traces/request_types/SS06_SL07_LS05_LL80/poi05/poi05_mh_ov52.png"
}