{
  "PPR": 3.0826822916666665,
  "TPI": 0.4882075471698113,
  "OV_block_step": 53713247,
  "OV_frac": 0.26691062045061925,
  "GE2_frac": 0.06954112474812237,
  "peak_blocks": 4735,
  "peak_step": 106599,
  "gpu_blocks": 1536,
  "total_steps": 131016,
  "type1_count": 96,
  "type2_count": 59,
  "plot_path": "traces/requests_types_48k/all_traces_arrival_rate_CV/SS08_SM22_SL00_MS03_MM03_ML08_LS25_LM08_LL23/lognormal_lambda3.0x_cv1/lognormal_lambda3.0x_cv1.png"
}