{
  "PPR": 3.9456521739130435,
  "TPI": 0.6051643668831169,
  "OV_block_step": 2909225,
  "OV_frac": 0.5347336794772257,
  "GE2_frac": 0.19810267857142858,
  "peak_blocks": 1089,
  "peak_step": 10607,
  "gpu_blocks": 276,
  "total_steps": 19712,
  "type1_count": 77,
  "type2_count": 40,
  "plot_path": "traces/requests_types_16k/all_traces_arrival_rate_CV/SS15_SM02_SL11_MS22_MM03_ML32_LS00_LM00_LL14/lognormal_lambda4.0x_cv1/lognormal_lambda4.0x_cv1.png"
}