{
  "PPR": 4.144694533762058,
  "TPI": 0.5204123231029061,
  "OV_block_step": 2675647,
  "OV_frac": 0.5010405078030127,
  "GE2_frac": 0.20860753596179604,
  "peak_blocks": 1289,
  "peak_step": 10921,
  "gpu_blocks": 311,
  "total_steps": 17171,
  "type1_count": 41,
  "type2_count": 49,
  "plot_path": "traces/requests_types_16k/all_traces_arrival_rate_CV/SS06_SM03_SL09_MS03_MM03_ML06_LS03_LM03_LL64/lognormal_lambda2.5x_cv1/lognormal_lambda2.5x_cv1.png"
}