{
  "PPR": 8.864951768488746,
  "TPI": 0.19687751757090868,
  "OV_block_step": 3510830,
  "OV_frac": 0.3136050905278191,
  "GE2_frac": 0.08225685473789482,
  "peak_blocks": 2757,
  "peak_step": 3490,
  "gpu_blocks": 311,
  "total_steps": 35997,
  "type1_count": 26,
  "type2_count": 33,
  "plot_path": "traces/requests_types_16k/all_traces_arrival_rate_CV/SS06_SM03_SL09_MS03_MM03_ML06_LS03_LM03_LL64/lognormal_lambda2.5x_cv5/lognormal_lambda2.5x_cv5.png"
}