{
  "PPR": 2.92333984375,
  "TPI": 0.2550444501825962,
  "OV_block_step": 60242601,
  "OV_frac": 0.12056402965612589,
  "GE2_frac": 0.032551715092568684,
  "peak_blocks": 5987,
  "peak_step": 88947,
  "gpu_blocks": 2048,
  "total_steps": 243981,
  "type1_count": 76,
  "type2_count": 67,
  "plot_path": "traces/request_types/SS00_SL00_LS50_LL50/bim50/bim50_lo_ov13.png"
}