{
  "PPR": 6.844660194174757,
  "TPI": 0.6124280862272129,
  "OV_block_step": 11085381,
  "OV_frac": 0.6216645771379311,
  "GE2_frac": 0.18156927982255494,
  "peak_blocks": 4230,
  "peak_step": 11956,
  "gpu_blocks": 618,
  "total_steps": 28854,
  "type1_count": 47,
  "type2_count": 35,
  "plot_path": "traces/requests_types_32k/all_traces_arrival_rate_CV/SS00_SM00_SL00_MS00_MM00_ML00_LS33_LM66_LL01/lognormal_lambda3.0x_cv7/lognormal_lambda3.0x_cv7.png"
}