{
  "PPR": 2.03533935546875,
  "TPI": 0.7299564807752703,
  "OV_block_step": 94219274,
  "OV_frac": 0.25800565796363956,
  "GE2_frac": 0.009825474449279914,
  "peak_blocks": 33347,
  "peak_step": 3959,
  "gpu_blocks": 16384,
  "total_steps": 22289,
  "type1_count": 49,
  "type2_count": 14,
  "plot_path": "traces/SS12_SL37_LS06_LL43/bim05/bim05_sk_ov26.png"
}