{
  "PPR": 3.8175182481751824,
  "TPI": 0.43135994859024823,
  "OV_block_step": 4323199,
  "OV_frac": 0.3168547381345085,
  "GE2_frac": 0.11225801269178247,
  "peak_blocks": 2092,
  "peak_step": 14210,
  "gpu_blocks": 548,
  "total_steps": 24898,
  "type1_count": 44,
  "type2_count": 40,
  "plot_path": "traces/requests_types_32k/all_traces_arrival_rate_CV/SS03_SM35_SL00_MS13_MM01_ML28_LS01_LM18_LL02/lognormal_lambda3.0x_cv1/lognormal_lambda3.0x_cv1.png"
}