{
  "PPR": 4.106060606060606,
  "TPI": 0.5730968858131488,
  "OV_block_step": 286782,
  "OV_frac": 0.46985097514941804,
  "GE2_frac": 0.19420415224913495,
  "peak_blocks": 542,
  "peak_step": 2462,
  "gpu_blocks": 132,
  "total_steps": 4624,
  "type1_count": 45,
  "type2_count": 46,
  "plot_path": "traces/requests_types_8k/all_traces_arrival_rate_CV/SS06_SM01_SL07_MS08_MM02_ML49_LS05_LM19_LL03/lognormal_lambda4.0x_cv4/lognormal_lambda4.0x_cv4.png"
}