{
  "PPR": 6.31294964028777,
  "TPI": 0.5366352201257861,
  "OV_block_step": 1599127,
  "OV_frac": 0.9044426722772725,
  "GE2_frac": 0.32531446540880504,
  "peak_blocks": 1755,
  "peak_step": 3845,
  "gpu_blocks": 278,
  "total_steps": 6360,
  "type1_count": 20,
  "type2_count": 18,
  "plot_path": "traces/requests_types_16k/all_traces_arrival_rate_CV/SS07_SM02_SL09_MS02_MM02_ML07_LS02_LM57_LL10/lognormal_lambda5.0x_cv3/lognormal_lambda5.0x_cv3.png"
}