{
  "PPR": 3.6972972972972973,
  "TPI": 0.1559566469540748,
  "OV_block_step": 3941964,
  "OV_frac": 0.07807327190007957,
  "GE2_frac": 0.01986281794798514,
  "peak_blocks": 2052,
  "peak_step": 47957,
  "gpu_blocks": 555,
  "total_steps": 90974,
  "type1_count": 55,
  "type2_count": 28,
  "plot_path": "traces/requests_types_32k/all_traces_arrival_rate_CV/SS06_SM06_SL19_MS24_MM08_ML20_LS10_LM05_LL02/lognormal_lambda1.0x_cv1/lognormal_lambda1.0x_cv1.png"
}