{
  "PPR": 2.7109826589595376,
  "TPI": 0.4190762696867811,
  "OV_block_step": 3435125,
  "OV_frac": 0.23425014891561813,
  "GE2_frac": 0.0566625376039639,
  "peak_blocks": 1407,
  "peak_step": 27935,
  "gpu_blocks": 519,
  "total_steps": 28255,
  "type1_count": 51,
  "type2_count": 49,
  "plot_path": "traces/requests_types_32k/all_traces_arrival_rate_CV/SS06_SM27_SL20_MS09_MM11_ML01_LS04_LM12_LL10/lognormal_lambda2.5x_cv1/lognormal_lambda2.5x_cv1.png"
}