{
  "PPR": 3.0992167101827675,
  "TPI": 0.4361378805672436,
  "OV_block_step": 59423795,
  "OV_frac": 0.22890616129345248,
  "GE2_frac": 0.06189399885512626,
  "peak_blocks": 4748,
  "peak_step": 15583,
  "gpu_blocks": 1532,
  "total_steps": 169451,
  "type1_count": 90,
  "type2_count": 58,
  "plot_path": "traces/requests_types_64k/all_traces_arrival_rate_CV/SS14_SM21_SL27_MS03_MM10_ML05_LS17_LM02_LL01/lognormal_lambda2.0x_cv1/lognormal_lambda2.0x_cv1.png"
}