{
  "PPR": 2.3094545454545456,
  "TPI": 0.4653295019401207,
  "OV_block_step": 115631952,
  "OV_frac": 0.2679085725009688,
  "GE2_frac": 0.05464832525215197,
  "peak_blocks": 6351,
  "peak_step": 68231,
  "gpu_blocks": 2750,
  "total_steps": 156949,
  "type1_count": 69,
  "type2_count": 30,
  "plot_path": "traces/requests_types_96k/all_traces_arrival_rate_CV/SS14_SM21_SL27_MS03_MM10_ML05_LS17_LM02_LL01/lognormal_lambda4.0x_cv1/lognormal_lambda4.0x_cv1.png"
}