{
  "PPR": 1.714548802946593,
  "TPI": 0.21093993422191448,
  "OV_block_step": 1178235,
  "OV_frac": 0.07512071588897486,
  "GE2_frac": 0.0,
  "peak_blocks": 931,
  "peak_step": 5034,
  "gpu_blocks": 543,
  "total_steps": 28885,
  "type1_count": 27,
  "type2_count": 25,
  "plot_path": "traces/requests_types_32k/all_traces_arrival_rate_CV/SS54_SM10_SL01_MS02_MM09_ML02_LS06_LM14_LL01/lognormal_lambda2.0x_cv1/lognormal_lambda2.0x_cv1.png"
}