{
  "PPR": 1.320603015075377,
  "TPI": 0.06782701253646614,
  "OV_block_step": 408799,
  "OV_frac": 0.008098503239211114,
  "GE2_frac": 0.0,
  "peak_blocks": 1314,
  "peak_step": 16771,
  "gpu_blocks": 995,
  "total_steps": 50732,
  "type1_count": 22,
  "type2_count": 18,
  "plot_path": "traces/requests_types_32k_bs8/all_traces_arrival_rate_CV/SS18_SM08_SL17_MS21_MM06_ML10_LS10_LM03_LL07/lognormal_lambda2.0x_cv1/lognormal_lambda2.0x_cv1.png"
}