{
  "PPR": 5.742857142857143,
  "TPI": 0.9667166825808212,
  "OV_block_step": 1606781,
  "OV_frac": 1.5655445563848238,
  "GE2_frac": 0.5845041604146773,
  "peak_blocks": 804,
  "peak_step": 4748,
  "gpu_blocks": 140,
  "total_steps": 7331,
  "type1_count": 55,
  "type2_count": 13,
  "plot_path": "traces/requests_types_8k/all_traces_arrival_rate_CV/SS06_SM02_SL13_MS06_MM04_ML06_LS51_LM09_LL05/lognormal_lambda4.5x_cv3/lognormal_lambda4.5x_cv3.png"
}