{
  "PPR": 7.5967213114754095,
  "TPI": 0.3307591778543424,
  "OV_block_step": 3618925,
  "OV_frac": 0.704843047929931,
  "GE2_frac": 0.23191160746109066,
  "peak_blocks": 2317,
  "peak_step": 7584,
  "gpu_blocks": 305,
  "total_steps": 16834,
  "type1_count": 19,
  "type2_count": 20,
  "plot_path": "traces/requests_types_16k/all_traces_arrival_rate_CV/SS02_SM02_SL02_MS01_MM01_ML02_LS01_LM03_LL86/lognormal_lambda2.0x_cv4/lognormal_lambda2.0x_cv4.png"
}