{
  "PPR": 3.945723684210526,
  "TPI": 0.6672801057002643,
  "OV_block_step": 23821431,
  "OV_frac": 0.6162700578420854,
  "GE2_frac": 0.2693783817792878,
  "peak_blocks": 2399,
  "peak_step": 35502,
  "gpu_blocks": 608,
  "total_steps": 63576,
  "type1_count": 119,
  "type2_count": 35,
  "plot_path": "traces/requests_types_32k/all_traces_arrival_rate_CV/SS10_SM00_SL12_MS50_MM04_ML04_LS04_LM08_LL09/lognormal_lambda3.0x_cv2/lognormal_lambda3.0x_cv2.png"
}