{
  "PPR": 4.560137457044673,
  "TPI": 0.4961835997937081,
  "OV_block_step": 4100883,
  "OV_frac": 0.7267860465858158,
  "GE2_frac": 0.3630221763795771,
  "peak_blocks": 1327,
  "peak_step": 5097,
  "gpu_blocks": 291,
  "total_steps": 19390,
  "type1_count": 27,
  "type2_count": 24,
  "plot_path": "traces/requests_types_16k/all_traces_arrival_rate_CV/SS11_SM02_SL03_MS00_MM36_ML08_LS16_LM20_LL04/lognormal_lambda1.0x_cv6/lognormal_lambda1.0x_cv6.png"
}