{
  "PPR": 4.608695652173913,
  "TPI": 0.5963766329800345,
  "OV_block_step": 1251831,
  "OV_frac": 1.117973765150947,
  "GE2_frac": 0.48595020951441953,
  "peak_blocks": 636,
  "peak_step": 2266,
  "gpu_blocks": 138,
  "total_steps": 8114,
  "type1_count": 29,
  "type2_count": 9,
  "plot_path": "traces/requests_types_8k/all_traces_arrival_rate_CV/SS06_SM06_SL19_MS24_MM08_ML20_LS10_LM05_LL02/lognormal_lambda3.5x_cv7/lognormal_lambda3.5x_cv7.png"
}