{
  "PPR": 2.170288679857282,
  "TPI": 0.42466920690043247,
  "OV_block_step": 86047253,
  "OV_frac": 0.1495749369595391,
  "GE2_frac": 0.01697776491583466,
  "peak_blocks": 6691,
  "peak_step": 100603,
  "gpu_blocks": 3083,
  "total_steps": 186597,
  "type1_count": 139,
  "type2_count": 78,
  "plot_path": "traces/requests_types_128k_bs8/all_traces_arrival_rate_CV/SS06_SM06_SL19_MS24_MM08_ML20_LS10_LM05_LL02/lognormal_lambda4.0x_cv1/lognormal_lambda4.0x_cv1.png"
}