{
  "PPR": 4.497023809523809,
  "TPI": 0.8112061704862804,
  "OV_block_step": 6088286,
  "OV_frac": 0.8032226078072525,
  "GE2_frac": 0.3543596790637883,
  "peak_blocks": 1511,
  "peak_step": 3012,
  "gpu_blocks": 336,
  "total_steps": 22559,
  "type1_count": 87,
  "type2_count": 42,
  "plot_path": "traces/requests_types_16k/all_traces_arrival_rate_CV/SS00_SM00_SL00_MS00_MM00_ML00_LS33_LM33_LL34/lognormal_lambda4.0x_cv1/lognormal_lambda4.0x_cv1.png"
}