{
  "PPR": 3.5913978494623655,
  "TPI": 0.23361353479463715,
  "OV_block_step": 3009558,
  "OV_frac": 0.1912986138284589,
  "GE2_frac": 0.08427324962758033,
  "peak_blocks": 1002,
  "peak_step": 55538,
  "gpu_blocks": 279,
  "total_steps": 56388,
  "type1_count": 111,
  "type2_count": 50,
  "plot_path": "traces/requests_types_16k/all_traces_arrival_rate_CV/SS03_SM24_SL03_MS36_MM03_ML12_LS06_LM06_LL07/lognormal_lambda4.0x_cv6/lognormal_lambda4.0x_cv6.png"
}