{
  "PPR": 2.09375,
  "TPI": 0.2238447115914856,
  "OV_block_step": 969781,
  "OV_frac": 0.07427583851083906,
  "GE2_frac": 0.0015661188926877688,
  "peak_blocks": 603,
  "peak_step": 14654,
  "gpu_blocks": 288,
  "total_steps": 45335,
  "type1_count": 96,
  "type2_count": 52,
  "plot_path": "traces/requests_types_16k/all_traces_arrival_rate_CV/SS09_SM11_SL08_MS09_MM08_ML09_LS18_LM23_LL05/lognormal_lambda1.0x_cv7/lognormal_lambda1.0x_cv7.png"
}