{
  "PPR": 2.1556350626118066,
  "TPI": 0.7090699864002511,
  "OV_block_step": 3442554,
  "OV_frac": 0.3221265313753338,
  "GE2_frac": 0.057014332043100746,
  "peak_blocks": 1205,
  "peak_step": 14938,
  "gpu_blocks": 559,
  "total_steps": 19118,
  "type1_count": 82,
  "type2_count": 41,
  "plot_path": "traces/requests_types_32k/all_traces_arrival_rate_CV/SS06_SM63_SL03_MS03_MM03_ML06_LS03_LM09_LL04/lognormal_lambda3.0x_cv6/lognormal_lambda3.0x_cv6.png"
}