{
  "PPR": 4.203125,
  "TPI": 0.28010531135531136,
  "OV_block_step": 8910412,
  "OV_frac": 0.29512868738129155,
  "GE2_frac": 0.12219551282051282,
  "peak_blocks": 2421,
  "peak_step": 33287,
  "gpu_blocks": 576,
  "total_steps": 52416,
  "type1_count": 38,
  "type2_count": 32,
  "plot_path": "traces/request_types/all_traces/SS83_SL00_LS08_LL08/bim50/bim50_md_ov32.png"
}