{
  "PPR": 2.9328358208955225,
  "TPI": 0.39500306560392395,
  "OV_block_step": 232278,
  "OV_frac": 0.26569863740768873,
  "GE2_frac": 0.11174126302881668,
  "peak_blocks": 393,
  "peak_step": 5967,
  "gpu_blocks": 134,
  "total_steps": 6524,
  "type1_count": 49,
  "type2_count": 31,
  "plot_path": "traces/requests_types_8k/all_traces_arrival_rate_CV/SS02_SM04_SL04_MS04_MM15_ML55_LS04_LM04_LL05/lognormal_lambda2.5x_cv3/lognormal_lambda2.5x_cv3.png"
}