{
  "PPR": 5.478260869565218,
  "TPI": 0.5835480673934589,
  "OV_block_step": 649578,
  "OV_frac": 0.559812125651743,
  "GE2_frac": 0.12170465807730427,
  "peak_blocks": 1260,
  "peak_step": 1440,
  "gpu_blocks": 230,
  "total_steps": 5045,
  "type1_count": 35,
  "type2_count": 12,
  "plot_path": "traces/requests_types_16k/all_traces_arrival_rate_CV/SS55_SM04_SL04_MS04_MM02_ML15_LS04_LM04_LL05/lognormal_lambda5.0x_cv6/lognormal_lambda5.0x_cv6.png"
}