{
  "PPR": 3.117408906882591,
  "TPI": 0.5628732717008917,
  "OV_block_step": 1219024,
  "OV_frac": 0.403773201182744,
  "GE2_frac": 0.13212795549374132,
  "peak_blocks": 770,
  "peak_step": 8045,
  "gpu_blocks": 247,
  "total_steps": 12223,
  "type1_count": 62,
  "type2_count": 18,
  "plot_path": "traces/requests_types_16k/all_traces_arrival_rate_CV/SS02_SM04_SL04_MS04_MM15_ML55_LS04_LM04_LL05/lognormal_lambda3.5x_cv3/lognormal_lambda3.5x_cv3.png"
}