{
  "PPR": 6.429530201342282,
  "TPI": 0.5308939175092281,
  "OV_block_step": 1097136,
  "OV_frac": 1.181725061637041,
  "GE2_frac": 0.41133044455143636,
  "peak_blocks": 958,
  "peak_step": 2771,
  "gpu_blocks": 149,
  "total_steps": 6231,
  "type1_count": 11,
  "type2_count": 16,
  "plot_path": "traces/requests_types_8k/all_traces_arrival_rate_CV/SS08_SM22_SL00_MS03_MM03_ML08_LS25_LM08_LL23/lognormal_lambda4.5x_cv6/lognormal_lambda4.5x_cv6.png"
}