{
  "PPR": 2.782608695652174,
  "TPI": 0.0912183109819831,
  "OV_block_step": 405127,
  "OV_frac": 0.05200812972435603,
  "GE2_frac": 0.021506900278137012,
  "peak_blocks": 384,
  "peak_step": 46134,
  "gpu_blocks": 138,
  "total_steps": 56447,
  "type1_count": 82,
  "type2_count": 49,
  "plot_path": "traces/requests_types_8k/all_traces_arrival_rate_CV/SS06_SM06_SL19_MS24_MM08_ML20_LS10_LM05_LL02/lognormal_lambda2.0x_cv6/lognormal_lambda2.0x_cv6.png"
}