{
  "PPR": 4.203947368421052,
  "TPI": 0.6503878702397743,
  "OV_block_step": 634475,
  "OV_frac": 0.7359269449187142,
  "GE2_frac": 0.27909026798307474,
  "peak_blocks": 639,
  "peak_step": 4029,
  "gpu_blocks": 152,
  "total_steps": 5672,
  "type1_count": 37,
  "type2_count": 39,
  "plot_path": "traces/requests_types_8k/all_traces_arrival_rate_CV/SS00_SM06_SL06_MS06_MM39_ML00_LS06_LM18_LL19/lognormal_lambda5.0x_cv3/lognormal_lambda5.0x_cv3.png"
}