{
  "PPR": 5.126181818181818,
  "TPI": 0.21073918890152282,
  "OV_block_step": 99875324,
  "OV_frac": 0.18856559677867757,
  "GE2_frac": 0.0563594544217899,
  "peak_blocks": 14097,
  "peak_step": 109393,
  "gpu_blocks": 2750,
  "total_steps": 192603,
  "type1_count": 20,
  "type2_count": 30,
  "plot_path": "traces/sy_requests/all_traces_arrival_rate_CV/SS00_SM00_SL00_MS00_MM00_ML00_LS33_LM33_LL34/lognormal_lambda1.0x_cv1/lognormal_lambda1.0x_cv1.png"
}