{
  "PPR": 5.597402597402597,
  "TPI": 0.8332136874850443,
  "OV_block_step": 811232,
  "OV_frac": 1.2605265038861593,
  "GE2_frac": 0.5309882747068677,
  "peak_blocks": 862,
  "peak_step": 569,
  "gpu_blocks": 154,
  "total_steps": 4179,
  "type1_count": 30,
  "type2_count": 25,
  "plot_path": "traces/requests_types_8k/all_traces_arrival_rate_CV/SS00_SM00_SL00_MS00_MM00_ML00_LS00_LM33_LL67/lognormal_lambda3.0x_cv3/lognormal_lambda3.0x_cv3.png"
}