{
  "PPR": 3.6464646464646466,
  "TPI": 0.09499485756184459,
  "OV_block_step": 3600493,
  "OV_frac": 0.059656573974204416,
  "GE2_frac": 0.016859323560240343,
  "peak_blocks": 1083,
  "peak_step": 200194,
  "gpu_blocks": 297,
  "total_steps": 203211,
  "type1_count": 121,
  "type2_count": 57,
  "plot_path": "traces/requests_types_16k/all_traces_arrival_rate_CV/SS06_SM02_SL13_MS06_MM04_ML06_LS51_LM09_LL05/lognormal_lambda1.0x_cv5/lognormal_lambda1.0x_cv5.png"
}