{
  "PPR": 4.694805194805195,
  "TPI": 0.5622082403085041,
  "OV_block_step": 375635,
  "OV_frac": 0.4950656203954357,
  "GE2_frac": 0.21311142683174344,
  "peak_blocks": 723,
  "peak_step": 722,
  "gpu_blocks": 154,
  "total_steps": 4927,
  "type1_count": 43,
  "type2_count": 43,
  "plot_path": "traces/requests_types_8k/all_traces_arrival_rate_CV/SS00_SM00_SL00_MS00_MM00_ML00_LS00_LM66_LL34/lognormal_lambda2.5x_cv2/lognormal_lambda2.5x_cv2.png"
}