{
  "PPR": 4.33277027027027,
  "TPI": 0.5275373631166923,
  "OV_block_step": 17278985,
  "OV_frac": 0.6700676016933851,
  "GE2_frac": 0.2825822447714594,
  "peak_blocks": 2565,
  "peak_step": 33131,
  "gpu_blocks": 592,
  "total_steps": 43559,
  "type1_count": 59,
  "type2_count": 24,
  "plot_path": "traces/requests_types_32k/all_traces_arrival_rate_CV/SS06_SM02_SL13_MS06_MM04_ML06_LS51_LM09_LL05/lognormal_lambda3.0x_cv6/lognormal_lambda3.0x_cv6.png"
}