{
  "PPR": 2.823024054982818,
  "TPI": 0.1522132151396746,
  "OV_block_step": 5781410,
  "OV_frac": 0.09655424814909898,
  "GE2_frac": 0.0364981240644622,
  "peak_blocks": 1643,
  "peak_step": 68234,
  "gpu_blocks": 582,
  "total_steps": 102882,
  "type1_count": 52,
  "type2_count": 42,
  "plot_path": "traces/requests_types_32k/all_traces_arrival_rate_CV/SS10_SM24_SL05_MS05_MM03_ML14_LS09_LM12_LL18/lognormal_lambda1.2x_cv3/lognormal_lambda1.2x_cv3.png"
}