{
  "PPR": 9.720779220779221,
  "TPI": 0.9779924852388621,
  "OV_block_step": 1126542,
  "OV_frac": 3.926574230922057,
  "GE2_frac": 0.8856682769726248,
  "peak_blocks": 1497,
  "peak_step": 1103,
  "gpu_blocks": 154,
  "total_steps": 1863,
  "type1_count": 5,
  "type2_count": 3,
  "plot_path": "traces/requests_types_8k/all_traces_arrival_rate_CV/SS00_SM00_SL00_MS00_MM00_ML00_LS00_LM33_LL67/lognormal_lambda4.5x_cv2/lognormal_lambda4.5x_cv2.png"
}