{
  "PPR": 2.715302491103203,
  "TPI": 0.37996073481980086,
  "OV_block_step": 675321,
  "OV_frac": 0.16850915580361622,
  "GE2_frac": 0.046206703127191134,
  "peak_blocks": 763,
  "peak_step": 1797,
  "gpu_blocks": 281,
  "total_steps": 14262,
  "type1_count": 40,
  "type2_count": 50,
  "plot_path": "traces/requests_types_16k/all_traces_arrival_rate_CV/SS00_SM06_SL06_MS06_MM39_ML00_LS06_LM18_LL19/lognormal_lambda2.0x_cv2/lognormal_lambda2.0x_cv2.png"
}