{
  "PPR": 2.437037037037037,
  "TPI": 0.46313437599744656,
  "OV_block_step": 103036,
  "OV_frac": 0.12180492014516911,
  "GE2_frac": 0.015959144589849983,
  "peak_blocks": 329,
  "peak_step": 661,
  "gpu_blocks": 135,
  "total_steps": 6266,
  "type1_count": 100,
  "type2_count": 70,
  "plot_path": "traces/requests_types_8k/all_traces_arrival_rate_CV/SS15_SM13_SL18_MS00_MM19_ML17_LS06_LM03_LL09/lognormal_lambda2.5x_cv2/lognormal_lambda2.5x_cv2.png"
}