{
  "PPR": 2.0053689216137442,
  "TPI": 0.44122426147412164,
  "OV_block_step": 53009840,
  "OV_frac": 0.21660559747410224,
  "GE2_frac": 0.0007458512026850643,
  "peak_blocks": 13073,
  "peak_step": 19629,
  "gpu_blocks": 6519,
  "total_steps": 37541,
  "type1_count": 54,
  "type2_count": 12,
  "plot_path": "traces/request_types/SS26_SL12_LS36_LL24/per05/per05_ml_ov22.png"
}