{
  "PPR": 1.4621407001453977,
  "TPI": 0.2684531578807171,
  "OV_block_step": 19791980,
  "OV_frac": 0.05896540849744651,
  "GE2_frac": 0.0,
  "peak_blocks": 13073,
  "peak_step": 19629,
  "gpu_blocks": 8941,
  "total_steps": 37541,
  "type1_count": 44,
  "type2_count": 27,
  "plot_path": "traces/request_types/SS26_SL12_LS36_LL24/per05/per05_vl_ov6.png"
}