{
  "PPR": 2.1159420289855073,
  "TPI": 0.13969790536593507,
  "OV_block_step": 51481,
  "OV_frac": 0.06226332715308039,
  "GE2_frac": 0.00016690311274305267,
  "peak_blocks": 146,
  "peak_step": 9615,
  "gpu_blocks": 69,
  "total_steps": 11983,
  "type1_count": 26,
  "type2_count": 17,
  "plot_path": "traces/requests_types_8k/all_traces_arrival_rate_CV/SS14_SM21_SL27_MS03_MM10_ML05_LS17_LM02_LL01/lognormal_lambda1.0x_cv2/lognormal_lambda1.0x_cv2.png"
}