{
  "PPR": 4.253205128205129,
  "TPI": 0.8916780769815914,
  "OV_block_step": 3997425,
  "OV_frac": 0.9746127807230044,
  "GE2_frac": 0.3804959683553933,
  "peak_blocks": 1327,
  "peak_step": 7171,
  "gpu_blocks": 312,
  "total_steps": 13146,
  "type1_count": 54,
  "type2_count": 17,
  "plot_path": "traces/requests_types_16k/all_traces_arrival_rate_CV/SS08_SM22_SL00_MS03_MM03_ML08_LS25_LM08_LL23/lognormal_lambda3.5x_cv2/lognormal_lambda3.5x_cv2.png"
}