{
  "PPR": 2.3659359190556493,
  "TPI": 0.2432107554238099,
  "OV_block_step": 5259241,
  "OV_frac": 0.10350311993781201,
  "GE2_frac": 0.021368468962619767,
  "peak_blocks": 1403,
  "peak_step": 79803,
  "gpu_blocks": 593,
  "total_steps": 85687,
  "type1_count": 65,
  "type2_count": 47,
  "plot_path": "traces/requests_types_32k/all_traces_arrival_rate_CV/SS05_SM02_SL22_MS01_MM07_ML11_LS31_LM03_LL19/lognormal_lambda1.5x_cv1/lognormal_lambda1.5x_cv1.png"
}