{
  "PPR": 5.537931034482758,
  "TPI": 0.29463264189424465,
  "OV_block_step": 1601799,
  "OV_frac": 0.5495144831702937,
  "GE2_frac": 0.1965378301746008,
  "peak_blocks": 803,
  "peak_step": 17533,
  "gpu_blocks": 145,
  "total_steps": 20103,
  "type1_count": 25,
  "type2_count": 12,
  "plot_path": "traces/requests_types_8k/all_traces_arrival_rate_CV/SS05_SM02_SL22_MS01_MM07_ML11_LS31_LM03_LL19/lognormal_lambda4.5x_cv6/lognormal_lambda4.5x_cv6.png"
}