{
  "PPR": 1.4567683665601938,
  "TPI": 0.25626336881961004,
  "OV_block_step": 18841303,
  "OV_frac": 0.05102308467827026,
  "GE2_frac": 0.0,
  "peak_blocks": 13226,
  "peak_step": 14206,
  "gpu_blocks": 9079,
  "total_steps": 40673,
  "type1_count": 45,
  "type2_count": 42,
  "plot_path": "traces/request_types/SS11_SL12_LS10_LL64/poi05/poi05_vl_ov5.png"
}