{
  "PPR": 10.031446540880504,
  "TPI": 0.9186550976138829,
  "OV_block_step": 1618145,
  "OV_frac": 3.679324865732593,
  "GE2_frac": 0.8651482284887925,
  "peak_blocks": 1595,
  "peak_step": 1991,
  "gpu_blocks": 159,
  "total_steps": 2766,
  "type1_count": 5,
  "type2_count": 9,
  "plot_path": "traces/requests_types_8k/all_traces_arrival_rate_CV/SS00_SM00_SL00_MS00_MM00_ML00_LS00_LM00_LL100/lognormal_lambda5.0x_cv3/lognormal_lambda5.0x_cv3.png"
}