{
  "PPR": 5.876623376623376,
  "TPI": 0.7486780715396578,
  "OV_block_step": 505903,
  "OV_frac": 1.021799196138232,
  "GE2_frac": 0.3614307931570762,
  "peak_blocks": 905,
  "peak_step": 179,
  "gpu_blocks": 154,
  "total_steps": 3215,
  "type1_count": 20,
  "type2_count": 19,
  "plot_path": "traces/requests_types_8k/all_traces_arrival_rate_CV/SS00_SM00_SL00_MS00_MM00_ML00_LS00_LM66_LL34/lognormal_lambda5.0x_cv3/lognormal_lambda5.0x_cv3.png"
}