{
  "PPR": 2.8064080032445586,
  "TPI": 0.5820836524445981,
  "OV_block_step": 158897439,
  "OV_frac": 0.5307047345760733,
  "GE2_frac": 0.26622526373001953,
  "peak_blocks": 20759,
  "peak_step": 19424,
  "gpu_blocks": 7397,
  "total_steps": 40477,
  "type1_count": 26,
  "type2_count": 13,
  "plot_path": "traces/request_types/SS00_SL00_LS00_LL100/poi05/poi05_mh_ov53.png"
}