{
  "PPR": 2.6476363636363636,
  "TPI": 0.12838223723885633,
  "OV_block_step": 73032385,
  "OV_frac": 0.05303194411314177,
  "GE2_frac": 0.004429108307473571,
  "peak_blocks": 7281,
  "peak_step": 162479,
  "gpu_blocks": 2750,
  "total_steps": 500778,
  "type1_count": 46,
  "type2_count": 36,
  "plot_path": "traces/sy_requests/all_traces_arrival_rate_CV/SS15_SM17_SL08_MS09_MM06_ML17_LS06_LM14_LL09/lognormal_lambda1.0x_cv1/lognormal_lambda1.0x_cv1.png"
}