{
  "PPR": 7.025477707006369,
  "TPI": 0.4163745469669063,
  "OV_block_step": 4150996,
  "OV_frac": 0.78543951542252,
  "GE2_frac": 0.26825500564434673,
  "peak_blocks": 2206,
  "peak_step": 4217,
  "gpu_blocks": 314,
  "total_steps": 16831,
  "type1_count": 22,
  "type2_count": 28,
  "plot_path": "traces/requests_types_16k/all_traces_arrival_rate_CV/SS00_SM00_SL00_MS00_MM00_ML00_LS00_LM00_LL100/lognormal_lambda1.5x_cv7/lognormal_lambda1.5x_cv7.png"
}