{
  "PPR": 3.8754208754208754,
  "TPI": 0.41835344299847943,
  "OV_block_step": 6975770,
  "OV_frac": 0.46382118678175077,
  "GE2_frac": 0.21896166985919943,
  "peak_blocks": 1151,
  "peak_step": 23557,
  "gpu_blocks": 297,
  "total_steps": 50639,
  "type1_count": 82,
  "type2_count": 32,
  "plot_path": "traces/requests_types_16k/all_traces_arrival_rate_CV/SS06_SM02_SL13_MS06_MM04_ML06_LS51_LM09_LL05/lognormal_lambda1.5x_cv4/lognormal_lambda1.5x_cv4.png"
}