{
  "PPR": 3.232142857142857,
  "TPI": 0.24115298661285772,
  "OV_block_step": 6472024,
  "OV_frac": 0.11398091157903695,
  "GE2_frac": 0.03262166677515242,
  "peak_blocks": 1991,
  "peak_step": 5548,
  "gpu_blocks": 616,
  "total_steps": 92178,
  "type1_count": 110,
  "type2_count": 44,
  "plot_path": "traces/requests_types_32k/all_traces_arrival_rate_CV/SS18_SM08_SL17_MS21_MM06_ML10_LS10_LM03_LL07/lognormal_lambda2.5x_cv6/lognormal_lambda2.5x_cv6.png"
}