{
  "PPR": 1.4247558874210224,
  "TPI": 0.3051171110197965,
  "OV_block_step": 20693724,
  "OV_frac": 0.04788424148857363,
  "GE2_frac": 0.0,
  "peak_blocks": 14883,
  "peak_step": 25031,
  "gpu_blocks": 10446,
  "total_steps": 41371,
  "type1_count": 61,
  "type2_count": 40,
  "plot_path": "traces/request_types/SS00_SL50_LS00_LL50/uni05/uni05_vl_ov5.png"
}