{
  "PPR": 3.8079331941544887,
  "TPI": 0.3883412906206684,
  "OV_block_step": 2332985,
  "OV_frac": 0.3750602463484845,
  "GE2_frac": 0.19744340058524565,
  "peak_blocks": 1824,
  "peak_step": 6335,
  "gpu_blocks": 479,
  "total_steps": 12986,
  "type1_count": 24,
  "type2_count": 18,
  "plot_path": "traces/requests_types_32k/all_traces_arrival_rate_CV/SS55_SM04_SL04_MS04_MM02_ML15_LS04_LM04_LL05/lognormal_lambda3.0x_cv5/lognormal_lambda3.0x_cv5.png"
}