{
  "PPR": 4.364779874213837,
  "TPI": 0.6852515762146124,
  "OV_block_step": 890679,
  "OV_frac": 0.6925151090346312,
  "GE2_frac": 0.32167140561256025,
  "peak_blocks": 694,
  "peak_step": 533,
  "gpu_blocks": 159,
  "total_steps": 8089,
  "type1_count": 46,
  "type2_count": 55,
  "plot_path": "traces/requests_types_8k/all_traces_arrival_rate_CV/SS00_SM00_SL00_MS00_MM00_ML00_LS00_LM00_LL100/lognormal_lambda2.5x_cv1/lognormal_lambda2.5x_cv1.png"
}