{
  "PPR": 5.8984375,
  "TPI": 0.5852072685973878,
  "OV_block_step": 13859886,
  "OV_frac": 0.7685999387776832,
  "GE2_frac": 0.3501419647927314,
  "peak_blocks": 3020,
  "peak_step": 32883,
  "gpu_blocks": 512,
  "total_steps": 35220,
  "type1_count": 43,
  "type2_count": 28,
  "plot_path": "traces/request_types/all_traces/SS00_SM00_SL00_MS00_MM00_ML00_LS00_LM00_LL100/bim50/bim50_hi_ov82.png"
}