{
  "PPR": 3.6298076923076925,
  "TPI": 0.4229982964224872,
  "OV_block_step": 8560992,
  "OV_frac": 0.2921537151094221,
  "GE2_frac": 0.11314593980692789,
  "peak_blocks": 3020,
  "peak_step": 32883,
  "gpu_blocks": 832,
  "total_steps": 35220,
  "type1_count": 34,
  "type2_count": 47,
  "plot_path": "traces/request_types/all_traces/SS00_SM00_SL00_MS00_MM00_ML00_LS00_LM00_LL100/bim50/bim50_md_ov32.png"
}