{
  "PPR": 2.359375,
  "TPI": 0.19031800113571834,
  "OV_block_step": 3407560,
  "OV_frac": 0.0755864920499716,
  "GE2_frac": 0.01590005678591709,
  "peak_blocks": 3020,
  "peak_step": 32883,
  "gpu_blocks": 1280,
  "total_steps": 35220,
  "type1_count": 24,
  "type2_count": 35,
  "plot_path": "traces/request_types/all_traces/SS00_SM00_SL00_MS00_MM00_ML00_LS00_LM00_LL100/bim50/bim50_lo_ov11.png"
}