{
  "PPR": 4.449664429530201,
  "TPI": 0.47654175272941873,
  "OV_block_step": 888061,
  "OV_frac": 0.5862241506439771,
  "GE2_frac": 0.24874594275597522,
  "peak_blocks": 663,
  "peak_step": 2412,
  "gpu_blocks": 149,
  "total_steps": 10167,
  "type1_count": 48,
  "type2_count": 24,
  "plot_path": "traces/requests_types_8k/all_traces_arrival_rate_CV/SS11_SM02_SL03_MS00_MM36_ML08_LS16_LM20_LL04/lognormal_lambda3.0x_cv4/lognormal_lambda3.0x_cv4.png"
}