{
  "PPR": 2.957845868152275,
  "TPI": 0.7885314545044254,
  "OV_block_step": 188768560,
  "OV_frac": 0.8789337409881192,
  "GE2_frac": 0.5041245643507258,
  "peak_blocks": 15928,
  "peak_step": 25034,
  "gpu_blocks": 5385,
  "total_steps": 39883,
  "type1_count": 27,
  "type2_count": 4,
  "plot_path": "traces/request_types/SS11_SL12_LS10_LL64/uni05/uni05_hi_ov84.png"
}