{
  "PPR": 8.405271828665569,
  "TPI": 0.72335374234662,
  "OV_block_step": 7945308,
  "OV_frac": 1.6355703513982915,
  "GE2_frac": 0.5687867049856304,
  "peak_blocks": 5102,
  "peak_step": 856,
  "gpu_blocks": 607,
  "total_steps": 8003,
  "type1_count": 8,
  "type2_count": 6,
  "plot_path": "traces/requests_types_32k/all_traces_arrival_rate_CV/SS00_SM00_SL00_MS00_MM00_ML00_LS00_LM66_LL34/lognormal_lambda5.0x_cv7/lognormal_lambda5.0x_cv7.png"
}