{
  "PPR": 2.053061224489796,
  "TPI": 0.09318748269177513,
  "OV_block_step": 50154,
  "OV_frac": 0.02834536196090178,
  "GE2_frac": 0.010523400720022155,
  "peak_blocks": 503,
  "peak_step": 3096,
  "gpu_blocks": 245,
  "total_steps": 7222,
  "type1_count": 9,
  "type2_count": 22,
  "plot_path": "traces/requests_types_16k/all_traces_arrival_rate_CV/SS54_SM10_SL01_MS02_MM09_ML02_LS06_LM14_LL01/lognormal_lambda1.5x_cv1/lognormal_lambda1.5x_cv1.png"
}