{
  "PPR": 3.663883089770355,
  "TPI": 0.35563544371213635,
  "OV_block_step": 2041409,
  "OV_frac": 0.2837237331896792,
  "GE2_frac": 0.11949936755209374,
  "peak_blocks": 1755,
  "peak_step": 8920,
  "gpu_blocks": 479,
  "total_steps": 15021,
  "type1_count": 21,
  "type2_count": 26,
  "plot_path": "traces/requests_types_32k/all_traces_arrival_rate_CV/SS55_SM04_SL04_MS04_MM02_ML15_LS04_LM04_LL05/lognormal_lambda3.5x_cv2/lognormal_lambda3.5x_cv2.png"
}