{
  "PPR": 2.1926928281461433,
  "TPI": 0.44512211151712716,
  "OV_block_step": 63990356,
  "OV_frac": 0.22763602671014127,
  "GE2_frac": 0.028707379268645337,
  "peak_blocks": 16204,
  "peak_step": 16917,
  "gpu_blocks": 7390,
  "total_steps": 38039,
  "type1_count": 42,
  "type2_count": 16,
  "plot_path": "traces/request_types/SS43_SL12_LS12_LL31/per05/per05_ml_ov23.png"
}