{
  "PPR": 3.0842105263157893,
  "TPI": 0.5937464403690625,
  "OV_block_step": 1949997,
  "OV_frac": 0.38968531363720843,
  "GE2_frac": 0.13304476591866954,
  "peak_blocks": 879,
  "peak_step": 13498,
  "gpu_blocks": 285,
  "total_steps": 17558,
  "type1_count": 94,
  "type2_count": 34,
  "plot_path": "traces/requests_types_16k/all_traces_arrival_rate_CV/SS05_SM22_SL01_MS13_MM01_ML37_LS03_LM03_LL15/lognormal_lambda4.5x_cv1/lognormal_lambda4.5x_cv1.png"
}