{
  "PPR": 6.2360655737704915,
  "TPI": 0.6137450360645109,
  "OV_block_step": 3211480,
  "OV_frac": 0.8533465129225075,
  "GE2_frac": 0.3299294918550936,
  "peak_blocks": 1902,
  "peak_step": 2865,
  "gpu_blocks": 305,
  "total_steps": 12339,
  "type1_count": 23,
  "type2_count": 24,
  "plot_path": "traces/requests_types_16k/all_traces_arrival_rate_CV/SS02_SM02_SL02_MS01_MM01_ML02_LS01_LM03_LL86/lognormal_lambda3.0x_cv3/lognormal_lambda3.0x_cv3.png"
}