{
  "PPR": 6.026845637583893,
  "TPI": 0.790474432342625,
  "OV_block_step": 1086338,
  "OV_frac": 1.3459219236482711,
  "GE2_frac": 0.4729555104301274,
  "peak_blocks": 898,
  "peak_step": 3084,
  "gpu_blocks": 149,
  "total_steps": 5417,
  "type1_count": 28,
  "type2_count": 24,
  "plot_path": "traces/requests_types_8k/all_traces_arrival_rate_CV/SS08_SM22_SL00_MS03_MM03_ML08_LS25_LM08_LL23/lognormal_lambda5.0x_cv1/lognormal_lambda5.0x_cv1.png"
}