{
  "PPR": 9.792207792207792,
  "TPI": 0.9538653366583542,
  "OV_block_step": 680304,
  "OV_frac": 2.7540888039641156,
  "GE2_frac": 0.8703241895261845,
  "peak_blocks": 1508,
  "peak_step": 197,
  "gpu_blocks": 154,
  "total_steps": 1604,
  "type1_count": 7,
  "type2_count": 4,
  "plot_path": "traces/requests_types_8k/all_traces_arrival_rate_CV/SS00_SM00_SL00_MS00_MM00_ML00_LS00_LM66_LL34/lognormal_lambda5.0x_cv5/lognormal_lambda5.0x_cv5.png"
}