{
  "PPR": 3.414473684210526,
  "TPI": 0.33151711220841135,
  "OV_block_step": 367273,
  "OV_frac": 0.20571000654198068,
  "GE2_frac": 0.06580963732334412,
  "peak_blocks": 519,
  "peak_step": 10579,
  "gpu_blocks": 152,
  "total_steps": 11746,
  "type1_count": 52,
  "type2_count": 40,
  "plot_path": "traces/requests_types_8k/all_traces_arrival_rate_CV/SS00_SM06_SL06_MS06_MM39_ML00_LS06_LM18_LL19/lognormal_lambda1.0x_cv5/lognormal_lambda1.0x_cv5.png"
}