{
  "PPR": 2.1640625,
  "TPI": 0.16113450582115432,
  "OV_block_step": 36953,
  "OV_frac": 0.035756169494674264,
  "GE2_frac": 0.0004954173891503591,
  "peak_blocks": 277,
  "peak_step": 1404,
  "gpu_blocks": 128,
  "total_steps": 8074,
  "type1_count": 44,
  "type2_count": 26,
  "plot_path": "traces/requests_types_8k/all_traces_arrival_rate_CV/SS55_SM04_SL04_MS04_MM02_ML15_LS04_LM04_LL05/lognormal_lambda1.0x_cv4/lognormal_lambda1.0x_cv4.png"
}