{
  "PPR": 3.096,
  "TPI": 0.5917401729896378,
  "OV_block_step": 141038881,
  "OV_frac": 0.36601057504911233,
  "GE2_frac": 0.11574748080271759,
  "peak_blocks": 8514,
  "peak_step": 106327,
  "gpu_blocks": 2750,
  "total_steps": 140124,
  "type1_count": 57,
  "type2_count": 27,
  "plot_path": "traces/sy_requests/all_traces_arrival_rate_CV/SS06_SM63_SL03_MS03_MM03_ML06_LS03_LM09_LL04/lognormal_lambda3.5x_cv1/lognormal_lambda3.5x_cv1.png"
}