{
  "PPR": 5.341517857142857,
  "TPI": 0.4953327092100599,
  "OV_block_step": 94612538,
  "OV_frac": 0.47988270623984774,
  "GE2_frac": 0.18452840821297753,
  "peak_blocks": 4786,
  "peak_step": 202934,
  "gpu_blocks": 896,
  "total_steps": 220042,
  "type1_count": 160,
  "type2_count": 76,
  "plot_path": "traces/request_types/all_traces/SS22_SL19_LS47_LL09/bim50/bim50_mh_ov52.png"
}