{
  "PPR": 2.9393939393939394,
  "TPI": 0.3056780227120908,
  "OV_block_step": 202125,
  "OV_frac": 0.2045758183032732,
  "GE2_frac": 0.07828991315965264,
  "peak_blocks": 388,
  "peak_step": 3826,
  "gpu_blocks": 132,
  "total_steps": 7485,
  "type1_count": 43,
  "type2_count": 31,
  "plot_path": "traces/requests_types_8k/all_traces_arrival_rate_CV/SS06_SM01_SL07_MS08_MM02_ML49_LS05_LM19_LL03/lognormal_lambda4.5x_cv5/lognormal_lambda4.5x_cv5.png"
}