{
  "PPR": 2.727891156462585,
  "TPI": 0.4545689878332902,
  "OV_block_step": 286100,
  "OV_frac": 0.25191023859712147,
  "GE2_frac": 0.044395547501941496,
  "peak_blocks": 401,
  "peak_step": 5509,
  "gpu_blocks": 147,
  "total_steps": 7726,
  "type1_count": 57,
  "type2_count": 37,
  "plot_path": "traces/requests_types_8k/all_traces_arrival_rate_CV/SS19_SM26_SL11_MS14_MM09_ML02_LS10_LM01_LL08/lognormal_lambda3.5x_cv2/lognormal_lambda3.5x_cv2.png"
}