{
  "PPR": 2.3044853899125255,
  "TPI": 0.41553532326841075,
  "OV_block_step": 59524425,
  "OV_frac": 0.2553517076373377,
  "GE2_frac": 0.05591794398985825,
  "peak_blocks": 12382,
  "peak_step": 25891,
  "gpu_blocks": 5373,
  "total_steps": 43385,
  "type1_count": 44,
  "type2_count": 10,
  "plot_path": "traces/SS00_SL100_LS00_LL00/poi05/poi05_md_ov25.png"
}