{
  "PPR": 2.4022556390977443,
  "TPI": 0.2792896018332856,
  "OV_block_step": 399055,
  "OV_frac": 0.14324517969228429,
  "GE2_frac": 0.019001241287119258,
  "peak_blocks": 639,
  "peak_step": 8450,
  "gpu_blocks": 266,
  "total_steps": 10473,
  "type1_count": 31,
  "type2_count": 23,
  "plot_path": "traces/requests_types_16k/all_traces_arrival_rate_CV/SS03_SM35_SL00_MS13_MM01_ML28_LS01_LM18_LL02/lognormal_lambda3.0x_cv2/lognormal_lambda3.0x_cv2.png"
}