{
  "PPR": 3.854799807042933,
  "TPI": 0.6056984498138045,
  "OV_block_step": 38934302,
  "OV_frac": 0.813268459519727,
  "GE2_frac": 0.45280159348748594,
  "peak_blocks": 7991,
  "peak_step": 10247,
  "gpu_blocks": 2073,
  "total_steps": 23094,
  "type1_count": 27,
  "type2_count": 8,
  "plot_path": "traces/SS41_SL16_LS41_LL00/poi05/poi05_hi_ov81.png"
}