{
  "PPR": 3.7101024890190337,
  "TPI": 0.733711065107875,
  "OV_block_step": 189263431,
  "OV_frac": 0.5526492046816639,
  "GE2_frac": 0.21992006605320155,
  "peak_blocks": 7602,
  "peak_step": 58447,
  "gpu_blocks": 2049,
  "total_steps": 167138,
  "type1_count": 119,
  "type2_count": 56,
  "plot_path": "traces/requests_types_128k/all_traces_arrival_rate_CV/SS03_SM42_SL05_MS03_MM05_ML25_LS13_LM02_LL00/lognormal_lambda3.0x_cv1/lognormal_lambda3.0x_cv1.png"
}