{
  "PPR": 3.2563237774030354,
  "TPI": 0.3864399979940825,
  "OV_block_step": 4260508,
  "OV_frac": 0.36029626352207816,
  "GE2_frac": 0.1761195526804072,
  "peak_blocks": 1931,
  "peak_step": 11380,
  "gpu_blocks": 593,
  "total_steps": 19941,
  "type1_count": 35,
  "type2_count": 31,
  "plot_path": "traces/requests_types_32k/all_traces_arrival_rate_CV/SS07_SM02_SL09_MS02_MM02_ML07_LS02_LM57_LL10/lognormal_lambda2.0x_cv2/lognormal_lambda2.0x_cv2.png"
}