{
  "PPR": 3.3680555555555554,
  "TPI": 0.5900178253119429,
  "OV_block_step": 2917507,
  "OV_frac": 0.4880393428187546,
  "GE2_frac": 0.20431661608132196,
  "peak_blocks": 970,
  "peak_step": 19535,
  "gpu_blocks": 288,
  "total_steps": 20757,
  "type1_count": 86,
  "type2_count": 50,
  "plot_path": "traces/requests_types_16k/all_traces_arrival_rate_CV/SS09_SM11_SL08_MS09_MM08_ML09_LS18_LM23_LL05/lognormal_lambda4.5x_cv1/lognormal_lambda4.5x_cv1.png"
}