{
  "PPR": 2.748795761078998,
  "TPI": 0.4317567085649075,
  "OV_block_step": 131028705,
  "OV_frac": 0.17314145328499375,
  "GE2_frac": 0.05323508918235336,
  "peak_blocks": 11413,
  "peak_step": 114656,
  "gpu_blocks": 4152,
  "total_steps": 182267,
  "type1_count": 106,
  "type2_count": 90,
  "plot_path": "traces/requests_types_128k_bs8/all_traces_arrival_rate_CV/SS05_SM02_SL22_MS01_MM07_ML11_LS31_LM03_LL19/lognormal_lambda4.0x_cv1/lognormal_lambda4.0x_cv1.png"
}