{
  "PPR": 3.229390681003584,
  "TPI": 0.5690631808278868,
  "OV_block_step": 3171850,
  "OV_frac": 0.41280457490310607,
  "GE2_frac": 0.15548293391430645,
  "peak_blocks": 901,
  "peak_step": 5128,
  "gpu_blocks": 279,
  "total_steps": 27540,
  "type1_count": 114,
  "type2_count": 43,
  "plot_path": "traces/requests_types_16k/all_traces_arrival_rate_CV/SS03_SM24_SL03_MS36_MM03_ML12_LS06_LM06_LL07/lognormal_lambda3.0x_cv6/lognormal_lambda3.0x_cv6.png"
}