{
  "PPR": 2.908869987849332,
  "TPI": 0.5238436197154285,
  "OV_block_step": 231563903,
  "OV_frac": 0.3308074348520696,
  "GE2_frac": 0.1155286864140748,
  "peak_blocks": 7182,
  "peak_step": 27118,
  "gpu_blocks": 2469,
  "total_steps": 283514,
  "type1_count": 142,
  "type2_count": 46,
  "plot_path": "traces/requests_types_128k/all_traces_arrival_rate_CV/SS04_SM15_SL55_MS02_MM04_ML04_LS04_LM04_LL05/lognormal_lambda3.5x_cv1/lognormal_lambda3.5x_cv1.png"
}