{
  "PPR": 5.2682926829268295,
  "TPI": 0.4939629408248655,
  "OV_block_step": 1740575,
  "OV_frac": 0.6343850684472176,
  "GE2_frac": 0.26557083084279737,
  "peak_blocks": 864,
  "peak_step": 5021,
  "gpu_blocks": 164,
  "total_steps": 16730,
  "type1_count": 43,
  "type2_count": 29,
  "plot_path": "traces/requests_types_8k/all_traces_arrival_rate_CV/SS00_SM00_SL00_MS00_MM00_ML00_LS33_LM00_LL67/lognormal_lambda3.0x_cv6/lognormal_lambda3.0x_cv6.png"
}