{
  "PPR": 5.150943396226415,
  "TPI": 0.5563906488966572,
  "OV_block_step": 5205745,
  "OV_frac": 0.715327388927135,
  "GE2_frac": 0.32977933143980775,
  "peak_blocks": 1638,
  "peak_step": 18041,
  "gpu_blocks": 318,
  "total_steps": 22885,
  "type1_count": 53,
  "type2_count": 29,
  "plot_path": "traces/requests_types_16k/all_traces_arrival_rate_CV/SS00_SM00_SL00_MS00_MM00_ML00_LS33_LM00_LL67/lognormal_lambda2.0x_cv5/lognormal_lambda2.0x_cv5.png"
}