{
  "PPR": 1.532172892626638,
  "TPI": 0.18690632165083523,
  "OV_block_step": 5370547,
  "OV_frac": 0.043005691740077456,
  "GE2_frac": 0.0,
  "peak_blocks": 7834,
  "peak_step": 10919,
  "gpu_blocks": 5113,
  "total_steps": 24424,
  "type1_count": 39,
  "type2_count": 25,
  "plot_path": "traces/request_types/SS41_SL16_LS41_LL00/uni05/uni05_vl_ov4.png"
}