{
  "PPR": 4.896749521988528,
  "TPI": 0.6574608841751549,
  "OV_block_step": 6506851,
  "OV_frac": 0.6532289039979489,
  "GE2_frac": 0.2686128320907277,
  "peak_blocks": 2561,
  "peak_step": 4626,
  "gpu_blocks": 523,
  "total_steps": 19046,
  "type1_count": 49,
  "type2_count": 29,
  "plot_path": "traces/requests_types_32k/all_traces_arrival_rate_CV/SS06_SM01_SL07_MS08_MM02_ML49_LS05_LM19_LL03/lognormal_lambda5.0x_cv4/lognormal_lambda5.0x_cv4.png"
}