{
  "PPR": 2.369369369369369,
  "TPI": 0.22839840925524224,
  "OV_block_step": 4086870,
  "OV_frac": 0.13311152801391413,
  "GE2_frac": 0.03859363702096891,
  "peak_blocks": 1315,
  "peak_step": 39740,
  "gpu_blocks": 555,
  "total_steps": 55320,
  "type1_count": 60,
  "type2_count": 29,
  "plot_path": "traces/requests_types_32k/all_traces_arrival_rate_CV/SS02_SM04_SL04_MS04_MM15_ML55_LS04_LM04_LL05/lognormal_lambda1.2x_cv3/lognormal_lambda1.2x_cv3.png"
}