{
  "PPR": 2.420839656044512,
  "TPI": 0.15270775269052914,
  "OV_block_step": 35158037,
  "OV_frac": 0.04640844133151552,
  "GE2_frac": 0.0006837232121420892,
  "peak_blocks": 4786,
  "peak_step": 343837,
  "gpu_blocks": 1977,
  "total_steps": 383196,
  "type1_count": 64,
  "type2_count": 51,
  "plot_path": "traces/requests_types_128k/all_traces_arrival_rate_CV/SS06_SM06_SL19_MS24_MM08_ML20_LS10_LM05_LL02/lognormal_lambda1.0x_cv1/lognormal_lambda1.0x_cv1.png"
}