{
  "PPR": 2.9282868525896415,
  "TPI": 0.4621051740198154,
  "OV_block_step": 756329,
  "OV_frac": 0.2551666481672598,
  "GE2_frac": 0.03852993479549496,
  "peak_blocks": 735,
  "peak_step": 10731,
  "gpu_blocks": 251,
  "total_steps": 11809,
  "type1_count": 41,
  "type2_count": 34,
  "plot_path": "traces/requests_types_16k/all_traces_arrival_rate_CV/SS15_SM17_SL08_MS09_MM06_ML17_LS06_LM14_LL09/lognormal_lambda2.0x_cv5/lognormal_lambda2.0x_cv5.png"
}