{
  "PPR": 8.278418451400329,
  "TPI": 0.7477047374219611,
  "OV_block_step": 8213852,
  "OV_frac": 1.6564917840439497,
  "GE2_frac": 0.5790182396866201,
  "peak_blocks": 5025,
  "peak_step": 5224,
  "gpu_blocks": 607,
  "total_steps": 8169,
  "type1_count": 11,
  "type2_count": 15,
  "plot_path": "traces/requests_types_32k/all_traces_arrival_rate_CV/SS00_SM00_SL00_MS00_MM00_ML00_LS00_LM66_LL34/lognormal_lambda4.0x_cv3/lognormal_lambda4.0x_cv3.png"
}