{
  "PPR": 2.5878378378378377,
  "TPI": 0.46398346146391883,
  "OV_block_step": 549516,
  "OV_frac": 0.2398698847435846,
  "GE2_frac": 0.04457652303120357,
  "peak_blocks": 383,
  "peak_step": 8833,
  "gpu_blocks": 148,
  "total_steps": 15479,
  "type1_count": 100,
  "type2_count": 46,
  "plot_path": "traces/requests_types_8k/all_traces_arrival_rate_CV/SS01_SM18_SL11_MS32_MM14_ML02_LS14_LM07_LL01/lognormal_lambda2.0x_cv1/lognormal_lambda2.0x_cv1.png"
}