{
  "PPR": 1.8134545454545454,
  "TPI": 0.24446835200446015,
  "OV_block_step": 45363416,
  "OV_frac": 0.0718495201681431,
  "GE2_frac": 0.0,
  "peak_blocks": 4987,
  "peak_step": 99859,
  "gpu_blocks": 2750,
  "total_steps": 229588,
  "type1_count": 69,
  "type2_count": 37,
  "plot_path": "traces/requests_types_96k/all_traces_arrival_rate_CV/SS14_SM21_SL27_MS03_MM10_ML05_LS17_LM02_LL01/lognormal_lambda3.0x_cv1/lognormal_lambda3.0x_cv1.png"
}