{
  "PPR": 2.9875,
  "TPI": 0.4121840724845017,
  "OV_block_step": 4074192,
  "OV_frac": 0.24285836909871245,
  "GE2_frac": 0.08814973772055316,
  "peak_blocks": 1195,
  "peak_step": 21055,
  "gpu_blocks": 400,
  "total_steps": 41940,
  "type1_count": 64,
  "type2_count": 30,
  "plot_path": "traces/request_types/all_traces/SS03_SM42_SL05_MS03_MM05_ML25_LS13_LM02_LL00/bim50/bim50_ml_ov21.png"
}