{
  "PPR": 7.16576332429991,
  "TPI": 0.6802320863426113,
  "OV_block_step": 227440954,
  "OV_frac": 1.0420405425009645,
  "GE2_frac": 0.3911486650977846,
  "peak_blocks": 15865,
  "peak_step": 40898,
  "gpu_blocks": 2214,
  "total_steps": 98584,
  "type1_count": 48,
  "type2_count": 35,
  "plot_path": "traces/requests_types_128k/all_traces_arrival_rate_CV/SS09_SM11_SL08_MS09_MM08_ML09_LS18_LM23_LL05/lognormal_lambda4.0x_cv1/lognormal_lambda4.0x_cv1.png"
}