{
  "PPR": 2.286727456940223,
  "TPI": 0.1025952417380661,
  "OV_block_step": 28335092,
  "OV_frac": 0.045753486935630354,
  "GE2_frac": 0.010614290085679315,
  "peak_blocks": 4514,
  "peak_step": 27185,
  "gpu_blocks": 1974,
  "total_steps": 313728,
  "type1_count": 33,
  "type2_count": 22,
  "plot_path": "traces/requests_types_128k/all_traces_arrival_rate_CV/SS01_SM18_SL11_MS32_MM14_ML02_LS14_LM07_LL01/lognormal_lambda1.0x_cv1/lognormal_lambda1.0x_cv1.png"
}