{
  "PPR": 2.2664473684210527,
  "TPI": 0.14546188395526416,
  "OV_block_step": 6768586,
  "OV_frac": 0.052247552543766194,
  "GE2_frac": 0.0030646773640958733,
  "peak_blocks": 1378,
  "peak_step": 112686,
  "gpu_blocks": 608,
  "total_steps": 213073,
  "type1_count": 99,
  "type2_count": 48,
  "plot_path": "traces/requests_types_32k/all_traces_arrival_rate_CV/SS10_SM00_SL12_MS50_MM04_ML04_LS04_LM08_LL09/lognormal_lambda1.0x_cv1/lognormal_lambda1.0x_cv1.png"
}