{
  "PPR": 3.8434237995824634,
  "TPI": 0.4553805774278215,
  "OV_block_step": 2188152,
  "OV_frac": 0.29974849177255763,
  "GE2_frac": 0.10833333333333334,
  "peak_blocks": 1841,
  "peak_step": 12915,
  "gpu_blocks": 479,
  "total_steps": 15240,
  "type1_count": 27,
  "type2_count": 25,
  "plot_path": "traces/requests_types_32k/all_traces_arrival_rate_CV/SS55_SM04_SL04_MS04_MM02_ML15_LS04_LM04_LL05/lognormal_lambda3.0x_cv7/lognormal_lambda3.0x_cv7.png"
}