{
  "PPR": 6.386206896551724,
  "TPI": 0.49936834506406785,
  "OV_block_step": 1547936,
  "OV_frac": 0.9633117388246862,
  "GE2_frac": 0.3582385850929435,
  "peak_blocks": 926,
  "peak_step": 8405,
  "gpu_blocks": 145,
  "total_steps": 11082,
  "type1_count": 22,
  "type2_count": 10,
  "plot_path": "traces/requests_types_8k/all_traces_arrival_rate_CV/SS05_SM02_SL22_MS01_MM07_ML11_LS31_LM03_LL19/lognormal_lambda4.0x_cv4/lognormal_lambda4.0x_cv4.png"
}