{
  "PPR": 3.4023972602739727,
  "TPI": 0.5416548194483936,
  "OV_block_step": 8413911,
  "OV_frac": 0.34137479502689483,
  "GE2_frac": 0.08785897071367643,
  "peak_blocks": 1987,
  "peak_step": 35633,
  "gpu_blocks": 584,
  "total_steps": 42204,
  "type1_count": 82,
  "type2_count": 40,
  "plot_path": "traces/requests_types_32k/all_traces_arrival_rate_CV/SS15_SM02_SL11_MS22_MM03_ML32_LS00_LM00_LL14/lognormal_lambda2.5x_cv1/lognormal_lambda2.5x_cv1.png"
}