{
  "PPR": 3.1216216216216215,
  "TPI": 0.40312185297079556,
  "OV_block_step": 395878,
  "OV_frac": 0.2693707302468632,
  "GE2_frac": 0.1163141993957704,
  "peak_blocks": 462,
  "peak_step": 9683,
  "gpu_blocks": 148,
  "total_steps": 9930,
  "type1_count": 62,
  "type2_count": 33,
  "plot_path": "traces/requests_types_8k/all_traces_arrival_rate_CV/SS10_SM24_SL05_MS05_MM03_ML14_LS09_LM12_LL18/lognormal_lambda1.5x_cv4/lognormal_lambda1.5x_cv4.png"
}