{
  "PPR": 4.062909090909091,
  "TPI": 0.3679121856765314,
  "OV_block_step": 78156222,
  "OV_frac": 0.37182987104739207,
  "GE2_frac": 0.17959285134887615,
  "peak_blocks": 11173,
  "peak_step": 43929,
  "gpu_blocks": 2750,
  "total_steps": 76434,
  "type1_count": 29,
  "type2_count": 18,
  "plot_path": "traces/requests_types_96k/all_traces_arrival_rate_CV/SS06_SM27_SL20_MS09_MM11_ML01_LS04_LM12_LL10/lognormal_lambda3.5x_cv1/lognormal_lambda3.5x_cv1.png"
}