{
  "PPR": 2.036830357142857,
  "TPI": 0.11922667612628592,
  "OV_block_step": 1633670,
  "OV_frac": 0.03233934747630872,
  "GE2_frac": 0.0019155728981908478,
  "peak_blocks": 1825,
  "peak_step": 9587,
  "gpu_blocks": 896,
  "total_steps": 56380,
  "type1_count": 36,
  "type2_count": 29,
  "plot_path": "traces/request_types/all_traces/SS00_SM06_SL06_MS06_MM39_ML00_LS06_LM18_LL19/bim50/bim50_vl_ov5.png"
}