{
  "PPR": 4.752604166666667,
  "TPI": 0.5871230932954948,
  "OV_block_step": 11017445,
  "OV_frac": 0.5088907949775334,
  "GE2_frac": 0.21129833274210713,
  "peak_blocks": 1825,
  "peak_step": 9587,
  "gpu_blocks": 384,
  "total_steps": 56380,
  "type1_count": 86,
  "type2_count": 49,
  "plot_path": "traces/request_types/all_traces/SS00_SM06_SL06_MS06_MM39_ML00_LS06_LM18_LL19/bim50/bim50_mh_ov53.png"
}