{
  "PPR": 4.073660714285714,
  "TPI": 0.5247073430294431,
  "OV_block_step": 8998647,
  "OV_frac": 0.3562657968251153,
  "GE2_frac": 0.11952820148989003,
  "peak_blocks": 1825,
  "peak_step": 9587,
  "gpu_blocks": 448,
  "total_steps": 56380,
  "type1_count": 87,
  "type2_count": 55,
  "plot_path": "traces/request_types/all_traces/SS00_SM06_SL06_MS06_MM39_ML00_LS06_LM18_LL19/bim50/bim50_md_ov38.png"
}