{
  "PPR": 5.703125,
  "TPI": 0.6521816246896063,
  "OV_block_step": 13251082,
  "OV_frac": 0.734473771727563,
  "GE2_frac": 0.3063852429939695,
  "peak_blocks": 1825,
  "peak_step": 9587,
  "gpu_blocks": 320,
  "total_steps": 56380,
  "type1_count": 73,
  "type2_count": 48,
  "plot_path": "traces/request_types/all_traces/SS00_SM06_SL06_MS06_MM39_ML00_LS06_LM18_LL19/bim50/bim50_hi_ov75.png"
}