{
  "PPR": 3.2843326885880075,
  "TPI": 0.5735363765528799,
  "OV_block_step": 6829086,
  "OV_frac": 0.4812220419609907,
  "GE2_frac": 0.20459761739954097,
  "peak_blocks": 1698,
  "peak_step": 18620,
  "gpu_blocks": 517,
  "total_steps": 27449,
  "type1_count": 52,
  "type2_count": 26,
  "plot_path": "traces/requests_types_32k/all_traces_arrival_rate_CV/SS14_SM21_SL27_MS03_MM10_ML05_LS17_LM02_LL01/lognormal_lambda3.5x_cv1/lognormal_lambda3.5x_cv1.png"
}