{
  "PPR": 6.356,
  "TPI": 0.7671743482540841,
  "OV_block_step": 433011822,
  "OV_frac": 1.7415894566328916,
  "GE2_frac": 0.6088529050668613,
  "peak_blocks": 17479,
  "peak_step": 33706,
  "gpu_blocks": 2750,
  "total_steps": 90411,
  "type1_count": 12,
  "type2_count": 20,
  "plot_path": "traces/requests_types_96k/all_traces_arrival_rate_CV/SS02_SM02_SL02_MS01_MM01_ML02_LS01_LM03_LL86/lognormal_lambda4.0x_cv1/lognormal_lambda4.0x_cv1.png"
}