{
  "PPR": 2.9923076923076923,
  "TPI": 0.3414239482200647,
  "OV_block_step": 270283,
  "OV_frac": 0.19789644012944985,
  "GE2_frac": 0.06796116504854369,
  "peak_blocks": 389,
  "peak_step": 5815,
  "gpu_blocks": 130,
  "total_steps": 10506,
  "type1_count": 57,
  "type2_count": 34,
  "plot_path": "traces/requests_types_8k/all_traces_arrival_rate_CV/SS03_SM35_SL00_MS13_MM01_ML28_LS01_LM18_LL02/lognormal_lambda2.0x_cv4/lognormal_lambda2.0x_cv4.png"
}