{
  "PPR": 1.7142857142857142,
  "TPI": 0.06725535260674972,
  "OV_block_step": 94543,
  "OV_frac": 0.014331067780737679,
  "GE2_frac": 0.0,
  "peak_blocks": 456,
  "peak_step": 11199,
  "gpu_blocks": 266,
  "total_steps": 24801,
  "type1_count": 21,
  "type2_count": 19,
  "plot_path": "traces/requests_types_16k/all_traces_arrival_rate_CV/SS03_SM35_SL00_MS13_MM01_ML28_LS01_LM18_LL02/lognormal_lambda1.0x_cv1/lognormal_lambda1.0x_cv1.png"
}