{
  "PPR": 2.2096354166666665,
  "TPI": 0.1355245953874721,
  "OV_block_step": 11294911,
  "OV_frac": 0.0403978425186054,
  "GE2_frac": 0.006636414578137189,
  "peak_blocks": 3394,
  "peak_step": 79655,
  "gpu_blocks": 1536,
  "total_steps": 182026,
  "type1_count": 69,
  "type2_count": 48,
  "plot_path": "traces/request_types/SS32_SL30_LS30_LL05/bim50/bim50_vl_ov6.png"
}