{
  "PPR": 3.09489643969135,
  "TPI": 0.49366209800232913,
  "OV_block_step": 188345467,
  "OV_frac": 0.5710132122813185,
  "GE2_frac": 0.3456956015408044,
  "peak_blocks": 22862,
  "peak_step": 26728,
  "gpu_blocks": 7387,
  "total_steps": 44652,
  "type1_count": 18,
  "type2_count": 33,
  "plot_path": "traces/request_types/SS00_SL25_LS00_LL75/uni05/uni05_mh_ov57.png"
}