{
  "PPR": 2.057660202902273,
  "TPI": 0.5785923380425099,
  "OV_block_step": 94580995,
  "OV_frac": 0.25764736207589606,
  "GE2_frac": 0.011200203640066183,
  "peak_blocks": 16023,
  "peak_step": 25875,
  "gpu_blocks": 7787,
  "total_steps": 47142,
  "type1_count": 71,
  "type2_count": 35,
  "plot_path": "traces/SS12_SL37_LS06_LL43/per05/per05_md_ov26.png"
}