{
  "PPR": 1.472702205882353,
  "TPI": 0.3033176360782317,
  "OV_block_step": 27025615,
  "OV_frac": 0.05269127247277936,
  "GE2_frac": 0.0,
  "peak_blocks": 16023,
  "peak_step": 25875,
  "gpu_blocks": 10880,
  "total_steps": 47142,
  "type1_count": 54,
  "type2_count": 30,
  "plot_path": "traces/SS12_SL37_LS06_LL43/per05/per05_sk_ov5.png"
}