{
  "PPR": 2.3862332695984705,
  "TPI": 0.36488498665023616,
  "OV_block_step": 2807316,
  "OV_frac": 0.13780337382440985,
  "GE2_frac": 0.029369480386116247,
  "peak_blocks": 1248,
  "peak_step": 24278,
  "gpu_blocks": 523,
  "total_steps": 38952,
  "type1_count": 77,
  "type2_count": 59,
  "plot_path": "traces/requests_types_32k/all_traces_arrival_rate_CV/SS06_SM01_SL07_MS08_MM02_ML49_LS05_LM19_LL03/lognormal_lambda2.5x_cv1/lognormal_lambda2.5x_cv1.png"
}