{
  "PPR": 2.845360824742268,
  "TPI": 0.26272401433691756,
  "OV_block_step": 6685979,
  "OV_frac": 0.17156416406984526,
  "GE2_frac": 0.06258960573476703,
  "peak_blocks": 1656,
  "peak_step": 48732,
  "gpu_blocks": 582,
  "total_steps": 66960,
  "type1_count": 51,
  "type2_count": 48,
  "plot_path": "traces/requests_types_32k/all_traces_arrival_rate_CV/SS10_SM24_SL05_MS05_MM03_ML14_LS09_LM12_LL18/lognormal_lambda2.0x_cv3/lognormal_lambda2.0x_cv3.png"
}