{
  "PPR": 4.782894736842105,
  "TPI": 0.5015232844915132,
  "OV_block_step": 684367,
  "OV_frac": 0.6531864897264197,
  "GE2_frac": 0.28797330625272016,
  "peak_blocks": 727,
  "peak_step": 3917,
  "gpu_blocks": 152,
  "total_steps": 6893,
  "type1_count": 37,
  "type2_count": 23,
  "plot_path": "traces/requests_types_8k/all_traces_arrival_rate_CV/SS00_SM06_SL06_MS06_MM39_ML00_LS06_LM18_LL19/lognormal_lambda3.5x_cv5/lognormal_lambda3.5x_cv5.png"
}