{
  "PPR": 10.636363636363637,
  "TPI": 0.958667489204195,
  "OV_block_step": 677361,
  "OV_frac": 2.713416441670606,
  "GE2_frac": 0.9247378161628624,
  "peak_blocks": 1638,
  "peak_step": 1004,
  "gpu_blocks": 154,
  "total_steps": 1621,
  "type1_count": 6,
  "type2_count": 2,
  "plot_path": "traces/requests_types_8k/all_traces_arrival_rate_CV/SS00_SM00_SL00_MS00_MM00_ML00_LS00_LM66_LL34/lognormal_lambda4.5x_cv6/lognormal_lambda4.5x_cv6.png"
}