{
  "PPR": 3.18828125,
  "TPI": 0.49938867001766063,
  "OV_block_step": 90405052,
  "OV_frac": 0.33086278042713463,
  "GE2_frac": 0.1205139856372588,
  "peak_blocks": 4081,
  "peak_step": 67360,
  "gpu_blocks": 1280,
  "total_steps": 213469,
  "type1_count": 140,
  "type2_count": 74,
  "plot_path": "traces/request_types/all_traces/SS12_SL06_LS43_LL37/bim50/bim50_md_ov32.png"
}