{
  "PPR": 2.27734375,
  "TPI": 0.2965817050719308,
  "OV_block_step": 46240422,
  "OV_frac": 0.12087847378140552,
  "GE2_frac": 0.010994570640233476,
  "peak_blocks": 4081,
  "peak_step": 67360,
  "gpu_blocks": 1792,
  "total_steps": 213469,
  "type1_count": 101,
  "type2_count": 73,
  "plot_path": "traces/request_types/all_traces/SS12_SL06_LS43_LL37/bim50/bim50_lo_ov13.png"
}