{
  "PPR": 3.169791666666667,
  "TPI": 0.5157584255710973,
  "OV_block_step": 83768811,
  "OV_frac": 0.33339005064321275,
  "GE2_frac": 0.120107132077346,
  "peak_blocks": 3043,
  "peak_step": 72071,
  "gpu_blocks": 960,
  "total_steps": 261733,
  "type1_count": 218,
  "type2_count": 84,
  "plot_path": "traces/request_types/all_traces/SS12_SL38_LS27_LL21/bim50/bim50_md_ov36.png"
}