{
  "PPR": 3.80375,
  "TPI": 0.5871441507184803,
  "OV_block_step": 107083172,
  "OV_frac": 0.5114141701657796,
  "GE2_frac": 0.20204559608455946,
  "peak_blocks": 3043,
  "peak_step": 72071,
  "gpu_blocks": 800,
  "total_steps": 261733,
  "type1_count": 165,
  "type2_count": 71,
  "plot_path": "traces/request_types/all_traces/SS12_SL38_LS27_LL21/bim50/bim50_mh_ov55.png"
}