{
  "PPR": 1.919209339347307,
  "TPI": 0.7461150456004484,
  "OV_block_step": 32026984,
  "OV_frac": 0.2164741221877698,
  "GE2_frac": 0.0,
  "peak_blocks": 14467,
  "peak_step": 3386,
  "gpu_blocks": 7538,
  "total_steps": 19627,
  "type1_count": 74,
  "type2_count": 21,
  "plot_path": "traces/request_types/SS00_SL12_LS87_LL00/bim05/bim05_ml_ov22.png"
}