{
  "PPR": 2.170918367346939,
  "TPI": 0.8123503337239517,
  "OV_block_step": 45571318,
  "OV_frac": 0.3484196807066435,
  "GE2_frac": 0.018647781117847862,
  "peak_blocks": 14467,
  "peak_step": 3386,
  "gpu_blocks": 6664,
  "total_steps": 19627,
  "type1_count": 49,
  "type2_count": 7,
  "plot_path": "traces/request_types/SS00_SL12_LS87_LL00/bim05/bim05_md_ov35.png"
}