{
  "PPR": 3.272727272727273,
  "TPI": 0.17120609891183944,
  "OV_block_step": 651733,
  "OV_frac": 0.1484841801841867,
  "GE2_frac": 0.07190330357724636,
  "peak_blocks": 468,
  "peak_step": 6748,
  "gpu_blocks": 143,
  "total_steps": 30694,
  "type1_count": 71,
  "type2_count": 29,
  "plot_path": "traces/requests_types_8k/all_traces_arrival_rate_CV/SS18_SM08_SL17_MS21_MM06_ML10_LS10_LM03_LL07/lognormal_lambda2.5x_cv6/lognormal_lambda2.5x_cv6.png"
}