{
  "PPR": 1.4238095238095239,
  "TPI": 0.05886833975199966,
  "OV_block_step": 426143,
  "OV_frac": 0.00858797401901215,
  "GE2_frac": 0.0,
  "peak_blocks": 1495,
  "peak_step": 28564,
  "gpu_blocks": 1050,
  "total_steps": 47258,
  "type1_count": 25,
  "type2_count": 23,
  "plot_path": "traces/requests_types_32k_bs8/all_traces_arrival_rate_CV/SS15_SM17_SL08_MS09_MM06_ML17_LS06_LM14_LL09/lognormal_lambda2.0x_cv1/lognormal_lambda2.0x_cv1.png"
}