{
  "PPR": 2.423892100192678,
  "TPI": 0.17459707695262708,
  "OV_block_step": 2088969,
  "OV_frac": 0.07028214984208488,
  "GE2_frac": 0.016099460441076324,
  "peak_blocks": 1258,
  "peak_step": 42272,
  "gpu_blocks": 519,
  "total_steps": 57269,
  "type1_count": 56,
  "type2_count": 32,
  "plot_path": "traces/requests_types_32k/all_traces_arrival_rate_CV/SS06_SM27_SL20_MS09_MM11_ML01_LS04_LM12_LL10/lognormal_lambda1.2x_cv4/lognormal_lambda1.2x_cv4.png"
}