{
  "PPR": 1.3876420060958714,
  "TPI": 0.014098402789004821,
  "OV_block_step": 1374858,
  "OV_frac": 0.001579189490881701,
  "GE2_frac": 0.0,
  "peak_blocks": 5008,
  "peak_step": 20881,
  "gpu_blocks": 3609,
  "total_steps": 241233,
  "type1_count": 4,
  "type2_count": 21,
  "plot_path": "traces/requests_types_128k_bs8/all_traces_arrival_rate_CV/SS04_SM15_SL55_MS02_MM04_ML04_LS04_LM04_LL05/lognormal_lambda2.5x_cv1/lognormal_lambda2.5x_cv1.png"
}