{
  "PPR": 2.964583333333333,
  "TPI": 0.21578286950787767,
  "OV_block_step": 61335269,
  "OV_frac": 0.10225751629044201,
  "GE2_frac": 0.03530707229787261,
  "peak_blocks": 5692,
  "peak_step": 301781,
  "gpu_blocks": 1920,
  "total_steps": 312402,
  "type1_count": 104,
  "type2_count": 80,
  "plot_path": "traces/request_types/SS12_SL37_LS06_LL43/bim50/bim50_lo_ov12.png"
}