{
  "PPR": 3.7057291666666665,
  "TPI": 0.2975397084525707,
  "OV_block_step": 91732418,
  "OV_frac": 0.1911691548136162,
  "GE2_frac": 0.0628132982503313,
  "peak_blocks": 5692,
  "peak_step": 301781,
  "gpu_blocks": 1536,
  "total_steps": 312402,
  "type1_count": 120,
  "type2_count": 76,
  "plot_path": "traces/request_types/SS12_SL37_LS06_LL43/bim50/bim50_ml_ov22.png"
}