{
  "PPR": 2.1878117545001086,
  "TPI": 0.19914842801202287,
  "OV_block_step": 94415424,
  "OV_frac": 0.05934954601516218,
  "GE2_frac": 0.008028776060914353,
  "peak_blocks": 10088,
  "peak_step": 83163,
  "gpu_blocks": 4611,
  "total_steps": 345009,
  "type1_count": 71,
  "type2_count": 58,
  "plot_path": "traces/requests_types_128k_bs8/all_traces_arrival_rate_CV/SS07_SM08_SL06_MS09_MM09_ML09_LS07_LM08_LL38/lognormal_lambda2.0x_cv1/lognormal_lambda2.0x_cv1.png"
}