{
  "PPR": 2.249090909090909,
  "TPI": 0.13717446052046814,
  "OV_block_step": 50621515,
  "OV_frac": 0.03635933758602269,
  "GE2_frac": 0.0034032887264826427,
  "peak_blocks": 6185,
  "peak_step": 480051,
  "gpu_blocks": 2750,
  "total_steps": 506275,
  "type1_count": 68,
  "type2_count": 29,
  "plot_path": "traces/requests_types_96k/all_traces_arrival_rate_CV/SS04_SM15_SL55_MS02_MM04_ML04_LS04_LM04_LL05/lognormal_lambda1.5x_cv1/lognormal_lambda1.5x_cv1.png"
}