{
  "PPR": 5.641479099678457,
  "TPI": 0.6376126674786845,
  "OV_block_step": 9718468,
  "OV_frac": 0.7612446588937497,
  "GE2_frac": 0.3089403166869671,
  "peak_blocks": 3509,
  "peak_step": 11970,
  "gpu_blocks": 622,
  "total_steps": 20525,
  "type1_count": 26,
  "type2_count": 38,
  "plot_path": "traces/requests_types_32k/all_traces_arrival_rate_CV/SS00_SM00_SL00_MS00_MM00_ML00_LS00_LM33_LL67/lognormal_lambda1.5x_cv2/lognormal_lambda1.5x_cv2.png"
}