{
  "PPR": 2.1968503937007875,
  "TPI": 0.16229418221734357,
  "OV_block_step": 146891,
  "OV_frac": 0.06348090270274942,
  "GE2_frac": 0.010263446761800219,
  "peak_blocks": 279,
  "peak_step": 2562,
  "gpu_blocks": 127,
  "total_steps": 18220,
  "type1_count": 49,
  "type2_count": 31,
  "plot_path": "traces/requests_types_8k/all_traces_arrival_rate_CV/SS15_SM17_SL08_MS09_MM06_ML17_LS06_LM14_LL09/lognormal_lambda1.0x_cv1/lognormal_lambda1.0x_cv1.png"
}