{
  "PPR": 4.9282868525896415,
  "TPI": 0.4089466680315283,
  "OV_block_step": 1267385,
  "OV_frac": 0.5168740535860448,
  "GE2_frac": 0.2107687583171256,
  "peak_blocks": 1237,
  "peak_step": 4908,
  "gpu_blocks": 251,
  "total_steps": 9769,
  "type1_count": 28,
  "type2_count": 23,
  "plot_path": "traces/requests_types_16k/all_traces_arrival_rate_CV/SS15_SM17_SL08_MS09_MM06_ML17_LS06_LM14_LL09/lognormal_lambda4.0x_cv2/lognormal_lambda4.0x_cv2.png"
}