{
  "PPR": 3.32265625,
  "TPI": 0.4337169041606198,
  "OV_block_step": 97347106,
  "OV_frac": 0.2896871119535449,
  "GE2_frac": 0.09883328952931632,
  "peak_blocks": 4253,
  "peak_step": 196118,
  "gpu_blocks": 1280,
  "total_steps": 262533,
  "type1_count": 122,
  "type2_count": 86,
  "plot_path": "traces/request_types/all_traces/SS00_SL00_LS75_LL25/bim50/bim50_md_ov36.png"
}