{
  "PPR": 2.615625,
  "TPI": 0.29952491387656766,
  "OV_block_step": 39800638,
  "OV_frac": 0.14002318437169298,
  "GE2_frac": 0.030477562875734582,
  "peak_blocks": 3348,
  "peak_step": 219719,
  "gpu_blocks": 1280,
  "total_steps": 222065,
  "type1_count": 124,
  "type2_count": 84,
  "plot_path": "traces/request_types/all_traces/SS25_SL00_LS75_LL00/bim50/bim50_ml_ov20.png"
}