{
  "PPR": 1.6277107021451178,
  "TPI": 0.3643517915309446,
  "OV_block_step": 35275051,
  "OV_frac": 0.10775050639228383,
  "GE2_frac": 0.0,
  "peak_blocks": 13886,
  "peak_step": 19841,
  "gpu_blocks": 8531,
  "total_steps": 38375,
  "type1_count": 58,
  "type2_count": 12,
  "plot_path": "traces/request_types/SS28_SL29_LS27_LL15/per05/per05_lo_ov11.png"
}