{
  "PPR": 3.819420783645656,
  "TPI": 0.6749910668201851,
  "OV_block_step": 11972206,
  "OV_frac": 0.8097661857280286,
  "GE2_frac": 0.4207726207964426,
  "peak_blocks": 2242,
  "peak_step": 10474,
  "gpu_blocks": 587,
  "total_steps": 25187,
  "type1_count": 42,
  "type2_count": 15,
  "plot_path": "traces/requests_types_32k/all_traces_arrival_rate_CV/SS19_SM26_SL11_MS14_MM09_ML02_LS10_LM01_LL08/lognormal_lambda3.5x_cv2/lognormal_lambda3.5x_cv2.png"
}