{
  "PPR": 6.702464788732394,
  "TPI": 0.7993718099725167,
  "OV_block_step": 19169737,
  "OV_frac": 1.472300177630807,
  "GE2_frac": 0.6016228242376652,
  "peak_blocks": 3807,
  "peak_step": 19189,
  "gpu_blocks": 568,
  "total_steps": 22923,
  "type1_count": 25,
  "type2_count": 15,
  "plot_path": "traces/requests_types_32k/all_traces_arrival_rate_CV/SS08_SM22_SL00_MS03_MM03_ML08_LS25_LM08_LL23/lognormal_lambda5.0x_cv6/lognormal_lambda5.0x_cv6.png"
}