{
  "PPR": 2.032813340505648,
  "TPI": 0.2816853646819453,
  "OV_block_step": 6125469,
  "OV_frac": 0.09311426306585328,
  "GE2_frac": 0.0020063865261254134,
  "peak_blocks": 3779,
  "peak_step": 11127,
  "gpu_blocks": 1859,
  "total_steps": 35387,
  "type1_count": 60,
  "type2_count": 23,
  "plot_path": "traces/request_types_request_52_for_both_dyn_arrival_rate_CV/all_traces_arrival_rate_CV/SS06_SM02_SL13_MS06_MM04_ML06_LS51_LM09_LL05/lognormal_lambda5.0x_cv7/lognormal_lambda5.0x_cv7.png"
}