{
  "PPR": 3.8236363636363637,
  "TPI": 0.1816948784722222,
  "OV_block_step": 1393337,
  "OV_frac": 0.13744249131944444,
  "GE2_frac": 0.04470486111111111,
  "peak_blocks": 2103,
  "peak_step": 13722,
  "gpu_blocks": 550,
  "total_steps": 18432,
  "type1_count": 22,
  "type2_count": 50,
  "plot_path": "traces/requests_types_32k/all_traces_arrival_rate_CV/SS00_SM00_SL00_MS00_MM00_ML00_LS00_LM99_LL01/lognormal_lambda1.0x_cv3/lognormal_lambda1.0x_cv3.png"
}