{
  "PPR": 3.8503401360544216,
  "TPI": 0.2160021479393207,
  "OV_block_step": 499428,
  "OV_frac": 0.11402434513878044,
  "GE2_frac": 0.03584373741441804,
  "peak_blocks": 1132,
  "peak_step": 8100,
  "gpu_blocks": 294,
  "total_steps": 14898,
  "type1_count": 22,
  "type2_count": 37,
  "plot_path": "traces/requests_types_16k/all_traces_arrival_rate_CV/SS00_SM00_SL00_MS00_MM00_ML00_LS00_LM66_LL34/lognormal_lambda1.0x_cv1/lognormal_lambda1.0x_cv1.png"
}