{
  "PPR": 2.2347005208333335,
  "TPI": 0.09403728099198795,
  "OV_block_step": 35030647,
  "OV_frac": 0.03869677856273677,
  "GE2_frac": 0.005127578635880834,
  "peak_blocks": 6865,
  "peak_step": 184003,
  "gpu_blocks": 3072,
  "total_steps": 294681,
  "type1_count": 31,
  "type2_count": 43,
  "plot_path": "traces/request_types/SS00_SL25_LS00_LL75/bim50/bim50_vl_ov5.png"
}