{
  "PPR": 4.945090909090909,
  "TPI": 0.7879494452942837,
  "OV_block_step": 352225637,
  "OV_frac": 0.9511090387936214,
  "GE2_frac": 0.38109842127931326,
  "peak_blocks": 13599,
  "peak_step": 88822,
  "gpu_blocks": 2750,
  "total_steps": 134666,
  "type1_count": 45,
  "type2_count": 44,
  "plot_path": "traces/requests_types_96k/all_traces_arrival_rate_CV/SS00_SM00_SL00_MS00_MM00_ML00_LS00_LM00_LL100/lognormal_lambda2.5x_cv1/lognormal_lambda2.5x_cv1.png"
}