{
  "PPR": 4.820945945945946,
  "TPI": 0.6255773982167795,
  "OV_block_step": 17603688,
  "OV_frac": 0.7985809286566619,
  "GE2_frac": 0.3636534536470083,
  "peak_blocks": 2854,
  "peak_step": 29504,
  "gpu_blocks": 592,
  "total_steps": 37236,
  "type1_count": 53,
  "type2_count": 15,
  "plot_path": "traces/requests_types_32k/all_traces_arrival_rate_CV/SS06_SM02_SL13_MS06_MM04_ML06_LS51_LM09_LL05/lognormal_lambda3.0x_cv2/lognormal_lambda3.0x_cv2.png"
}