{
  "PPR": 1.7507709251101322,
  "TPI": 0.33395209276305754,
  "OV_block_step": 37689850,
  "OV_frac": 0.10555013318020988,
  "GE2_frac": 0.0,
  "peak_blocks": 15897,
  "peak_step": 18494,
  "gpu_blocks": 9080,
  "total_steps": 39326,
  "type1_count": 53,
  "type2_count": 20,
  "plot_path": "traces/SS43_SL12_LS12_LL31/poi05/poi05_lo_ov10.png"
}