{
  "PPR": 3.3568904593639575,
  "TPI": 0.2708288013922123,
  "OV_block_step": 8607727,
  "OV_frac": 0.22054960819687547,
  "GE2_frac": 0.08799941991153651,
  "peak_blocks": 1900,
  "peak_step": 16009,
  "gpu_blocks": 566,
  "total_steps": 68955,
  "type1_count": 52,
  "type2_count": 35,
  "plot_path": "traces/requests_types_32k/all_traces_arrival_rate_CV/SS00_SM06_SL06_MS06_MM39_ML00_LS06_LM18_LL19/lognormal_lambda1.2x_cv1/lognormal_lambda1.2x_cv1.png"
}