{
  "PPR": 3.4551971326164876,
  "TPI": 0.262227373301022,
  "OV_block_step": 2460477,
  "OV_frac": 0.1858374034031108,
  "GE2_frac": 0.07634601201137921,
  "peak_blocks": 964,
  "peak_step": 44516,
  "gpu_blocks": 279,
  "total_steps": 47455,
  "type1_count": 99,
  "type2_count": 56,
  "plot_path": "traces/requests_types_16k/all_traces_arrival_rate_CV/SS01_SM18_SL11_MS32_MM14_ML02_LS14_LM07_LL01/lognormal_lambda2.0x_cv3/lognormal_lambda2.0x_cv3.png"
}