{
  "PPR": 4.693693693693693,
  "TPI": 0.13763707841920134,
  "OV_block_step": 10798130,
  "OV_frac": 0.2683783721648402,
  "GE2_frac": 0.10890406234912753,
  "peak_blocks": 2605,
  "peak_step": 47271,
  "gpu_blocks": 555,
  "total_steps": 72495,
  "type1_count": 28,
  "type2_count": 15,
  "plot_path": "traces/requests_types_32k/all_traces_arrival_rate_CV/SS02_SM04_SL04_MS04_MM15_ML55_LS04_LM04_LL05/lognormal_lambda2.5x_cv6/lognormal_lambda2.5x_cv6.png"
}