{
  "PPR": 1.7930463576158941,
  "TPI": 0.17178200986226833,
  "OV_block_step": 2713348,
  "OV_frac": 0.04774164696953147,
  "GE2_frac": 0.0,
  "peak_blocks": 2166,
  "peak_step": 40782,
  "gpu_blocks": 1208,
  "total_steps": 47048,
  "type1_count": 23,
  "type2_count": 49,
  "plot_path": "traces/requests_types_32k_bs8/all_traces_arrival_rate_CV/SS00_SM00_SL00_MS00_MM00_ML00_LS00_LM00_LL100/lognormal_lambda2.0x_cv1/lognormal_lambda2.0x_cv1.png"
}