{
  "PPR": 5.04,
  "TPI": 0.8357856494096276,
  "OV_block_step": 744153,
  "OV_frac": 0.9011843778383288,
  "GE2_frac": 0.42161671207992735,
  "peak_blocks": 756,
  "peak_step": 2339,
  "gpu_blocks": 150,
  "total_steps": 5505,
  "type1_count": 49,
  "type2_count": 24,
  "plot_path": "traces/requests_types_8k/all_traces_arrival_rate_CV/SS00_SM00_SL00_MS00_MM00_ML00_LS33_LM66_LL01/lognormal_lambda4.5x_cv2/lognormal_lambda4.5x_cv2.png"
}