{
  "PPR": 3.9683042789223455,
  "TPI": 0.18979691110300376,
  "OV_block_step": 15091337,
  "OV_frac": 0.1454246650373609,
  "GE2_frac": 0.0536057399975678,
  "peak_blocks": 2504,
  "peak_step": 150650,
  "gpu_blocks": 631,
  "total_steps": 164460,
  "type1_count": 66,
  "type2_count": 52,
  "plot_path": "traces/requests_types_32k/all_traces_arrival_rate_CV/SS00_SM00_SL00_MS00_MM00_ML00_LS33_LM00_LL67/lognormal_lambda1.0x_cv4/lognormal_lambda1.0x_cv4.png"
}