{
  "PPR": 2.0444659255679074,
  "TPI": 0.07261878208840387,
  "OV_block_step": 17938736,
  "OV_frac": 0.017741845146075772,
  "GE2_frac": 0.0005934244478594771,
  "peak_blocks": 4230,
  "peak_step": 320615,
  "gpu_blocks": 2069,
  "total_steps": 488689,
  "type1_count": 49,
  "type2_count": 36,
  "plot_path": "traces/request_types/SS03_SL00_LS04_LL91/bur05/bur05_vl_ov5.png"
}