{
  "PPR": 2.3764044943820224,
  "TPI": 0.10095786891049317,
  "OV_block_step": 30320249,
  "OV_frac": 0.03485621275045886,
  "GE2_frac": 0.005484060414701375,
  "peak_blocks": 4230,
  "peak_step": 320615,
  "gpu_blocks": 1780,
  "total_steps": 488689,
  "type1_count": 60,
  "type2_count": 34,
  "plot_path": "traces/request_types/SS03_SL00_LS04_LL91/bur05/bur05_lo_ov8.png"
}