{
  "PPR": 2.113020833333333,
  "TPI": 0.255553573021679,
  "OV_block_step": 49735493,
  "OV_frac": 0.09629130833915703,
  "GE2_frac": 0.0026020757129687454,
  "peak_blocks": 4057,
  "peak_step": 151256,
  "gpu_blocks": 1920,
  "total_steps": 269016,
  "type1_count": 102,
  "type2_count": 79,
  "plot_path": "traces/request_types/SS11_SL12_LS10_LL64/bim50/bim50_lo_ov12.png"
}