{
  "PPR": 3.3043478260869565,
  "TPI": 0.4061233678523188,
  "OV_block_step": 119829,
  "OV_frac": 0.39096176810289135,
  "GE2_frac": 0.18505177847816298,
  "peak_blocks": 228,
  "peak_step": 3719,
  "gpu_blocks": 69,
  "total_steps": 4442,
  "type1_count": 30,
  "type2_count": 17,
  "plot_path": "traces/requests_types_8k/all_traces_arrival_rate_CV/SS14_SM21_SL27_MS03_MM10_ML05_LS17_LM02_LL01/lognormal_lambda2.0x_cv3/lognormal_lambda2.0x_cv3.png"
}