{
  "PPR": 3.6655683690280068,
  "TPI": 0.080551977353193,
  "OV_block_step": 9470770,
  "OV_frac": 0.06017519839458762,
  "GE2_frac": 0.019033036878196276,
  "peak_blocks": 2225,
  "peak_step": 211618,
  "gpu_blocks": 607,
  "total_steps": 259286,
  "type1_count": 67,
  "type2_count": 39,
  "plot_path": "traces/requests_types_32k/all_traces_arrival_rate_CV/SS07_SM08_SL06_MS09_MM09_ML09_LS07_LM08_LL38/lognormal_lambda1.0x_cv6/lognormal_lambda1.0x_cv6.png"
}