{
  "PPR": 2.986049107142857,
  "TPI": 0.5288771278084528,
  "OV_block_step": 94640929,
  "OV_frac": 0.26876170283289774,
  "GE2_frac": 0.060680389811964074,
  "peak_blocks": 5351,
  "peak_step": 20602,
  "gpu_blocks": 1792,
  "total_steps": 196505,
  "type1_count": 126,
  "type2_count": 62,
  "plot_path": "traces/requests_types_64k/all_traces_arrival_rate_CV/SS03_SM42_SL05_MS03_MM05_ML25_LS13_LM02_LL00/lognormal_lambda3.0x_cv1/lognormal_lambda3.0x_cv1.png"
}