{
  "PPR": 4.264301009483022,
  "TPI": 0.8380991993345118,
  "OV_block_step": 94833494,
  "OV_frac": 1.5082634939599955,
  "GE2_frac": 0.7699386503067485,
  "peak_blocks": 13940,
  "peak_step": 2633,
  "gpu_blocks": 3269,
  "total_steps": 19234,
  "type1_count": 6,
  "type2_count": 4,
  "plot_path": "traces/SS32_SL30_LS30_LL05/bim05/bim05_sv_ov1p5.png"
}