{
  "PPR": 2.8927163311890434,
  "TPI": 0.8172507018820838,
  "OV_block_step": 70093940,
  "OV_frac": 0.7562300564839408,
  "GE2_frac": 0.3593116356452116,
  "peak_blocks": 13940,
  "peak_step": 2633,
  "gpu_blocks": 4819,
  "total_steps": 19234,
  "type1_count": 13,
  "type2_count": 9,
  "plot_path": "traces/SS32_SL30_LS30_LL05/bim05/bim05_hi_ov76.png"
}