{
  "PPR": 1.4153721189968524,
  "TPI": 0.3450660289071436,
  "OV_block_step": 9850367,
  "OV_frac": 0.05199848163756027,
  "GE2_frac": 0.0,
  "peak_blocks": 13940,
  "peak_step": 2633,
  "gpu_blocks": 9849,
  "total_steps": 19234,
  "type1_count": 60,
  "type2_count": 26,
  "plot_path": "traces/SS32_SL30_LS30_LL05/bim05/bim05_sk_ov5.png"
}