{
  "PPR": 2.0182338219520917,
  "TPI": 0.11680775657858494,
  "OV_block_step": 13111145,
  "OV_frac": 0.04303922532115734,
  "GE2_frac": 0.000771250711570597,
  "peak_blocks": 5645,
  "peak_step": 21033,
  "gpu_blocks": 2797,
  "total_steps": 108914,
  "type1_count": 30,
  "type2_count": 19,
  "plot_path": "traces/requests_types_128k_bs8/all_traces_arrival_rate_CV/SS06_SM63_SL03_MS03_MM03_ML06_LS03_LM09_LL04/lognormal_lambda3.5x_cv1/lognormal_lambda3.5x_cv1.png"
}