{
  "PPR": 1.3510212903923051,
  "TPI": 0.3404313156940921,
  "OV_block_step": 18628971,
  "OV_frac": 0.045607327200523545,
  "GE2_frac": 0.0,
  "peak_blocks": 12501,
  "peak_step": 19399,
  "gpu_blocks": 9253,
  "total_steps": 44144,
  "type1_count": 71,
  "type2_count": 46,
  "plot_path": "traces/SS10_SL16_LS51_LL22/per05/per05_sk_ov5.png"
}