{
  "PPR": 6.662295081967213,
  "TPI": 0.5885347916273808,
  "OV_block_step": 3652854,
  "OV_frac": 1.1292259562326306,
  "GE2_frac": 0.36328493305676035,
  "peak_blocks": 2032,
  "peak_step": 9328,
  "gpu_blocks": 305,
  "total_steps": 10606,
  "type1_count": 29,
  "type2_count": 16,
  "plot_path": "traces/requests_types_16k/all_traces_arrival_rate_CV/SS02_SM02_SL02_MS01_MM01_ML02_LS01_LM03_LL86/lognormal_lambda2.0x_cv6/lognormal_lambda2.0x_cv6.png"
}