{
  "PPR": 3.1328125,
  "TPI": 0.3528423410809297,
  "OV_block_step": 151867,
  "OV_frac": 0.33224893237188463,
  "GE2_frac": 0.12769532343881265,
  "peak_blocks": 401,
  "peak_step": 1882,
  "gpu_blocks": 128,
  "total_steps": 3571,
  "type1_count": 27,
  "type2_count": 13,
  "plot_path": "traces/requests_types_8k/all_traces_arrival_rate_CV/SS55_SM04_SL04_MS04_MM02_ML15_LS04_LM04_LL05/lognormal_lambda3.0x_cv5/lognormal_lambda3.0x_cv5.png"
}