{
  "PPR": 4.006688963210703,
  "TPI": 0.605405856344373,
  "OV_block_step": 2851458,
  "OV_frac": 0.7955826169543203,
  "GE2_frac": 0.37607408025360806,
  "peak_blocks": 1198,
  "peak_step": 5379,
  "gpu_blocks": 299,
  "total_steps": 11987,
  "type1_count": 33,
  "type2_count": 32,
  "plot_path": "traces/requests_types_16k/all_traces_arrival_rate_CV/SS10_SM24_SL05_MS05_MM03_ML14_LS09_LM12_LL18/lognormal_lambda2.5x_cv5/lognormal_lambda2.5x_cv5.png"
}