{
  "PPR": 2.0706401766004414,
  "TPI": 0.3387935877884875,
  "OV_block_step": 51079134,
  "OV_frac": 0.10284261898734366,
  "GE2_frac": 0.00424659433349629,
  "peak_blocks": 7504,
  "peak_step": 24910,
  "gpu_blocks": 3624,
  "total_steps": 137051,
  "type1_count": 77,
  "type2_count": 54,
  "plot_path": "traces/requests_types_128k_bs8/all_traces_arrival_rate_CV/SS19_SM26_SL11_MS14_MM09_ML02_LS10_LM01_LL08/lognormal_lambda3.5x_cv1/lognormal_lambda3.5x_cv1.png"
}