{
  "PPR": 3.65386803185438,
  "TPI": 0.637141091925991,
  "OV_block_step": 90882480,
  "OV_frac": 0.8405118000086342,
  "GE2_frac": 0.4553376906318083,
  "peak_blocks": 12847,
  "peak_step": 14392,
  "gpu_blocks": 3516,
  "total_steps": 30753,
  "type1_count": 24,
  "type2_count": 23,
  "plot_path": "traces/SS37_SL21_LS05_LL35/uni05/uni05_hi_ov84.png"
}