{
  "PPR": 1.8877054873813384,
  "TPI": 0.5396461271468752,
  "OV_block_step": 91404050,
  "OV_frac": 0.2110794100101402,
  "GE2_frac": 0.0,
  "peak_blocks": 16306,
  "peak_step": 22209,
  "gpu_blocks": 8638,
  "total_steps": 50131,
  "type1_count": 71,
  "type2_count": 34,
  "plot_path": "traces/request_types/SS07_SL05_LS02_LL84/poi05/poi05_ml_ov21.png"
}