{
  "PPR": 1.3785931687521136,
  "TPI": 0.2922343460134448,
  "OV_block_step": 24821866,
  "OV_frac": 0.041861688625378785,
  "GE2_frac": 0.0,
  "peak_blocks": 16306,
  "peak_step": 22209,
  "gpu_blocks": 11828,
  "total_steps": 50131,
  "type1_count": 49,
  "type2_count": 50,
  "plot_path": "traces/request_types/SS07_SL05_LS02_LL84/poi05/poi05_vl_ov4.png"
}