{
  "PPR": 2.963768115942029,
  "TPI": 0.2780253385757973,
  "OV_block_step": 622559,
  "OV_frac": 0.19708593715374728,
  "GE2_frac": 0.0798165137614679,
  "peak_blocks": 409,
  "peak_step": 1745,
  "gpu_blocks": 138,
  "total_steps": 22890,
  "type1_count": 86,
  "type2_count": 33,
  "plot_path": "traces/requests_types_8k/all_traces_arrival_rate_CV/SS06_SM06_SL19_MS24_MM08_ML20_LS10_LM05_LL02/lognormal_lambda1.5x_cv7/lognormal_lambda1.5x_cv7.png"
}