{
  "PPR": 9.396103896103897,
  "TPI": 0.8867147270854789,
  "OV_block_step": 629450,
  "OV_frac": 2.104705284416922,
  "GE2_frac": 0.6194644696189495,
  "peak_blocks": 1447,
  "peak_step": 859,
  "gpu_blocks": 154,
  "total_steps": 1942,
  "type1_count": 16,
  "type2_count": 11,
  "plot_path": "traces/requests_types_8k/all_traces_arrival_rate_CV/SS00_SM00_SL00_MS00_MM00_ML00_LS00_LM66_LL34/lognormal_lambda3.0x_cv7/lognormal_lambda3.0x_cv7.png"
}