{
  "PPR": 2.9106239460370995,
  "TPI": 0.18653210532179595,
  "OV_block_step": 6287342,
  "OV_frac": 0.09843837354020248,
  "GE2_frac": 0.027481709807999407,
  "peak_blocks": 1726,
  "peak_step": 42730,
  "gpu_blocks": 593,
  "total_steps": 107708,
  "type1_count": 63,
  "type2_count": 39,
  "plot_path": "traces/requests_types_32k/all_traces_arrival_rate_CV/SS05_SM02_SL22_MS01_MM07_ML11_LS31_LM03_LL19/lognormal_lambda2.0x_cv4/lognormal_lambda2.0x_cv4.png"
}