{
  "PPR": 6.462909090909091,
  "TPI": 0.7451600245999037,
  "OV_block_step": 1193619085,
  "OV_frac": 1.2078533345847475,
  "GE2_frac": 0.48272580290579403,
  "peak_blocks": 17773,
  "peak_step": 107489,
  "gpu_blocks": 2750,
  "total_steps": 359351,
  "type1_count": 76,
  "type2_count": 28,
  "plot_path": "traces/sy_requests/all_traces_arrival_rate_CV/SS02_SM02_SL02_MS01_MM01_ML02_LS01_LM03_LL86/lognormal_lambda3.0x_cv1/lognormal_lambda3.0x_cv1.png"
}