{
  "PPR": 3.859154929577465,
  "TPI": 0.5947299077733861,
  "OV_block_step": 379498,
  "OV_frac": 0.35211082039006103,
  "GE2_frac": 0.08326745718050066,
  "peak_blocks": 548,
  "peak_step": 2502,
  "gpu_blocks": 142,
  "total_steps": 7590,
  "type1_count": 67,
  "type2_count": 40,
  "plot_path": "traces/requests_types_8k/all_traces_arrival_rate_CV/SS09_SM11_SL08_MS09_MM08_ML09_LS18_LM23_LL05/lognormal_lambda4.0x_cv2/lognormal_lambda4.0x_cv2.png"
}