{
  "PPR": 5.6454545454545455,
  "TPI": 0.6972408650260999,
  "OV_block_step": 2422813,
  "OV_frac": 1.094982487063024,
  "GE2_frac": 0.4001988565746955,
  "peak_blocks": 3105,
  "peak_step": 1594,
  "gpu_blocks": 550,
  "total_steps": 4023,
  "type1_count": 13,
  "type2_count": 32,
  "plot_path": "traces/requests_types_32k/all_traces_arrival_rate_CV/SS00_SM00_SL00_MS00_MM00_ML00_LS00_LM99_LL01/lognormal_lambda2.5x_cv2/lognormal_lambda2.5x_cv2.png"
}