{
  "PPR": 2.0748175182481754,
  "TPI": 0.12029832385053052,
  "OV_block_step": 1905213,
  "OV_frac": 0.05346249513138798,
  "GE2_frac": 0.004351837613409196,
  "peak_blocks": 1137,
  "peak_step": 28085,
  "gpu_blocks": 548,
  "total_steps": 65030,
  "type1_count": 32,
  "type2_count": 35,
  "plot_path": "traces/requests_types_32k/all_traces_arrival_rate_CV/SS03_SM35_SL00_MS13_MM01_ML28_LS01_LM18_LL02/lognormal_lambda1.0x_cv3/lognormal_lambda1.0x_cv3.png"
}