{
  "PPR": 4.73393829401089,
  "TPI": 0.704470305597892,
  "OV_block_step": 500027485,
  "OV_frac": 1.172135695753928,
  "GE2_frac": 0.5374764278887137,
  "peak_blocks": 13042,
  "peak_step": 117499,
  "gpu_blocks": 2755,
  "total_steps": 154844,
  "type1_count": 21,
  "type2_count": 20,
  "plot_path": "traces/requests_types_128k/all_traces_arrival_rate_CV/SS07_SM08_SL06_MS09_MM09_ML09_LS07_LM08_LL38/lognormal_lambda3.5x_cv1/lognormal_lambda3.5x_cv1.png"
}