{
  "PPR": 3.2313167259786475,
  "TPI": 0.36755442590341475,
  "OV_block_step": 3148884,
  "OV_frac": 0.30959202349879206,
  "GE2_frac": 0.1366449331417836,
  "peak_blocks": 1816,
  "peak_step": 12334,
  "gpu_blocks": 562,
  "total_steps": 18098,
  "type1_count": 41,
  "type2_count": 24,
  "plot_path": "traces/requests_types_32k/all_traces_arrival_rate_CV/SS04_SM15_SL55_MS02_MM04_ML04_LS04_LM04_LL05/lognormal_lambda4.5x_cv3/lognormal_lambda4.5x_cv3.png"
}