{
  "PPR": 6.2322899505766065,
  "TPI": 0.6986174164259182,
  "OV_block_step": 7518323,
  "OV_frac": 1.2779647746982685,
  "GE2_frac": 0.49979364424267436,
  "peak_blocks": 3783,
  "peak_step": 5948,
  "gpu_blocks": 607,
  "total_steps": 9692,
  "type1_count": 16,
  "type2_count": 18,
  "plot_path": "traces/requests_types_32k/all_traces_arrival_rate_CV/SS00_SM00_SL00_MS00_MM00_ML00_LS00_LM66_LL34/lognormal_lambda2.0x_cv3/lognormal_lambda2.0x_cv3.png"
}