{
  "PPR": 1.5322620519159456,
  "TPI": 0.404017335790102,
  "OV_block_step": 31136075,
  "OV_frac": 0.09988091693001523,
  "GE2_frac": 0.0,
  "peak_blocks": 12396,
  "peak_step": 22827,
  "gpu_blocks": 8090,
  "total_steps": 38533,
  "type1_count": 60,
  "type2_count": 31,
  "plot_path": "traces/SS28_SL29_LS27_LL15/uni05/uni05_lo_ov10.png"
}