{
  "PPR": 4.213836477987422,
  "TPI": 0.5320192485656117,
  "OV_block_step": 877378,
  "OV_frac": 0.5106515481150118,
  "GE2_frac": 0.23061262261706458,
  "peak_blocks": 670,
  "peak_step": 3912,
  "gpu_blocks": 159,
  "total_steps": 10806,
  "type1_count": 40,
  "type2_count": 47,
  "plot_path": "traces/requests_types_8k/all_traces_arrival_rate_CV/SS00_SM00_SL00_MS00_MM00_ML00_LS00_LM00_LL100/lognormal_lambda1.5x_cv1/lognormal_lambda1.5x_cv1.png"
}