{
  "PPR": 5.5,
  "TPI": 0.4429410530732117,
  "OV_block_step": 1350378,
  "OV_frac": 1.0263633129942267,
  "GE2_frac": 0.3459198657436543,
  "peak_blocks": 759,
  "peak_step": 5000,
  "gpu_blocks": 138,
  "total_steps": 9534,
  "type1_count": 18,
  "type2_count": 12,
  "plot_path": "traces/requests_types_8k/all_traces_arrival_rate_CV/SS03_SM24_SL03_MS36_MM03_ML12_LS06_LM06_LL07/lognormal_lambda5.0x_cv6/lognormal_lambda5.0x_cv6.png"
}