{
  "PPR": 3.425675675675676,
  "TPI": 0.38051939556485903,
  "OV_block_step": 770875,
  "OV_frac": 0.3407218463311876,
  "GE2_frac": 0.15372538758422188,
  "peak_blocks": 507,
  "peak_step": 9843,
  "gpu_blocks": 148,
  "total_steps": 15287,
  "type1_count": 62,
  "type2_count": 31,
  "plot_path": "traces/requests_types_8k/all_traces_arrival_rate_CV/SS01_SM18_SL11_MS32_MM14_ML02_LS14_LM07_LL01/lognormal_lambda3.0x_cv3/lognormal_lambda3.0x_cv3.png"
}