{
  "PPR": 3.4842105263157896,
  "TPI": 0.23060235951383318,
  "OV_block_step": 1108317,
  "OV_frac": 0.11556362601252172,
  "GE2_frac": 0.03470922112270066,
  "peak_blocks": 993,
  "peak_step": 8877,
  "gpu_blocks": 285,
  "total_steps": 33651,
  "type1_count": 74,
  "type2_count": 35,
  "plot_path": "traces/requests_types_16k/all_traces_arrival_rate_CV/SS05_SM22_SL01_MS13_MM01_ML37_LS03_LM03_LL15/lognormal_lambda1.5x_cv2/lognormal_lambda1.5x_cv2.png"
}