{
  "PPR": 2.740234375,
  "TPI": 0.1950921991583142,
  "OV_block_step": 34062894,
  "OV_frac": 0.1127145550717161,
  "GE2_frac": 0.05405899932909102,
  "peak_blocks": 4209,
  "peak_step": 63473,
  "gpu_blocks": 1536,
  "total_steps": 196748,
  "type1_count": 59,
  "type2_count": 43,
  "plot_path": "traces/request_types/all_traces/SS13_SL07_LS74_LL04/bim50/bim50_lo_ov12.png"
}