{
  "PPR": 2.4918032786885247,
  "TPI": 0.5140778234735843,
  "OV_block_step": 111025,
  "OV_frac": 0.2878965465379808,
  "GE2_frac": 0.042708003796267005,
  "peak_blocks": 304,
  "peak_step": 1208,
  "gpu_blocks": 122,
  "total_steps": 3161,
  "type1_count": 35,
  "type2_count": 33,
  "plot_path": "traces/requests_types_8k/all_traces_arrival_rate_CV/SS06_SM63_SL03_MS03_MM03_ML06_LS03_LM09_LL04/lognormal_lambda2.0x_cv3/lognormal_lambda2.0x_cv3.png"
}