{
  "PPR": 3.9903846153846154,
  "TPI": 0.44554431942268435,
  "OV_block_step": 188595003,
  "OV_frac": 0.33630757474314693,
  "GE2_frac": 0.10276610644257703,
  "peak_blocks": 6640,
  "peak_step": 132987,
  "gpu_blocks": 1664,
  "total_steps": 337008,
  "type1_count": 132,
  "type2_count": 83,
  "plot_path": "traces/request_types/SS08_SL00_LS08_LL83/bim50/bim50_md_ov33.png"
}