{
  "PPR": 2.203252032520325,
  "TPI": 0.0723595197725599,
  "OV_block_step": 488529,
  "OV_frac": 0.03401137618219937,
  "GE2_frac": 0.006097038825806231,
  "peak_blocks": 542,
  "peak_step": 28300,
  "gpu_blocks": 246,
  "total_steps": 58389,
  "type1_count": 33,
  "type2_count": 33,
  "plot_path": "traces/requests_types_16k/all_traces_arrival_rate_CV/SS06_SM01_SL07_MS08_MM02_ML49_LS05_LM19_LL03/lognormal_lambda1.0x_cv2/lognormal_lambda1.0x_cv2.png"
}