{
  "PPR": 3.9730909090909092,
  "TPI": 0.626818185973798,
  "OV_block_step": 171263973,
  "OV_frac": 0.5693658712540237,
  "GE2_frac": 0.21460765580859564,
  "peak_blocks": 10926,
  "peak_step": 73443,
  "gpu_blocks": 2750,
  "total_steps": 109381,
  "type1_count": 70,
  "type2_count": 33,
  "plot_path": "traces/requests_types_96k/all_traces_arrival_rate_CV/SS15_SM13_SL18_MS00_MM19_ML17_LS06_LM03_LL09/lognormal_lambda4.0x_cv1/lognormal_lambda4.0x_cv1.png"
}