{
  "PPR": 1.9779107225034513,
  "TPI": 0.45606490872210953,
  "OV_block_step": 52024715,
  "OV_frac": 0.2158343412053662,
  "GE2_frac": 0.0,
  "peak_blocks": 12894,
  "peak_step": 16470,
  "gpu_blocks": 6519,
  "total_steps": 36975,
  "type1_count": 50,
  "type2_count": 15,
  "plot_path": "traces/request_types/SS26_SL12_LS36_LL24/poi05/poi05_ml_ov22.png"
}