{
  "PPR": 4.275735294117647,
  "TPI": 0.49889142072377074,
  "OV_block_step": 147809040,
  "OV_frac": 0.46411345107671753,
  "GE2_frac": 0.19943153284571788,
  "peak_blocks": 4652,
  "peak_step": 37482,
  "gpu_blocks": 1088,
  "total_steps": 292717,
  "type1_count": 136,
  "type2_count": 65,
  "plot_path": "traces/request_types/all_traces/SS18_SL17_LS19_LL45/bim50/bim50_mh_ov54.png"
}