{
  "PPR": 6.09375,
  "TPI": 0.5898514157555369,
  "OV_block_step": 1921925,
  "OV_frac": 0.7015717719138398,
  "GE2_frac": 0.29310344827586204,
  "peak_blocks": 2340,
  "peak_step": 4683,
  "gpu_blocks": 384,
  "total_steps": 7134,
  "type1_count": 14,
  "type2_count": 42,
  "plot_path": "traces/request_types/all_traces/SS00_SM00_SL00_MS00_MM00_ML00_LS00_LM99_LL01/bim50/bim50_hi_ov83.png"
}