{
  "PPR": 2.03125,
  "TPI": 0.10891505466778806,
  "OV_block_step": 297582,
  "OV_frac": 0.03620937879637417,
  "GE2_frac": 0.001682085786375105,
  "peak_blocks": 2340,
  "peak_step": 4683,
  "gpu_blocks": 1152,
  "total_steps": 7134,
  "type1_count": 10,
  "type2_count": 26,
  "plot_path": "traces/request_types/all_traces/SS00_SM00_SL00_MS00_MM00_ML00_LS00_LM99_LL01/bim50/bim50_vl_ov5.png"
}