{
  "PPR": 3.680327868852459,
  "TPI": 0.3254383266687173,
  "OV_block_step": 102437,
  "OV_frac": 0.25827362072703985,
  "GE2_frac": 0.1141187326976315,
  "peak_blocks": 449,
  "peak_step": 501,
  "gpu_blocks": 122,
  "total_steps": 3251,
  "type1_count": 19,
  "type2_count": 19,
  "plot_path": "traces/requests_types_8k/all_traces_arrival_rate_CV/SS06_SM63_SL03_MS03_MM03_ML06_LS03_LM09_LL04/lognormal_lambda2.5x_cv5/lognormal_lambda2.5x_cv5.png"
}