{
  "PPR": 4.871621621621622,
  "TPI": 0.39248081176011446,
  "OV_block_step": 597811,
  "OV_frac": 0.5254668288686761,
  "GE2_frac": 0.20346038766749056,
  "peak_blocks": 721,
  "peak_step": 5976,
  "gpu_blocks": 148,
  "total_steps": 7687,
  "type1_count": 32,
  "type2_count": 19,
  "plot_path": "traces/requests_types_8k/all_traces_arrival_rate_CV/SS10_SM24_SL05_MS05_MM03_ML14_LS09_LM12_LL18/lognormal_lambda3.5x_cv5/lognormal_lambda3.5x_cv5.png"
}