{
  "PPR": 6.003120124804992,
  "TPI": 0.5464249877239052,
  "OV_block_step": 18279672,
  "OV_frac": 0.6088394076978733,
  "GE2_frac": 0.20649458784346378,
  "peak_blocks": 3848,
  "peak_step": 34905,
  "gpu_blocks": 641,
  "total_steps": 46839,
  "type1_count": 55,
  "type2_count": 40,
  "plot_path": "traces/requests_types_32k/all_traces_arrival_rate_CV/SS00_SM00_SL00_MS00_MM00_ML00_LS33_LM33_LL34/lognormal_lambda3.0x_cv3/lognormal_lambda3.0x_cv3.png"
}