{
  "PPR": 4.650741350906095,
  "TPI": 0.2720479195138263,
  "OV_block_step": 3932440,
  "OV_frac": 0.18837731817215694,
  "GE2_frac": 0.06222558227443226,
  "peak_blocks": 2823,
  "peak_step": 20183,
  "gpu_blocks": 607,
  "total_steps": 34391,
  "type1_count": 21,
  "type2_count": 38,
  "plot_path": "traces/requests_types_32k/all_traces_arrival_rate_CV/SS00_SM00_SL00_MS00_MM00_ML00_LS00_LM66_LL34/lognormal_lambda1.0x_cv6/lognormal_lambda1.0x_cv6.png"
}