{
  "PPR": 2.708606982371241,
  "TPI": 0.7498784824375144,
  "OV_block_step": 183819497,
  "OV_frac": 0.8127530049946643,
  "GE2_frac": 0.5018291590984676,
  "peak_blocks": 15672,
  "peak_step": 24003,
  "gpu_blocks": 5786,
  "total_steps": 39089,
  "type1_count": 44,
  "type2_count": 5,
  "plot_path": "traces/SS11_SL12_LS10_LL64/poi05/poi05_hi_ov82.png"
}