{
  "PPR": 1.749815186397719,
  "TPI": 0.6000685621237117,
  "OV_block_step": 97074505,
  "OV_frac": 0.21965209568955268,
  "GE2_frac": 0.0,
  "peak_blocks": 16569,
  "peak_step": 29904,
  "gpu_blocks": 9469,
  "total_steps": 46673,
  "type1_count": 97,
  "type2_count": 24,
  "plot_path": "traces/request_types/SS18_SL17_LS19_LL45/poi05/poi05_ml_ov22.png"
}