{
  "PPR": 4.372469635627531,
  "TPI": 0.6968879668049792,
  "OV_block_step": 1621751,
  "OV_frac": 0.681098913098258,
  "GE2_frac": 0.2726141078838174,
  "peak_blocks": 1080,
  "peak_step": 5819,
  "gpu_blocks": 247,
  "total_steps": 9640,
  "type1_count": 47,
  "type2_count": 21,
  "plot_path": "traces/requests_types_16k/all_traces_arrival_rate_CV/SS02_SM04_SL04_MS04_MM15_ML55_LS04_LM04_LL05/lognormal_lambda4.0x_cv3/lognormal_lambda4.0x_cv3.png"
}