{
  "PPR": 1.7820429407937541,
  "TPI": 0.12309329335018107,
  "OV_block_step": 15519899,
  "OV_frac": 0.03052401407668125,
  "GE2_frac": 0.0,
  "peak_blocks": 5478,
  "peak_step": 83622,
  "gpu_blocks": 3074,
  "total_steps": 165403,
  "type1_count": 25,
  "type2_count": 54,
  "plot_path": "traces/requests_types_128k_bs8/all_traces_arrival_rate_CV/SS11_SM02_SL03_MS00_MM36_ML08_LS16_LM20_LL04/lognormal_lambda2.0x_cv1/lognormal_lambda2.0x_cv1.png"
}