{
  "batch_size": 4,
  "max_model_len": 32384,
  "num_gpu_blocks_override": 3269,
  "arrival_pattern": "PeriodicArrival(interval=181)",
  "vocab": [200, 30000],
  "requests": {
    "request_0": {"category": "SL_I816-1216_O6544-9824", "input_length": 959, "output_length": 8269, "arrival_time": 0, "sched_time": 0, "wait_time": 0, "slo": 0.05876369937595249},
    "request_1": {"category": "SS_I192-304_O816-1216", "input_length": 301, "output_length": 1042, "arrival_time": 0, "sched_time": 0, "wait_time": 0, "slo": 0.05086495437747201},
    "request_2": {"category": "SS_I1632-2448_O1632-2448", "input_length": 2296, "output_length": 1881, "arrival_time": 0, "sched_time": 0, "wait_time": 0, "slo": 0.05370389455828287},
    "request_3": {"category": "LL_I13104-19648_O3264-4912", "input_length": 19263, "output_length": 3885, "arrival_time": 0, "sched_time": 0, "wait_time": 0, "slo": 0.07270796448424016},
    "request_4": {"category": "LL_I3264-4912_O13104-19648", "input_length": 4542, "output_length": 16232, "arrival_time": 724, "sched_time": 1043, "wait_time": 319, "slo": 0.07032982616763996},
    "request_5": {"category": "SL_I400-608_O6544-9824", "input_length": 402, "output_length": 7191, "arrival_time": 905, "sched_time": 1882, "wait_time": 977, "slo": 0.05712584927163853},
    "request_6": {"category": "SL_I400-608_O6544-9824", "input_length": 526, "output_length": 9673, "arrival_time": 1086, "sched_time": 3886, "wait_time": 2800, "slo": 0.0597363920067102},
    "request_7": {"category": "SS_I816-1216_O816-1216", "input_length": 1024, "output_length": 997, "arrival_time": 1267, "sched_time": 8270, "wait_time": 7003, "slo": 0.05154413625559119},
    "request_8": {"category": "SS_I1632-2448_O400-608", "input_length": 2135, "output_length": 569, "arrival_time": 1448, "sched_time": 9074, "wait_time": 7626, "slo": 0.05222832684962571},
    "request_9": {"category": "SS_I400-608_O1632-2448", "input_length": 542, "output_length": 1977, "arrival_time": 1629, "sched_time": 9268, "wait_time": 7639, "slo": 0.05204300436075838},
    "request_10": {"category": "LS_I6544-9824_O192-304", "input_length": 6717, "output_length": 287, "arrival_time": 1810, "sched_time": 9644, "wait_time": 7834, "slo": 0.056535822536812275},
    "request_11": {"category": "SL_I816-1216_O13104-19648", "input_length": 1003, "output_length": 18933, "arrival_time": 1991, "sched_time": 9932, "wait_time": 7941, "slo": 0.06949036538023011},
    "request_12": {"category": "SS_I816-1216_O400-608", "input_length": 1085, "output_length": 568, "arrival_time": 2172, "sched_time": 11246, "wait_time": 9074, "slo": 0.051175494764222666},
    "request_13": {"category": "SS_I816-1216_O1632-2448", "input_length": 1112, "output_length": 2356, "arrival_time": 2353, "sched_time": 11815, "wait_time": 9462, "slo": 0.052993658641488625},
    "request_14": {"category": "SS_I192-304_O816-1216", "input_length": 300, "output_length": 1106, "arrival_time": 2534, "sched_time": 13560, "wait_time": 11026, "slo": 0.050928064198005205},
    "request_15": {"category": "SS_I1632-2448_O1632-2448", "input_length": 1698, "output_length": 2336, "arrival_time": 2715, "sched_time": 14172, "wait_time": 11457, "slo": 0.05356064528310434},
    "request_16": {"category": "SL_I816-1216_O6544-9824", "input_length": 1166, "output_length": 8294, "arrival_time": 2896, "sched_time": 14667, "wait_time": 11771, "slo": 0.05899610379442395},
    "request_17": {"category": "SS_I192-304_O192-304", "input_length": 245, "output_length": 287, "arrival_time": 3077, "sched_time": 16509, "wait_time": 13432, "slo": 0.05005254065600496},
    "request_18": {"category": "SS_I1632-2448_O192-304", "input_length": 1728, "output_length": 197, "arrival_time": 3258, "sched_time": 16797, "wait_time": 13539, "slo": 0.051447968910016795},
    "request_19": {"category": "LS_I6544-9824_O816-1216", "input_length": 9178, "output_length": 1196, "arrival_time": 3439, "sched_time": 16995, "wait_time": 13556, "slo": 0.05991169706374686},
    "request_20": {"category": "SS_I400-608_O400-608", "input_length": 566, "output_length": 579, "arrival_time": 3620, "sched_time": 17276, "wait_time": 13656, "slo": 0.05066660922722481},
    "request_21": {"category": "SL_I816-1216_O13104-19648", "input_length": 948, "output_length": 15273, "arrival_time": 3801, "sched_time": 17856, "wait_time": 14055, "slo": 0.06576888945513752},
    "request_22": {"category": "SL_I400-608_O6544-9824", "input_length": 418, "output_length": 9343, "arrival_time": 3982, "sched_time": 18192, "wait_time": 14210, "slo": 0.05929762849252701},
    "request_23": {"category": "LS_I6544-9824_O400-608", "input_length": 9253, "output_length": 500, "arrival_time": 4163, "sched_time": 22962, "wait_time": 18799, "slo": 0.059289614547062476},
    "request_24": {"category": "SS_I400-608_O816-1216", "input_length": 572, "output_length": 828, "arrival_time": 4344, "sched_time": 23463, "wait_time": 19119, "slo": 0.050922053738906806},
    "request_25": {"category": "SL_I816-1216_O6544-9824", "input_length": 1210, "output_length": 8191, "arrival_time": 4525, "sched_time": 24292, "wait_time": 19767, "slo": 0.05893700094662302},
    "request_26": {"category": "SS_I816-1216_O1632-2448", "input_length": 829, "output_length": 2437, "arrival_time": 4706, "sched_time": 27536, "wait_time": 22830, "slo": 0.05279130651850916},
    "request_27": {"category": "SS_I1632-2448_O1632-2448", "input_length": 2297, "output_length": 2375, "arrival_time": 4887, "sched_time": 28866, "wait_time": 23979, "slo": 0.05419975743390086},
    "request_28": {"category": "LS_I6544-9824_O400-608", "input_length": 8276, "output_length": 578, "arrival_time": 5068, "sched_time": 29974, "wait_time": 24906, "slo": 0.05838904742548556},
    "request_29": {"category": "SL_I1632-2448_O13104-19648", "input_length": 1841, "output_length": 14042, "arrival_time": 5249, "sched_time": 30553, "wait_time": 25304, "slo": 0.065430300259261},
    "request_30": {"category": "SL_I816-1216_O6544-9824", "input_length": 1167, "output_length": 8207, "arrival_time": 5430, "sched_time": 31242, "wait_time": 25812, "slo": 0.05890995388068022},
    "request_31": {"category": "SS_I400-608_O816-1216", "input_length": 606, "output_length": 917, "arrival_time": 5611, "sched_time": 32484, "wait_time": 26873, "slo": 0.051045268150424004},
    "request_32": {"category": "SL_I816-1216_O3264-4912", "input_length": 839, "output_length": 4663, "arrival_time": 5792, "sched_time": 33130, "wait_time": 27338, "slo": 0.05503120427584618},
    "request_33": {"category": "LS_I3264-4912_O1632-2448", "input_length": 4503, "output_length": 2247, "arrival_time": 5973, "sched_time": 33402, "wait_time": 27429, "slo": 0.05628137976831335},
    "request_34": {"category": "LS_I3264-4912_O1632-2448", "input_length": 3869, "output_length": 2446, "arrival_time": 6154, "sched_time": 35650, "wait_time": 29496, "slo": 0.05584562148367936},
    "request_35": {"category": "SS_I1632-2448_O816-1216", "input_length": 2165, "output_length": 925, "arrival_time": 6335, "sched_time": 37794, "wait_time": 31459, "slo": 0.05261499971828943},
    "request_36": {"category": "LS_I13104-19648_O400-608", "input_length": 18808, "output_length": 565, "arrival_time": 6516, "sched_time": 38097, "wait_time": 31581, "slo": 0.06892638396816358},
    "request_37": {"category": "SS_I1632-2448_O1632-2448", "input_length": 1706, "output_length": 2132, "arrival_time": 6697, "sched_time": 38663, "wait_time": 31966, "slo": 0.053364303619223286},
    "request_38": {"category": "SS_I192-304_O816-1216", "input_length": 219, "output_length": 1077, "arrival_time": 6878, "sched_time": 38720, "wait_time": 31842, "slo": 0.050817872447867875},
    "request_39": {"category": "LS_I13104-19648_O400-608", "input_length": 17127, "output_length": 538, "arrival_time": 7059, "sched_time": 39450, "wait_time": 32391, "slo": 0.06721540661148576},
    "request_40": {"category": "LS_I3264-4912_O400-608", "input_length": 4881, "output_length": 490,