{
  "PPR": 2.0163551401869158,
  "TPI": 0.6215045001666728,
  "OV_block_step": 33728111,
  "OV_frac": 0.24323122357479723,
  "GE2_frac": 0.0025926886180969665,
  "peak_blocks": 10356,
  "peak_step": 19074,
  "gpu_blocks": 5136,
  "total_steps": 26999,
  "type1_count": 77,
  "type2_count": 22,
  "plot_path": "traces/SS32_SL30_LS30_LL05/per05/per05_md_ov24.png"
}