{
  "PPR": 3.708904109589041,
  "TPI": 0.309268692546402,
  "OV_block_step": 9049524,
  "OV_frac": 0.22682475955812112,
  "GE2_frac": 0.06903214473915334,
  "peak_blocks": 2166,
  "peak_step": 46770,
  "gpu_blocks": 584,
  "total_steps": 68316,
  "type1_count": 85,
  "type2_count": 36,
  "plot_path": "traces/requests_types_32k/all_traces_arrival_rate_CV/SS15_SM02_SL11_MS22_MM03_ML32_LS00_LM00_LL14/lognormal_lambda1.2x_cv7/lognormal_lambda1.2x_cv7.png"
}