{
  "PPR": 2.620727272727273,
  "TPI": 0.6495244058526165,
  "OV_block_step": 258950571,
  "OV_frac": 0.4335312013701531,
  "GE2_frac": 0.13735600961317115,
  "peak_blocks": 7207,
  "peak_step": 187616,
  "gpu_blocks": 2750,
  "total_steps": 217202,
  "type1_count": 85,
  "type2_count": 35,
  "plot_path": "traces/requests_types_96k/all_traces_arrival_rate_CV/SS11_SM11_SL11_MS11_MM11_ML11_LS11_LM11_LL11/lognormal_lambda3.5x_cv1/lognormal_lambda3.5x_cv1.png"
}