{
  "PPR": 4.18374558303887,
  "TPI": 0.6032615200478755,
  "OV_block_step": 13754730,
  "OV_frac": 0.7271586807163566,
  "GE2_frac": 0.3338719329742669,
  "peak_blocks": 2368,
  "peak_step": 12322,
  "gpu_blocks": 566,
  "total_steps": 33420,
  "type1_count": 52,
  "type2_count": 19,
  "plot_path": "traces/requests_types_32k/all_traces_arrival_rate_CV/SS00_SM06_SL06_MS06_MM39_ML00_LS06_LM18_LL19/lognormal_lambda4.0x_cv1/lognormal_lambda4.0x_cv1.png"
}