{
  "PPR": 3.5953947368421053,
  "TPI": 0.2038786095842688,
  "OV_block_step": 18863748,
  "OV_frac": 0.17156737696606617,
  "GE2_frac": 0.07438149061591037,
  "peak_blocks": 2186,
  "peak_step": 14524,
  "gpu_blocks": 608,
  "total_steps": 180838,
  "type1_count": 99,
  "type2_count": 38,
  "plot_path": "traces/requests_types_32k/all_traces_arrival_rate_CV/SS10_SM00_SL12_MS50_MM04_ML04_LS04_LM08_LL09/lognormal_lambda1.0x_cv7/lognormal_lambda1.0x_cv7.png"
}