{
  "PPR": 6.694174757281553,
  "TPI": 0.8848364020171221,
  "OV_block_step": 16829020,
  "OV_frac": 1.596776354416563,
  "GE2_frac": 0.6940307259294007,
  "peak_blocks": 4137,
  "peak_step": 7447,
  "gpu_blocks": 618,
  "total_steps": 17054,
  "type1_count": 20,
  "type2_count": 4,
  "plot_path": "traces/requests_types_32k/all_traces_arrival_rate_CV/SS00_SM00_SL00_MS00_MM00_ML00_LS33_LM66_LL01/lognormal_lambda5.0x_cv4/lognormal_lambda5.0x_cv4.png"
}