{
  "PPR": 2.591203703703704,
  "TPI": 0.23776948360964165,
  "OV_block_step": 158126395,
  "OV_frac": 0.10127308090021339,
  "GE2_frac": 0.012306602625113438,
  "peak_blocks": 5597,
  "peak_step": 179996,
  "gpu_blocks": 2160,
  "total_steps": 722864,
  "type1_count": 165,
  "type2_count": 83,
  "plot_path": "traces/requests_types_128k/all_traces_arrival_rate_CV/SS02_SM04_SL04_MS04_MM15_ML55_LS04_LM04_LL05/lognormal_lambda1.0x_cv1/lognormal_lambda1.0x_cv1.png"
}