{
  "PPR": 3.3694545454545453,
  "TPI": 0.2839731294630395,
  "OV_block_step": 247939337,
  "OV_frac": 0.20296926391723377,
  "GE2_frac": 0.06752753239502571,
  "peak_blocks": 9266,
  "peak_step": 440800,
  "gpu_blocks": 2750,
  "total_steps": 444204,
  "type1_count": 58,
  "type2_count": 50,
  "plot_path": "traces/sy_requests/all_traces_arrival_rate_CV/SS00_SM00_SL00_MS00_MM00_ML00_LS00_LM66_LL34/lognormal_lambda1.0x_cv1/lognormal_lambda1.0x_cv1.png"
}