{
  "PPR": 4.829710144927536,
  "TPI": 0.3960497570110125,
  "OV_block_step": 3538968,
  "OV_frac": 0.5716861128934396,
  "GE2_frac": 0.21944803602478932,
  "peak_blocks": 1333,
  "peak_step": 15492,
  "gpu_blocks": 276,
  "total_steps": 22429,
  "type1_count": 41,
  "type2_count": 31,
  "plot_path": "traces/requests_types_16k/all_traces_arrival_rate_CV/SS15_SM02_SL11_MS22_MM03_ML32_LS00_LM00_LL14/lognormal_lambda2.5x_cv6/lognormal_lambda2.5x_cv6.png"
}