{
  "PPR": 4.723880597014926,
  "TPI": 0.7654320987654321,
  "OV_block_step": 460713,
  "OV_frac": 1.1471994382442143,
  "GE2_frac": 0.46279612946279614,
  "peak_blocks": 633,
  "peak_step": 1147,
  "gpu_blocks": 134,
  "total_steps": 2997,
  "type1_count": 8,
  "type2_count": 3,
  "plot_path": "traces/requests_types_8k/all_traces_arrival_rate_CV/SS02_SM04_SL04_MS04_MM15_ML55_LS04_LM04_LL05/lognormal_lambda5.0x_cv7/lognormal_lambda5.0x_cv7.png"
}