{
  "PPR": 3.0751252086811354,
  "TPI": 0.7307995791688585,
  "OV_block_step": 7151596,
  "OV_frac": 0.5233747753649852,
  "GE2_frac": 0.16412414518674381,
  "peak_blocks": 1842,
  "peak_step": 5414,
  "gpu_blocks": 599,
  "total_steps": 22812,
  "type1_count": 54,
  "type2_count": 39,
  "plot_path": "traces/requests_types_32k/all_traces_arrival_rate_CV/SS15_SM13_SL18_MS00_MM19_ML17_LS06_LM03_LL09/lognormal_lambda3.5x_cv1/lognormal_lambda3.5x_cv1.png"
}