{
  "PPR": 2.6215277777777777,
  "TPI": 0.2584061506159879,
  "OV_block_step": 19555634,
  "OV_frac": 0.131035421126618,
  "GE2_frac": 0.03651156328156359,
  "peak_blocks": 3020,
  "peak_step": 18689,
  "gpu_blocks": 1152,
  "total_steps": 129548,
  "type1_count": 76,
  "type2_count": 54,
  "plot_path": "traces/request_types/all_traces/SS41_SL16_LS41_LL00/bim50/bim50_lo_ov12.png"
}