{
  "PPR": 5.8984375,
  "TPI": 0.5370750609812579,
  "OV_block_step": 51532150,
  "OV_frac": 0.7769223026889647,
  "GE2_frac": 0.3037947324543798,
  "peak_blocks": 3020,
  "peak_step": 18689,
  "gpu_blocks": 512,
  "total_steps": 129548,
  "type1_count": 92,
  "type2_count": 48,
  "plot_path": "traces/request_types/all_traces/SS41_SL16_LS41_LL00/bim50/bim50_hi_ov76.png"
}