{
  "PPR": 4.71875,
  "TPI": 0.459188872078303,
  "OV_block_step": 43297407,
  "OV_frac": 0.522217235599932,
  "GE2_frac": 0.23343471145830116,
  "peak_blocks": 3020,
  "peak_step": 18689,
  "gpu_blocks": 640,
  "total_steps": 129548,
  "type1_count": 77,
  "type2_count": 52,
  "plot_path": "traces/request_types/all_traces/SS41_SL16_LS41_LL00/bim50/bim50_mh_ov51.png"
}