{
  "PPR": 3.335714285714286,
  "TPI": 0.3692132557551227,
  "OV_block_step": 236388,
  "OV_frac": 0.21357016370929854,
  "GE2_frac": 0.055527447508221604,
  "peak_blocks": 467,
  "peak_step": 6919,
  "gpu_blocks": 140,
  "total_steps": 7906,
  "type1_count": 64,
  "type2_count": 43,
  "plot_path": "traces/requests_types_8k/all_traces_arrival_rate_CV/SS06_SM27_SL20_MS09_MM11_ML01_LS04_LM12_LL10/lognormal_lambda3.5x_cv3/lognormal_lambda3.5x_cv3.png"
}