{
  "PPR": 3.4244791666666665,
  "TPI": 0.47858077335458044,
  "OV_block_step": 55493852,
  "OV_frac": 0.3553851515904165,
  "GE2_frac": 0.12836781066485672,
  "peak_blocks": 5260,
  "peak_step": 34202,
  "gpu_blocks": 1536,
  "total_steps": 101661,
  "type1_count": 70,
  "type2_count": 35,
  "plot_path": "traces/requests_types_48k/all_traces_arrival_rate_CV/SS06_SM27_SL20_MS09_MM11_ML01_LS04_LM12_LL10/lognormal_lambda4.0x_cv1/lognormal_lambda4.0x_cv1.png"
}