{
  "PPR": 4.032786885245901,
  "TPI": 0.46036881268197993,
  "OV_block_step": 188920,
  "OV_frac": 0.5009785150967112,
  "GE2_frac": 0.22516984794564865,
  "peak_blocks": 492,
  "peak_step": 889,
  "gpu_blocks": 122,
  "total_steps": 3091,
  "type1_count": 25,
  "type2_count": 6,
  "plot_path": "traces/requests_types_8k/all_traces_arrival_rate_CV/SS06_SM63_SL03_MS03_MM03_ML06_LS03_LM09_LL04/lognormal_lambda3.5x_cv7/lognormal_lambda3.5x_cv7.png"
}