{
  "PPR": 3.595703125,
  "TPI": 0.37558504171601803,
  "OV_block_step": 40143257,
  "OV_frac": 0.20454884303435114,
  "GE2_frac": 0.0723651599505356,
  "peak_blocks": 3682,
  "peak_step": 55301,
  "gpu_blocks": 1024,
  "total_steps": 191653,
  "type1_count": 132,
  "type2_count": 95,
  "plot_path": "traces/request_types/all_traces/SS25_SL00_LS75_LL00/bim50/bim50_ml_ov23.png"
}