{
  "PPR": 4.17562724014337,
  "TPI": 0.4245907669670774,
  "OV_block_step": 3851554,
  "OV_frac": 0.42317617088452525,
  "GE2_frac": 0.19305989822818956,
  "peak_blocks": 1165,
  "peak_step": 29744,
  "gpu_blocks": 279,
  "total_steps": 32622,
  "type1_count": 74,
  "type2_count": 25,
  "plot_path": "traces/requests_types_16k/all_traces_arrival_rate_CV/SS01_SM18_SL11_MS32_MM14_ML02_LS14_LM07_LL01/lognormal_lambda3.0x_cv7/lognormal_lambda3.0x_cv7.png"
}