{
  "PPR": 3.667304015296367,
  "TPI": 0.6225957217328779,
  "OV_block_step": 6123998,
  "OV_frac": 0.5262163041868065,
  "GE2_frac": 0.21867697285637247,
  "peak_blocks": 1918,
  "peak_step": 7067,
  "gpu_blocks": 523,
  "total_steps": 22252,
  "type1_count": 60,
  "type2_count": 37,
  "plot_path": "traces/requests_types_32k/all_traces_arrival_rate_CV/SS06_SM01_SL07_MS08_MM02_ML49_LS05_LM19_LL03/lognormal_lambda3.5x_cv4/lognormal_lambda3.5x_cv4.png"
}