{
  "PPR": 1.1258741258741258,
  "TPI": 0.014328592867862503,
  "OV_block_step": 106923,
  "OV_frac": 0.0010275924867836207,
  "GE2_frac": 0.0,
  "peak_blocks": 2093,
  "peak_step": 46667,
  "gpu_blocks": 1859,
  "total_steps": 55972,
  "type1_count": 5,
  "type2_count": 5,
  "plot_path": "traces/request_types_request_52_for_both_dyn_arrival_rate_CV/all_traces_arrival_rate_CV/SS06_SM02_SL13_MS06_MM04_ML06_LS51_LM09_LL05/lognormal_lambda2.0x_cv3/lognormal_lambda2.0x_cv3.png"
}