{
  "PPR": 2.59375,
  "TPI": 0.2523864070255823,
  "OV_block_step": 46358,
  "OV_frac": 0.06914316055746468,
  "GE2_frac": 0.011263841160748377,
  "peak_blocks": 332,
  "peak_step": 3637,
  "gpu_blocks": 128,
  "total_steps": 5238,
  "type1_count": 49,
  "type2_count": 31,
  "plot_path": "traces/requests_types_8k/all_traces_arrival_rate_CV/SS55_SM04_SL04_MS04_MM02_ML15_LS04_LM04_LL05/lognormal_lambda4.0x_cv5/lognormal_lambda4.0x_cv5.png"
}