{
  "batch_size": 4,
  "max_model_len": 32384,
  "num_gpu_blocks_override": 12469,
  "arrival_pattern": "BimodalArrival(l1=0.00725163161711385,l2=0.1,p=0.7,max=19700)",
  "vocab": [200, 30000],
  "requests": {
    "request_0": {"category": "SS_I816-1216_O816-1216", "input_length": 1150, "output_length": 978, "arrival_time": 0, "sched_time": 0, "wait_time": 0, "slo": 0.05165132277617932},
    "request_1": {"category": "SS_I816-1216_O1632-2448", "input_length": 1002, "output_length": 1901, "arrival_time": 0, "sched_time": 0, "wait_time": 0, "slo": 0.05242767374305597},
    "request_2": {"category": "SS_I192-304_O400-608", "input_length": 253, "output_length": 540, "arrival_time": 0, "sched_time": 0, "wait_time": 0, "slo": 0.05031399562678535},
    "request_3": {"category": "SS_I400-608_O1632-2448", "input_length": 578, "output_length": 2388, "arrival_time": 0, "sched_time": 0, "wait_time": 0, "slo": 0.05249078356358917},
    "request_4": {"category": "SS_I400-608_O1632-2448", "input_length": 404, "output_length": 1667, "arrival_time": 103, "sched_time": 541, "wait_time": 438, "slo": 0.051594223414744525},
    "request_5": {"category": "LL_I3264-4912_O13104-19648", "input_length": 3691, "output_length": 17304, "arrival_time": 120, "sched_time": 979, "wait_time": 859, "slo": 0.07055121141109769},
    "request_6": {"category": "SS_I816-1216_O400-608", "input_length": 1040, "output_length": 465, "arrival_time": 154, "sched_time": 1902, "wait_time": 1748, "slo": 0.0510272367731288},
    "request_7": {"category": "LL_I3264-4912_O6544-9824", "input_length": 4663, "output_length": 8076, "arrival_time": 207, "sched_time": 2209, "wait_time": 2002, "slo": 0.06228081969169948},
    "request_8": {"category": "SS_I400-608_O400-608", "input_length": 522, "output_length": 529, "arrival_time": 237, "sched_time": 2368, "wait_time": 2131, "slo": 0.05057244536801655},
    "request_9": {"category": "LL_I3264-4912_O13104-19648", "input_length": 3708, "output_length": 16819, "arrival_time": 288, "sched_time": 2389, "wait_time": 2101, "slo": 0.07008239560142249},
    "request_10": {"category": "SS_I816-1216_O400-608", "input_length": 941, "output_length": 587, "arrival_time": 288, "sched_time": 2898, "wait_time": 2610, "slo": 0.05105027686633934},
    "request_11": {"category": "LL_I6544-9824_O3264-4912", "input_length": 8704, "output_length": 4463, "arrival_time": 322, "sched_time": 3486, "wait_time": 3164, "slo": 0.062709565774052},
    "request_12": {"category": "LL_I3264-4912_O3264-4912", "input_length": 3578, "output_length": 3740, "arrival_time": 392, "sched_time": 7950, "wait_time": 7558, "slo": 0.0568503698962952},
    "request_13": {"category": "SS_I400-608_O816-1216", "input_length": 493, "output_length": 1115, "arrival_time": 441, "sched_time": 10286, "wait_time": 9845, "slo": 0.05113041632098467},
    "request_14": {"category": "LS_I13104-19648_O192-304", "input_length": 14589, "output_length": 272, "arrival_time": 479, "sched_time": 11402, "wait_time": 10923, "slo": 0.06440651872616689},
    "request_15": {"category": "SS_I192-304_O400-608", "input_length": 193, "output_length": 453, "arrival_time": 527, "sched_time": 11675, "wait_time": 11148, "slo": 0.05016673937887456},
    "request_16": {"category": "LL_I6544-9824_O13104-19648", "input_length": 9114, "output_length": 13345, "arrival_time": 560, "sched_time": 11691, "wait_time": 11131, "slo": 0.07201776343110725},
    "request_17": {"category": "SS_I400-608_O816-1216", "input_length": 474, "output_length": 1036, "arrival_time": 606, "sched_time": 12129, "wait_time": 11523, "slo": 0.051032245489044135},
    "request_18": {"category": "LS_I13104-19648_O400-608", "input_length": 17945, "output_length": 551, "arrival_time": 635, "sched_time": 13166, "wait_time": 12531, "slo": 0.06804785519661413},
    "request_19": {"category": "SS_I816-1216_O1632-2448", "input_length": 978, "output_length": 1766, "arrival_time": 659, "sched_time": 13718, "wait_time": 13059, "slo": 0.05226839657694837},
    "request_20": {"category": "SS_I400-608_O192-304", "input_length": 605, "output_length": 232, "arrival_time": 668, "sched_time": 15485, "wait_time": 14817, "slo": 0.05035807232684029},
    "request_21": {"category": "SS_I816-1216_O192-304", "input_length": 1018, "output_length": 258, "arrival_time": 685, "sched_time": 15718, "wait_time": 15033, "slo": 0.05079783758420654},
    "request_22": {"category": "SS_I816-1216_O1632-2448", "input_length": 936, "output_length": 2039, "arrival_time": 697, "sched_time": 15977, "wait_time": 15280, "slo": 0.05249979925223677},
    "request_23": {"category": "SS_I192-304_O400-608", "input_length": 204, "output_length": 403, "arrival_time": 736, "sched_time": 18017, "wait_time": 17281, "slo": 0.05012767139473496},
    "request_24": {"category": "LL_I13104-19648_O3264-4912", "input_length": 16566, "output_length": 3309, "arrival_time": 750, "sched_time": 18284, "wait_time": 17534, "slo": 0.06942925904606304},
    "request_25": {"category": "LS_I13104-19648_O400-608", "input_length": 13572, "output_length": 401, "arrival_time": 755, "sched_time": 18421, "wait_time": 17666, "slo": 0.06351697077960371},
    "request_26": {"category": "SS_I400-608_O816-1216", "input_length": 525, "output_length": 1036, "arrival_time": 756, "sched_time": 18823, "wait_time": 18067, "slo": 0.05108333439138053},
    "request_27": {"category": "LL_I6544-9824_O6544-9824", "input_length": 6893, "output_length": 8130, "arrival_time": 761, "sched_time": 19209, "wait_time": 18448, "slo": 0.06456880112182369},
    "request_28": {"category": "SS_I816-1216_O192-304", "input_length": 1107, "output_length": 221, "arrival_time": 785, "sched_time": 19860, "wait_time": 19075, "slo": 0.050849928229726005},
    "request_29": {"category": "LL_I6544-9824_O3264-4912", "input_length": 8276, "output_length": 4825, "arrival_time": 785, "sched_time": 20082, "wait_time": 19297, "slo": 0.0626434507239696},
    "request_30": {"category": "SS_I192-304_O192-304", "input_length": 280, "output_length": 291, "arrival_time": 849, "sched_time": 21594, "wait_time": 20745, "slo": 0.05009160864014456},
    "request_31": {"category": "SS_I816-1216_O1632-2448", "input_length": 1147, "output_length": 2137, "arrival_time": 873, "sched_time": 21886, "wait_time": 21013, "slo": 0.05280933789580436},
    "request_32": {"category": "LL_I13104-19648_O3264-4912", "input_length": 13122, "output_length": 4652, "arrival_time": 907, "sched_time": 24024, "wait_time": 23117, "slo": 0.06732459661844002},
    "request_33": {"category": "SS_I816-1216_O816-1216", "input_length": 952, "output_length": 961, "arrival_time": 949, "sched_time": 24908, "wait_time": 23959, "slo": 0.05143594799182},
    "request_34": {"category": "LL_I3264-4912_O13104-19648", "input_length": 4603, "output_length": 19008, "arrival_time": 1037, "sched_time": 25037, "wait_time": 24000, "slo": 0.07317177157800002},
    "request_35": {"category": "SS_I192-304_O400-608", "input_length": 203, "output_length": 468, "arrival_time": 1098, "sched_time": 25870, "wait_time": 24772, "slo": 0.050191782958451225},
    "request_36": {"category": "LL_I6544-9824_O6544-9824", "input_length": 8445, "output_length": 7518, "arrival_time": 1114, "sched_time": 26339, "wait_time": 25225, "slo": 0.06551043971390633},
    "request_37": {"category": "SS_I816-1216_O1632-2448", "input_length": 1116, "output_length": 2201, "arrival_time": 1116, "sched_time": 27340, "wait_time": 26224, "slo": 0.05284239542084556},
    "request_38": {"category": "SS_I192-304_O400-608", "input_length": 239, "output_length": 442, "arrival_time": 1150, "sched_time": 28677, "wait_time": 27527, "slo": 0.05020180039028189},
    "request_39": {"category": "LL_I3264-4912_O13104-19648", "input_length": 3469, "output_length": 19028, "arrival_time": 1156, "sched_time": 29120, "wait_time": 27964, "slo": 0.07205582967206378},
    "request_40": {"category": "LL_I3264-4912_O3264-4912", "input_length": 4415, "output_length": 3466, "arrival_time": 1196,