{
  "PPR": 4.643097643097643,
  "TPI": 0.7551066217732885,
  "OV_block_step": 4138342,
  "OV_frac": 1.5638396686657068,
  "GE2_frac": 0.6263748597081931,
  "peak_blocks": 1379,
  "peak_step": 4079,
  "gpu_blocks": 297,
  "total_steps": 8910,
  "type1_count": 15,
  "type2_count": 7,
  "plot_path": "traces/requests_types_16k/all_traces_arrival_rate_CV/SS14_SM21_SL27_MS03_MM10_ML05_LS17_LM02_LL01/lognormal_lambda3.5x_cv7/lognormal_lambda3.5x_cv7.png"
}