{
  "PPR": 3.6666666666666665,
  "TPI": 0.09069133559098043,
  "OV_block_step": 372611,
  "OV_frac": 0.11398701088136952,
  "GE2_frac": 0.05653754026596184,
  "peak_blocks": 495,
  "peak_step": 1063,
  "gpu_blocks": 135,
  "total_steps": 24214,
  "type1_count": 22,
  "type2_count": 10,
  "plot_path": "traces/requests_types_8k/all_traces_arrival_rate_CV/SS15_SM13_SL18_MS00_MM19_ML17_LS06_LM03_LL09/lognormal_lambda4.0x_cv7/lognormal_lambda4.0x_cv7.png"
}