{
  "PPR": 5.834985835694051,
  "TPI": 0.7034172627923218,
  "OV_block_step": 847932389,
  "OV_frac": 1.4168255815610418,
  "GE2_frac": 0.5144013891772522,
  "peak_blocks": 16478,
  "peak_step": 165379,
  "gpu_blocks": 2824,
  "total_steps": 211924,
  "type1_count": 32,
  "type2_count": 15,
  "plot_path": "traces/requests_types_128k/all_traces_arrival_rate_CV/SS02_SM02_SL02_MS01_MM01_ML02_LS01_LM03_LL86/lognormal_lambda4.0x_cv1/lognormal_lambda4.0x_cv1.png"
}