{
  "PPR": 4.238095238095238,
  "TPI": 0.565316618450659,
  "OV_block_step": 5128133,
  "OV_frac": 0.49059146882796834,
  "GE2_frac": 0.18405657344905174,
  "peak_blocks": 1424,
  "peak_step": 7589,
  "gpu_blocks": 336,
  "total_steps": 31110,
  "type1_count": 89,
  "type2_count": 54,
  "plot_path": "traces/requests_types_16k/all_traces_arrival_rate_CV/SS00_SM00_SL00_MS00_MM00_ML00_LS33_LM33_LL34/lognormal_lambda3.0x_cv1/lognormal_lambda3.0x_cv1.png"
}