{
  "PPR": 4.355670103092783,
  "TPI": 0.5825438840902758,
  "OV_block_step": 9907117,
  "OV_frac": 0.5928718933089748,
  "GE2_frac": 0.2630259125104486,
  "peak_blocks": 2535,
  "peak_step": 18759,
  "gpu_blocks": 582,
  "total_steps": 28712,
  "type1_count": 59,
  "type2_count": 24,
  "plot_path": "traces/requests_types_32k/all_traces_arrival_rate_CV/SS10_SM24_SL05_MS05_MM03_ML14_LS09_LM12_LL18/lognormal_lambda3.5x_cv1/lognormal_lambda3.5x_cv1.png"
}