{
  "PPR": 3.8026315789473686,
  "TPI": 0.3214695752009185,
  "OV_block_step": 3061238,
  "OV_frac": 0.28903162577799263,
  "GE2_frac": 0.14819173363949484,
  "peak_blocks": 1156,
  "peak_step": 25935,
  "gpu_blocks": 304,
  "total_steps": 34840,
  "type1_count": 53,
  "type2_count": 40,
  "plot_path": "traces/requests_types_16k/all_traces_arrival_rate_CV/SS05_SM02_SL22_MS01_MM07_ML11_LS31_LM03_LL19/lognormal_lambda2.0x_cv6/lognormal_lambda2.0x_cv6.png"
}