{
  "PPR": 1.4269687162891047,
  "TPI": 0.3386605783866058,
  "OV_block_step": 7636859,
  "OV_frac": 0.041797317851018846,
  "GE2_frac": 0.0,
  "peak_blocks": 13228,
  "peak_step": 2895,
  "gpu_blocks": 9270,
  "total_steps": 19710,
  "type1_count": 75,
  "type2_count": 28,
  "plot_path": "traces/request_types/SS00_SL50_LS50_LL00/bim05/bim05_vl_ov4.png"
}