{
  "PPR": 3.536332179930796,
  "TPI": 0.7223916292974589,
  "OV_block_step": 2922359,
  "OV_frac": 0.6046020244024806,
  "GE2_frac": 0.24980568011958146,
  "peak_blocks": 1022,
  "peak_step": 12127,
  "gpu_blocks": 289,
  "total_steps": 16725,
  "type1_count": 59,
  "type2_count": 21,
  "plot_path": "traces/requests_types_16k/all_traces_arrival_rate_CV/SS19_SM26_SL11_MS14_MM09_ML02_LS10_LM01_LL08/lognormal_lambda4.5x_cv5/lognormal_lambda4.5x_cv5.png"
}