{
  "PPR": 4.3076923076923075,
  "TPI": 0.2966022151304674,
  "OV_block_step": 303684,
  "OV_frac": 0.2192632597363215,
  "GE2_frac": 0.08569551342218885,
  "peak_blocks": 560,
  "peak_step": 7239,
  "gpu_blocks": 130,
  "total_steps": 10654,
  "type1_count": 55,
  "type2_count": 28,
  "plot_path": "traces/requests_types_8k/all_traces_arrival_rate_CV/SS03_SM35_SL00_MS13_MM01_ML28_LS01_LM18_LL02/lognormal_lambda1.5x_cv7/lognormal_lambda1.5x_cv7.png"
}