{
  "PPR": 2.9417637271214643,
  "TPI": 0.45420101036958255,
  "OV_block_step": 11385032,
  "OV_frac": 0.4197350187278345,
  "GE2_frac": 0.21671984401311709,
  "peak_blocks": 1768,
  "peak_step": 36029,
  "gpu_blocks": 601,
  "total_steps": 45132,
  "type1_count": 59,
  "type2_count": 30,
  "plot_path": "traces/requests_types_32k/all_traces_arrival_rate_CV/SS09_SM11_SL08_MS09_MM08_ML09_LS18_LM23_LL05/lognormal_lambda2.0x_cv4/lognormal_lambda2.0x_cv4.png"
}