{
  "PPR": 4.9325463743676226,
  "TPI": 0.7846556233653008,
  "OV_block_step": 5607906,
  "OV_frac": 0.9160941390718903,
  "GE2_frac": 0.35125448028673834,
  "peak_blocks": 2925,
  "peak_step": 6030,
  "gpu_blocks": 593,
  "total_steps": 10323,
  "type1_count": 45,
  "type2_count": 29,
  "plot_path": "traces/requests_types_32k/all_traces_arrival_rate_CV/SS07_SM02_SL09_MS02_MM02_ML07_LS02_LM57_LL10/lognormal_lambda4.5x_cv3/lognormal_lambda4.5x_cv3.png"
}