{
  "PPR": 3.1557377049180326,
  "TPI": 0.4509004417261298,
  "OV_block_step": 129343,
  "OV_frac": 0.36024074909621606,
  "GE2_frac": 0.1396534148827727,
  "peak_blocks": 385,
  "peak_step": 880,
  "gpu_blocks": 122,
  "total_steps": 2943,
  "type1_count": 32,
  "type2_count": 20,
  "plot_path": "traces/requests_types_8k/all_traces_arrival_rate_CV/SS06_SM63_SL03_MS03_MM03_ML06_LS03_LM09_LL04/lognormal_lambda4.0x_cv2/lognormal_lambda4.0x_cv2.png"
}