{
  "PPR": 3.7785467128027683,
  "TPI": 0.38903785214332975,
  "OV_block_step": 2063024,
  "OV_frac": 0.24858067867398992,
  "GE2_frac": 0.0724657868161716,
  "peak_blocks": 1092,
  "peak_step": 4333,
  "gpu_blocks": 289,
  "total_steps": 28717,
  "type1_count": 71,
  "type2_count": 25,
  "plot_path": "traces/requests_types_16k/all_traces_arrival_rate_CV/SS19_SM26_SL11_MS14_MM09_ML02_LS10_LM01_LL08/lognormal_lambda3.0x_cv6/lognormal_lambda3.0x_cv6.png"
}