{
  "PPR": 4.304940374787053,
  "TPI": 0.3758855695929747,
  "OV_block_step": 9590275,
  "OV_frac": 0.44009850581434223,
  "GE2_frac": 0.1899900331330981,
  "peak_blocks": 2527,
  "peak_step": 20038,
  "gpu_blocks": 587,
  "total_steps": 37123,
  "type1_count": 38,
  "type2_count": 18,
  "plot_path": "traces/requests_types_32k/all_traces_arrival_rate_CV/SS19_SM26_SL11_MS14_MM09_ML02_LS10_LM01_LL08/lognormal_lambda3.5x_cv6/lognormal_lambda3.5x_cv6.png"
}