{
  "PPR": 3.189189189189189,
  "TPI": 0.16617060350832752,
  "OV_block_step": 220026,
  "OV_frac": 0.09414616947388779,
  "GE2_frac": 0.02330441390665569,
  "peak_blocks": 472,
  "peak_step": 14479,
  "gpu_blocks": 148,
  "total_steps": 15791,
  "type1_count": 31,
  "type2_count": 35,
  "plot_path": "traces/requests_types_8k/all_traces_arrival_rate_CV/SS15_SM02_SL11_MS22_MM03_ML32_LS00_LM00_LL14/lognormal_lambda1.5x_cv3/lognormal_lambda1.5x_cv3.png"
}