{
  "PPR": 3.332220367278798,
  "TPI": 0.3120150114344911,
  "OV_block_step": 6315591,
  "OV_frac": 0.20608583874422554,
  "GE2_frac": 0.06139442153202635,
  "peak_blocks": 1996,
  "peak_step": 5486,
  "gpu_blocks": 599,
  "total_steps": 51161,
  "type1_count": 47,
  "type2_count": 24,
  "plot_path": "traces/requests_types_32k/all_traces_arrival_rate_CV/SS15_SM13_SL18_MS00_MM19_ML17_LS06_LM03_LL09/lognormal_lambda2.5x_cv4/lognormal_lambda2.5x_cv4.png"
}