{
  "PPR": 6.609454545454545,
  "TPI": 0.7246858901577352,
  "OV_block_step": 1668613421,
  "OV_frac": 1.4233903142676543,
  "GE2_frac": 0.5346224582672584,
  "peak_blocks": 18176,
  "peak_step": 206177,
  "gpu_blocks": 2750,
  "total_steps": 426284,
  "type1_count": 59,
  "type2_count": 34,
  "plot_path": "traces/sy_requests/all_traces_arrival_rate_CV/SS00_SM00_SL00_MS00_MM00_ML00_LS00_LM00_LL100/lognormal_lambda3.0x_cv1/lognormal_lambda3.0x_cv1.png"
}