{
  "PPR": 3.9796163069544366,
  "TPI": 0.7817455513860307,
  "OV_block_step": 35735619,
  "OV_frac": 0.8644729053943626,
  "GE2_frac": 0.3031513537505548,
  "peak_blocks": 6638,
  "peak_step": 6859,
  "gpu_blocks": 1668,
  "total_steps": 24783,
  "type1_count": 30,
  "type2_count": 9,
  "plot_path": "traces/SS83_SL00_LS08_LL08/uni05/uni05_sv_ov86.png"
}