{
  "batch_size": 4,
  "max_model_len": 32384,
  "num_gpu_blocks_override": 4625,
  "arrival_pattern": "UniformArrival(max_step=8386)",
  "vocab": [200, 30000],
  "requests": {
    "request_0": {"category": "SS_I192-304_O816-1216", "input_length": 203, "output_length": 1086, "arrival_time": 0, "sched_time": 0, "wait_time": 0, "slo": 0.05081086024558641},
    "request_1": {"category": "SS_I400-608_O400-608", "input_length": 562, "output_length": 422, "arrival_time": 0, "sched_time": 0, "wait_time": 0, "slo": 0.05050532857475108},
    "request_2": {"category": "SS_I192-304_O816-1216", "input_length": 268, "output_length": 1189, "arrival_time": 0, "sched_time": 0, "wait_time": 0, "slo": 0.0509791531003416},
    "request_3": {"category": "SS_I400-608_O400-608", "input_length": 434, "output_length": 456, "arrival_time": 0, "sched_time": 0, "wait_time": 0, "slo": 0.05041116471554282},
    "request_4": {"category": "SS_I816-1216_O400-608", "input_length": 906, "output_length": 540, "arrival_time": 506, "sched_time": 506, "wait_time": 0, "slo": 0.05096813392532787},
    "request_5": {"category": "SS_I192-304_O816-1216", "input_length": 204, "output_length": 1049, "arrival_time": 557, "sched_time": 557, "wait_time": 0, "slo": 0.05077479749099601},
    "request_6": {"category": "SS_I400-608_O192-304", "input_length": 459, "output_length": 200, "arrival_time": 573, "sched_time": 1047, "wait_time": 474, "slo": 0.05017976204025442},
    "request_7": {"category": "SS_I400-608_O816-1216", "input_length": 431, "output_length": 1067, "arrival_time": 589, "sched_time": 1087, "wait_time": 498, "slo": 0.05102022457084734},
    "request_8": {"category": "SS_I400-608_O816-1216", "input_length": 596, "output_length": 1109, "arrival_time": 603, "sched_time": 1190, "wait_time": 587, "slo": 0.051227585409742135},
    "request_9": {"category": "SS_I816-1216_O1632-2448", "input_length": 887, "output_length": 2212, "arrival_time": 1012, "sched_time": 1248, "wait_time": 236, "slo": 0.052624015406937036},
    "request_10": {"category": "LL_I3264-4912_O6544-9824", "input_length": 4272, "output_length": 8319, "arrival_time": 1075, "sched_time": 1607, "wait_time": 532, "slo": 0.06213256170060561},
    "request_11": {"category": "LL_I13104-19648_O6544-9824", "input_length": 16958, "output_length": 9719, "arrival_time": 1198, "sched_time": 2155, "wait_time": 957, "slo": 0.07624311617728236},
    "request_12": {"category": "SS_I816-1216_O400-608", "input_length": 1142, "output_length": 406, "arrival_time": 1560, "sched_time": 2300, "wait_time": 740, "slo": 0.05107031173000067},
    "request_13": {"category": "LS_I13104-19648_O192-304", "input_length": 14446, "output_length": 237, "arrival_time": 1774, "sched_time": 2707, "wait_time": 933, "slo": 0.06422820843958103},
    "request_14": {"category": "SS_I192-304_O1632-2448", "input_length": 194, "output_length": 1730, "arrival_time": 1797, "sched_time": 2945, "wait_time": 1148, "slo": 0.05144696716683373},
    "request_15": {"category": "SS_I400-608_O192-304", "input_length": 602, "output_length": 266, "arrival_time": 1862, "sched_time": 3461, "wait_time": 1599, "slo": 0.05038912636551535},
    "request_16": {"category": "SS_I816-1216_O1632-2448", "input_length": 886, "output_length": 2148, "arrival_time": 1946, "sched_time": 3728, "wait_time": 1782, "slo": 0.052558902100037705},
    "request_17": {"category": "SS_I816-1216_O192-304", "input_length": 845, "output_length": 267, "arrival_time": 2238, "sched_time": 4676, "wait_time": 2438, "slo": 0.050633551702183616},
    "request_18": {"category": "SS_I192-304_O1632-2448", "input_length": 217, "output_length": 2065, "arrival_time": 2298, "sched_time": 4944, "wait_time": 2646, "slo": 0.051805591226371586},
    "request_19": {"category": "SS_I400-608_O816-1216", "input_length": 456, "output_length": 993, "arrival_time": 2363, "sched_time": 5877, "wait_time": 3514, "slo": 0.050971139154877075},
    "request_20": {"category": "SS_I400-608_O1632-2448", "input_length": 600, "output_length": 1648, "arrival_time": 2427, "sched_time": 6871, "wait_time": 4444, "slo": 0.05177153195814732},
    "request_21": {"category": "SS_I400-608_O400-608", "input_length": 488, "output_length": 564, "arrival_time": 2457, "sched_time": 7010, "wait_time": 4553, "slo": 0.05057344711119961},
    "request_22": {"category": "SS_I192-304_O400-608", "input_length": 271, "output_length": 545, "arrival_time": 2460, "sched_time": 7575, "wait_time": 5115, "slo": 0.050337035719995885},
    "request_23": {"category": "SS_I816-1216_O192-304", "input_length": 858, "output_length": 244, "arrival_time": 2521, "sched_time": 8121, "wait_time": 5600, "slo": 0.050623534270352946},
    "request_24": {"category": "SS_I400-608_O400-608", "input_length": 401, "output_length": 558, "arrival_time": 2545, "sched_time": 8366, "wait_time": 5821, "slo": 0.050480284995174415},
    "request_25": {"category": "SS_I192-304_O192-304", "input_length": 289, "output_length": 302, "arrival_time": 2672, "sched_time": 8520, "wait_time": 5848, "slo": 0.05011164350380589},
    "request_26": {"category": "SS_I816-1216_O400-608", "input_length": 1151, "output_length": 517, "arrival_time": 2736, "sched_time": 8823, "wait_time": 6087, "slo": 0.051190520911968664},
    "request_27": {"category": "SS_I816-1216_O1632-2448", "input_length": 817, "output_length": 2165, "arrival_time": 2819, "sched_time": 8925, "wait_time": 6106, "slo": 0.052506811454518236},
    "request_28": {"category": "LL_I13104-19648_O6544-9824", "input_length": 16581, "output_length": 6717, "arrival_time": 2935, "sched_time": 9341, "wait_time": 6406, "slo": 0.07285822596170016},
    "request_29": {"category": "SS_I192-304_O400-608", "input_length": 299, "output_length": 488, "arrival_time": 2958, "sched_time": 9927, "wait_time": 6969, "slo": 0.050307985167686954},
    "request_30": {"category": "SS_I400-608_O1632-2448", "input_length": 486, "output_length": 1679, "arrival_time": 3050, "sched_time": 10416, "wait_time": 7366, "slo": 0.051688387273952786},
    "request_31": {"category": "LL_I3264-4912_O6544-9824", "input_length": 3756, "output_length": 7306, "arrival_time": 3051, "sched_time": 11091, "wait_time": 8040, "slo": 0.060600896373696714},
    "request_32": {"category": "SS_I816-1216_O192-304", "input_length": 1032, "output_length": 226, "arrival_time": 3059, "sched_time": 11875, "wait_time": 8816, "slo": 0.050779806206911346},
    "request_33": {"category": "SL_I816-1216_O13104-19648", "input_length": 846, "output_length": 19450, "arrival_time": 3141, "sched_time": 12096, "wait_time": 8955, "slo": 0.0698509929261341},
    "request_34": {"category": "SS_I192-304_O192-304", "input_length": 192, "output_length": 194, "arrival_time": 3164, "sched_time": 12102, "wait_time": 8938, "slo": 0.04990628615127723},
    "request_35": {"category": "LL_I3264-4912_O3264-4912", "input_length": 4792, "output_length": 4390, "arrival_time": 3169, "sched_time": 12297, "wait_time": 9128, "slo": 0.058717619189531424},
    "request_36": {"category": "SS_I400-608_O1632-2448", "input_length": 495, "output_length": 2413, "arrival_time": 3212, "sched_time": 16059, "wait_time": 12847, "slo": 0.05243268245897131},
    "request_37": {"category": "SS_I816-1216_O816-1216", "input_length": 1020, "output_length": 1166, "arrival_time": 3222, "sched_time": 16688, "wait_time": 13466, "slo": 0.05170942388079719},
    "request_38": {"category": "SS_I816-1216_O400-608", "input_length": 1104, "output_length": 477, "arrival_time": 3444, "sched_time": 17855, "wait_time": 14411, "slo": 0.05110336925504187},
    "request_39": {"category": "SS_I192-304_O400-608", "input_length": 232, "output_length": 486, "arrival_time": 3620, "sched_time": 18333, "wait_time": 14713, "slo": 0.05023886488805535},
    "request_40": {"category": "SS_I400-608_O1632-2448", "input_length": 495, "output_length": 2128, "arrival_time": 3842, "sched_time": 18398, "wait_time": 14556, "slo": 0.05214718565179731},