{
  "PPR": 2.565818181818182,
  "TPI": 0.46094260575249546,
  "OV_block_step": 176554582,
  "OV_frac": 0.22083221377454434,
  "GE2_frac": 0.06416350790778946,
  "peak_blocks": 7056,
  "peak_step": 111762,
  "gpu_blocks": 2750,
  "total_steps": 290726,
  "type1_count": 103,
  "type2_count": 43,
  "plot_path": "traces/requests_types_96k/all_traces_arrival_rate_CV/SS11_SM11_SL11_MS11_MM11_ML11_LS11_LM11_LL11/lognormal_lambda2.0x_cv1/lognormal_lambda2.0x_cv1.png"
}