{
  "PPR": 3.05859375,
  "TPI": 0.5496570693298392,
  "OV_block_step": 95788549,
  "OV_frac": 0.3680887758882652,
  "GE2_frac": 0.1036760279066473,
  "peak_blocks": 4698,
  "peak_step": 53964,
  "gpu_blocks": 1536,
  "total_steps": 169422,
  "type1_count": 95,
  "type2_count": 48,
  "plot_path": "traces/requests_types_48k/all_traces_arrival_rate_CV/SS07_SM02_SL09_MS02_MM02_ML07_LS02_LM57_LL10/lognormal_lambda2.0x_cv1/lognormal_lambda2.0x_cv1.png"
}