{
  "PPR": 1.7144101001306051,
  "TPI": 0.28017812533941566,
  "OV_block_step": 32783216,
  "OV_frac": 0.103343022130969,
  "GE2_frac": 0.0,
  "peak_blocks": 11814,
  "peak_step": 27060,
  "gpu_blocks": 6891,
  "total_steps": 46035,
  "type1_count": 45,
  "type2_count": 12,
  "plot_path": "traces/SS00_SL100_LS00_LL00/uni05/uni05_lo_ov10.png"
}