{
  "PPR": 1.7669270833333333,
  "TPI": 0.06561779826271938,
  "OV_block_step": 9381011,
  "OV_frac": 0.01353356904019308,
  "GE2_frac": 0.0,
  "peak_blocks": 2714,
  "peak_step": 386678,
  "gpu_blocks": 1536,
  "total_steps": 451280,
  "type1_count": 49,
  "type2_count": 44,
  "plot_path": "traces/requests_types_48k/all_traces_arrival_rate_CV/SS09_SM11_SL08_MS09_MM08_ML09_LS18_LM23_LL05/lognormal_lambda1.0x_cv1/lognormal_lambda1.0x_cv1.png"
}