{
  "PPR": 3.6887298747763864,
  "TPI": 0.8536462276053495,
  "OV_block_step": 6854700,
  "OV_frac": 1.0314099517134567,
  "GE2_frac": 0.5661535873496509,
  "peak_blocks": 2062,
  "peak_step": 5761,
  "gpu_blocks": 559,
  "total_steps": 11889,
  "type1_count": 28,
  "type2_count": 13,
  "plot_path": "traces/requests_types_32k/all_traces_arrival_rate_CV/SS06_SM63_SL03_MS03_MM03_ML06_LS03_LM09_LL04/lognormal_lambda5.0x_cv7/lognormal_lambda5.0x_cv7.png"
}