{
  "PPR": 5.0675675675675675,
  "TPI": 0.8890108996258338,
  "OV_block_step": 21404330,
  "OV_frac": 1.470471890265082,
  "GE2_frac": 0.6027330405075647,
  "peak_blocks": 3000,
  "peak_step": 18270,
  "gpu_blocks": 592,
  "total_steps": 24588,
  "type1_count": 31,
  "type2_count": 10,
  "plot_path": "traces/requests_types_32k/all_traces_arrival_rate_CV/SS06_SM02_SL13_MS06_MM04_ML06_LS51_LM09_LL05/lognormal_lambda2.5x_cv2/lognormal_lambda2.5x_cv2.png"
}