{
  "PPR": 2.534412955465587,
  "TPI": 0.1468000944621561,
  "OV_block_step": 365499,
  "OV_frac": 0.043681456973587406,
  "GE2_frac": 0.0036013697012634315,
  "peak_blocks": 626,
  "peak_step": 993,
  "gpu_blocks": 247,
  "total_steps": 33876,
  "type1_count": 50,
  "type2_count": 33,
  "plot_path": "traces/requests_types_16k/all_traces_arrival_rate_CV/SS02_SM04_SL04_MS04_MM15_ML55_LS04_LM04_LL05/lognormal_lambda1.5x_cv2/lognormal_lambda1.5x_cv2.png"
}