{
  "PPR": 3.9602649006622515,
  "TPI": 0.35857897891352913,
  "OV_block_step": 963727,
  "OV_frac": 0.3477523027976371,
  "GE2_frac": 0.13643546014275595,
  "peak_blocks": 598,
  "peak_step": 7541,
  "gpu_blocks": 151,
  "total_steps": 18353,
  "type1_count": 68,
  "type2_count": 22,
  "plot_path": "traces/requests_types_8k/all_traces_arrival_rate_CV/SS10_SM00_SL12_MS50_MM04_ML04_LS04_LM08_LL09/lognormal_lambda1.5x_cv4/lognormal_lambda1.5x_cv4.png"
}