{
  "PPR": 3.835016835016835,
  "TPI": 0.6718605043434258,
  "OV_block_step": 23002541,
  "OV_frac": 0.8164969321564581,
  "GE2_frac": 0.3953782575693683,
  "peak_blocks": 2278,
  "peak_step": 9984,
  "gpu_blocks": 594,
  "total_steps": 47428,
  "type1_count": 81,
  "type2_count": 25,
  "plot_path": "traces/requests_types_32k/all_traces_arrival_rate_CV/SS01_SM18_SL11_MS32_MM14_ML02_LS14_LM07_LL01/lognormal_lambda5.0x_cv2/lognormal_lambda5.0x_cv2.png"
}