{
  "PPR": 2.6721311475409837,
  "TPI": 0.5445579429376541,
  "OV_block_step": 117259,
  "OV_frac": 0.3385485538084872,
  "GE2_frac": 0.0718562874251497,
  "peak_blocks": 326,
  "peak_step": 1128,
  "gpu_blocks": 122,
  "total_steps": 2839,
  "type1_count": 39,
  "type2_count": 23,
  "plot_path": "traces/requests_types_8k/all_traces_arrival_rate_CV/SS06_SM63_SL03_MS03_MM03_ML06_LS03_LM09_LL04/lognormal_lambda3.0x_cv3/lognormal_lambda3.0x_cv3.png"
}