{
  "PPR": 4.473214285714286,
  "TPI": 0.5585835033517925,
  "OV_block_step": 87031033,
  "OV_frac": 0.5242659484350591,
  "GE2_frac": 0.19423394539978625,
  "peak_blocks": 3006,
  "peak_step": 218113,
  "gpu_blocks": 672,
  "total_steps": 247032,
  "type1_count": 212,
  "type2_count": 80,
  "plot_path": "traces/request_types/all_traces/SS00_SL50_LS50_LL00/bim50/bim50_mh_ov56.png"
}