{
  "PPR": 1.8038194444444444,
  "TPI": 0.2838405732991241,
  "OV_block_step": 2691642,
  "OV_frac": 0.10335728530773541,
  "GE2_frac": 0.0,
  "peak_blocks": 1039,
  "peak_step": 34854,
  "gpu_blocks": 576,
  "total_steps": 45212,
  "type1_count": 56,
  "type2_count": 45,
  "plot_path": "traces/request_types/all_traces/SS06_SM27_SL20_MS09_MM11_ML01_LS04_LM12_LL10/bim50/bim50_lo_ov11.png"
}