{
  "PPR": 2.7057291666666665,
  "TPI": 0.5539679731044855,
  "OV_block_step": 6236460,
  "OV_frac": 0.35921395315402993,
  "GE2_frac": 0.15927187472352472,
  "peak_blocks": 1039,
  "peak_step": 34854,
  "gpu_blocks": 384,
  "total_steps": 45212,
  "type1_count": 103,
  "type2_count": 47,
  "plot_path": "traces/request_types/all_traces/SS06_SM27_SL20_MS09_MM11_ML01_LS04_LM12_LL10/bim50/bim50_md_ov37.png"
}