{
  "PPR": 6.057971014492754,
  "TPI": 0.41444940765197125,
  "OV_block_step": 1280023,
  "OV_frac": 0.9007116901832634,
  "GE2_frac": 0.3132647115944844,
  "peak_blocks": 836,
  "peak_step": 2204,
  "gpu_blocks": 138,
  "total_steps": 10298,
  "type1_count": 39,
  "type2_count": 11,
  "plot_path": "traces/requests_types_8k/all_traces_arrival_rate_CV/SS06_SM06_SL19_MS24_MM08_ML20_LS10_LM05_LL02/lognormal_lambda5.0x_cv7/lognormal_lambda5.0x_cv7.png"
}