{
  "PPR": 1.50799560546875,
  "TPI": 0.37824691117813014,
  "OV_block_step": 42482485,
  "OV_frac": 0.06306365185969649,
  "GE2_frac": 0.0,
  "peak_blocks": 24707,
  "peak_step": 20283,
  "gpu_blocks": 16384,
  "total_steps": 41116,
  "type1_count": 63,
  "type2_count": 44,
  "plot_path": "traces/request_types/SS06_SL07_LS05_LL80/uni05/uni05_vl_ov6.png"
}