{
  "PPR": 1.6983090459169645,
  "TPI": 0.48628271232610176,
  "OV_block_step": 75641699,
  "OV_frac": 0.1264582377004639,
  "GE2_frac": 0.0,
  "peak_blocks": 24707,
  "peak_step": 20283,
  "gpu_blocks": 14548,
  "total_steps": 41116,
  "type1_count": 77,
  "type2_count": 25,
  "plot_path": "traces/request_types/SS06_SL07_LS05_LL80/uni05/uni05_lo_ov13.png"
}