{
  "PPR": 2.708984375,
  "TPI": 0.2213944001002606,
  "OV_block_step": 39788797,
  "OV_frac": 0.11194684768403076,
  "GE2_frac": 0.021072010440930523,
  "peak_blocks": 4161,
  "peak_step": 213517,
  "gpu_blocks": 1536,
  "total_steps": 231397,
  "type1_count": 68,
  "type2_count": 42,
  "plot_path": "traces/requests_types_48k/all_traces_arrival_rate_CV/SS15_SM02_SL11_MS22_MM03_ML32_LS00_LM00_LL14/lognormal_lambda1.5x_cv1/lognormal_lambda1.5x_cv1.png"
}