{
  "PPR": 3.681159420289855,
  "TPI": 0.6862225461291285,
  "OV_block_step": 13045502,
  "OV_frac": 0.6959038525664528,
  "GE2_frac": 0.2914168350614503,
  "peak_blocks": 2286,
  "peak_step": 10386,
  "gpu_blocks": 621,
  "total_steps": 30187,
  "type1_count": 59,
  "type2_count": 46,
  "plot_path": "traces/requests_types_32k/all_traces_arrival_rate_CV/SS06_SM03_SL09_MS03_MM03_ML06_LS03_LM03_LL64/lognormal_lambda3.0x_cv1/lognormal_lambda3.0x_cv1.png"
}