{
  "PPR": 8.404458598726114,
  "TPI": 0.811708319068812,
  "OV_block_step": 4570020,
  "OV_frac": 1.6608700013301438,
  "GE2_frac": 0.5760584274791738,
  "peak_blocks": 2639,
  "peak_step": 7644,
  "gpu_blocks": 314,
  "total_steps": 8763,
  "type1_count": 14,
  "type2_count": 20,
  "plot_path": "traces/requests_types_16k/all_traces_arrival_rate_CV/SS00_SM00_SL00_MS00_MM00_ML00_LS00_LM00_LL100/lognormal_lambda2.5x_cv5/lognormal_lambda2.5x_cv5.png"
}