{
  "PPR": 3.077490774907749,
  "TPI": 0.5778389761866192,
  "OV_block_step": 2201623,
  "OV_frac": 0.4386883800799777,
  "GE2_frac": 0.1720395269722987,
  "peak_blocks": 834,
  "peak_step": 13998,
  "gpu_blocks": 271,
  "total_steps": 18519,
  "type1_count": 69,
  "type2_count": 49,
  "plot_path": "traces/requests_types_16k/all_traces_arrival_rate_CV/SS06_SM06_SL19_MS24_MM08_ML20_LS10_LM05_LL02/lognormal_lambda4.5x_cv1/lognormal_lambda4.5x_cv1.png"
}