{
  "PPR": 5.828625235404896,
  "TPI": 0.7265507776761208,
  "OV_block_step": 23920558,
  "OV_frac": 1.6486050073830556,
  "GE2_frac": 0.5806038426349497,
  "peak_blocks": 3095,
  "peak_step": 11073,
  "gpu_blocks": 531,
  "total_steps": 27325,
  "type1_count": 30,
  "type2_count": 6,
  "plot_path": "traces/requests_types_32k/all_traces_arrival_rate_CV/SS03_SM24_SL03_MS36_MM03_ML12_LS06_LM06_LL07/lognormal_lambda4.0x_cv3/lognormal_lambda4.0x_cv3.png"
}