{
  "PPR": 2.177751704920437,
  "TPI": 0.43675307961022247,
  "OV_block_step": 63275431,
  "OV_frac": 0.21327365971925416,
  "GE2_frac": 0.025831954403382974,
  "peak_blocks": 29698,
  "peak_step": 2756,
  "gpu_blocks": 13637,
  "total_steps": 21756,
  "type1_count": 31,
  "type2_count": 8,
  "plot_path": "traces/request_types/SS16_SL02_LS38_LL41/bim05/bim05_ml_ov21.png"
}