{
  "PPR": 3.4812182741116753,
  "TPI": 0.3774867278811069,
  "OV_block_step": 93535360,
  "OV_frac": 0.24784998550161996,
  "GE2_frac": 0.07413072188842545,
  "peak_blocks": 6858,
  "peak_step": 33893,
  "gpu_blocks": 1970,
  "total_steps": 191567,
  "type1_count": 57,
  "type2_count": 50,
  "plot_path": "traces/requests_types_64k/all_traces_arrival_rate_CV/SS00_SM06_SL06_MS06_MM39_ML00_LS06_LM18_LL19/lognormal_lambda2.0x_cv1/lognormal_lambda2.0x_cv1.png"
}