{
  "PPR": 7.445993031358885,
  "TPI": 0.8293370944992948,
  "OV_block_step": 855598,
  "OV_frac": 1.4015880114473118,
  "GE2_frac": 0.4099670897978373,
  "peak_blocks": 2137,
  "peak_step": 908,
  "gpu_blocks": 287,
  "total_steps": 2127,
  "type1_count": 19,
  "type2_count": 8,
  "plot_path": "traces/requests_types_16k/all_traces_arrival_rate_CV/SS00_SM00_SL00_MS00_MM00_ML00_LS00_LM99_LL01/lognormal_lambda5.0x_cv2/lognormal_lambda5.0x_cv2.png"
}