{
  "PPR": 2.658959537572254,
  "TPI": 0.45302498451373113,
  "OV_block_step": 3339712,
  "OV_frac": 0.22145013010322456,
  "GE2_frac": 0.026808452061394452,
  "peak_blocks": 1380,
  "peak_step": 16832,
  "gpu_blocks": 519,
  "total_steps": 29058,
  "type1_count": 59,
  "type2_count": 28,
  "plot_path": "traces/requests_types_32k/all_traces_arrival_rate_CV/SS06_SM27_SL20_MS09_MM11_ML01_LS04_LM12_LL10/lognormal_lambda3.0x_cv3/lognormal_lambda3.0x_cv3.png"
}