{
  "PPR": 2.367816091954023,
  "TPI": 0.15857245571605988,
  "OV_block_step": 254072,
  "OV_frac": 0.06362872989720361,
  "GE2_frac": 0.01712530230734035,
  "peak_blocks": 618,
  "peak_step": 1645,
  "gpu_blocks": 261,
  "total_steps": 15299,
  "type1_count": 28,
  "type2_count": 15,
  "plot_path": "traces/requests_types_16k/all_traces_arrival_rate_CV/SS06_SM63_SL03_MS03_MM03_ML06_LS03_LM09_LL04/lognormal_lambda1.5x_cv1/lognormal_lambda1.5x_cv1.png"
}