{
  "PPR": 12.248299319727892,
  "TPI": 0.7416201117318436,
  "OV_block_step": 1671915,
  "OV_frac": 1.588487629688747,
  "GE2_frac": 0.3865921787709497,
  "peak_blocks": 3601,
  "peak_step": 2697,
  "gpu_blocks": 294,
  "total_steps": 3580,
  "type1_count": 14,
  "type2_count": 18,
  "plot_path": "traces/requests_types_16k/all_traces_arrival_rate_CV/SS00_SM00_SL00_MS00_MM00_ML00_LS00_LM66_LL34/lognormal_lambda4.5x_cv4/lognormal_lambda4.5x_cv4.png"
}