{
  "PPR": 2.295774647887324,
  "TPI": 0.03798125023159299,
  "OV_block_step": 108548,
  "OV_frac": 0.014162791996355053,
  "GE2_frac": 0.0006669878089450476,
  "peak_blocks": 326,
  "peak_step": 34692,
  "gpu_blocks": 142,
  "total_steps": 53974,
  "type1_count": 33,
  "type2_count": 37,
  "plot_path": "traces/requests_types_8k/all_traces_arrival_rate_CV/SS09_SM11_SL08_MS09_MM08_ML09_LS18_LM23_LL05/lognormal_lambda1.0x_cv2/lognormal_lambda1.0x_cv2.png"
}