{
  "PPR": 3.2587646076794656,
  "TPI": 0.540779561087455,
  "OV_block_step": 6811966,
  "OV_frac": 0.41388180601860786,
  "GE2_frac": 0.1482330676565855,
  "peak_blocks": 1952,
  "peak_step": 7725,
  "gpu_blocks": 599,
  "total_steps": 27477,
  "type1_count": 52,
  "type2_count": 33,
  "plot_path": "traces/requests_types_32k/all_traces_arrival_rate_CV/SS15_SM13_SL18_MS00_MM19_ML17_LS06_LM03_LL09/lognormal_lambda3.0x_cv1/lognormal_lambda3.0x_cv1.png"
}