{
  "PPR": 3.2203672787979967,
  "TPI": 0.5747155317850605,
  "OV_block_step": 6076290,
  "OV_frac": 0.3641213525707592,
  "GE2_frac": 0.1127822247747586,
  "peak_blocks": 1929,
  "peak_step": 7523,
  "gpu_blocks": 599,
  "total_steps": 27859,
  "type1_count": 72,
  "type2_count": 33,
  "plot_path": "traces/requests_types_32k/all_traces_arrival_rate_CV/SS15_SM13_SL18_MS00_MM19_ML17_LS06_LM03_LL09/lognormal_lambda3.0x_cv1/lognormal_lambda3.0x_cv1.png"
}