{
  "PPR": 2.676470588235294,
  "TPI": 0.48923357664233574,
  "OV_block_step": 186531,
  "OV_frac": 0.25028311507084583,
  "GE2_frac": 0.08813868613138687,
  "peak_blocks": 364,
  "peak_step": 1923,
  "gpu_blocks": 136,
  "total_steps": 5480,
  "type1_count": 58,
  "type2_count": 31,
  "plot_path": "traces/requests_types_8k/all_traces_arrival_rate_CV/SS54_SM10_SL01_MS02_MM09_ML02_LS06_LM14_LL01/lognormal_lambda3.5x_cv2/lognormal_lambda3.5x_cv2.png"
}