{
  "PPR": 3.8168953687821614,
  "TPI": 0.6056787975448262,
  "OV_block_step": 195422805,
  "OV_frac": 0.40500950521406504,
  "GE2_frac": 0.14308153303368615,
  "peak_blocks": 8901,
  "peak_step": 53247,
  "gpu_blocks": 2332,
  "total_steps": 206910,
  "type1_count": 133,
  "type2_count": 62,
  "plot_path": "traces/requests_types_128k/all_traces_arrival_rate_CV/SS06_SM27_SL20_MS09_MM11_ML01_LS04_LM12_LL10/lognormal_lambda3.0x_cv1/lognormal_lambda3.0x_cv1.png"
}