{
  "PPR": 2.8115942028985508,
  "TPI": 0.34305317324185247,
  "OV_block_step": 526780,
  "OV_frac": 0.2046122629079971,
  "GE2_frac": 0.061803173241852485,
  "peak_blocks": 388,
  "peak_step": 9467,
  "gpu_blocks": 138,
  "total_steps": 18656,
  "type1_count": 99,
  "type2_count": 36,
  "plot_path": "traces/requests_types_8k/all_traces_arrival_rate_CV/SS03_SM24_SL03_MS36_MM03_ML12_LS06_LM06_LL07/lognormal_lambda3.0x_cv1/lognormal_lambda3.0x_cv1.png"
}