{
  "PPR": 5.455197132616488,
  "TPI": 0.7179291704206806,
  "OV_block_step": 5529944,
  "OV_frac": 1.3736633040141433,
  "GE2_frac": 0.616258923002287,
  "peak_blocks": 1522,
  "peak_step": 4518,
  "gpu_blocks": 279,
  "total_steps": 14429,
  "type1_count": 23,
  "type2_count": 3,
  "plot_path": "traces/requests_types_16k/all_traces_arrival_rate_CV/SS03_SM24_SL03_MS36_MM03_ML12_LS06_LM06_LL07/lognormal_lambda4.0x_cv7/lognormal_lambda4.0x_cv7.png"
}