{
  "PPR": 1.845703125,
  "TPI": 0.10086552836572507,
  "OV_block_step": 6582348,
  "OV_frac": 0.03371927620190416,
  "GE2_frac": 0.0,
  "peak_blocks": 2835,
  "peak_step": 68586,
  "gpu_blocks": 1536,
  "total_steps": 127090,
  "type1_count": 32,
  "type2_count": 27,
  "plot_path": "traces/requests_types_48k/all_traces_arrival_rate_CV/SS03_SM42_SL05_MS03_MM05_ML25_LS13_LM02_LL00/lognormal_lambda1.5x_cv1/lognormal_lambda1.5x_cv1.png"
}