{
  "PPR": 6.730769230769231,
  "TPI": 0.7184643510054844,
  "OV_block_step": 6480720,
  "OV_frac": 1.2945532529627595,
  "GE2_frac": 0.48223263254113347,
  "peak_blocks": 1925,
  "peak_step": 12834,
  "gpu_blocks": 286,
  "total_steps": 17504,
  "type1_count": 47,
  "type2_count": 7,
  "plot_path": "traces/requests_types_16k/all_traces_arrival_rate_CV/SS10_SM00_SL12_MS50_MM04_ML04_LS04_LM08_LL09/lognormal_lambda4.5x_cv2/lognormal_lambda4.5x_cv2.png"
}