{
  "PPR": 1.4866658319769626,
  "TPI": 0.3947231684082905,
  "OV_block_step": 16338884,
  "OV_frac": 0.05905215454358179,
  "GE2_frac": 0.0,
  "peak_blocks": 11874,
  "peak_step": 17055,
  "gpu_blocks": 7987,
  "total_steps": 34642,
  "type1_count": 74,
  "type2_count": 42,
  "plot_path": "traces/request_types/SS23_SL38_LS15_LL22/tsa05/tsa05_vl_ov6.png"
}