{
  "PPR": 3.507364975450082,
  "TPI": 0.5862137193126645,
  "OV_block_step": 15805528,
  "OV_frac": 0.3937155776603504,
  "GE2_frac": 0.13390560552790587,
  "peak_blocks": 2143,
  "peak_step": 40097,
  "gpu_blocks": 611,
  "total_steps": 65703,
  "type1_count": 111,
  "type2_count": 44,
  "plot_path": "traces/request_types_request_52_for_both_dyn_arrival_rate_CV/all_traces_arrival_rate_CV/SS06_SM02_SL13_MS06_MM04_ML06_LS51_LM09_LL05/lognormal_lambda3.0x_cv1/lognormal_lambda3.0x_cv1.png"
}