{
  "PPR": 3.6734006734006734,
  "TPI": 0.34608376193975016,
  "OV_block_step": 5690258,
  "OV_frac": 0.28154471484375965,
  "GE2_frac": 0.11434239529757531,
  "peak_blocks": 1091,
  "peak_step": 16221,
  "gpu_blocks": 297,
  "total_steps": 68050,
  "type1_count": 135,
  "type2_count": 51,
  "plot_path": "traces/requests_types_16k/all_traces_arrival_rate_CV/SS06_SM02_SL13_MS06_MM04_ML06_LS51_LM09_LL05/lognormal_lambda1.0x_cv4/lognormal_lambda1.0x_cv4.png"
}