{
  "PPR": 4.612903225806452,
  "TPI": 0.5725202867722367,
  "OV_block_step": 1553823,
  "OV_frac": 0.4387660966293334,
  "GE2_frac": 0.2134247222878752,
  "peak_blocks": 1287,
  "peak_step": 4620,
  "gpu_blocks": 279,
  "total_steps": 12693,
  "type1_count": 70,
  "type2_count": 50,
  "plot_path": "traces/requests_types_16k/all_traces_arrival_rate_CV/SS00_SM00_SL00_MS00_MM00_ML00_LS33_LM66_LL01/lognormal_lambda1.5x_cv6/lognormal_lambda1.5x_cv6.png"
}