{
  "PPR": 4.23448275862069,
  "TPI": 0.9220811863767752,
  "OV_block_step": 1434171,
  "OV_frac": 1.2430356268390876,
  "GE2_frac": 0.5963302752293578,
  "peak_blocks": 614,
  "peak_step": 6416,
  "gpu_blocks": 145,
  "total_steps": 7957,
  "type1_count": 50,
  "type2_count": 15,
  "plot_path": "traces/requests_types_8k/all_traces_arrival_rate_CV/SS05_SM02_SL22_MS01_MM07_ML11_LS31_LM03_LL19/lognormal_lambda5.0x_cv1/lognormal_lambda5.0x_cv1.png"
}