{
  "PPR": 2.669172932330827,
  "TPI": 0.2735703245749614,
  "OV_block_step": 504558,
  "OV_frac": 0.16287434196000047,
  "GE2_frac": 0.028250042933195947,
  "peak_blocks": 710,
  "peak_step": 2408,
  "gpu_blocks": 266,
  "total_steps": 11646,
  "type1_count": 41,
  "type2_count": 29,
  "plot_path": "traces/requests_types_16k/all_traces_arrival_rate_CV/SS03_SM35_SL00_MS13_MM01_ML28_LS01_LM18_LL02/lognormal_lambda2.0x_cv6/lognormal_lambda2.0x_cv6.png"
}