{
  "PPR": 4.723577235772358,
  "TPI": 0.6954022988505747,
  "OV_block_step": 2357298,
  "OV_frac": 1.2238202037192785,
  "GE2_frac": 0.5696040868454662,
  "peak_blocks": 1162,
  "peak_step": 4267,
  "gpu_blocks": 246,
  "total_steps": 7830,
  "type1_count": 30,
  "type2_count": 14,
  "plot_path": "traces/requests_types_16k/all_traces_arrival_rate_CV/SS06_SM01_SL07_MS08_MM02_ML49_LS05_LM19_LL03/lognormal_lambda2.0x_cv6/lognormal_lambda2.0x_cv6.png"
}