{
  "PPR": 4.801147227533461,
  "TPI": 0.6649186434032542,
  "OV_block_step": 6419197,
  "OV_frac": 0.6015388764546973,
  "GE2_frac": 0.22324054107037836,
  "peak_blocks": 2511,
  "peak_step": 12526,
  "gpu_blocks": 523,
  "total_steps": 20404,
  "type1_count": 51,
  "type2_count": 32,
  "plot_path": "traces/requests_types_32k/all_traces_arrival_rate_CV/SS06_SM01_SL07_MS08_MM02_ML49_LS05_LM19_LL03/lognormal_lambda3.5x_cv3/lognormal_lambda3.5x_cv3.png"
}