{
  "PPR": 9.829581993569132,
  "TPI": 0.47937111956739437,
  "OV_block_step": 5244412,
  "OV_frac": 1.688670247671499,
  "GE2_frac": 0.37332265171239737,
  "peak_blocks": 3057,
  "peak_step": 6856,
  "gpu_blocks": 311,
  "total_steps": 9986,
  "type1_count": 9,
  "type2_count": 7,
  "plot_path": "traces/requests_types_16k/all_traces_arrival_rate_CV/SS06_SM03_SL09_MS03_MM03_ML06_LS03_LM03_LL64/lognormal_lambda4.5x_cv7/lognormal_lambda4.5x_cv7.png"
}