{
  "PPR": 4.634020618556701,
  "TPI": 0.548323227323351,
  "OV_block_step": 11737438,
  "OV_frac": 0.8318862865151283,
  "GE2_frac": 0.3571340180670709,
  "peak_blocks": 2697,
  "peak_step": 15107,
  "gpu_blocks": 582,
  "total_steps": 24243,
  "type1_count": 26,
  "type2_count": 21,
  "plot_path": "traces/requests_types_32k/all_traces_arrival_rate_CV/SS10_SM24_SL05_MS05_MM03_ML14_LS09_LM12_LL18/lognormal_lambda2.0x_cv7/lognormal_lambda2.0x_cv7.png"
}