{
  "PPR": 3.6809895833333335,
  "TPI": 0.36195124511270305,
  "OV_block_step": 64491953,
  "OV_frac": 0.22035187786459018,
  "GE2_frac": 0.06969482274528327,
  "peak_blocks": 5654,
  "peak_step": 177440,
  "gpu_blocks": 1536,
  "total_steps": 190545,
  "type1_count": 81,
  "type2_count": 57,
  "plot_path": "traces/requests_types_48k/all_traces_arrival_rate_CV/SS00_SM00_SL00_MS00_MM00_ML00_LS00_LM00_LL100/lognormal_lambda1.5x_cv1/lognormal_lambda1.5x_cv1.png"
}