{
  "PPR": 5.357575757575757,
  "TPI": 0.4455106237148732,
  "OV_block_step": 868774,
  "OV_frac": 0.7217679190811473,
  "GE2_frac": 0.2944482522275531,
  "peak_blocks": 884,
  "peak_step": 6251,
  "gpu_blocks": 165,
  "total_steps": 7295,
  "type1_count": 34,
  "type2_count": 25,
  "plot_path": "traces/requests_types_8k/all_traces_arrival_rate_CV/SS06_SM03_SL09_MS03_MM03_ML06_LS03_LM03_LL64/lognormal_lambda4.0x_cv7/lognormal_lambda4.0x_cv7.png"
}