{
  "PPR": 2.442898272552783,
  "TPI": 0.5031796721854609,
  "OV_block_step": 105876094,
  "OV_frac": 0.23377846176717354,
  "GE2_frac": 0.035643619028336355,
  "peak_blocks": 5091,
  "peak_step": 131551,
  "gpu_blocks": 2084,
  "total_steps": 217318,
  "type1_count": 111,
  "type2_count": 58,
  "plot_path": "traces/requests_types_128k/all_traces_arrival_rate_CV/SS14_SM21_SL27_MS03_MM10_ML05_LS17_LM02_LL01/lognormal_lambda2.5x_cv1/lognormal_lambda2.5x_cv1.png"
}