{
  "PPR": 2.3866666666666667,
  "TPI": 0.3607849196538937,
  "OV_block_step": 260632,
  "OV_frac": 0.1342356819118253,
  "GE2_frac": 0.0030902348578491965,
  "peak_blocks": 358,
  "peak_step": 3546,
  "gpu_blocks": 150,
  "total_steps": 12944,
  "type1_count": 75,
  "type2_count": 69,
  "plot_path": "traces/requests_types_8k/all_traces_arrival_rate_CV/SS00_SM00_SL00_MS00_MM00_ML00_LS33_LM66_LL01/lognormal_lambda1.5x_cv2/lognormal_lambda1.5x_cv2.png"
}