{
  "PPR": 2.668896321070234,
  "TPI": 0.509838519944391,
  "OV_block_step": 1580735,
  "OV_frac": 0.2826830889976892,
  "GE2_frac": 0.07469789327344668,
  "peak_blocks": 798,
  "peak_step": 14537,
  "gpu_blocks": 299,
  "total_steps": 18702,
  "type1_count": 69,
  "type2_count": 42,
  "plot_path": "traces/requests_types_16k/all_traces_arrival_rate_CV/SS10_SM24_SL05_MS05_MM03_ML14_LS09_LM12_LL18/lognormal_lambda2.0x_cv1/lognormal_lambda2.0x_cv1.png"
}