{
  "PPR": 1.75238379022646,
  "TPI": 0.1504993723231428,
  "OV_block_step": 31541461,
  "OV_frac": 0.043376755222220405,
  "GE2_frac": 0.0,
  "peak_blocks": 5881,
  "peak_step": 102474,
  "gpu_blocks": 3356,
  "total_steps": 216672,
  "type1_count": 37,
  "type2_count": 50,
  "plot_path": "traces/requests_types_128k_bs8/all_traces_arrival_rate_CV/SS15_SM17_SL08_MS09_MM06_ML17_LS06_LM14_LL09/lognormal_lambda2.5x_cv1/lognormal_lambda2.5x_cv1.png"
}