{
  "PPR": 2.3869731800766285,
  "TPI": 0.40912817709756766,
  "OV_block_step": 373104,
  "OV_frac": 0.19534261292420202,
  "GE2_frac": 0.025006832467887402,
  "peak_blocks": 623,
  "peak_step": 6628,
  "gpu_blocks": 261,
  "total_steps": 7318,
  "type1_count": 38,
  "type2_count": 30,
  "plot_path": "traces/requests_types_16k/all_traces_arrival_rate_CV/SS06_SM63_SL03_MS03_MM03_ML06_LS03_LM09_LL04/lognormal_lambda2.0x_cv2/lognormal_lambda2.0x_cv2.png"
}