{
  "PPR": 3.5850340136054424,
  "TPI": 0.8406971035837015,
  "OV_block_step": 528349,
  "OV_frac": 0.882231439458454,
  "GE2_frac": 0.375306823760432,
  "peak_blocks": 527,
  "peak_step": 2262,
  "gpu_blocks": 147,
  "total_steps": 4074,
  "type1_count": 47,
  "type2_count": 15,
  "plot_path": "traces/requests_types_8k/all_traces_arrival_rate_CV/SS19_SM26_SL11_MS14_MM09_ML02_LS10_LM01_LL08/lognormal_lambda4.0x_cv3/lognormal_lambda4.0x_cv3.png"
}