{
  "PPR": 4.081761006289308,
  "TPI": 0.6533300805074408,
  "OV_block_step": 903945,
  "OV_frac": 0.693484835233628,
  "GE2_frac": 0.31885825811173457,
  "peak_blocks": 649,
  "peak_step": 2958,
  "gpu_blocks": 159,
  "total_steps": 8198,
  "type1_count": 45,
  "type2_count": 47,
  "plot_path": "traces/requests_types_8k/all_traces_arrival_rate_CV/SS00_SM00_SL00_MS00_MM00_ML00_LS00_LM00_LL100/lognormal_lambda2.0x_cv1/lognormal_lambda2.0x_cv1.png"
}