{
  "PPR": 3.4697286012526094,
  "TPI": 0.16953482908492892,
  "OV_block_step": 1775643,
  "OV_frac": 0.10886230245428397,
  "GE2_frac": 0.035181487137319396,
  "peak_blocks": 1662,
  "peak_step": 28462,
  "gpu_blocks": 479,
  "total_steps": 34052,
  "type1_count": 20,
  "type2_count": 16,
  "plot_path": "traces/requests_types_32k/all_traces_arrival_rate_CV/SS55_SM04_SL04_MS04_MM02_ML15_LS04_LM04_LL05/lognormal_lambda1.2x_cv2/lognormal_lambda1.2x_cv2.png"
}