{
  "PPR": 2.23486328125,
  "TPI": 0.09117515462560863,
  "OV_block_step": 15867437,
  "OV_frac": 0.04078311342364127,
  "GE2_frac": 0.006769311751546256,
  "peak_blocks": 4577,
  "peak_step": 16212,
  "gpu_blocks": 2048,
  "total_steps": 189975,
  "type1_count": 30,
  "type2_count": 27,
  "plot_path": "traces/request_types/all_traces/SS00_SL12_LS87_LL00/bim50/bim50_vl_ov4.png"
}