{
  "PPR": 3.381769641495042,
  "TPI": 0.27553722343847464,
  "OV_block_step": 213166997,
  "OV_frac": 0.24858245366067186,
  "GE2_frac": 0.11283526778616244,
  "peak_blocks": 8867,
  "peak_step": 283950,
  "gpu_blocks": 2622,
  "total_steps": 327052,
  "type1_count": 42,
  "type2_count": 26,
  "plot_path": "traces/requests_types_128k/all_traces_arrival_rate_CV/SS18_SM08_SL17_MS21_MM06_ML10_LS10_LM03_LL07/lognormal_lambda2.0x_cv1/lognormal_lambda2.0x_cv1.png"
}