{
  "PPR": 3.420774647887324,
  "TPI": 0.4709832134292566,
  "OV_block_step": 10630076,
  "OV_frac": 0.39026008831636466,
  "GE2_frac": 0.18715462412678552,
  "peak_blocks": 1943,
  "peak_step": 34689,
  "gpu_blocks": 568,
  "total_steps": 47955,
  "type1_count": 71,
  "type2_count": 36,
  "plot_path": "traces/requests_types_32k/all_traces_arrival_rate_CV/SS08_SM22_SL00_MS03_MM03_ML08_LS25_LM08_LL23/lognormal_lambda2.5x_cv1/lognormal_lambda2.5x_cv1.png"
}