{
  "PPR": 4.823529411764706,
  "TPI": 0.2628584229390681,
  "OV_block_step": 4323237,
  "OV_frac": 0.31649250650080823,
  "GE2_frac": 0.1300627240143369,
  "peak_blocks": 1476,
  "peak_step": 32340,
  "gpu_blocks": 306,
  "total_steps": 44640,
  "type1_count": 52,
  "type2_count": 24,
  "plot_path": "traces/requests_types_16k/all_traces_arrival_rate_CV/SS18_SM08_SL17_MS21_MM06_ML10_LS10_LM03_LL07/lognormal_lambda2.5x_cv7/lognormal_lambda2.5x_cv7.png"
}