{
  "PPR": 4.906976744186046,
  "TPI": 0.6923556664290805,
  "OV_block_step": 3566368,
  "OV_frac": 1.055630672763395,
  "GE2_frac": 0.46935138987883107,
  "peak_blocks": 1477,
  "peak_step": 5738,
  "gpu_blocks": 301,
  "total_steps": 11224,
  "type1_count": 23,
  "type2_count": 15,
  "plot_path": "traces/requests_types_16k/all_traces_arrival_rate_CV/SS07_SM08_SL06_MS09_MM09_ML09_LS07_LM08_LL38/lognormal_lambda4.0x_cv5/lognormal_lambda4.0x_cv5.png"
}