{
  "PPR": 2.9609375,
  "TPI": 0.35589776533086964,
  "OV_block_step": 65903818,
  "OV_frac": 0.1858159061832342,
  "GE2_frac": 0.0510523732532625,
  "peak_blocks": 3790,
  "peak_step": 23481,
  "gpu_blocks": 1280,
  "total_steps": 277088,
  "type1_count": 149,
  "type2_count": 96,
  "plot_path": "traces/request_types/SS10_SL16_LS51_LL22/bim50/bim50_ml_ov23.png"
}