{
  "PPR": 6.97979797979798,
  "TPI": 0.30042864346949066,
  "OV_block_step": 10029793,
  "OV_frac": 0.7095803244525719,
  "GE2_frac": 0.23501849050260548,
  "peak_blocks": 2073,
  "peak_step": 29443,
  "gpu_blocks": 297,
  "total_steps": 47592,
  "type1_count": 36,
  "type2_count": 25,
  "plot_path": "traces/requests_types_16k/all_traces_arrival_rate_CV/SS06_SM02_SL13_MS06_MM04_ML06_LS51_LM09_LL05/lognormal_lambda3.0x_cv5/lognormal_lambda3.0x_cv5.png"
}