{
  "PPR": 1.5088651033581175,
  "TPI": 0.18604719074874432,
  "OV_block_step": 21436563,
  "OV_frac": 0.05114753774021759,
  "GE2_frac": 0.0,
  "peak_blocks": 18467,
  "peak_step": 17684,
  "gpu_blocks": 12239,
  "total_steps": 34244,
  "type1_count": 27,
  "type2_count": 9,
  "plot_path": "traces/SS50_SL00_LS00_LL50/poi05/poi05_sk_ov5.png"
}