{
  "PPR": 3.68984375,
  "TPI": 0.411439636095402,
  "OV_block_step": 74833039,
  "OV_frac": 0.35937614776708876,
  "GE2_frac": 0.13544381608064912,
  "peak_blocks": 4723,
  "peak_step": 17558,
  "gpu_blocks": 1280,
  "total_steps": 162680,
  "type1_count": 85,
  "type2_count": 47,
  "plot_path": "traces/request_types/all_traces/SS43_SL12_LS12_LL31/bim50/bim50_md_ov35.png"
}