{
  "PPR": 5.6766826923076925,
  "TPI": 0.5889783624293091,
  "OV_block_step": 110960983,
  "OV_frac": 0.8198092334999338,
  "GE2_frac": 0.3156134743053848,
  "peak_blocks": 4723,
  "peak_step": 17558,
  "gpu_blocks": 832,
  "total_steps": 162680,
  "type1_count": 79,
  "type2_count": 59,
  "plot_path": "traces/request_types/all_traces/SS43_SL12_LS12_LL31/bim50/bim50_hi_ov82.png"
}