{
  "PPR": 6.557575757575758,
  "TPI": 0.9453935326418548,
  "OV_block_step": 1089017,
  "OV_frac": 2.0134542496348478,
  "GE2_frac": 0.6308724832214765,
  "peak_blocks": 1082,
  "peak_step": 1494,
  "gpu_blocks": 165,
  "total_steps": 3278,
  "type1_count": 26,
  "type2_count": 9,
  "plot_path": "traces/requests_types_8k/all_traces_arrival_rate_CV/SS06_SM03_SL09_MS03_MM03_ML06_LS03_LM03_LL64/lognormal_lambda4.5x_cv3/lognormal_lambda4.5x_cv3.png"
}