{
  "PPR": 2.363138686131387,
  "TPI": 0.5470898213082928,
  "OV_block_step": 3154797,
  "OV_frac": 0.2280965502641463,
  "GE2_frac": 0.023851975117873132,
  "peak_blocks": 1295,
  "peak_step": 21272,
  "gpu_blocks": 548,
  "total_steps": 25239,
  "type1_count": 70,
  "type2_count": 49,
  "plot_path": "traces/requests_types_32k/all_traces_arrival_rate_CV/SS05_SM22_SL01_MS13_MM01_ML37_LS03_LM03_LL15/lognormal_lambda3.0x_cv1/lognormal_lambda3.0x_cv1.png"
}