{
  "PPR": 2.815693430656934,
  "TPI": 0.548346571567515,
  "OV_block_step": 3289043,
  "OV_frac": 0.24322837107600637,
  "GE2_frac": 0.02415302318041822,
  "peak_blocks": 1543,
  "peak_step": 21354,
  "gpu_blocks": 548,
  "total_steps": 24676,
  "type1_count": 66,
  "type2_count": 45,
  "plot_path": "traces/requests_types_32k/all_traces_arrival_rate_CV/SS05_SM22_SL01_MS13_MM01_ML37_LS03_LM03_LL15/lognormal_lambda3.0x_cv1/lognormal_lambda3.0x_cv1.png"
}