{
  "PPR": 2.4933078393881454,
  "TPI": 0.1544040392248424,
  "OV_block_step": 2327698,
  "OV_frac": 0.06494666985713003,
  "GE2_frac": 0.011586504786364698,
  "peak_blocks": 1304,
  "peak_step": 52504,
  "gpu_blocks": 523,
  "total_steps": 68528,
  "type1_count": 59,
  "type2_count": 35,
  "plot_path": "traces/requests_types_32k/all_traces_arrival_rate_CV/SS06_SM01_SL07_MS08_MM02_ML49_LS05_LM19_LL03/lognormal_lambda1.0x_cv4/lognormal_lambda1.0x_cv4.png"
}