{
  "PPR": 6.25,
  "TPI": 0.4852950892783403,
  "OV_block_step": 104714926,
  "OV_frac": 0.7112060286026259,
  "GE2_frac": 0.2807064633884475,
  "peak_blocks": 3800,
  "peak_step": 123206,
  "gpu_blocks": 608,
  "total_steps": 242164,
  "type1_count": 105,
  "type2_count": 37,
  "plot_path": "traces/request_types/SS51_SL34_LS08_LL05/bim50/bim50_hi_ov78.png"
}