{
  "PPR": 3.1721311475409837,
  "TPI": 0.6462556888705007,
  "OV_block_step": 153261,
  "OV_frac": 0.5197508088200384,
  "GE2_frac": 0.17625155151013652,
  "peak_blocks": 387,
  "peak_step": 603,
  "gpu_blocks": 122,
  "total_steps": 2417,
  "type1_count": 42,
  "type2_count": 18,
  "plot_path": "traces/requests_types_8k/all_traces_arrival_rate_CV/SS06_SM63_SL03_MS03_MM03_ML06_LS03_LM09_LL04/lognormal_lambda1.5x_cv4/lognormal_lambda1.5x_cv4.png"
}