{
  "PPR": 3.289855072463768,
  "TPI": 0.33593360995850624,
  "OV_block_step": 2123520,
  "OV_frac": 0.2553996031030128,
  "GE2_frac": 0.10828215767634855,
  "peak_blocks": 908,
  "peak_step": 15647,
  "gpu_blocks": 276,
  "total_steps": 30125,
  "type1_count": 70,
  "type2_count": 34,
  "plot_path": "traces/requests_types_16k/all_traces_arrival_rate_CV/SS15_SM02_SL11_MS22_MM03_ML32_LS00_LM00_LL14/lognormal_lambda2.5x_cv1/lognormal_lambda2.5x_cv1.png"
}