{
  "PPR": 2.2763671875,
  "TPI": 0.2343895048429755,
  "OV_block_step": 7032496,
  "OV_frac": 0.12028921014835443,
  "GE2_frac": 0.013416706076051355,
  "peak_blocks": 2331,
  "peak_step": 54513,
  "gpu_blocks": 1024,
  "total_steps": 57093,
  "type1_count": 31,
  "type2_count": 29,
  "plot_path": "traces/request_types/all_traces/SS00_SM00_SL00_MS00_MM00_ML00_LS33_LM33_LL34/bim50/bim50_lo_ov13.png"
}