{
  "PPR": 2.0400390625,
  "TPI": 0.1328242100578549,
  "OV_block_step": 19165621,
  "OV_frac": 0.03331807166499778,
  "GE2_frac": 0.0011784601691143747,
  "peak_blocks": 4178,
  "peak_step": 26870,
  "gpu_blocks": 2048,
  "total_steps": 280875,
  "type1_count": 65,
  "type2_count": 73,
  "plot_path": "traces/request_types/all_traces/SS00_SL00_LS75_LL25/bim50/bim50_vl_ov4.png"
}