{
  "PPR": 1.593075816724882,
  "TPI": 0.43454714038858683,
  "OV_block_step": 44137894,
  "OV_frac": 0.0955536848596834,
  "GE2_frac": 0.0,
  "peak_blocks": 15507,
  "peak_step": 24427,
  "gpu_blocks": 9734,
  "total_steps": 47454,
  "type1_count": 88,
  "type2_count": 34,
  "plot_path": "traces/SS12_SL37_LS06_LL43/uni05/uni05_lo_ov10.png"
}