{
  "PPR": 1.4231448763250882,
  "TPI": 0.03413090046668197,
  "OV_block_step": 733687,
  "OV_frac": 0.006198200139872125,
  "GE2_frac": 0.0,
  "peak_blocks": 1611,
  "peak_step": 78568,
  "gpu_blocks": 1132,
  "total_steps": 104568,
  "type1_count": 16,
  "type2_count": 7,
  "plot_path": "traces/requests_types_32k_bs8/all_traces_arrival_rate_CV/SS01_SM18_SL11_MS32_MM14_ML02_LS14_LM07_LL01/lognormal_lambda2.0x_cv1/lognormal_lambda2.0x_cv1.png"
}