{
  "PPR": 3.4609375,
  "TPI": 0.43634164384109403,
  "OV_block_step": 62464933,
  "OV_frac": 0.2710230127659374,
  "GE2_frac": 0.08662554731391327,
  "peak_blocks": 3987,
  "peak_step": 110928,
  "gpu_blocks": 1152,
  "total_steps": 200068,
  "type1_count": 131,
  "type2_count": 67,
  "plot_path": "traces/request_types/all_traces/SS37_SL21_LS05_LL35/bim50/bim50_md_ov32.png"
}