{
  "PPR": 5.0,
  "TPI": 0.7508530544854155,
  "OV_block_step": 14279389,
  "OV_frac": 1.3388027516011471,
  "GE2_frac": 0.4651073197578426,
  "peak_blocks": 2935,
  "peak_step": 6469,
  "gpu_blocks": 587,
  "total_steps": 18170,
  "type1_count": 39,
  "type2_count": 22,
  "plot_path": "traces/requests_types_32k/all_traces_arrival_rate_CV/SS19_SM26_SL11_MS14_MM09_ML02_LS10_LM01_LL08/lognormal_lambda4.5x_cv4/lognormal_lambda4.5x_cv4.png"
}