{
  "PPR": 4.94661921708185,
  "TPI": 0.32737263667691163,
  "OV_block_step": 1040871,
  "OV_frac": 0.34499089687868834,
  "GE2_frac": 0.17565427959392754,
  "peak_blocks": 1390,
  "peak_step": 4317,
  "gpu_blocks": 281,
  "total_steps": 10737,
  "type1_count": 21,
  "type2_count": 37,
  "plot_path": "traces/requests_types_16k/all_traces_arrival_rate_CV/SS00_SM06_SL06_MS06_MM39_ML00_LS06_LM18_LL19/lognormal_lambda5.0x_cv6/lognormal_lambda5.0x_cv6.png"
}