{
  "PPR": 3.6513589503280226,
  "TPI": 0.28711525888702294,
  "OV_block_step": 157253123,
  "OV_frac": 0.18893015620915668,
  "GE2_frac": 0.06195341443716589,
  "peak_blocks": 7792,
  "peak_step": 286812,
  "gpu_blocks": 2134,
  "total_steps": 390035,
  "type1_count": 60,
  "type2_count": 53,
  "plot_path": "traces/requests_types_128k/all_traces_arrival_rate_CV/SS00_SM00_SL00_MS00_MM00_ML00_LS00_LM99_LL01/lognormal_lambda1.0x_cv1/lognormal_lambda1.0x_cv1.png"
}