{
  "PPR": 4.9,
  "TPI": 0.31024410598789903,
  "OV_block_step": 536530,
  "OV_frac": 0.3498135301481327,
  "GE2_frac": 0.14573336115167954,
  "peak_blocks": 784,
  "peak_step": 2238,
  "gpu_blocks": 160,
  "total_steps": 9586,
  "type1_count": 33,
  "type2_count": 30,
  "plot_path": "traces/requests_types_8k/all_traces_arrival_rate_CV/SS07_SM08_SL06_MS09_MM09_ML09_LS07_LM08_LL38/lognormal_lambda2.5x_cv1/lognormal_lambda2.5x_cv1.png"
}