{
  "PPR": 1.475282032468128,
  "TPI": 0.3605429769938251,
  "OV_block_step": 19249337,
  "OV_frac": 0.04599953884650637,
  "GE2_frac": 0.0,
  "peak_blocks": 16085,
  "peak_step": 17059,
  "gpu_blocks": 10903,
  "total_steps": 38381,
  "type1_count": 74,
  "type2_count": 51,
  "plot_path": "traces/SS00_SL50_LS00_LL50/poi05/poi05_sk_ov5.png"
}