{
  "PPR": 2.0126376376376376,
  "TPI": 0.639404913889685,
  "OV_block_step": 76311222,
  "OV_frac": 0.2487806779709023,
  "GE2_frac": 0.0015632734946978975,
  "peak_blocks": 16085,
  "peak_step": 17059,
  "gpu_blocks": 7992,
  "total_steps": 38381,
  "type1_count": 83,
  "type2_count": 25,
  "plot_path": "traces/SS00_SL50_LS00_LL50/poi05/poi05_md_ov25.png"
}