{
  "PPR": 4.636085626911315,
  "TPI": 0.5596406587922143,
  "OV_block_step": 2652317,
  "OV_frac": 0.6746848412975803,
  "GE2_frac": 0.3170853435368491,
  "peak_blocks": 1516,
  "peak_step": 2520,
  "gpu_blocks": 327,
  "total_steps": 12022,
  "type1_count": 35,
  "type2_count": 25,
  "plot_path": "traces/requests_types_16k/all_traces_arrival_rate_CV/SS00_SM00_SL00_MS00_MM00_ML00_LS00_LM33_LL67/lognormal_lambda1.5x_cv6/lognormal_lambda1.5x_cv6.png"
}