{
  "PPR": 3.7176079734219267,
  "TPI": 0.4675020494203068,
  "OV_block_step": 2404244,
  "OV_frac": 0.4677082559248381,
  "GE2_frac": 0.2103290783464106,
  "peak_blocks": 1119,
  "peak_step": 1659,
  "gpu_blocks": 301,
  "total_steps": 17078,
  "type1_count": 44,
  "type2_count": 29,
  "plot_path": "traces/requests_types_16k/all_traces_arrival_rate_CV/SS07_SM08_SL06_MS09_MM09_ML09_LS07_LM08_LL38/lognormal_lambda2.5x_cv1/lognormal_lambda2.5x_cv1.png"
}