{
  "PPR": 5.96,
  "TPI": 0.6744698544698545,
  "OV_block_step": 250096851,
  "OV_frac": 0.9453670421470421,
  "GE2_frac": 0.4200935550935551,
  "peak_blocks": 16390,
  "peak_step": 29871,
  "gpu_blocks": 2750,
  "total_steps": 96200,
  "type1_count": 28,
  "type2_count": 29,
  "plot_path": "traces/requests_types_96k/all_traces_arrival_rate_CV/SS00_SM00_SL00_MS00_MM00_ML00_LS00_LM66_LL34/lognormal_lambda3.5x_cv1/lognormal_lambda3.5x_cv1.png"
}