{
  "PPR": 1.7349330357142858,
  "TPI": 0.10413009695988093,
  "OV_block_step": 8980435,
  "OV_frac": 0.02193702405314815,
  "GE2_frac": 0.0,
  "peak_blocks": 3109,
  "peak_step": 202545,
  "gpu_blocks": 1792,
  "total_steps": 228445,
  "type1_count": 54,
  "type2_count": 41,
  "plot_path": "traces/request_types/SS30_SL52_LS11_LL05/bim50/bim50_vl_ov5.png"
}