{
  "PPR": 5.113486842105263,
  "TPI": 0.6334872726476832,
  "OV_block_step": 101887437,
  "OV_frac": 0.7335595936946703,
  "GE2_frac": 0.3121232681827136,
  "peak_blocks": 3109,
  "peak_step": 202545,
  "gpu_blocks": 608,
  "total_steps": 228445,
  "type1_count": 151,
  "type2_count": 72,
  "plot_path": "traces/request_types/SS30_SL52_LS11_LL05/bim50/bim50_hi_ov82.png"
}