{
  "PPR": 3.565008025682183,
  "TPI": 0.3144016227180527,
  "OV_block_step": 13474025,
  "OV_frac": 0.37818508209974794,
  "GE2_frac": 0.1972266909141778,
  "peak_blocks": 2221,
  "peak_step": 21179,
  "gpu_blocks": 623,
  "total_steps": 57188,
  "type1_count": 32,
  "type2_count": 12,
  "plot_path": "traces/requests_types_32k/all_traces_arrival_rate_CV/SS11_SM02_SL03_MS00_MM36_ML08_LS16_LM20_LL04/lognormal_lambda1.2x_cv7/lognormal_lambda1.2x_cv7.png"
}