{
  "PPR": 3.2151898734177213,
  "TPI": 0.6058489742470536,
  "OV_block_step": 953960,
  "OV_frac": 0.4392347969581945,
  "GE2_frac": 0.18692710606721955,
  "peak_blocks": 762,
  "peak_step": 3723,
  "gpu_blocks": 237,
  "total_steps": 9164,
  "type1_count": 72,
  "type2_count": 27,
  "plot_path": "traces/requests_types_16k/all_traces_arrival_rate_CV/SS04_SM15_SL55_MS02_MM04_ML04_LS04_LM04_LL05/lognormal_lambda4.0x_cv1/lognormal_lambda4.0x_cv1.png"
}