{
  "PPR": 4.784641068447413,
  "TPI": 0.34937457085709167,
  "OV_block_step": 6188640,
  "OV_frac": 0.30843416919752065,
  "GE2_frac": 0.11860763650476162,
  "peak_blocks": 2866,
  "peak_step": 8449,
  "gpu_blocks": 599,
  "total_steps": 33497,
  "type1_count": 27,
  "type2_count": 29,
  "plot_path": "traces/requests_types_32k/all_traces_arrival_rate_CV/SS15_SM13_SL18_MS00_MM19_ML17_LS06_LM03_LL09/lognormal_lambda1.5x_cv4/lognormal_lambda1.5x_cv4.png"
}