{
  "PPR": 10.458181818181819,
  "TPI": 0.6208285385500575,
  "OV_block_step": 2972598,
  "OV_frac": 1.554868710116121,
  "GE2_frac": 0.4798619102416571,
  "peak_blocks": 5752,
  "peak_step": 3159,
  "gpu_blocks": 550,
  "total_steps": 3476,
  "type1_count": 8,
  "type2_count": 20,
  "plot_path": "traces/requests_types_32k/all_traces_arrival_rate_CV/SS00_SM00_SL00_MS00_MM00_ML00_LS00_LM99_LL01/lognormal_lambda4.5x_cv5/lognormal_lambda4.5x_cv5.png"
}