{
  "PPR": 3.919191919191919,
  "TPI": 0.7555318800196689,
  "OV_block_step": 3297975,
  "OV_frac": 0.9100387583423152,
  "GE2_frac": 0.4310768726438289,
  "peak_blocks": 1164,
  "peak_step": 5771,
  "gpu_blocks": 297,
  "total_steps": 12202,
  "type1_count": 42,
  "type2_count": 10,
  "plot_path": "traces/requests_types_16k/all_traces_arrival_rate_CV/SS14_SM21_SL27_MS03_MM10_ML05_LS17_LM02_LL01/lognormal_lambda4.5x_cv3/lognormal_lambda4.5x_cv3.png"
}