{
  "PPR": 11.361736334405144,
  "TPI": 0.8739341247283063,
  "OV_block_step": 16054703,
  "OV_frac": 4.315569238279203,
  "GE2_frac": 0.8679150643705066,
  "peak_blocks": 7067,
  "peak_step": 3008,
  "gpu_blocks": 622,
  "total_steps": 5981,
  "type1_count": 2,
  "type2_count": 2,
  "plot_path": "traces/requests_types_32k/all_traces_arrival_rate_CV/SS00_SM00_SL00_MS00_MM00_ML00_LS00_LM33_LL67/lognormal_lambda4.5x_cv5/lognormal_lambda4.5x_cv5.png"
}