{
  "PPR": 3.3885651857246906,
  "TPI": 0.2502399712034556,
  "OV_block_step": 366314135,
  "OV_frac": 0.14820352131508077,
  "GE2_frac": 0.045205686428739664,
  "peak_blocks": 9305,
  "peak_step": 329224,
  "gpu_blocks": 2746,
  "total_steps": 900108,
  "type1_count": 91,
  "type2_count": 60,
  "plot_path": "traces/requests_types_128k/all_traces_arrival_rate_CV/SS00_SM00_SL00_MS00_MM00_ML00_LS00_LM00_LL100/lognormal_lambda1.0x_cv1/lognormal_lambda1.0x_cv1.png"
}