{
  "batch_size": 4,
  "max_model_len": 32384,
  "num_gpu_blocks_override": 5775,
  "arrival_pattern": "PoissonArrival(lambda=0.0029185150595377072,max=34264)",
  "vocab": [200, 30000],
  "requests": {
    "request_0": {"category": "LL_I6544-9824_O6544-9824", "input_length": 8054, "output_length": 8151, "arrival_time": 0, "sched_time": 0, "wait_time": 0, "slo": 0.06575286156420845},
    "request_1": {"category": "LL_I13104-19648_O6544-9824", "input_length": 14822, "output_length": 8559, "arrival_time": 0, "sched_time": 0, "wait_time": 0, "slo": 0.07294137064589469},
    "request_2": {"category": "LL_I6544-9824_O13104-19648", "input_length": 8281, "output_length": 18834, "arrival_time": 0, "sched_time": 0, "wait_time": 0, "slo": 0.07668187969146553},
    "request_3": {"category": "LL_I6544-9824_O6544-9824", "input_length": 9377, "output_length": 8906, "arrival_time": 0, "sched_time": 0, "wait_time": 0, "slo": 0.06783448389862094},
    "request_4": {"category": "SS_I816-1216_O192-304", "input_length": 1068, "output_length": 289, "arrival_time": 1778, "sched_time": 8152, "wait_time": 6374, "slo": 0.05087897878203494},
    "request_5": {"category": "LL_I6544-9824_O3264-4912", "input_length": 7566, "output_length": 4878, "arrival_time": 2069, "sched_time": 8442, "wait_time": 6373, "slo": 0.06198530545269482},
    "request_6": {"category": "SS_I192-304_O192-304", "input_length": 293, "output_length": 220, "arrival_time": 3233, "sched_time": 8560, "wait_time": 5327, "slo": 0.0500335075355267},
    "request_7": {"category": "LL_I6544-9824_O13104-19648", "input_length": 8402, "output_length": 16198, "arrival_time": 3250, "sched_time": 8781, "wait_time": 5531, "slo": 0.07416249558605292},
    "request_8": {"category": "LS_I6544-9824_O1632-2448", "input_length": 9803, "output_length": 2071, "arrival_time": 4502, "sched_time": 8907, "wait_time": 4405, "slo": 0.06141431183834683},
    "request_9": {"category": "LL_I6544-9824_O3264-4912", "input_length": 8744, "output_length": 4267, "arrival_time": 4688, "sched_time": 10979, "wait_time": 6291, "slo": 0.0625532938374936},
    "request_10": {"category": "LL_I6544-9824_O13104-19648", "input_length": 9136, "output_length": 18803, "arrival_time": 5082, "sched_time": 13321, "wait_time": 8239, "slo": 0.07750731607431245},
    "request_11": {"category": "LL_I6544-9824_O13104-19648", "input_length": 7465, "output_length": 18664, "arrival_time": 5232, "sched_time": 15247, "wait_time": 10015, "slo": 0.07569416091296183},
    "request_12": {"category": "LL_I6544-9824_O13104-19648", "input_length": 8218, "output_length": 19117, "arrival_time": 5288, "sched_time": 18835, "wait_time": 13547, "slo": 0.0769022631917402},
    "request_13": {"category": "LL_I3264-4912_O6544-9824", "input_length": 4611, "output_length": 7174, "arrival_time": 5317, "sched_time": 24980, "wait_time": 19663, "slo": 0.061325156695053895},
    "request_14": {"category": "SS_I400-608_O400-608", "input_length": 456, "output_length": 492, "arrival_time": 5579, "sched_time": 32125, "wait_time": 26546, "slo": 0.05046926582016068},
    "request_15": {"category": "LS_I13104-19648_O192-304", "input_length": 14117, "output_length": 300, "arrival_time": 5656, "sched_time": 32155, "wait_time": 26499, "slo": 0.0639617447528853},
    "request_16": {"category": "LL_I6544-9824_O13104-19648", "input_length": 9351, "output_length": 16867, "arrival_time": 5786, "sched_time": 32456, "wait_time": 26670, "slo": 0.07578331605625475},
    "request_17": {"category": "LL_I13104-19648_O3264-4912", "input_length": 13995, "output_length": 3520, "arrival_time": 5810, "sched_time": 32618, "wait_time": 26808, "slo": 0.06706514513402576},
    "request_18": {"category": "LL_I6544-9824_O13104-19648", "input_length": 7103, "output_length": 18401, "arrival_time": 5979, "sched_time": 33912, "wait_time": 27933, "slo": 0.07506807142354517},
    "request_19": {"category": "LL_I3264-4912_O13104-19648", "input_length": 3665, "output_length": 14100, "arrival_time": 6791, "sched_time": 36139, "wait_time": 29348, "slo": 0.06731558092979242},
    "request_20": {"category": "LL_I3264-4912_O13104-19648", "input_length": 4026, "output_length": 18653, "arrival_time": 6907, "sched_time": 37953, "wait_time": 31046, "slo": 0.0722381469313819},
    "request_21": {"category": "LL_I6544-9824_O3264-4912", "input_length": 7458, "output_length": 3281, "arrival_time": 7111, "sched_time": 49324, "wait_time": 42213, "slo": 0.06027733332556619},
    "request_22": {"category": "LS_I13104-19648_O400-608", "input_length": 18899, "output_length": 499, "arrival_time": 7600, "sched_time": 50240, "wait_time": 42640, "slo": 0.06895142754774025},
    "request_23": {"category": "LL_I13104-19648_O3264-4912", "input_length": 17578, "output_length": 3276, "arrival_time": 7640, "sched_time": 50740, "wait_time": 43100, "slo": 0.07040996562228528},
    "request_24": {"category": "SS_I816-1216_O400-608", "input_length": 928, "output_length": 404, "arrival_time": 7810, "sched_time": 52314, "wait_time": 44504, "slo": 0.050853935202458275},
    "request_25": {"category": "LL_I6544-9824_O13104-19648", "input_length": 7094, "output_length": 13763, "arrival_time": 7854, "sched_time": 52606, "wait_time": 44752, "slo": 0.07041297085183448},
    "request_26": {"category": "SL_I1632-2448_O6544-9824", "input_length": 1851, "output_length": 8159, "arrival_time": 9310, "sched_time": 52719, "wait_time": 43409, "slo": 0.05954706254511061},
    "request_27": {"category": "LS_I3264-4912_O1632-2448", "input_length": 4014, "output_length": 1765, "arrival_time": 9461, "sched_time": 54017, "wait_time": 44556, "slo": 0.055308687137555636},
    "request_28": {"category": "LS_I3264-4912_O192-304", "input_length": 3705, "output_length": 220, "arrival_time": 9559, "sched_time": 55783, "wait_time": 46224, "slo": 0.053451455276150084},
    "request_29": {"category": "SS_I192-304_O816-1216", "input_length": 239, "output_length": 912, "arrival_time": 9685, "sched_time": 56004, "wait_time": 46319, "slo": 0.050672619686323216},
    "request_30": {"category": "LL_I3264-4912_O3264-4912", "input_length": 3473, "output_length": 3391, "arrival_time": 9710, "sched_time": 56607, "wait_time": 46897, "slo": 0.05639557849118294},
    "request_31": {"category": "LL_I13104-19648_O6544-9824", "input_length": 15595, "output_length": 9263, "arrival_time": 10135, "sched_time": 56917, "wait_time": 46782, "slo": 0.07442094532728412},
    "request_32": {"category": "LL_I6544-9824_O3264-4912", "input_length": 9547, "output_length": 4349, "arrival_time": 10565, "sched_time": 59999, "wait_time": 49434, "slo": 0.06343983655450758},
    "request_33": {"category": "SS_I192-304_O192-304", "input_length": 216, "output_length": 230, "arrival_time": 10607, "sched_time": 60879, "wait_time": 50272, "slo": 0.04996639074226123},
    "request_34": {"category": "LS_I13104-19648_O816-1216", "input_length": 15746, "output_length": 1159, "arrival_time": 10839, "sched_time": 61110, "wait_time": 50271, "slo": 0.06645408179235511},
    "request_35": {"category": "LL_I3264-4912_O13104-19648", "input_length": 4393, "output_length": 17758, "arrival_time": 12000, "sched_time": 62270, "wait_time": 50270, "slo": 0.07170922653072272},
    "request_36": {"category": "LL_I6544-9824_O6544-9824", "input_length": 8840, "output_length": 7544, "arrival_time": 13355, "sched_time": 64349, "wait_time": 50994, "slo": 0.06593217359397739},
    "request_37": {"category": "LL_I3264-4912_O13104-19648", "input_length": 4453, "output_length": 15842, "arrival_time": 13372, "sched_time": 66181, "wait_time": 52809, "slo": 0.06984999118295103},
    "request_38": {"category": "LL_I13104-19648_O6544-9824", "input_length": 14140, "output_length": 7038, "arrival_time": 13440, "sched_time": 66370, "wait_time": 52930, "slo": 0.07073453041359887},
    "request_39": {"category": "LL_I13104-19648_O3264-4912", "input_length": 14000, "output_length": 3782, "arrival_time": 13472, "sched_time": 71894, "wait_time": 58422,