{
  "PPR": 3.1104166666666666,
  "TPI": 0.37376386413809615,
  "OV_block_step": 41525497,
  "OV_frac": 0.23010200836059613,
  "GE2_frac": 0.08096922626805331,
  "peak_blocks": 2986,
  "peak_step": 98517,
  "gpu_blocks": 960,
  "total_steps": 187985,
  "type1_count": 152,
  "type2_count": 72,
  "plot_path": "traces/request_types/SS00_SL50_LS50_LL00/bim50/bim50_ml_ov23.png"
}