{
  "PPR": 2.489795918367347,
  "TPI": 0.05052208835341365,
  "OV_block_step": 144020,
  "OV_frac": 0.04721580198344398,
  "GE2_frac": 0.03317269076305221,
  "peak_blocks": 610,
  "peak_step": 2236,
  "gpu_blocks": 245,
  "total_steps": 12450,
  "type1_count": 8,
  "type2_count": 17,
  "plot_path": "traces/requests_types_16k/all_traces_arrival_rate_CV/SS54_SM10_SL01_MS02_MM09_ML02_LS06_LM14_LL01/lognormal_lambda1.0x_cv7/lognormal_lambda1.0x_cv7.png"
}