{
  "PPR": 2.5785714285714287,
  "TPI": 0.17096269455653462,
  "OV_block_step": 112256,
  "OV_frac": 0.06603216432747851,
  "GE2_frac": 0.019105657580499053,
  "peak_blocks": 361,
  "peak_step": 11069,
  "gpu_blocks": 140,
  "total_steps": 12143,
  "type1_count": 69,
  "type2_count": 45,
  "plot_path": "traces/requests_types_8k/all_traces_arrival_rate_CV/SS06_SM27_SL20_MS09_MM11_ML01_LS04_LM12_LL10/lognormal_lambda1.5x_cv5/lognormal_lambda1.5x_cv5.png"
}