{
  "PPR": 4.964788732394366,
  "TPI": 0.6430082708213118,
  "OV_block_step": 672798,
  "OV_frac": 0.9113318108303601,
  "GE2_frac": 0.4125793421811887,
  "peak_blocks": 705,
  "peak_step": 3486,
  "gpu_blocks": 142,
  "total_steps": 5199,
  "type1_count": 28,
  "type2_count": 11,
  "plot_path": "traces/requests_types_8k/all_traces_arrival_rate_CV/SS09_SM11_SL08_MS09_MM08_ML09_LS18_LM23_LL05/lognormal_lambda2.5x_cv5/lognormal_lambda2.5x_cv5.png"
}