{
  "PPR": 2.1292102206736354,
  "TPI": 0.23607208705549326,
  "OV_block_step": 70139895,
  "OV_frac": 0.08553438738489845,
  "GE2_frac": 0.008916384223501791,
  "peak_blocks": 7333,
  "peak_step": 192448,
  "gpu_blocks": 3444,
  "total_steps": 238101,
  "type1_count": 97,
  "type2_count": 57,
  "plot_path": "traces/requests_types_128k_bs8/all_traces_arrival_rate_CV/SS05_SM22_SL01_MS13_MM01_ML37_LS03_LM03_LL15/lognormal_lambda3.0x_cv1/lognormal_lambda3.0x_cv1.png"
}