{
  "PPR": 2.390625,
  "TPI": 0.20713676428774525,
  "OV_block_step": 47597,
  "OV_frac": 0.05286487951379016,
  "GE2_frac": 0.0038384987205004263,
  "peak_blocks": 306,
  "peak_step": 4778,
  "gpu_blocks": 128,
  "total_steps": 7034,
  "type1_count": 36,
  "type2_count": 26,
  "plot_path": "traces/requests_types_8k/all_traces_arrival_rate_CV/SS55_SM04_SL04_MS04_MM02_ML15_LS04_LM04_LL05/lognormal_lambda1.5x_cv1/lognormal_lambda1.5x_cv1.png"
}