{
  "PPR": 4.410839160839161,
  "TPI": 0.37152052517157597,
  "OV_block_step": 10861311,
  "OV_frac": 0.40471260377799445,
  "GE2_frac": 0.16646063344558593,
  "peak_blocks": 2523,
  "peak_step": 20340,
  "gpu_blocks": 572,
  "total_steps": 46918,
  "type1_count": 41,
  "type2_count": 15,
  "plot_path": "traces/requests_types_32k/all_traces_arrival_rate_CV/SS18_SM04_SL04_MS07_MM51_ML04_LS07_LM02_LL03/lognormal_lambda2.0x_cv6/lognormal_lambda2.0x_cv6.png"
}