{
  "PPR": 3.8949605343047966,
  "TPI": 0.5825904858929734,
  "OV_block_step": 139426056,
  "OV_frac": 0.5989087739271103,
  "GE2_frac": 0.2721863768854175,
  "peak_blocks": 6415,
  "peak_step": 86552,
  "gpu_blocks": 1647,
  "total_steps": 141348,
  "type1_count": 62,
  "type2_count": 45,
  "plot_path": "traces/requests_types_64k/all_traces_arrival_rate_CV/SS09_SM11_SL08_MS09_MM08_ML09_LS18_LM23_LL05/lognormal_lambda2.5x_cv1/lognormal_lambda2.5x_cv1.png"
}