{
  "PPR": 2.6390977443609023,
  "TPI": 0.418802449535042,
  "OV_block_step": 408993,
  "OV_frac": 0.17436693912144843,
  "GE2_frac": 0.015990020412792016,
  "peak_blocks": 702,
  "peak_step": 5676,
  "gpu_blocks": 266,
  "total_steps": 8818,
  "type1_count": 48,
  "type2_count": 31,
  "plot_path": "traces/requests_types_16k/all_traces_arrival_rate_CV/SS03_SM35_SL00_MS13_MM01_ML28_LS01_LM18_LL02/lognormal_lambda3.0x_cv5/lognormal_lambda3.0x_cv5.png"
}