{
  "PPR": 3.707070707070707,
  "TPI": 0.5109529413432772,
  "OV_block_step": 21637657,
  "OV_frac": 0.5164830351562051,
  "GE2_frac": 0.22895546512781975,
  "peak_blocks": 2202,
  "peak_step": 67901,
  "gpu_blocks": 594,
  "total_steps": 70529,
  "type1_count": 110,
  "type2_count": 28,
  "plot_path": "traces/requests_types_32k/all_traces_arrival_rate_CV/SS01_SM18_SL11_MS32_MM14_ML02_LS14_LM07_LL01/lognormal_lambda2.5x_cv6/lognormal_lambda2.5x_cv6.png"
}