{
  "PPR": 4.262090483619345,
  "TPI": 0.46940707061334325,
  "OV_block_step": 16988051,
  "OV_frac": 0.49183297126818726,
  "GE2_frac": 0.20276514800037115,
  "peak_blocks": 2732,
  "peak_step": 24722,
  "gpu_blocks": 641,
  "total_steps": 53885,
  "type1_count": 42,
  "type2_count": 39,
  "plot_path": "traces/requests_types_32k/all_traces_arrival_rate_CV/SS00_SM00_SL00_MS00_MM00_ML00_LS33_LM33_LL34/lognormal_lambda2.5x_cv1/lognormal_lambda2.5x_cv1.png"
}