{
  "PPR": 7.009454545454545,
  "TPI": 0.7514215904042648,
  "OV_block_step": 200432952,
  "OV_frac": 1.618940688986713,
  "GE2_frac": 0.5674144824522435,
  "peak_blocks": 19276,
  "peak_step": 22675,
  "gpu_blocks": 2750,
  "total_steps": 45020,
  "type1_count": 16,
  "type2_count": 27,
  "plot_path": "traces/sy_requests/all_traces_arrival_rate_CV/SS00_SM00_SL00_MS00_MM00_ML00_LS33_LM33_LL34/lognormal_lambda3.5x_cv1/lognormal_lambda3.5x_cv1.png"
}