{
  "PPR": 2.4065934065934065,
  "TPI": 0.0382592360676268,
  "OV_block_step": 121426,
  "OV_frac": 0.013925606849839787,
  "GE2_frac": 0.004790231684408265,
  "peak_blocks": 657,
  "peak_step": 28207,
  "gpu_blocks": 273,
  "total_steps": 31940,
  "type1_count": 16,
  "type2_count": 26,
  "plot_path": "traces/requests_types_16k/all_traces_arrival_rate_CV/SS06_SM27_SL20_MS09_MM11_ML01_LS04_LM12_LL10/lognormal_lambda1.0x_cv2/lognormal_lambda1.0x_cv2.png"
}