{
  "PPR": 2.885813148788927,
  "TPI": 0.48015338799820506,
  "OV_block_step": 2251249,
  "OV_frac": 0.31778194946908334,
  "GE2_frac": 0.10671888385754498,
  "peak_blocks": 834,
  "peak_step": 7793,
  "gpu_blocks": 289,
  "total_steps": 24513,
  "type1_count": 66,
  "type2_count": 42,
  "plot_path": "traces/requests_types_16k/all_traces_arrival_rate_CV/SS19_SM26_SL11_MS14_MM09_ML02_LS10_LM01_LL08/lognormal_lambda3.0x_cv4/lognormal_lambda3.0x_cv4.png"
}