{
  "PPR": 5.456363636363636,
  "TPI": 0.6060924369747899,
  "OV_block_step": 153609134,
  "OV_frac": 0.8149198603683898,
  "GE2_frac": 0.3285043183940243,
  "peak_blocks": 15005,
  "peak_step": 27022,
  "gpu_blocks": 2750,
  "total_steps": 68544,
  "type1_count": 33,
  "type2_count": 24,
  "plot_path": "traces/sy_requests/all_traces_arrival_rate_CV/SS00_SM00_SL00_MS00_MM00_ML00_LS00_LM99_LL01/lognormal_lambda4.0x_cv1/lognormal_lambda4.0x_cv1.png"
}