{
  "PPR": 2.789473684210526,
  "TPI": 0.20496619000110852,
  "OV_block_step": 279593,
  "OV_frac": 0.1019525347289074,
  "GE2_frac": 0.03026272031925507,
  "peak_blocks": 424,
  "peak_step": 5264,
  "gpu_blocks": 152,
  "total_steps": 18042,
  "type1_count": 60,
  "type2_count": 35,
  "plot_path": "traces/requests_types_8k/all_traces_arrival_rate_CV/SS00_SM06_SL06_MS06_MM39_ML00_LS06_LM18_LL19/lognormal_lambda1.5x_cv6/lognormal_lambda1.5x_cv6.png"
}