{
  "PPR": 1.81796875,
  "TPI": 0.14219505169157892,
  "OV_block_step": 13939373,
  "OV_frac": 0.03485624029782671,
  "GE2_frac": 0.0,
  "peak_blocks": 2327,
  "peak_step": 162491,
  "gpu_blocks": 1280,
  "total_steps": 312430,
  "type1_count": 113,
  "type2_count": 73,
  "plot_path": "traces/request_types/all_traces/SS00_SL100_LS00_LL00/bim50/bim50_vl_ov5.png"
}