{
  "PPR": 4.847916666666666,
  "TPI": 0.6568031238997536,
  "OV_block_step": 106531982,
  "OV_frac": 0.7103723367367624,
  "GE2_frac": 0.3028262330762091,
  "peak_blocks": 2327,
  "peak_step": 162491,
  "gpu_blocks": 480,
  "total_steps": 312430,
  "type1_count": 324,
  "type2_count": 97,
  "plot_path": "traces/request_types/all_traces/SS00_SL100_LS00_LL00/bim50/bim50_hi_ov79.png"
}