{
  "PPR": 3.305397727272727,
  "TPI": 0.4844189098358032,
  "OV_block_step": 66589323,
  "OV_frac": 0.30274655613766577,
  "GE2_frac": 0.09952309317287072,
  "peak_blocks": 2327,
  "peak_step": 162491,
  "gpu_blocks": 704,
  "total_steps": 312430,
  "type1_count": 304,
  "type2_count": 119,
  "plot_path": "traces/request_types/all_traces/SS00_SL100_LS00_LL00/bim50/bim50_md_ov36.png"
}