{
  "PPR": 4.039930555555555,
  "TPI": 0.5823320423774926,
  "OV_block_step": 87931401,
  "OV_frac": 0.48861723359365833,
  "GE2_frac": 0.19524693531351023,
  "peak_blocks": 2327,
  "peak_step": 162491,
  "gpu_blocks": 576,
  "total_steps": 312430,
  "type1_count": 327,
  "type2_count": 99,
  "plot_path": "traces/request_types/all_traces/SS00_SL100_LS00_LL00/bim50/bim50_mh_ov56.png"
}