{
  "PPR": 3.908366533864542,
  "TPI": 0.44769230769230767,
  "OV_block_step": 1059262,
  "OV_frac": 0.4328376749412606,
  "GE2_frac": 0.13692307692307693,
  "peak_blocks": 981,
  "peak_step": 5595,
  "gpu_blocks": 251,
  "total_steps": 9750,
  "type1_count": 29,
  "type2_count": 28,
  "plot_path": "traces/requests_types_16k/all_traces_arrival_rate_CV/SS15_SM17_SL08_MS09_MM06_ML17_LS06_LM14_LL09/lognormal_lambda2.5x_cv2/lognormal_lambda2.5x_cv2.png"
}