{
  "PPR": 4.409448818897638,
  "TPI": 0.3493155087087859,
  "OV_block_step": 2362225,
  "OV_frac": 0.5977311154442349,
  "GE2_frac": 0.26396297962593995,
  "peak_blocks": 1120,
  "peak_step": 13260,
  "gpu_blocks": 254,
  "total_steps": 15559,
  "type1_count": 15,
  "type2_count": 11,
  "plot_path": "traces/requests_types_16k/all_traces_arrival_rate_CV/SS03_SM42_SL05_MS03_MM05_ML25_LS13_LM02_LL00/lognormal_lambda3.0x_cv4/lognormal_lambda3.0x_cv4.png"
}