{
  "PPR": 4.618181818181818,
  "TPI": 0.3189567573670543,
  "OV_block_step": 2022707,
  "OV_frac": 0.4152251429275252,
  "GE2_frac": 0.16134131195664447,
  "peak_blocks": 2540,
  "peak_step": 2856,
  "gpu_blocks": 550,
  "total_steps": 8857,
  "type1_count": 25,
  "type2_count": 31,
  "plot_path": "traces/requests_types_32k/all_traces_arrival_rate_CV/SS00_SM00_SL00_MS00_MM00_ML00_LS00_LM99_LL01/lognormal_lambda1.5x_cv5/lognormal_lambda1.5x_cv5.png"
}