{
  "PPR": 3.0719059075113604,
  "TPI": 0.5156419991562867,
  "OV_block_step": 87927292,
  "OV_frac": 0.5218518775901362,
  "GE2_frac": 0.2728302138146939,
  "peak_blocks": 11492,
  "peak_step": 26491,
  "gpu_blocks": 3741,
  "total_steps": 45039,
  "type1_count": 51,
  "type2_count": 12,
  "plot_path": "traces/request_types/SS00_SL100_LS00_LL00/poi05/poi05_mh_ov52.png"
}