{
  "PPR": 2.8400735294117645,
  "TPI": 0.34384810254424875,
  "OV_block_step": 40530063,
  "OV_frac": 0.15676164244050045,
  "GE2_frac": 0.03963658399050641,
  "peak_blocks": 3090,
  "peak_step": 58915,
  "gpu_blocks": 1088,
  "total_steps": 237634,
  "type1_count": 138,
  "type2_count": 87,
  "plot_path": "traces/request_types/SS30_SL52_LS11_LL05/bim50/bim50_ml_ov22.png"
}