{
  "PPR": 2.4079851439182915,
  "TPI": 0.6069320129499143,
  "OV_block_step": 52620015,
  "OV_frac": 0.37218017631871686,
  "GE2_frac": 0.05979813368882118,
  "peak_blocks": 12967,
  "peak_step": 15693,
  "gpu_blocks": 5385,
  "total_steps": 26255,
  "type1_count": 40,
  "type2_count": 18,
  "plot_path": "traces/request_types/SS37_SL21_LS05_LL35/poi05/poi05_md_ov37.png"
}