{
  "PPR": 3.0869565217391304,
  "TPI": 0.5163934426229508,
  "OV_block_step": 712969,
  "OV_frac": 0.3957746306868015,
  "GE2_frac": 0.18254941014248507,
  "peak_blocks": 426,
  "peak_step": 5688,
  "gpu_blocks": 138,
  "total_steps": 13054,
  "type1_count": 95,
  "type2_count": 29,
  "plot_path": "traces/requests_types_8k/all_traces_arrival_rate_CV/SS06_SM06_SL19_MS24_MM08_ML20_LS10_LM05_LL02/lognormal_lambda3.0x_cv1/lognormal_lambda3.0x_cv1.png"
}