{
  "PPR": 4.872053872053872,
  "TPI": 0.6232564925590895,
  "OV_block_step": 7521478,
  "OV_frac": 0.7389799168614459,
  "GE2_frac": 0.304085205719288,
  "peak_blocks": 1447,
  "peak_step": 27582,
  "gpu_blocks": 297,
  "total_steps": 34270,
  "type1_count": 102,
  "type2_count": 34,
  "plot_path": "traces/requests_types_16k/all_traces_arrival_rate_CV/SS06_SM02_SL13_MS06_MM04_ML06_LS51_LM09_LL05/lognormal_lambda2.5x_cv4/lognormal_lambda2.5x_cv4.png"
}