{
  "PPR": 1.4971128608923885,
  "TPI": 0.02232265768315809,
  "OV_block_step": 6580242,
  "OV_frac": 0.005342767371659491,
  "GE2_frac": 0.0,
  "peak_blocks": 5704,
  "peak_step": 237721,
  "gpu_blocks": 3810,
  "total_steps": 323259,
  "type1_count": 7,
  "type2_count": 24,
  "plot_path": "traces/requests_types_128k_bs8/all_traces_arrival_rate_CV/SS07_SM02_SL09_MS02_MM02_ML07_LS02_LM57_LL10/lognormal_lambda1.0x_cv1/lognormal_lambda1.0x_cv1.png"
}