{
  "PPR": 2.530690889072392,
  "TPI": 0.7267542882601916,
  "OV_block_step": 90383935,
  "OV_frac": 0.36947493614336263,
  "GE2_frac": 0.07280017821341056,
  "peak_blocks": 27582,
  "peak_step": 3345,
  "gpu_blocks": 10899,
  "total_steps": 22445,
  "type1_count": 31,
  "type2_count": 8,
  "plot_path": "traces/request_types/SS12_SL06_LS43_LL37/bim05/bim05_md_ov37.png"
}