{
  "PPR": 1.8948887056883759,
  "TPI": 0.4691022499443083,
  "OV_block_step": 35418383,
  "OV_frac": 0.10840943306746405,
  "GE2_frac": 0.0,
  "peak_blocks": 27582,
  "peak_step": 3345,
  "gpu_blocks": 14556,
  "total_steps": 22445,
  "type1_count": 46,
  "type2_count": 20,
  "plot_path": "traces/request_types/SS12_SL06_LS43_LL37/bim05/bim05_lo_ov11.png"
}