{
  "PPR": 6.177631578947368,
  "TPI": 0.31487682372638126,
  "OV_block_step": 381033,
  "OV_frac": 0.2997842684323821,
  "GE2_frac": 0.10380291796221,
  "peak_blocks": 939,
  "peak_step": 340,
  "gpu_blocks": 152,
  "total_steps": 8362,
  "type1_count": 45,
  "type2_count": 26,
  "plot_path": "traces/requests_types_8k/all_traces_arrival_rate_CV/SS07_SM02_SL09_MS02_MM02_ML07_LS02_LM57_LL10/lognormal_lambda5.0x_cv5/lognormal_lambda5.0x_cv5.png"
}