{
  "PPR": 4.049469964664311,
  "TPI": 0.5403911794982933,
  "OV_block_step": 12559825,
  "OV_frac": 0.6011405844278297,
  "GE2_frac": 0.31784688735980926,
  "peak_blocks": 2292,
  "peak_step": 8611,
  "gpu_blocks": 566,
  "total_steps": 36914,
  "type1_count": 45,
  "type2_count": 25,
  "plot_path": "traces/requests_types_32k/all_traces_arrival_rate_CV/SS00_SM06_SL06_MS06_MM39_ML00_LS06_LM18_LL19/lognormal_lambda3.0x_cv1/lognormal_lambda3.0x_cv1.png"
}