{
  "PPR": 4.219931271477663,
  "TPI": 0.3459471237652528,
  "OV_block_step": 3975292,
  "OV_frac": 0.4961068147464812,
  "GE2_frac": 0.257444799535154,
  "peak_blocks": 1228,
  "peak_step": 4239,
  "gpu_blocks": 291,
  "total_steps": 27536,
  "type1_count": 35,
  "type2_count": 33,
  "plot_path": "traces/requests_types_16k/all_traces_arrival_rate_CV/SS11_SM02_SL03_MS00_MM36_ML08_LS16_LM20_LL04/lognormal_lambda2.0x_cv4/lognormal_lambda2.0x_cv4.png"
}