{
  "PPR": 4.466780238500852,
  "TPI": 0.48737407656145065,
  "OV_block_step": 12508936,
  "OV_frac": 0.7155789818121077,
  "GE2_frac": 0.2914036265950302,
  "peak_blocks": 2622,
  "peak_step": 24324,
  "gpu_blocks": 587,
  "total_steps": 29780,
  "type1_count": 23,
  "type2_count": 15,
  "plot_path": "traces/requests_types_32k/all_traces_arrival_rate_CV/SS19_SM26_SL11_MS14_MM09_ML02_LS10_LM01_LL08/lognormal_lambda4.0x_cv5/lognormal_lambda4.0x_cv5.png"
}