{
  "PPR": 2.2063802083333335,
  "TPI": 0.3321783347153047,
  "OV_block_step": 41611371,
  "OV_frac": 0.14876274019189267,
  "GE2_frac": 0.009521874502353013,
  "peak_blocks": 3389,
  "peak_step": 169212,
  "gpu_blocks": 1536,
  "total_steps": 182107,
  "type1_count": 89,
  "type2_count": 52,
  "plot_path": "traces/requests_types_48k/all_traces_arrival_rate_CV/SS15_SM02_SL11_MS22_MM03_ML32_LS00_LM00_LL14/lognormal_lambda2.0x_cv1/lognormal_lambda2.0x_cv1.png"
}