{
  "PPR": 3.935108153078203,
  "TPI": 0.3065746402322278,
  "OV_block_step": 9946525,
  "OV_frac": 0.25554256072296694,
  "GE2_frac": 0.08497004508677661,
  "peak_blocks": 2365,
  "peak_step": 40755,
  "gpu_blocks": 601,
  "total_steps": 64764,
  "type1_count": 48,
  "type2_count": 34,
  "plot_path": "traces/requests_types_32k/all_traces_arrival_rate_CV/SS09_SM11_SL08_MS09_MM08_ML09_LS18_LM23_LL05/lognormal_lambda1.5x_cv5/lognormal_lambda1.5x_cv5.png"
}