{
  "PPR": 1.54361124475909,
  "TPI": 0.18604712248167896,
  "OV_block_step": 22602995,
  "OV_frac": 0.04080736575877139,
  "GE2_frac": 0.0,
  "peak_blocks": 22458,
  "peak_step": 22414,
  "gpu_blocks": 14549,
  "total_steps": 38071,
  "type1_count": 38,
  "type2_count": 20,
  "plot_path": "traces/request_types/SS00_SL00_LS50_LL50/tsa05/tsa05_vl_ov4.png"
}