{
  "PPR": 3.79572312886888,
  "TPI": 0.7222442447733145,
  "OV_block_step": 149810257,
  "OV_frac": 0.6188715135876703,
  "GE2_frac": 0.24226274371623208,
  "peak_blocks": 6745,
  "peak_step": 119856,
  "gpu_blocks": 1777,
  "total_steps": 136224,
  "type1_count": 82,
  "type2_count": 34,
  "plot_path": "traces/requests_types_64k/all_traces_arrival_rate_CV/SS04_SM15_SL55_MS02_MM04_ML04_LS04_LM04_LL05/lognormal_lambda4.0x_cv1/lognormal_lambda4.0x_cv1.png"
}