{
  "PPR": 6.376420454545454,
  "TPI": 0.600762245764276,
  "OV_block_step": 118655995,
  "OV_frac": 0.7776819213169587,
  "GE2_frac": 0.30978000073825257,
  "peak_blocks": 4489,
  "peak_step": 195991,
  "gpu_blocks": 704,
  "total_steps": 216728,
  "type1_count": 144,
  "type2_count": 71,
  "plot_path": "traces/request_types/SS22_SL19_LS47_LL09/bim50/bim50_hi_ov80.png"
}