{
  "PPR": 5.591194968553459,
  "TPI": 0.7997423418265102,
  "OV_block_step": 5512543,
  "OV_frac": 1.2406986029561369,
  "GE2_frac": 0.5028628685943315,
  "peak_blocks": 1778,
  "peak_step": 11675,
  "gpu_blocks": 318,
  "total_steps": 13972,
  "type1_count": 37,
  "type2_count": 26,
  "plot_path": "traces/requests_types_16k/all_traces_arrival_rate_CV/SS00_SM00_SL00_MS00_MM00_ML00_LS33_LM00_LL67/lognormal_lambda5.0x_cv1/lognormal_lambda5.0x_cv1.png"
}