{
  "PPR": 5.145669291338582,
  "TPI": 0.7560204695966285,
  "OV_block_step": 2590876,
  "OV_frac": 1.5352647821490706,
  "GE2_frac": 0.667519566526189,
  "peak_blocks": 1307,
  "peak_step": 3456,
  "gpu_blocks": 254,
  "total_steps": 6644,
  "type1_count": 8,
  "type2_count": 5,
  "plot_path": "traces/requests_types_16k/all_traces_arrival_rate_CV/SS03_SM42_SL05_MS03_MM05_ML25_LS13_LM02_LL00/lognormal_lambda3.5x_cv7/lognormal_lambda3.5x_cv7.png"
}