{
  "PPR": 2.315625,
  "TPI": 0.11328871684787578,
  "OV_block_step": 18027003,
  "OV_frac": 0.04088227458079517,
  "GE2_frac": 0.01003653210601713,
  "peak_blocks": 4446,
  "peak_step": 57231,
  "gpu_blocks": 1920,
  "total_steps": 229661,
  "type1_count": 60,
  "type2_count": 37,
  "plot_path": "traces/request_types/all_traces/SS22_SL19_LS47_LL09/bim50/bim50_vl_ov5.png"
}