{
  "PPR": 3.015846066779853,
  "TPI": 0.4266270818403711,
  "OV_block_step": 89197516,
  "OV_frac": 0.27199105322110245,
  "GE2_frac": 0.10612469220283093,
  "peak_blocks": 5329,
  "peak_step": 123299,
  "gpu_blocks": 1767,
  "total_steps": 185593,
  "type1_count": 94,
  "type2_count": 55,
  "plot_path": "traces/requests_types_64k/all_traces_arrival_rate_CV/SS07_SM02_SL09_MS02_MM02_ML07_LS02_LM57_LL10/lognormal_lambda2.0x_cv1/lognormal_lambda2.0x_cv1.png"
}