{
  "PPR": 4.83125,
  "TPI": 0.3496021850136563,
  "OV_block_step": 681242,
  "OV_frac": 0.505612456952856,
  "GE2_frac": 0.2144638403990025,
  "peak_blocks": 773,
  "peak_step": 6534,
  "gpu_blocks": 160,
  "total_steps": 8421,
  "type1_count": 29,
  "type2_count": 20,
  "plot_path": "traces/requests_types_8k/all_traces_arrival_rate_CV/SS07_SM08_SL06_MS09_MM09_ML09_LS07_LM08_LL38/lognormal_lambda3.0x_cv4/lognormal_lambda3.0x_cv4.png"
}