{
  "PPR": 1.6513415973638788,
  "TPI": 0.44795048922399705,
  "OV_block_step": 68396464,
  "OV_frac": 0.11693678300133543,
  "GE2_frac": 0.0,
  "peak_blocks": 21048,
  "peak_step": 28920,
  "gpu_blocks": 12746,
  "total_steps": 45889,
  "type1_count": 74,
  "type2_count": 62,
  "plot_path": "traces/request_types/SS00_SL00_LS00_LL100/per05/per05_lo_ov12.png"
}