{
  "PPR": 2.700192431045542,
  "TPI": 0.6243980038789252,
  "OV_block_step": 191033341,
  "OV_frac": 0.5340531215471263,
  "GE2_frac": 0.2319074287955719,
  "peak_blocks": 21048,
  "peak_step": 28920,
  "gpu_blocks": 7795,
  "total_steps": 45889,
  "type1_count": 53,
  "type2_count": 15,
  "plot_path": "traces/request_types/SS00_SL00_LS00_LL100/per05/per05_mh_ov53.png"
}