{
  "PPR": 1.9262377596778621,
  "TPI": 0.5138704264638584,
  "OV_block_step": 109497370,
  "OV_frac": 0.21837059186411045,
  "GE2_frac": 0.0,
  "peak_blocks": 21048,
  "peak_step": 28920,
  "gpu_blocks": 10927,
  "total_steps": 45889,
  "type1_count": 74,
  "type2_count": 31,
  "plot_path": "traces/request_types/SS00_SL00_LS00_LL100/per05/per05_ml_ov22.png"
}