{
  "PPR": 2.9,
  "TPI": 0.49983969220904134,
  "OV_block_step": 382672,
  "OV_frac": 0.2726457910298885,
  "GE2_frac": 0.05332905845890777,
  "peak_blocks": 435,
  "peak_step": 4137,
  "gpu_blocks": 150,
  "total_steps": 9357,
  "type1_count": 80,
  "type2_count": 58,
  "plot_path": "traces/requests_types_8k/all_traces_arrival_rate_CV/SS00_SM00_SL00_MS00_MM00_ML00_LS33_LM66_LL01/lognormal_lambda2.5x_cv5/lognormal_lambda2.5x_cv5.png"
}