{
  "PPR": 4.887550744248985,
  "TPI": 0.7965469613259668,
  "OV_block_step": 243409825,
  "OV_frac": 1.5164700755338583,
  "GE2_frac": 0.46878453038674034,
  "peak_blocks": 36119,
  "peak_step": 2723,
  "gpu_blocks": 7390,
  "total_steps": 21720,
  "type1_count": 8,
  "type2_count": 6,
  "plot_path": "traces/SS11_SL12_LS10_LL64/bim05/bim05_sv_ov1p5.png"
}