{
  "PPR": 3.7261904761904763,
  "TPI": 0.2992531547772341,
  "OV_block_step": 967332,
  "OV_frac": 0.21183652446299148,
  "GE2_frac": 0.09491924506088813,
  "peak_blocks": 626,
  "peak_step": 17566,
  "gpu_blocks": 168,
  "total_steps": 27181,
  "type1_count": 83,
  "type2_count": 72,
  "plot_path": "traces/requests_types_8k/all_traces_arrival_rate_CV/SS00_SM00_SL00_MS00_MM00_ML00_LS33_LM33_LL34/lognormal_lambda1.0x_cv2/lognormal_lambda1.0x_cv2.png"
}