{
  "PPR": 3.2608173076923075,
  "TPI": 0.46485789098352176,
  "OV_block_step": 50032747,
  "OV_frac": 0.32736252209428485,
  "GE2_frac": 0.13266411536388728,
  "peak_blocks": 2713,
  "peak_step": 114425,
  "gpu_blocks": 832,
  "total_steps": 183697,
  "type1_count": 145,
  "type2_count": 59,
  "plot_path": "traces/request_types/all_traces/SS32_SL30_LS30_LL05/bim50/bim50_md_ov33.png"
}