{
  "PPR": 4.987132352941177,
  "TPI": 0.5807498217172844,
  "OV_block_step": 77600516,
  "OV_frac": 0.7765396677841292,
  "GE2_frac": 0.353054214276771,
  "peak_blocks": 2713,
  "peak_step": 114425,
  "gpu_blocks": 544,
  "total_steps": 183697,
  "type1_count": 104,
  "type2_count": 52,
  "plot_path": "traces/request_types/all_traces/SS32_SL30_LS30_LL05/bim50/bim50_hi_ov79.png"
}