{
  "PPR": 1.9268465909090908,
  "TPI": 0.22035199268360398,
  "OV_block_step": 13738337,
  "OV_frac": 0.053116499558066715,
  "GE2_frac": 0.0,
  "peak_blocks": 2713,
  "peak_step": 114425,
  "gpu_blocks": 1408,
  "total_steps": 183697,
  "type1_count": 95,
  "type2_count": 71,
  "plot_path": "traces/request_types/all_traces/SS32_SL30_LS30_LL05/bim50/bim50_vl_ov6.png"
}