{
  "PPR": 4.2390625,
  "TPI": 0.5437650043277789,
  "OV_block_step": 67681918,
  "OV_frac": 0.5756925637054497,
  "GE2_frac": 0.2836355520231686,
  "peak_blocks": 2713,
  "peak_step": 114425,
  "gpu_blocks": 640,
  "total_steps": 183697,
  "type1_count": 140,
  "type2_count": 56,
  "plot_path": "traces/request_types/all_traces/SS32_SL30_LS30_LL05/bim50/bim50_mh_ov59.png"
}