{
  "PPR": 3.434659090909091,
  "TPI": 0.4825020332358189,
  "OV_block_step": 8624872,
  "OV_frac": 0.29742874294712707,
  "GE2_frac": 0.0946334713101322,
  "peak_blocks": 1209,
  "peak_step": 49128,
  "gpu_blocks": 352,
  "total_steps": 82381,
  "type1_count": 152,
  "type2_count": 60,
  "plot_path": "traces/request_types/all_traces/SS01_SM18_SL11_MS32_MM14_ML02_LS14_LM07_LL01/bim50/bim50_md_ov32.png"
}