{
  "PPR": 2.361328125,
  "TPI": 0.2760345225233974,
  "OV_block_step": 3656824,
  "OV_frac": 0.08669759258809677,
  "GE2_frac": 0.007793059079156602,
  "peak_blocks": 1209,
  "peak_step": 49128,
  "gpu_blocks": 512,
  "total_steps": 82381,
  "type1_count": 109,
  "type2_count": 62,
  "plot_path": "traces/request_types/all_traces/SS01_SM18_SL11_MS32_MM14_ML02_LS14_LM07_LL01/bim50/bim50_lo_ov11.png"
}