{
  "PPR": 5.397321428571429,
  "TPI": 0.6893094281448392,
  "OV_block_step": 14740099,
  "OV_frac": 0.798776579464405,
  "GE2_frac": 0.35517898544567317,
  "peak_blocks": 1209,
  "peak_step": 49128,
  "gpu_blocks": 224,
  "total_steps": 82381,
  "type1_count": 154,
  "type2_count": 49,
  "plot_path": "traces/request_types/all_traces/SS01_SM18_SL11_MS32_MM14_ML02_LS14_LM07_LL01/bim50/bim50_hi_ov84.png"
}