{
  "PPR": 1.9563636363636363,
  "TPI": 0.16008089526877348,
  "OV_block_step": 79812129,
  "OV_frac": 0.05042505175600827,
  "GE2_frac": 0.0,
  "peak_blocks": 5380,
  "peak_step": 261454,
  "gpu_blocks": 2750,
  "total_steps": 575559,
  "type1_count": 61,
  "type2_count": 39,
  "plot_path": "traces/requests_types_96k/all_traces_arrival_rate_CV/SS11_SM11_SL11_MS11_MM11_ML11_LS11_LM11_LL11/lognormal_lambda1.0x_cv1/lognormal_lambda1.0x_cv1.png"
}