{
  "PPR": 4.065830721003135,
  "TPI": 0.6905432595573441,
  "OV_block_step": 4797212,
  "OV_frac": 0.8645175125991056,
  "GE2_frac": 0.3817188847369934,
  "peak_blocks": 1297,
  "peak_step": 8525,
  "gpu_blocks": 319,
  "total_steps": 17395,
  "type1_count": 35,
  "type2_count": 26,
  "plot_path": "traces/requests_types_16k/all_traces_arrival_rate_CV/SS11_SM11_SL11_MS11_MM11_ML11_LS11_LM11_LL11/lognormal_lambda4.5x_cv6/lognormal_lambda4.5x_cv6.png"
}