{
  "PPR": 3.232421875,
  "TPI": 0.317025661481186,
  "OV_block_step": 43716446,
  "OV_frac": 0.1892117262636839,
  "GE2_frac": 0.053496875415503256,
  "peak_blocks": 4965,
  "peak_step": 69843,
  "gpu_blocks": 1536,
  "total_steps": 150420,
  "type1_count": 58,
  "type2_count": 32,
  "plot_path": "traces/requests_types_48k/all_traces_arrival_rate_CV/SS10_SM24_SL05_MS05_MM03_ML14_LS09_LM12_LL18/lognormal_lambda2.0x_cv1/lognormal_lambda2.0x_cv1.png"
}