{
  "PPR": 3.8636363636363638,
  "TPI": 0.7448893428668709,
  "OV_block_step": 284906299,
  "OV_frac": 0.8319544598956591,
  "GE2_frac": 0.35767790262172283,
  "peak_blocks": 9010,
  "peak_step": 32440,
  "gpu_blocks": 2332,
  "total_steps": 146850,
  "type1_count": 68,
  "type2_count": 27,
  "plot_path": "traces/requests_types_128k/all_traces_arrival_rate_CV/SS06_SM27_SL20_MS09_MM11_ML01_LS04_LM12_LL10/lognormal_lambda4.0x_cv1/lognormal_lambda4.0x_cv1.png"
}