{
  "PPR": 4.190839694656488,
  "TPI": 0.3813361133808571,
  "OV_block_step": 6107102,
  "OV_frac": 0.32838676873461736,
  "GE2_frac": 0.11414161336676903,
  "peak_blocks": 2196,
  "peak_step": 26582,
  "gpu_blocks": 524,
  "total_steps": 35491,
  "type1_count": 47,
  "type2_count": 34,
  "plot_path": "traces/requests_types_32k/all_traces_arrival_rate_CV/SS03_SM42_SL05_MS03_MM05_ML25_LS13_LM02_LL00/lognormal_lambda3.5x_cv6/lognormal_lambda3.5x_cv6.png"
}