{
  "PPR": 1.5409252669039146,
  "TPI": 0.07629627688841145,
  "OV_block_step": 499266,
  "OV_frac": 0.011637981312133873,
  "GE2_frac": 0.0,
  "peak_blocks": 866,
  "peak_step": 63650,
  "gpu_blocks": 562,
  "total_steps": 76334,
  "type1_count": 27,
  "type2_count": 20,
  "plot_path": "traces/requests_types_32k/all_traces_arrival_rate_CV/SS04_SM15_SL55_MS02_MM04_ML04_LS04_LM04_LL05/lognormal_lambda1.2x_cv1/lognormal_lambda1.2x_cv1.png"
}