{
  "PPR": 1.6236572265625,
  "TPI": 0.34119033588685915,
  "OV_block_step": 33381654,
  "OV_frac": 0.10005178097492819,
  "GE2_frac": 0.0,
  "peak_blocks": 26602,
  "peak_step": 3149,
  "gpu_blocks": 16384,
  "total_steps": 20364,
  "type1_count": 26,
  "type2_count": 10,
  "plot_path": "traces/request_types/SS50_SL00_LS00_LL50/bim05/bim05_vl_ov10.png"
}