{
  "PPR": 2.242909090909091,
  "TPI": 0.11303789182178117,
  "OV_block_step": 36763703,
  "OV_frac": 0.03253235751990537,
  "GE2_frac": 0.0026086977682493254,
  "peak_blocks": 6168,
  "peak_step": 204767,
  "gpu_blocks": 2750,
  "total_steps": 410933,
  "type1_count": 39,
  "type2_count": 34,
  "plot_path": "traces/requests_types_96k/all_traces_arrival_rate_CV/SS10_SM24_SL05_MS05_MM03_ML14_LS09_LM12_LL18/lognormal_lambda1.0x_cv1/lognormal_lambda1.0x_cv1.png"
}