{
  "PPR": 2.15018315018315,
  "TPI": 0.1119681301915579,
  "OV_block_step": 119206,
  "OV_frac": 0.03701068101813991,
  "GE2_frac": 0.002458043736226479,
  "peak_blocks": 587,
  "peak_step": 2916,
  "gpu_blocks": 273,
  "total_steps": 11798,
  "type1_count": 21,
  "type2_count": 25,
  "plot_path": "traces/requests_types_16k/all_traces_arrival_rate_CV/SS06_SM27_SL20_MS09_MM11_ML01_LS04_LM12_LL10/lognormal_lambda1.5x_cv7/lognormal_lambda1.5x_cv7.png"
}