{
  "PPR": 2.595890410958904,
  "TPI": 0.199879168680522,
  "OV_block_step": 4135138,
  "OV_frac": 0.08555722273350239,
  "GE2_frac": 0.019345094248429194,
  "peak_blocks": 1516,
  "peak_step": 70750,
  "gpu_blocks": 584,
  "total_steps": 82760,
  "type1_count": 76,
  "type2_count": 47,
  "plot_path": "traces/requests_types_32k/all_traces_arrival_rate_CV/SS15_SM02_SL11_MS22_MM03_ML32_LS00_LM00_LL14/lognormal_lambda1.2x_cv4/lognormal_lambda1.2x_cv4.png"
}