{
  "PPR": 3.625,
  "TPI": 0.6498044965786901,
  "OV_block_step": 375112,
  "OV_frac": 0.6740411707204876,
  "GE2_frac": 0.3057184750733138,
  "peak_blocks": 493,
  "peak_step": 2373,
  "gpu_blocks": 136,
  "total_steps": 4092,
  "type1_count": 22,
  "type2_count": 21,
  "plot_path": "traces/requests_types_8k/all_traces_arrival_rate_CV/SS54_SM10_SL01_MS02_MM09_ML02_LS06_LM14_LL01/lognormal_lambda3.0x_cv2/lognormal_lambda3.0x_cv2.png"
}