{
  "PPR": 6.24777183600713,
  "TPI": 0.7580174927113703,
  "OV_block_step": 11044683,
  "OV_frac": 0.9896195827188914,
  "GE2_frac": 0.3071780436312456,
  "peak_blocks": 3505,
  "peak_step": 15629,
  "gpu_blocks": 561,
  "total_steps": 19894,
  "type1_count": 48,
  "type2_count": 23,
  "plot_path": "traces/requests_types_32k/all_traces_arrival_rate_CV/SS11_SM11_SL11_MS11_MM11_ML11_LS11_LM11_LL11/lognormal_lambda5.0x_cv4/lognormal_lambda5.0x_cv4.png"
}