{
  "PPR": 2.0017482517482517,
  "TPI": 0.22967717626794773,
  "OV_block_step": 3139607,
  "OV_frac": 0.0738608779967627,
  "GE2_frac": 0.00010765276600325649,
  "peak_blocks": 1145,
  "peak_step": 48938,
  "gpu_blocks": 572,
  "total_steps": 74313,
  "type1_count": 67,
  "type2_count": 39,
  "plot_path": "traces/requests_types_32k/all_traces_arrival_rate_CV/SS18_SM04_SL04_MS07_MM51_ML04_LS07_LM02_LL03/lognormal_lambda1.5x_cv1/lognormal_lambda1.5x_cv1.png"
}