{
  "PPR": 4.386206896551724,
  "TPI": 0.4833352324521422,
  "OV_block_step": 10593440,
  "OV_frac": 0.5202983057240751,
  "GE2_frac": 0.20687101185050136,
  "peak_blocks": 2544,
  "peak_step": 7687,
  "gpu_blocks": 580,
  "total_steps": 35104,
  "type1_count": 60,
  "type2_count": 31,
  "plot_path": "traces/requests_types_32k/all_traces_arrival_rate_CV/SS15_SM17_SL08_MS09_MM06_ML17_LS06_LM14_LL09/lognormal_lambda3.0x_cv5/lognormal_lambda3.0x_cv5.png"
}