{
  "batch_size": 4,
  "max_model_len": 32384,
  "num_gpu_blocks_override": 2073,
  "arrival_pattern": "UniformArrival(max_step=11639)",
  "vocab": [200, 30000],
  "requests": {
    "request_0": {"category": "LS_I6544-9824_O192-304", "input_length": 9058, "output_length": 287, "arrival_time": 0, "sched_time": 0, "wait_time": 0, "slo": 0.05888090332837129},
    "request_1": {"category": "SS_I816-1216_O1632-2448", "input_length": 1163, "output_length": 2148, "arrival_time": 0, "sched_time": 0, "wait_time": 0, "slo": 0.05283638496174716},
    "request_2": {"category": "SL_I816-1216_O3264-4912", "input_length": 987, "output_length": 4812, "arrival_time": 0, "sched_time": 0, "wait_time": 0, "slo": 0.05532872200121697},
    "request_3": {"category": "SS_I816-1216_O192-304", "input_length": 1204, "output_length": 265, "arrival_time": 0, "sched_time": 0, "wait_time": 0, "slo": 0.05099117401853841},
    "request_4": {"category": "SL_I816-1216_O13104-19648", "input_length": 1169, "output_length": 17292, "arrival_time": 765, "sched_time": 765, "wait_time": 0, "slo": 0.06801279418520681},
    "request_5": {"category": "SS_I192-304_O1632-2448", "input_length": 284, "output_length": 1923, "arrival_time": 948, "sched_time": 948, "wait_time": 0, "slo": 0.051730460487641586},
    "request_6": {"category": "SS_I400-608_O816-1216", "input_length": 532, "output_length": 1145, "arrival_time": 1124, "sched_time": 2149, "wait_time": 1025, "slo": 0.05119953660061627},
    "request_7": {"category": "SS_I192-304_O400-608", "input_length": 279, "output_length": 540, "arrival_time": 1307, "sched_time": 2872, "wait_time": 1565, "slo": 0.050340040949545084},
    "request_8": {"category": "SL_I816-1216_O3264-4912", "input_length": 1214, "output_length": 4721, "arrival_time": 1697, "sched_time": 3295, "wait_time": 1598, "slo": 0.055464959074114036},
    "request_9": {"category": "SS_I400-608_O400-608", "input_length": 458, "output_length": 566, "arrival_time": 1770, "sched_time": 3413, "wait_time": 1643, "slo": 0.050545398302073746},
    "request_10": {"category": "SL_I192-304_O13104-19648", "input_length": 221, "output_length": 14078, "arrival_time": 1810, "sched_time": 3980, "wait_time": 2170, "slo": 0.06384353905728343},
    "request_11": {"category": "SS_I400-608_O1632-2448", "input_length": 518, "output_length": 2328, "arrival_time": 2046, "sched_time": 4813, "wait_time": 2767, "slo": 0.052370574381621175},
    "request_12": {"category": "LS_I3264-4912_O192-304", "input_length": 3912, "output_length": 251, "arrival_time": 2072, "sched_time": 7142, "wait_time": 5070, "slo": 0.05368987015371994},
    "request_13": {"category": "SS_I192-304_O192-304", "input_length": 208, "output_length": 229, "arrival_time": 2261, "sched_time": 7394, "wait_time": 5133, "slo": 0.049957375053613626},
    "request_14": {"category": "LS_I6544-9824_O192-304", "input_length": 6751, "output_length": 228, "arrival_time": 2395, "sched_time": 7624, "wait_time": 5229, "slo": 0.05651077895723561},
    "request_15": {"category": "SS_I192-304_O816-1216", "input_length": 199, "output_length": 941, "arrival_time": 2485, "sched_time": 7853, "wait_time": 5368, "slo": 0.05066160051130948},
    "request_16": {"category": "SL_I1632-2448_O3264-4912", "input_length": 1933, "output_length": 3703, "arrival_time": 2582, "sched_time": 8017, "wait_time": 5435, "slo": 0.055165437862377105},
    "request_17": {"category": "SS_I400-608_O816-1216", "input_length": 508, "output_length": 1084, "arrival_time": 2586, "sched_time": 8795, "wait_time": 6209, "slo": 0.0511143884300556},
    "request_18": {"category": "SL_I400-608_O3264-4912", "input_length": 421, "output_length": 3299, "arrival_time": 2613, "sched_time": 9880, "wait_time": 7267, "slo": 0.05324609792362142},
    "request_19": {"category": "LS_I6544-9824_O192-304", "input_length": 8338, "output_length": 229, "arrival_time": 2700, "sched_time": 11721, "wait_time": 9021, "slo": 0.05810154713194544},
    "request_20": {"category": "SL_I816-1216_O3264-4912", "input_length": 1121, "output_length": 3298, "arrival_time": 2775, "sched_time": 11951, "wait_time": 9176, "slo": 0.053946316408585},
    "request_21": {"category": "LS_I3264-4912_O400-608", "input_length": 4525, "output_length": 417, "arrival_time": 2851, "sched_time": 13180, "wait_time": 10329, "slo": 0.054470228093328854},
    "request_22": {"category": "SL_I400-608_O3264-4912", "input_length": 563, "output_length": 4185, "arrival_time": 2999, "sched_time": 13598, "wait_time": 10599, "slo": 0.054275889915813925},
    "request_23": {"category": "SS_I816-1216_O192-304", "input_length": 1096, "output_length": 267, "arrival_time": 3123, "sched_time": 15250, "wait_time": 12127, "slo": 0.05088498924113334},
    "request_24": {"category": "SS_I816-1216_O400-608", "input_length": 1136, "output_length": 599, "arrival_time": 3245, "sched_time": 15518, "wait_time": 12273, "slo": 0.05125763770523413},
    "request_25": {"category": "SL_I1632-2448_O3264-4912", "input_length": 2173, "output_length": 4530, "arrival_time": 3367, "sched_time": 16118, "wait_time": 12751, "slo": 0.056234297838709216},
    "request_26": {"category": "LS_I6544-9824_O192-304", "input_length": 9799, "output_length": 283, "arrival_time": 3388, "sched_time": 17784, "wait_time": 14396, "slo": 0.0596191880542914},
    "request_27": {"category": "SL_I400-608_O13104-19648", "input_length": 534, "output_length": 13396, "arrival_time": 3516, "sched_time": 18058, "wait_time": 14542, "slo": 0.06347389582273184},
    "request_28": {"category": "SS_I192-304_O192-304", "input_length": 255, "output_length": 244, "arrival_time": 3602, "sched_time": 18059, "wait_time": 14457, "slo": 0.050019483130963764},
    "request_29": {"category": "SL_I1632-2448_O13104-19648", "input_length": 2058, "output_length": 15031, "arrival_time": 3679, "sched_time": 18068, "wait_time": 14389, "slo": 0.06663840253803938},
    "request_30": {"category": "SS_I192-304_O816-1216", "input_length": 219, "output_length": 1143, "arrival_time": 3792, "sched_time": 18304, "wait_time": 14512, "slo": 0.05088398749795028},
    "request_31": {"category": "SS_I400-608_O400-608", "input_length": 417, "output_length": 446, "arrival_time": 3831, "sched_time": 19448, "wait_time": 15617, "slo": 0.05038411764960002},
    "request_32": {"category": "SL_I1632-2448_O3264-4912", "input_length": 1900, "output_length": 4416, "arrival_time": 3845, "sched_time": 19895, "wait_time": 16050, "slo": 0.05584662322686242},
    "request_33": {"category": "LS_I3264-4912_O816-1216", "input_length": 3431, "output_length": 1022, "arrival_time": 4129, "sched_time": 20649, "wait_time": 16520, "slo": 0.053980375676809265},
    "request_34": {"category": "SS_I816-1216_O192-304", "input_length": 1166, "output_length": 296, "arrival_time": 4258, "sched_time": 21672, "wait_time": 17414, "slo": 0.05098416181625694},
    "request_35": {"category": "LS_I3264-4912_O400-608", "input_length": 3694, "output_length": 508, "arrival_time": 4458, "sched_time": 21969, "wait_time": 17511, "slo": 0.05372893813785954},
    "request_36": {"category": "SS_I400-608_O1632-2448", "input_length": 474, "output_length": 1859, "arrival_time": 4535, "sched_time": 22478, "wait_time": 17943, "slo": 0.051856680128707984},
    "request_37": {"category": "SS_I192-304_O816-1216", "input_length": 216, "output_length": 1032, "arrival_time": 4639, "sched_time": 24312, "wait_time": 19673, "slo": 0.050769788775080676},
    "request_38": {"category": "SS_I816-1216_O400-608", "input_length": 991, "output_length": 566, "arrival_time": 4642, "sched_time": 24338, "wait_time": 19696, "slo": 0.05107932741864827},
    "request_39": {"category": "SL_I1632-2448_O3264-4912", "input_length": 2299, "output_length": 3546, "arrival_time": 4671, "sched_time": 24905, "wait_time": 20234, "slo": 0.05537480218763804},
    "request_40": {"category": "SL_I1632-2448_O6544-9824", "input_length": 2270, "output_length": 9543, "arrival_time": 4776, "sched_time": 25345, "wait_time": 20569,