{
  "PPR": 4.336065573770492,
  "TPI": 0.5067365269461078,
  "OV_block_step": 190406,
  "OV_frac": 0.5840961519583783,
  "GE2_frac": 0.22604790419161677,
  "peak_blocks": 529,
  "peak_step": 1514,
  "gpu_blocks": 122,
  "total_steps": 2672,
  "type1_count": 15,
  "type2_count": 6,
  "plot_path": "traces/requests_types_8k/all_traces_arrival_rate_CV/SS06_SM63_SL03_MS03_MM03_ML06_LS03_LM09_LL04/lognormal_lambda3.5x_cv6/lognormal_lambda3.5x_cv6.png"
}