{
  "PPR": 1.8134328358208955,
  "TPI": 0.14424778761061946,
  "OV_block_step": 81863,
  "OV_frac": 0.041587332229255355,
  "GE2_frac": 0.0,
  "peak_blocks": 243,
  "peak_step": 3356,
  "gpu_blocks": 134,
  "total_steps": 14690,
  "type1_count": 41,
  "type2_count": 35,
  "plot_path": "traces/requests_types_8k/all_traces_arrival_rate_CV/SS02_SM04_SL04_MS04_MM15_ML55_LS04_LM04_LL05/lognormal_lambda1.0x_cv1/lognormal_lambda1.0x_cv1.png"
}