{
  "PPR": 3.458984375,
  "TPI": 0.7076399666978446,
  "OV_block_step": 90773824,
  "OV_frac": 0.6074307147286663,
  "GE2_frac": 0.27254319515679765,
  "peak_blocks": 5313,
  "peak_step": 42601,
  "gpu_blocks": 1536,
  "total_steps": 97291,
  "type1_count": 59,
  "type2_count": 51,
  "plot_path": "traces/requests_types_48k/all_traces_arrival_rate_CV/SS02_SM02_SL02_MS01_MM01_ML02_LS01_LM03_LL86/lognormal_lambda3.0x_cv1/lognormal_lambda3.0x_cv1.png"
}