{
  "PPR": 2.4575892857142856,
  "TPI": 0.40130412974418994,
  "OV_block_step": 2424168,
  "OV_frac": 0.1809426278453197,
  "GE2_frac": 0.04541046647717773,
  "peak_blocks": 1101,
  "peak_step": 18270,
  "gpu_blocks": 448,
  "total_steps": 29905,
  "type1_count": 62,
  "type2_count": 40,
  "plot_path": "traces/request_types/all_traces/SS06_SM63_SL03_MS03_MM03_ML06_LS03_LM09_LL04/bim50/bim50_lo_ov13.png"
}