{
  "PPR": 4.915178571428571,
  "TPI": 0.6451763919077077,
  "OV_block_step": 5814137,
  "OV_frac": 0.86794745861896,
  "GE2_frac": 0.4019394750041799,
  "peak_blocks": 1101,
  "peak_step": 18270,
  "gpu_blocks": 224,
  "total_steps": 29905,
  "type1_count": 44,
  "type2_count": 20,
  "plot_path": "traces/request_types/all_traces/SS06_SM63_SL03_MS03_MM03_ML06_LS03_LM09_LL04/bim50/bim50_hi_ov78.png"
}