{
  "PPR": 2.8523489932885906,
  "TPI": 0.526816685937917,
  "OV_block_step": 590985,
  "OV_frac": 0.35278326797822596,
  "GE2_frac": 0.12985857867117317,
  "peak_blocks": 425,
  "peak_step": 2669,
  "gpu_blocks": 149,
  "total_steps": 11243,
  "type1_count": 70,
  "type2_count": 43,
  "plot_path": "traces/requests_types_8k/all_traces_arrival_rate_CV/SS11_SM02_SL03_MS00_MM36_ML08_LS16_LM20_LL04/lognormal_lambda2.5x_cv1/lognormal_lambda2.5x_cv1.png"
}