{
  "PPR": 6.095588235294118,
  "TPI": 0.6126151690624196,
  "OV_block_step": 26028471,
  "OV_frac": 0.8485745913170756,
  "GE2_frac": 0.3584673092782591,
  "peak_blocks": 1658,
  "peak_step": 78377,
  "gpu_blocks": 272,
  "total_steps": 112769,
  "type1_count": 179,
  "type2_count": 69,
  "plot_path": "traces/request_types/all_traces/SS62_SL37_LS00_LL00/bim50/bim50_hi_ov83.png"
}