{
  "PPR": 4.059390048154093,
  "TPI": 0.2213770013893001,
  "OV_block_step": 13150121,
  "OV_frac": 0.24036871527046752,
  "GE2_frac": 0.11771471519347712,
  "peak_blocks": 2529,
  "peak_step": 53620,
  "gpu_blocks": 623,
  "total_steps": 87814,
  "type1_count": 40,
  "type2_count": 15,
  "plot_path": "traces/requests_types_32k/all_traces_arrival_rate_CV/SS11_SM02_SL03_MS00_MM36_ML08_LS16_LM20_LL04/lognormal_lambda3.0x_cv7/lognormal_lambda3.0x_cv7.png"
}