{
  "PPR": 3.160839160839161,
  "TPI": 0.1325015904432035,
  "OV_block_step": 474548,
  "OV_frac": 0.11728696835079813,
  "GE2_frac": 0.054958648476708845,
  "peak_blocks": 452,
  "peak_step": 20048,
  "gpu_blocks": 143,
  "total_steps": 28294,
  "type1_count": 53,
  "type2_count": 26,
  "plot_path": "traces/requests_types_8k/all_traces_arrival_rate_CV/SS18_SM08_SL17_MS21_MM06_ML10_LS10_LM03_LL07/lognormal_lambda2.0x_cv3/lognormal_lambda2.0x_cv3.png"
}