{
  "PPR": 11.383275261324043,
  "TPI": 0.5243777702011593,
  "OV_block_step": 871439,
  "OV_frac": 1.0352447399589675,
  "GE2_frac": 0.22332083191271734,
  "peak_blocks": 3267,
  "peak_step": 1295,
  "gpu_blocks": 287,
  "total_steps": 2933,
  "type1_count": 12,
  "type2_count": 16,
  "plot_path": "traces/requests_types_16k/all_traces_arrival_rate_CV/SS00_SM00_SL00_MS00_MM00_ML00_LS00_LM99_LL01/lognormal_lambda4.5x_cv7/lognormal_lambda4.5x_cv7.png"
}