{
  "PPR": 2.2796934865900385,
  "TPI": 0.4176739819270039,
  "OV_block_step": 316263,
  "OV_frac": 0.14220580121862553,
  "GE2_frac": 0.020185424245980518,
  "peak_blocks": 595,
  "peak_step": 4119,
  "gpu_blocks": 261,
  "total_steps": 8521,
  "type1_count": 45,
  "type2_count": 30,
  "plot_path": "traces/requests_types_16k/all_traces_arrival_rate_CV/SS06_SM63_SL03_MS03_MM03_ML06_LS03_LM09_LL04/lognormal_lambda2.0x_cv7/lognormal_lambda2.0x_cv7.png"
}