{
  "PPR": 7.946945337620579,
  "TPI": 0.8505009568839356,
  "OV_block_step": 14402324,
  "OV_frac": 2.6066488502008784,
  "GE2_frac": 0.7368006304176516,
  "peak_blocks": 4943,
  "peak_step": 2262,
  "gpu_blocks": 622,
  "total_steps": 8883,
  "type1_count": 12,
  "type2_count": 9,
  "plot_path": "traces/requests_types_32k/all_traces_arrival_rate_CV/SS00_SM00_SL00_MS00_MM00_ML00_LS00_LM33_LL67/lognormal_lambda5.0x_cv3/lognormal_lambda5.0x_cv3.png"
}