{
  "PPR": 2.1266888927882084,
  "TPI": 0.6935536310702568,
  "OV_block_step": 70824480,
  "OV_frac": 0.367319706689547,
  "GE2_frac": 0.021044542310761683,
  "peak_blocks": 12120,
  "peak_step": 16017,
  "gpu_blocks": 5699,
  "total_steps": 33833,
  "type1_count": 63,
  "type2_count": 16,
  "plot_path": "traces/request_types/SS25_SL25_LS25_LL25/tsa05/tsa05_md_ov37.png"
}