{
  "PPR": 3.0951585976627713,
  "TPI": 0.5527689514298684,
  "OV_block_step": 5959762,
  "OV_frac": 0.37636250562356033,
  "GE2_frac": 0.13508095021939778,
  "peak_blocks": 1854,
  "peak_step": 18340,
  "gpu_blocks": 599,
  "total_steps": 26436,
  "type1_count": 50,
  "type2_count": 37,
  "plot_path": "traces/requests_types_32k/all_traces_arrival_rate_CV/SS15_SM13_SL18_MS00_MM19_ML17_LS06_LM03_LL09/lognormal_lambda1.2x_cv6/lognormal_lambda1.2x_cv6.png"
}