{
  "PPR": 3.361842105263158,
  "TPI": 0.5156310805551952,
  "OV_block_step": 483588,
  "OV_frac": 0.41269944221040344,
  "GE2_frac": 0.14606304319626412,
  "peak_blocks": 511,
  "peak_step": 2200,
  "gpu_blocks": 152,
  "total_steps": 7709,
  "type1_count": 53,
  "type2_count": 36,
  "plot_path": "traces/requests_types_8k/all_traces_arrival_rate_CV/SS00_SM06_SL06_MS06_MM39_ML00_LS06_LM18_LL19/lognormal_lambda4.0x_cv6/lognormal_lambda4.0x_cv6.png"
}