{
  "batch_size": 4,
  "max_model_len": 32384,
  "num_gpu_blocks_override": 4583,
  "arrival_pattern": "UniformArrival(max_step=22756)",
  "vocab": [200, 30000],
  "requests": {
    "request_0": {"category": "LS_I13104-19648_O192-304", "input_length": 13921, "output_length": 257, "arrival_time": 0, "sched_time": 0, "wait_time": 0, "slo": 0.06372232813213237},
    "request_1": {"category": "SS_I192-304_O1632-2448", "input_length": 196, "output_length": 2041, "arrival_time": 0, "sched_time": 0, "wait_time": 0, "slo": 0.05176051278313359},
    "request_2": {"category": "SS_I400-608_O192-304", "input_length": 433, "output_length": 239, "arrival_time": 0, "sched_time": 0, "wait_time": 0, "slo": 0.05019278470163429},
    "request_3": {"category": "SS_I192-304_O1632-2448", "input_length": 295, "output_length": 2258, "arrival_time": 0, "sched_time": 0, "wait_time": 0, "slo": 0.052077063628982644},
    "request_4": {"category": "SS_I192-304_O192-304", "input_length": 283, "output_length": 237, "arrival_time": 798, "sched_time": 798, "wait_time": 0, "slo": 0.05004051973780816},
    "request_5": {"category": "LS_I6544-9824_O1632-2448", "input_length": 9088, "output_length": 1862, "arrival_time": 966, "sched_time": 966, "wait_time": 0, "slo": 0.06048870113719325},
    "request_6": {"category": "LS_I3264-4912_O816-1216", "input_length": 4801, "output_length": 818, "arrival_time": 1197, "sched_time": 1197, "wait_time": 0, "slo": 0.05514840822826497},
    "request_7": {"category": "SS_I400-608_O1632-2448", "input_length": 511, "output_length": 2192, "arrival_time": 1676, "sched_time": 2016, "wait_time": 340, "slo": 0.052227325106442644},
    "request_8": {"category": "SS_I1632-2448_O400-608", "input_length": 2404, "output_length": 483, "arrival_time": 2273, "sched_time": 2273, "wait_time": 0, "slo": 0.052411645852126904},
    "request_9": {"category": "SL_I816-1216_O6544-9824", "input_length": 1010, "output_length": 7629, "arrival_time": 2706, "sched_time": 2706, "wait_time": 0, "slo": 0.05817367264112624},
    "request_10": {"category": "LS_I6544-9824_O400-608", "input_length": 8582, "output_length": 436, "arrival_time": 3064, "sched_time": 3064, "wait_time": 0, "slo": 0.0585533333075085},
    "request_11": {"category": "LL_I3264-4912_O13104-19648", "input_length": 4800, "output_length": 16918, "arrival_time": 3502, "sched_time": 3502, "wait_time": 0, "slo": 0.07127547173245487},
    "request_12": {"category": "LS_I13104-19648_O816-1216", "input_length": 18645, "output_length": 1073, "arrival_time": 3627, "sched_time": 3627, "wait_time": 0, "slo": 0.06927198536632158},
    "request_13": {"category": "SL_I1632-2448_O6544-9824", "input_length": 2185, "output_length": 8108, "arrival_time": 3956, "sched_time": 4209, "wait_time": 253, "slo": 0.05983055586591846},
    "request_14": {"category": "LL_I6544-9824_O6544-9824", "input_length": 9186, "output_length": 7397, "arrival_time": 5145, "sched_time": 5145, "wait_time": 0, "slo": 0.06613152048740766},
    "request_15": {"category": "SS_I1632-2448_O192-304", "input_length": 2424, "output_length": 227, "arrival_time": 5410, "sched_time": 10336, "wait_time": 4926, "slo": 0.052175234460923176},
    "request_16": {"category": "SS_I816-1216_O816-1216", "input_length": 882, "output_length": 976, "arrival_time": 5543, "sched_time": 10564, "wait_time": 5021, "slo": 0.05138085211675133},
    "request_17": {"category": "LL_I3264-4912_O3264-4912", "input_length": 3466, "output_length": 3376, "arrival_time": 5829, "sched_time": 11541, "wait_time": 5712, "slo": 0.056373540141155476},
    "request_18": {"category": "SL_I1632-2448_O13104-19648", "input_length": 2304, "output_length": 13108, "arrival_time": 5933, "sched_time": 12318, "wait_time": 6385, "slo": 0.06495847922003661},
    "request_19": {"category": "LS_I6544-9824_O816-1216", "input_length": 8221, "output_length": 1012, "arrival_time": 6096, "sched_time": 12543, "wait_time": 6447, "slo": 0.05876870809186782},
    "request_20": {"category": "SL_I400-608_O6544-9824", "input_length": 407, "output_length": 6980, "arrival_time": 6201, "sched_time": 13556, "wait_time": 7355, "slo": 0.0569194901759268},
    "request_21": {"category": "LS_I6544-9824_O400-608", "input_length": 7736, "output_length": 401, "arrival_time": 6322, "sched_time": 14918, "wait_time": 8596, "slo": 0.05767079756322678},
    "request_22": {"category": "SL_I192-304_O13104-19648", "input_length": 275, "output_length": 15338, "arrival_time": 6486, "sched_time": 15320, "wait_time": 8834, "slo": 0.065159829599833},
    "request_23": {"category": "LL_I3264-4912_O13104-19648", "input_length": 3808, "output_length": 16013, "arrival_time": 6629, "sched_time": 20421, "wait_time": 13792, "slo": 0.06937516491417745},
    "request_24": {"category": "SS_I816-1216_O1632-2448", "input_length": 1177, "output_length": 1771, "arrival_time": 7084, "sched_time": 20537, "wait_time": 13453, "slo": 0.05247275218629397},
    "request_25": {"category": "SS_I192-304_O816-1216", "input_length": 197, "output_length": 954, "arrival_time": 7246, "sched_time": 22309, "wait_time": 15063, "slo": 0.050672619686323216},
    "request_26": {"category": "SS_I400-608_O1632-2448", "input_length": 496, "output_length": 2226, "arrival_time": 7618, "sched_time": 23264, "wait_time": 15646, "slo": 0.052246358226920905},
    "request_27": {"category": "SS_I192-304_O816-1216", "input_length": 219, "output_length": 1017, "arrival_time": 7701, "sched_time": 25427, "wait_time": 17726, "slo": 0.05075776785688388},
    "request_28": {"category": "LL_I6544-9824_O6544-9824", "input_length": 8945, "output_length": 7332, "arrival_time": 7857, "sched_time": 25491, "wait_time": 17634, "slo": 0.06582498707338925},
    "request_29": {"category": "SL_I400-608_O3264-4912", "input_length": 584, "output_length": 3943, "arrival_time": 7907, "sched_time": 26445, "wait_time": 18538, "slo": 0.0540545046723562},
    "request_30": {"category": "SL_I400-608_O6544-9824", "input_length": 425, "output_length": 9736, "arrival_time": 8047, "sched_time": 30389, "wait_time": 22342, "slo": 0.059698325765753665},
    "request_31": {"category": "SS_I192-304_O816-1216", "input_length": 209, "output_length": 880, "arrival_time": 8409, "sched_time": 30659, "wait_time": 22250, "slo": 0.05061051160897308},
    "request_32": {"category": "SS_I400-608_O1632-2448", "input_length": 444, "output_length": 2139, "arrival_time": 8545, "sched_time": 31540, "wait_time": 22995, "slo": 0.052107115924474645},
    "request_33": {"category": "SS_I400-608_O1632-2448", "input_length": 523, "output_length": 2263, "arrival_time": 8671, "sched_time": 32824, "wait_time": 24153, "slo": 0.05231046979063717},
    "request_34": {"category": "LS_I6544-9824_O192-304", "input_length": 9210, "output_length": 225, "arrival_time": 8676, "sched_time": 33680, "wait_time": 25004, "slo": 0.058971060214847285},
    "request_35": {"category": "SS_I816-1216_O192-304", "input_length": 919, "output_length": 292, "arrival_time": 8709, "sched_time": 33906, "wait_time": 25197, "slo": 0.05073272427730721},
    "request_36": {"category": "SS_I816-1216_O400-608", "input_length": 846, "output_length": 570, "arrival_time": 8731, "sched_time": 34199, "wait_time": 25468, "slo": 0.050938081629835874},
    "request_37": {"category": "SL_I192-304_O3264-4912", "input_length": 247, "output_length": 4624, "arrival_time": 8803, "sched_time": 34770, "wait_time": 25967, "slo": 0.054399104327331124},
    "request_38": {"category": "LL_I3264-4912_O13104-19648", "input_length": 4130, "output_length": 17034, "arrival_time": 9128, "sched_time": 35088, "wait_time": 25960, "slo": 0.07072050600903594},
    "request_39": {"category": "SL_I1632-2448_O3264-4912", "input_length": 2273, "output_length": 4254, "arrival_time": 9465, "sched_time": 36435, "wait_time": 26970, "slo": 0.056057991038489484},
    "request_40": {"category": "SL_I816-1216_O6544-9824", "input_length": 1020, "output_length": 8230, "arrival_time": 9664, "sched_time": 39395, "wait_time": 29731,