{
  "PPR": 1.6534351145038169,
  "TPI": 0.43586733196360433,
  "OV_block_step": 1132505,
  "OV_frac": 0.12687226791719786,
  "GE2_frac": 0.0,
  "peak_blocks": 2166,
  "peak_step": 2245,
  "gpu_blocks": 1310,
  "total_steps": 6814,
  "type1_count": 62,
  "type2_count": 25,
  "plot_path": "traces/request_types/SS100_SL00_LS00_LL00/uni05/uni05_lo_ov12.png"
}