{
  "PPR": 2.6056338028169015,
  "TPI": 0.15293093441671504,
  "OV_block_step": 335196,
  "OV_frac": 0.07611192401069213,
  "GE2_frac": 0.017991874637260593,
  "peak_blocks": 370,
  "peak_step": 2615,
  "gpu_blocks": 142,
  "total_steps": 31014,
  "type1_count": 79,
  "type2_count": 46,
  "plot_path": "traces/requests_types_8k/all_traces_arrival_rate_CV/SS09_SM11_SL08_MS09_MM08_ML09_LS18_LM23_LL05/lognormal_lambda1.0x_cv7/lognormal_lambda1.0x_cv7.png"
}