{
  "PPR": 2.672727272727273,
  "TPI": 0.15337736478039837,
  "OV_block_step": 62777930,
  "OV_frac": 0.07927166910373844,
  "GE2_frac": 0.020241270105842153,
  "peak_blocks": 7350,
  "peak_step": 217120,
  "gpu_blocks": 2750,
  "total_steps": 287976,
  "type1_count": 41,
  "type2_count": 25,
  "plot_path": "traces/requests_types_96k/all_traces_arrival_rate_CV/SS19_SM26_SL11_MS14_MM09_ML02_LS10_LM01_LL08/lognormal_lambda2.0x_cv1/lognormal_lambda2.0x_cv1.png"
}