{
  "PPR": 2.7632508833922262,
  "TPI": 0.3087789564840875,
  "OV_block_step": 7510578,
  "OV_frac": 0.17955147810893246,
  "GE2_frac": 0.06048387096774194,
  "peak_blocks": 1564,
  "peak_step": 29445,
  "gpu_blocks": 566,
  "total_steps": 73904,
  "type1_count": 68,
  "type2_count": 45,
  "plot_path": "traces/requests_types_32k/all_traces_arrival_rate_CV/SS00_SM06_SL06_MS06_MM39_ML00_LS06_LM18_LL19/lognormal_lambda1.5x_cv2/lognormal_lambda1.5x_cv2.png"
}