{
  "PPR": 2.7313432835820897,
  "TPI": 0.23623053683476644,
  "OV_block_step": 127704,
  "OV_frac": 0.11073842962736861,
  "GE2_frac": 0.03067627236811527,
  "peak_blocks": 366,
  "peak_step": 7043,
  "gpu_blocks": 134,
  "total_steps": 8606,
  "type1_count": 42,
  "type2_count": 41,
  "plot_path": "traces/requests_types_8k/all_traces_arrival_rate_CV/SS02_SM04_SL04_MS04_MM15_ML55_LS04_LM04_LL05/lognormal_lambda2.0x_cv7/lognormal_lambda2.0x_cv7.png"
}