{
  "PPR": 4.998296422487223,
  "TPI": 0.5273899474375822,
  "OV_block_step": 14126167,
  "OV_frac": 0.9882153598443723,
  "GE2_frac": 0.37364487516425754,
  "peak_blocks": 2934,
  "peak_step": 15552,
  "gpu_blocks": 587,
  "total_steps": 24352,
  "type1_count": 10,
  "type2_count": 8,
  "plot_path": "traces/requests_types_32k/all_traces_arrival_rate_CV/SS19_SM26_SL11_MS14_MM09_ML02_LS10_LM01_LL08/lognormal_lambda2.5x_cv6/lognormal_lambda2.5x_cv6.png"
}