{
  "PPR": 2.5,
  "TPI": 0.24813780260707635,
  "OV_block_step": 410460,
  "OV_frac": 0.11737677240470537,
  "GE2_frac": 0.021923142034873878,
  "peak_blocks": 370,
  "peak_step": 3725,
  "gpu_blocks": 148,
  "total_steps": 23628,
  "type1_count": 86,
  "type2_count": 55,
  "plot_path": "traces/requests_types_8k/all_traces_arrival_rate_CV/SS01_SM18_SL11_MS32_MM14_ML02_LS14_LM07_LL01/lognormal_lambda2.0x_cv3/lognormal_lambda2.0x_cv3.png"
}