{
  "PPR": 4.866554054054054,
  "TPI": 0.8190599482174865,
  "OV_block_step": 20042653,
  "OV_frac": 1.1238077663901702,
  "GE2_frac": 0.4977760074354378,
  "peak_blocks": 2881,
  "peak_step": 25210,
  "gpu_blocks": 592,
  "total_steps": 30126,
  "type1_count": 47,
  "type2_count": 10,
  "plot_path": "traces/requests_types_32k/all_traces_arrival_rate_CV/SS06_SM02_SL13_MS06_MM04_ML06_LS51_LM09_LL05/lognormal_lambda4.5x_cv4/lognormal_lambda4.5x_cv4.png"
}