{
  "PPR": 3.4265454545454546,
  "TPI": 0.3946796022648805,
  "OV_block_step": 146740001,
  "OV_frac": 0.3070478315819429,
  "GE2_frac": 0.13292938360263315,
  "peak_blocks": 9423,
  "peak_step": 123507,
  "gpu_blocks": 2750,
  "total_steps": 173784,
  "type1_count": 67,
  "type2_count": 32,
  "plot_path": "traces/requests_types_96k/all_traces_arrival_rate_CV/SS03_SM42_SL05_MS03_MM05_ML25_LS13_LM02_LL00/lognormal_lambda3.0x_cv1/lognormal_lambda3.0x_cv1.png"
}