{
  "PPR": 11.79245283018868,
  "TPI": 0.5854310536867899,
  "OV_block_step": 1567080,
  "OV_frac": 2.1955555929168575,
  "GE2_frac": 0.49988861661840056,
  "peak_blocks": 1875,
  "peak_step": 3086,
  "gpu_blocks": 159,
  "total_steps": 4489,
  "type1_count": 7,
  "type2_count": 10,
  "plot_path": "traces/requests_types_8k/all_traces_arrival_rate_CV/SS00_SM00_SL00_MS00_MM00_ML00_LS00_LM00_LL100/lognormal_lambda5.0x_cv5/lognormal_lambda5.0x_cv5.png"
}