{
  "PPR": 3.6948529411764706,
  "TPI": 0.4804482832464844,
  "OV_block_step": 12056261,
  "OV_frac": 0.31640009258753826,
  "GE2_frac": 0.10356199585980441,
  "peak_blocks": 2010,
  "peak_step": 36489,
  "gpu_blocks": 544,
  "total_steps": 70045,
  "type1_count": 90,
  "type2_count": 46,
  "plot_path": "traces/request_types/all_traces/SS08_SM22_SL00_MS03_MM03_ML08_LS25_LM08_LL23/bim50/bim50_md_ov36.png"
}