{
  "PPR": 4.405017921146953,
  "TPI": 0.9001201441730076,
  "OV_block_step": 5735519,
  "OV_frac": 1.6465691446222923,
  "GE2_frac": 0.7306367641169403,
  "peak_blocks": 1229,
  "peak_step": 7939,
  "gpu_blocks": 279,
  "total_steps": 12485,
  "type1_count": 23,
  "type2_count": 5,
  "plot_path": "traces/requests_types_16k/all_traces_arrival_rate_CV/SS03_SM24_SL03_MS36_MM03_ML12_LS06_LM06_LL07/lognormal_lambda5.0x_cv3/lognormal_lambda5.0x_cv3.png"
}