{
  "PPR": 4.8996655518394645,
  "TPI": 0.6168841502227881,
  "OV_block_step": 2921855,
  "OV_frac": 0.7775374205126786,
  "GE2_frac": 0.28485041374920433,
  "peak_blocks": 1465,
  "peak_step": 4732,
  "gpu_blocks": 299,
  "total_steps": 12568,
  "type1_count": 34,
  "type2_count": 27,
  "plot_path": "traces/requests_types_16k/all_traces_arrival_rate_CV/SS10_SM24_SL05_MS05_MM03_ML14_LS09_LM12_LL18/lognormal_lambda2.5x_cv4/lognormal_lambda2.5x_cv4.png"
}