{
  "PPR": 8.162337662337663,
  "TPI": 0.6428983833718245,
  "OV_block_step": 543376,
  "OV_frac": 1.0185957229837137,
  "GE2_frac": 0.32390300230946883,
  "peak_blocks": 1257,
  "peak_step": 1283,
  "gpu_blocks": 154,
  "total_steps": 3464,
  "type1_count": 30,
  "type2_count": 16,
  "plot_path": "traces/requests_types_8k/all_traces_arrival_rate_CV/SS00_SM00_SL00_MS00_MM00_ML00_LS00_LM66_LL34/lognormal_lambda4.5x_cv4/lognormal_lambda4.5x_cv4.png"
}