{
  "PPR": 3.839797639123103,
  "TPI": 0.3716092155892261,
  "OV_block_step": 8735435,
  "OV_frac": 0.23519421160808585,
  "GE2_frac": 0.05872303737646289,
  "peak_blocks": 2277,
  "peak_step": 6945,
  "gpu_blocks": 593,
  "total_steps": 62633,
  "type1_count": 67,
  "type2_count": 42,
  "plot_path": "traces/requests_types_32k/all_traces_arrival_rate_CV/SS05_SM02_SL22_MS01_MM07_ML11_LS31_LM03_LL19/lognormal_lambda2.0x_cv3/lognormal_lambda2.0x_cv3.png"
}