{
  "PPR": 4.5078740157480315,
  "TPI": 0.7024360160345359,
  "OV_block_step": 1999829,
  "OV_frac": 0.8092653427572247,
  "GE2_frac": 0.33826703669441877,
  "peak_blocks": 1145,
  "peak_step": 6123,
  "gpu_blocks": 254,
  "total_steps": 9729,
  "type1_count": 52,
  "type2_count": 29,
  "plot_path": "traces/requests_types_16k/all_traces_arrival_rate_CV/SS03_SM42_SL05_MS03_MM05_ML25_LS13_LM02_LL00/lognormal_lambda4.0x_cv5/lognormal_lambda4.0x_cv5.png"
}