{
  "PPR": 6.402684563758389,
  "TPI": 0.7515679975523941,
  "OV_block_step": 1085050,
  "OV_frac": 1.113999505140075,
  "GE2_frac": 0.37968487073581153,
  "peak_blocks": 954,
  "peak_step": 3022,
  "gpu_blocks": 149,
  "total_steps": 6537,
  "type1_count": 42,
  "type2_count": 24,
  "plot_path": "traces/requests_types_8k/all_traces_arrival_rate_CV/SS11_SM02_SL03_MS00_MM36_ML08_LS16_LM20_LL04/lognormal_lambda4.5x_cv4/lognormal_lambda4.5x_cv4.png"
}