{
  "PPR": 1.817832890463537,
  "TPI": 0.5006920415224914,
  "OV_block_step": 32156054,
  "OV_frac": 0.11732530140175697,
  "GE2_frac": 0.0,
  "peak_blocks": 12314,
  "peak_step": 16617,
  "gpu_blocks": 6774,
  "total_steps": 40460,
  "type1_count": 82,
  "type2_count": 42,
  "plot_path": "traces/request_types/SS00_SL00_LS75_LL25/poi05/poi05_lo_ov12.png"
}