{
  "PPR": 4.204379562043796,
  "TPI": 0.47457157374474573,
  "OV_block_step": 4396518,
  "OV_frac": 0.3705872357011146,
  "GE2_frac": 0.10771860132107719,
  "peak_blocks": 2304,
  "peak_step": 19553,
  "gpu_blocks": 548,
  "total_steps": 21649,
  "type1_count": 48,
  "type2_count": 31,
  "plot_path": "traces/requests_types_32k/all_traces_arrival_rate_CV/SS05_SM22_SL01_MS13_MM01_ML37_LS03_LM03_LL15/lognormal_lambda3.5x_cv3/lognormal_lambda3.5x_cv3.png"
}