{
  "PPR": 3.859060402684564,
  "TPI": 0.4582762165867032,
  "OV_block_step": 660041,
  "OV_frac": 0.3795241063337489,
  "GE2_frac": 0.16466758053461275,
  "peak_blocks": 575,
  "peak_step": 9573,
  "gpu_blocks": 149,
  "total_steps": 11672,
  "type1_count": 59,
  "type2_count": 30,
  "plot_path": "traces/requests_types_8k/all_traces_arrival_rate_CV/SS08_SM22_SL00_MS03_MM03_ML08_LS25_LM08_LL23/lognormal_lambda3.0x_cv5/lognormal_lambda3.0x_cv5.png"
}