{
  "PPR": 5.390459363957597,
  "TPI": 0.7956213563729396,
  "OV_block_step": 17100731,
  "OV_frac": 1.2671771863318477,
  "GE2_frac": 0.5320219771001972,
  "peak_blocks": 3051,
  "peak_step": 11490,
  "gpu_blocks": 566,
  "total_steps": 23843,
  "type1_count": 29,
  "type2_count": 6,
  "plot_path": "traces/requests_types_32k/all_traces_arrival_rate_CV/SS00_SM06_SL06_MS06_MM39_ML00_LS06_LM18_LL19/lognormal_lambda3.5x_cv5/lognormal_lambda3.5x_cv5.png"
}