{
  "PPR": 3.3229166666666665,
  "TPI": 0.020590303706979677,
  "OV_block_step": 684534,
  "OV_frac": 0.017232446886924914,
  "GE2_frac": 0.007525611002762291,
  "peak_blocks": 957,
  "peak_step": 1393,
  "gpu_blocks": 288,
  "total_steps": 137929,
  "type1_count": 15,
  "type2_count": 9,
  "plot_path": "traces/requests_types_16k/all_traces_arrival_rate_CV/SS15_SM13_SL18_MS00_MM19_ML17_LS06_LM03_LL09/lognormal_lambda2.5x_cv6/lognormal_lambda2.5x_cv6.png"
}