{
  "PPR": 4.912,
  "TPI": 0.6324668420425485,
  "OV_block_step": 949278497,
  "OV_frac": 0.7910067478328691,
  "GE2_frac": 0.3377643241459592,
  "peak_blocks": 13508,
  "peak_step": 294546,
  "gpu_blocks": 2750,
  "total_steps": 436396,
  "type1_count": 88,
  "type2_count": 27,
  "plot_path": "traces/sy_requests/all_traces_arrival_rate_CV/SS02_SM04_SL04_MS04_MM15_ML55_LS04_LM04_LL05/lognormal_lambda2.5x_cv1/lognormal_lambda2.5x_cv1.png"
}