{
  "PPR": 5.013628620102215,
  "TPI": 0.5386979984971652,
  "OV_block_step": 11667687,
  "OV_frac": 0.6788991460932635,
  "GE2_frac": 0.2942140856615889,
  "peak_blocks": 2943,
  "peak_step": 11625,
  "gpu_blocks": 587,
  "total_steps": 29278,
  "type1_count": 33,
  "type2_count": 23,
  "plot_path": "traces/requests_types_32k/all_traces_arrival_rate_CV/SS19_SM26_SL11_MS14_MM09_ML02_LS10_LM01_LL08/lognormal_lambda4.0x_cv1/lognormal_lambda4.0x_cv1.png"
}