{
  "PPR": 1.6463932107496464,
  "TPI": 0.35709438010377215,
  "OV_block_step": 71807447,
  "OV_frac": 0.12353214857920196,
  "GE2_frac": 0.0,
  "peak_blocks": 20952,
  "peak_step": 24603,
  "gpu_blocks": 12726,
  "total_steps": 45677,
  "type1_count": 49,
  "type2_count": 15,
  "plot_path": "traces/request_types/SS00_SL25_LS00_LL75/tsa05/tsa05_lo_ov12.png"
}