{
  "PPR": 2.406181818181818,
  "TPI": 0.29218906394810007,
  "OV_block_step": 101121132,
  "OV_frac": 0.13631629555986183,
  "GE2_frac": 0.03363855421686747,
  "peak_blocks": 6617,
  "peak_step": 224682,
  "gpu_blocks": 2750,
  "total_steps": 269750,
  "type1_count": 66,
  "type2_count": 48,
  "plot_path": "traces/requests_types_96k/all_traces_arrival_rate_CV/SS05_SM22_SL01_MS13_MM01_ML37_LS03_LM03_LL15/lognormal_lambda1.5x_cv1/lognormal_lambda1.5x_cv1.png"
}