{
  "PPR": 5.0257510729613735,
  "TPI": 0.708148870713589,
  "OV_block_step": 38093496,
  "OV_frac": 1.2267682084612508,
  "GE2_frac": 0.4389209874690478,
  "peak_blocks": 5855,
  "peak_step": 11797,
  "gpu_blocks": 1165,
  "total_steps": 26654,
  "type1_count": 46,
  "type2_count": 12,
  "plot_path": "traces/SS62_SL37_LS00_LL00/tsa05/tsa05_sv_ov1p2.png"
}