{
  "batch_size": 4,
  "max_model_len": 32384,
  "num_gpu_blocks_override": 3913,
  "arrival_pattern": "TokenScaledArrival(scale=05)",
  "vocab": [200, 30000],
  "requests": {
    "request_0": {"category": "SS_I400-608_O400-608", "input_length": 432, "output_length": 540, "arrival_time": 0, "sched_time": 0, "wait_time": 0, "slo": 0.050493307656554284},
    "request_1": {"category": "SL_I192-304_O6544-9824", "input_length": 225, "output_length": 6995, "arrival_time": 0, "sched_time": 0, "wait_time": 0, "slo": 0.05675219906435467},
    "request_2": {"category": "SL_I400-608_O13104-19648", "input_length": 455, "output_length": 16637, "arrival_time": 0, "sched_time": 0, "wait_time": 0, "slo": 0.06664140776758858},
    "request_3": {"category": "SL_I192-304_O3264-4912", "input_length": 297, "output_length": 4302, "arrival_time": 0, "sched_time": 0, "wait_time": 0, "slo": 0.054126630181536996},
    "request_4": {"category": "SS_I400-608_O816-1216", "input_length": 419, "output_length": 931, "arrival_time": 496, "sched_time": 541, "wait_time": 45, "slo": 0.05087196657975347},
    "request_5": {"category": "SS_I192-304_O400-608", "input_length": 265, "output_length": 467, "arrival_time": 620, "sched_time": 1473, "wait_time": 853, "slo": 0.050252889292618286},
    "request_6": {"category": "SS_I1632-2448_O816-1216", "input_length": 2185, "output_length": 1173, "arrival_time": 744, "sched_time": 1941, "wait_time": 1197, "slo": 0.052883466891351295},
    "request_7": {"category": "SS_I1632-2448_O816-1216", "input_length": 1977, "output_length": 1203, "arrival_time": 868, "sched_time": 3115, "wait_time": 2247, "slo": 0.05270515660476543},
    "request_8": {"category": "SS_I192-304_O1632-2448", "input_length": 304, "output_length": 1682, "arrival_time": 992, "sched_time": 4303, "wait_time": 3311, "slo": 0.05150907524418386},
    "request_9": {"category": "SS_I1632-2448_O1632-2448", "input_length": 1677, "output_length": 2423, "arrival_time": 1116, "sched_time": 4319, "wait_time": 3203, "slo": 0.053626760333186745},
    "request_10": {"category": "SL_I192-304_O3264-4912", "input_length": 213, "output_length": 3285, "arrival_time": 1241, "sched_time": 5986, "wait_time": 4745, "slo": 0.05302371093698063},
    "request_11": {"category": "SS_I816-1216_O400-608", "input_length": 1017, "output_length": 498, "arrival_time": 1365, "sched_time": 6743, "wait_time": 5378, "slo": 0.05103725420495947},
    "request_12": {"category": "SS_I816-1216_O192-304", "input_length": 1199, "output_length": 290, "arrival_time": 1489, "sched_time": 6996, "wait_time": 5507, "slo": 0.05101120888219974},
    "request_13": {"category": "SS_I1632-2448_O1632-2448", "input_length": 2039, "output_length": 1992, "arrival_time": 1613, "sched_time": 7242, "wait_time": 5629, "slo": 0.05355764005355514},
    "request_14": {"category": "SS_I816-1216_O400-608", "input_length": 1108, "output_length": 450, "arrival_time": 1737, "sched_time": 7287, "wait_time": 5550, "slo": 0.051080329161831334},
    "request_15": {"category": "SS_I1632-2448_O816-1216", "input_length": 2080, "output_length": 1168, "arrival_time": 1861, "sched_time": 7738, "wait_time": 5877, "slo": 0.052773275141213966},
    "request_16": {"category": "SS_I816-1216_O192-304", "input_length": 1146, "output_length": 206, "arrival_time": 1985, "sched_time": 8907, "wait_time": 6922, "slo": 0.05087397006611961},
    "request_17": {"category": "SS_I816-1216_O1632-2448", "input_length": 1180, "output_length": 2225, "arrival_time": 2109, "sched_time": 9114, "wait_time": 7005, "slo": 0.05293054882095542},
    "request_18": {"category": "SS_I400-608_O816-1216", "input_length": 543, "output_length": 904, "arrival_time": 2233, "sched_time": 9235, "wait_time": 7002, "slo": 0.05096913566851094},
    "request_19": {"category": "SS_I192-304_O400-608", "input_length": 230, "output_length": 513, "arrival_time": 2358, "sched_time": 9272, "wait_time": 6914, "slo": 0.05026390846763202},
    "request_20": {"category": "SS_I400-608_O400-608", "input_length": 438, "output_length": 603, "arrival_time": 2482, "sched_time": 9786, "wait_time": 7304, "slo": 0.05056242793618588},
    "request_21": {"category": "SS_I816-1216_O1632-2448", "input_length": 1092, "output_length": 1835, "arrival_time": 2606, "sched_time": 10140, "wait_time": 7534, "slo": 0.05245171557944957},
    "request_22": {"category": "SS_I1632-2448_O1632-2448", "input_length": 1702, "output_length": 1632, "arrival_time": 2730, "sched_time": 10390, "wait_time": 7660, "slo": 0.05285942505495769},
    "request_23": {"category": "SL_I192-304_O6544-9824", "input_length": 227, "output_length": 8943, "arrival_time": 2854, "sched_time": 11340, "wait_time": 8486, "slo": 0.058705598271334626},
    "request_24": {"category": "SL_I816-1216_O6544-9824", "input_length": 1207, "output_length": 9379, "arrival_time": 2978, "sched_time": 11976, "wait_time": 8998, "slo": 0.06012406661855699},
    "request_25": {"category": "SS_I192-304_O192-304", "input_length": 237, "output_length": 285, "arrival_time": 3102, "sched_time": 12023, "wait_time": 8921, "slo": 0.050042523224174296},
    "request_26": {"category": "SS_I1632-2448_O192-304", "input_length": 2002, "output_length": 266, "arrival_time": 3226, "sched_time": 12309, "wait_time": 9083, "slo": 0.05179156682180865},
    "request_27": {"category": "SS_I1632-2448_O816-1216", "input_length": 2237, "output_length": 1158, "arrival_time": 3350, "sched_time": 12576, "wait_time": 9226, "slo": 0.05292053138912476},
    "request_28": {"category": "SS_I400-608_O1632-2448", "input_length": 471, "output_length": 1976, "arrival_time": 3475, "sched_time": 13735, "wait_time": 10260, "slo": 0.051970878851577584},
    "request_29": {"category": "SS_I400-608_O400-608", "input_length": 560, "output_length": 546, "arrival_time": 3599, "sched_time": 15712, "wait_time": 12113, "slo": 0.05062754124308522},
    "request_30": {"category": "SL_I400-608_O3264-4912", "input_length": 416, "output_length": 3466, "arrival_time": 3723, "sched_time": 16259, "wait_time": 12536, "slo": 0.05340838031927821},
    "request_31": {"category": "SS_I400-608_O1632-2448", "input_length": 551, "output_length": 1920, "arrival_time": 3847, "sched_time": 16638, "wait_time": 12791, "slo": 0.05199492068797118},
    "request_32": {"category": "SS_I816-1216_O192-304", "input_length": 1175, "output_length": 209, "arrival_time": 3971, "sched_time": 18559, "wait_time": 14588, "slo": 0.05090602584797774},
    "request_33": {"category": "SS_I1632-2448_O192-304", "input_length": 2163, "output_length": 213, "arrival_time": 4095, "sched_time": 18769, "wait_time": 14674, "slo": 0.05189975508557985},
    "request_34": {"category": "SS_I400-608_O816-1216", "input_length": 513, "output_length": 884, "arrival_time": 4219, "sched_time": 18983, "wait_time": 14764, "slo": 0.050919048509357606},
    "request_35": {"category": "SS_I400-608_O192-304", "input_length": 605, "output_length": 222, "arrival_time": 4343, "sched_time": 19726, "wait_time": 15383, "slo": 0.05034805489500962},
    "request_36": {"category": "SL_I192-304_O3264-4912", "input_length": 227, "output_length": 4213, "arrival_time": 4467, "sched_time": 19868, "wait_time": 15401, "slo": 0.0539673530154294},
    "request_37": {"category": "SS_I816-1216_O400-608", "input_length": 956, "output_length": 459, "arrival_time": 4592, "sched_time": 19949, "wait_time": 15357, "slo": 0.0509370798866528},
    "request_38": {"category": "SS_I400-608_O192-304", "input_length": 575, "output_length": 233, "arrival_time": 4716, "sched_time": 20284, "wait_time": 15568, "slo": 0.05032902177453135},
    "request_39": {"category": "SL_I400-608_O6544-9824", "input_length": 608, "output_length": 6565, "arrival_time": 4840, "sched_time": 20409, "wait_time": 15569, "slo": 0.056705117134750536},
    "request_40": {"category": "SS_I816-1216_O192-304", "input_length": 955, "output_length": 202, "arrival_time": 4964, "sched_time": 20518, "wait_time": 15554, "slo": 0.050678630145421615},