{
  "batch_size": 4,
  "max_model_len": 32384,
  "num_gpu_blocks_override": 10461,
  "arrival_pattern": "PeriodicArrival(interval=321)",
  "vocab": [200, 30000],
  "requests": {
    "request_0": {"category": "LS_I13104-19648_O816-1216", "input_length": 19074, "output_length": 1032, "arrival_time": 0, "sched_time": 0, "wait_time": 0, "slo": 0.06966066172135144},
    "request_1": {"category": "LS_I6544-9824_O192-304", "input_length": 8283, "output_length": 222, "arrival_time": 0, "sched_time": 0, "wait_time": 0, "slo": 0.058039439054595306},
    "request_2": {"category": "LL_I3264-4912_O13104-19648", "input_length": 4900, "output_length": 18799, "arrival_time": 0, "sched_time": 0, "wait_time": 0, "slo": 0.07325992497810987},
    "request_3": {"category": "LL_I6544-9824_O3264-4912", "input_length": 7871, "output_length": 4692, "arrival_time": 0, "sched_time": 0, "wait_time": 0, "slo": 0.062104512891479745},
    "request_4": {"category": "LL_I3264-4912_O6544-9824", "input_length": 4780, "output_length": 6823, "arrival_time": 1284, "sched_time": 1284, "wait_time": 0, "slo": 0.06114283943573577},
    "request_5": {"category": "LS_I13104-19648_O816-1216", "input_length": 18342, "output_length": 972, "arrival_time": 1605, "sched_time": 1605, "wait_time": 0, "slo": 0.06886728112036265},
    "request_6": {"category": "LL_I13104-19648_O6544-9824", "input_length": 13706, "output_length": 7223, "arrival_time": 1926, "sched_time": 2578, "wait_time": 652, "slo": 0.07048509636101528},
    "request_7": {"category": "LS_I13104-19648_O816-1216", "input_length": 17983, "output_length": 1175, "arrival_time": 2247, "sched_time": 4693, "wait_time": 2446, "slo": 0.06871100918380425},
    "request_8": {"category": "LL_I3264-4912_O13104-19648", "input_length": 4127, "output_length": 18167, "arrival_time": 2568, "sched_time": 5869, "wait_time": 3301, "slo": 0.07185247580590125},
    "request_9": {"category": "LS_I13104-19648_O192-304", "input_length": 13723, "output_length": 268, "arrival_time": 2889, "sched_time": 8108, "wait_time": 5219, "slo": 0.06353500215689892},
    "request_10": {"category": "LS_I13104-19648_O1632-2448", "input_length": 16847, "output_length": 2047, "arrival_time": 3159, "sched_time": 8377, "wait_time": 5218, "slo": 0.06844654898347466},
    "request_11": {"category": "LS_I13104-19648_O192-304", "input_length": 14258, "output_length": 192, "arrival_time": 3531, "sched_time": 9802, "wait_time": 6271, "slo": 0.0639948022779265},
    "request_12": {"category": "LS_I13104-19648_O400-608", "input_length": 19182, "output_length": 465, "arrival_time": 3725, "sched_time": 9995, "wait_time": 6270, "slo": 0.06920086160032385},
    "request_13": {"category": "LL_I6544-9824_O13104-19648", "input_length": 7414, "output_length": 13216, "arrival_time": 4173, "sched_time": 10425, "wait_time": 6252, "slo": 0.07018557514927835},
    "request_14": {"category": "LL_I3264-4912_O13104-19648", "input_length": 3849, "output_length": 17820, "arrival_time": 4494, "sched_time": 10461, "wait_time": 5967, "slo": 0.07122638631648459},
    "request_15": {"category": "LS_I13104-19648_O192-304", "input_length": 15524, "output_length": 249, "arrival_time": 4815, "sched_time": 18800, "wait_time": 13985, "slo": 0.06532010850912368},
    "request_16": {"category": "LL_I13104-19648_O6544-9824", "input_length": 13279, "output_length": 6736, "arrival_time": 5066, "sched_time": 19050, "wait_time": 13984, "slo": 0.06956950309169237},
    "request_17": {"category": "LL_I6544-9824_O13104-19648", "input_length": 9656, "output_length": 19167, "arrival_time": 5457, "sched_time": 23642, "wait_time": 18185, "slo": 0.07839285704814336},
    "request_18": {"category": "LL_I13104-19648_O6544-9824", "input_length": 16084, "output_length": 6585, "arrival_time": 5778, "sched_time": 24037, "wait_time": 18259, "slo": 0.07222812949955124},
    "request_19": {"category": "LS_I13104-19648_O400-608", "input_length": 15697, "output_length": 412, "arrival_time": 6099, "sched_time": 25787, "wait_time": 19688, "slo": 0.06565669421863406},
    "request_20": {"category": "LS_I13104-19648_O1632-2448", "input_length": 18749, "output_length": 1765, "arrival_time": 6420, "sched_time": 26200, "wait_time": 19780, "slo": 0.07006937294004262},
    "request_21": {"category": "LS_I13104-19648_O192-304", "input_length": 15456, "output_length": 291, "arrival_time": 6741, "sched_time": 27966, "wait_time": 21225, "slo": 0.06529406318636394},
    "request_22": {"category": "LL_I13104-19648_O6544-9824", "input_length": 17614, "output_length": 8153, "arrival_time": 7034, "sched_time": 28258, "wait_time": 21224, "slo": 0.0753315298806917},
    "request_23": {"category": "LL_I3264-4912_O13104-19648", "input_length": 3590, "output_length": 17450, "arrival_time": 7383, "sched_time": 28282, "wait_time": 20899, "slo": 0.07059628985433568},
    "request_24": {"category": "LL_I3264-4912_O3264-4912", "input_length": 4317, "output_length": 4670, "arrival_time": 7704, "sched_time": 30623, "wait_time": 22919, "slo": 0.058522279268833424},
    "request_25": {"category": "SL_I400-608_O6544-9824", "input_length": 451, "output_length": 7315, "arrival_time": 8025, "sched_time": 35294, "wait_time": 27269, "slo": 0.057299150842309056},
    "request_26": {"category": "LL_I3264-4912_O13104-19648", "input_length": 3304, "output_length": 18593, "arrival_time": 8346, "sched_time": 36412, "wait_time": 28066, "slo": 0.07145478376222379},
    "request_27": {"category": "LS_I13104-19648_O192-304", "input_length": 15552, "output_length": 264, "arrival_time": 8667, "sched_time": 42610, "wait_time": 33943, "slo": 0.06536318346599554},
    "request_28": {"category": "LS_I13104-19648_O400-608", "input_length": 17409, "output_length": 480, "arrival_time": 8933, "sched_time": 42810, "wait_time": 33877, "slo": 0.06743979708449269},
    "request_29": {"category": "LS_I13104-19648_O1632-2448", "input_length": 13684, "output_length": 1961, "arrival_time": 9309, "sched_time": 42875, "wait_time": 33566, "slo": 0.06519188538169114},
    "request_30": {"category": "LS_I13104-19648_O400-608", "input_length": 14924, "output_length": 487, "arrival_time": 9630, "sched_time": 43291, "wait_time": 33661, "slo": 0.06495747747685354},
    "request_31": {"category": "LS_I13104-19648_O1632-2448", "input_length": 13902, "output_length": 2199, "arrival_time": 9951, "sched_time": 43779, "wait_time": 33828, "slo": 0.06564868027316953},
    "request_32": {"category": "LL_I6544-9824_O3264-4912", "input_length": 9367, "output_length": 4008, "arrival_time": 10272, "sched_time": 44837, "wait_time": 34565, "slo": 0.06291792835612986},
    "request_33": {"category": "LS_I13104-19648_O192-304", "input_length": 17000, "output_length": 261, "arrival_time": 10593, "sched_time": 45733, "wait_time": 35140, "slo": 0.06681070236552683},
    "request_34": {"category": "SS_I192-304_O192-304", "input_length": 250, "output_length": 253, "arrival_time": 10856, "sched_time": 45979, "wait_time": 35123, "slo": 0.05002349010369603},
    "request_35": {"category": "LS_I13104-19648_O1632-2448", "input_length": 19074, "output_length": 2200, "arrival_time": 11111, "sched_time": 45995, "wait_time": 34884, "slo": 0.07083069775917328},
    "request_36": {"category": "LS_I13104-19648_O1632-2448", "input_length": 17000, "output_length": 2429, "arrival_time": 11556, "sched_time": 46233, "wait_time": 34677, "slo": 0.06898248158641532},
    "request_37": {"category": "LL_I3264-4912_O3264-4912", "input_length": 3349, "output_length": 3919, "arrival_time": 11877, "sched_time": 48196, "wait_time": 36319, "slo": 0.05680028273714187},
    "request_38": {"category": "SS_I400-608_O192-304", "input_length": 418, "output_length": 223, "arrival_time": 12198, "sched_time": 48663, "wait_time": 36465, "slo": 0.050161730662959224},
    "request_39": {"category": "LL_I3264-4912_O6544-9824", "input_length": 3411, "output_length": 7700, "arrival_time": 12423, "sched_time": 48846, "wait_time": 36423, "slo": 0.060649981789666976},