{
  "PPR": 5.211155378486056,
  "TPI": 0.5078135998873715,
  "OV_block_step": 1354708,
  "OV_frac": 0.7598540092761433,
  "GE2_frac": 0.2584823314092637,
  "peak_blocks": 1308,
  "peak_step": 4528,
  "gpu_blocks": 251,
  "total_steps": 7103,
  "type1_count": 25,
  "type2_count": 27,
  "plot_path": "traces/requests_types_16k/all_traces_arrival_rate_CV/SS15_SM17_SL08_MS09_MM06_ML17_LS06_LM14_LL09/lognormal_lambda2.5x_cv6/lognormal_lambda2.5x_cv6.png"
}