{
  "batch_size": 4,
  "max_model_len": 32384,
  "num_gpu_blocks_override": 3777,
  "arrival_pattern": "PoissonArrival(lambda=0.004453152832205202,max=22456)",
  "vocab": [200, 30000],
  "requests": {
    "request_0": {"category": "SL_I400-608_O3264-4912", "input_length": 501, "output_length": 3539, "arrival_time": 0, "sched_time": 0, "wait_time": 0, "slo": 0.05356665574220275},
    "request_1": {"category": "SL_I192-304_O3264-4912", "input_length": 197, "output_length": 4378, "arrival_time": 0, "sched_time": 0, "wait_time": 0, "slo": 0.0541025883451434},
    "request_2": {"category": "LS_I3264-4912_O816-1216", "input_length": 3283, "output_length": 1185, "arrival_time": 0, "sched_time": 0, "wait_time": 0, "slo": 0.05399540182455527},
    "request_3": {"category": "LL_I13104-19648_O3264-4912", "input_length": 13994, "output_length": 3531, "arrival_time": 0, "sched_time": 0, "wait_time": 0, "slo": 0.06707516256585642},
    "request_4": {"category": "SL_I192-304_O6544-9824", "input_length": 284, "output_length": 9137, "arrival_time": 694, "sched_time": 1186, "wait_time": 492, "slo": 0.05895703581028435},
    "request_5": {"category": "SL_I400-608_O13104-19648", "input_length": 419, "output_length": 17673, "arrival_time": 1267, "sched_time": 3532, "wait_time": 2265, "slo": 0.0676431509506552},
    "request_6": {"category": "LS_I6544-9824_O1632-2448", "input_length": 6859, "output_length": 2089, "arrival_time": 1480, "sched_time": 3540, "wait_time": 2060, "slo": 0.05848321128469383},
    "request_7": {"category": "LL_I6544-9824_O13104-19648", "input_length": 8548, "output_length": 14918, "arrival_time": 1765, "sched_time": 4379, "wait_time": 2614, "slo": 0.07302651881645536},
    "request_8": {"category": "SS_I816-1216_O816-1216", "input_length": 878, "output_length": 974, "arrival_time": 2478, "sched_time": 5630, "wait_time": 3152, "slo": 0.05137484165765293},
    "request_9": {"category": "LS_I3264-4912_O400-608", "input_length": 4618, "output_length": 412, "arrival_time": 2504, "sched_time": 6605, "wait_time": 4101, "slo": 0.05455838149343872},
    "request_10": {"category": "SS_I816-1216_O816-1216", "input_length": 1049, "output_length": 974, "arrival_time": 2766, "sched_time": 7018, "wait_time": 4252, "slo": 0.05154613974195733},
    "request_11": {"category": "SL_I192-304_O13104-19648", "input_length": 219, "output_length": 19241, "arrival_time": 3097, "sched_time": 7993, "wait_time": 4896, "slo": 0.06901353562509038},
    "request_12": {"category": "SS_I816-1216_O816-1216", "input_length": 886, "output_length": 834, "arrival_time": 4121, "sched_time": 10324, "wait_time": 6203, "slo": 0.05124261155748813},
    "request_13": {"category": "SS_I400-608_O400-608", "input_length": 464, "output_length": 421, "arrival_time": 4957, "sched_time": 11159, "wait_time": 6202, "slo": 0.050406155999627486},
    "request_14": {"category": "LL_I13104-19648_O6544-9824", "input_length": 14962, "output_length": 9718, "arrival_time": 5054, "sched_time": 11581, "wait_time": 6527, "slo": 0.07424263504069827},
    "request_15": {"category": "LS_I6544-9824_O816-1216", "input_length": 8661, "output_length": 893, "arrival_time": 5298, "sched_time": 19298, "wait_time": 14000, "slo": 0.05909026765363221},
    "request_16": {"category": "LL_I13104-19648_O3264-4912", "input_length": 15206, "output_length": 4686, "arrival_time": 5359, "sched_time": 20192, "wait_time": 14833, "slo": 0.06944628868017517},
    "request_17": {"category": "SL_I192-304_O3264-4912", "input_length": 246, "output_length": 4071, "arrival_time": 5487, "sched_time": 21206, "wait_time": 15719, "slo": 0.053844138603912205},
    "request_18": {"category": "LS_I13104-19648_O1632-2448", "input_length": 18819, "output_length": 2352, "arrival_time": 5738, "sched_time": 21300, "wait_time": 15562, "slo": 0.07072751821131741},
    "request_19": {"category": "LS_I3264-4912_O1632-2448", "input_length": 3808, "output_length": 1839, "arrival_time": 5769, "sched_time": 23653, "wait_time": 17884, "slo": 0.05517645703739084},
    "request_20": {"category": "SS_I1632-2448_O400-608", "input_length": 2376, "output_length": 594, "arrival_time": 5786, "sched_time": 24879, "wait_time": 19093, "slo": 0.05249479053632144},
    "request_21": {"category": "SS_I816-1216_O400-608", "input_length": 899, "output_length": 526, "arrival_time": 6382, "sched_time": 25278, "wait_time": 18896, "slo": 0.05094709731848347},
    "request_22": {"category": "LL_I3264-4912_O3264-4912", "input_length": 4221, "output_length": 3556, "arrival_time": 6842, "sched_time": 25474, "wait_time": 18632, "slo": 0.05731017001732279},
    "request_23": {"category": "SS_I1632-2448_O400-608", "input_length": 1899, "output_length": 518, "arrival_time": 7362, "sched_time": 25493, "wait_time": 18131, "slo": 0.05194082655608558},
    "request_24": {"category": "SS_I400-608_O1632-2448", "input_length": 566, "output_length": 2257, "arrival_time": 7404, "sched_time": 25805, "wait_time": 18401, "slo": 0.05234753428841064},
    "request_25": {"category": "LL_I6544-9824_O6544-9824", "input_length": 8655, "output_length": 8501, "arrival_time": 7623, "sched_time": 26012, "wait_time": 18389, "slo": 0.06670551933130484},
    "request_26": {"category": "LL_I13104-19648_O3264-4912", "input_length": 13880, "output_length": 4640, "arrival_time": 7778, "sched_time": 27235, "wait_time": 19457, "slo": 0.06807189703300774},
    "request_27": {"category": "SS_I816-1216_O400-608", "input_length": 915, "output_length": 565, "arrival_time": 8478, "sched_time": 28063, "wait_time": 19585, "slo": 0.05100219319355214},
    "request_28": {"category": "SS_I816-1216_O1632-2448", "input_length": 1197, "output_length": 2312, "arrival_time": 8919, "sched_time": 28629, "wait_time": 19710, "slo": 0.05303473011199436},
    "request_29": {"category": "SS_I192-304_O816-1216", "input_length": 250, "output_length": 864, "arrival_time": 9179, "sched_time": 29031, "wait_time": 19852, "slo": 0.050635555188549744},
    "request_30": {"category": "LS_I13104-19648_O816-1216", "input_length": 16050, "output_length": 1033, "arrival_time": 9303, "sched_time": 29896, "wait_time": 20593, "slo": 0.06663239207894098},
    "request_31": {"category": "SL_I400-608_O6544-9824", "input_length": 443, "output_length": 9560, "arrival_time": 9467, "sched_time": 30930, "wait_time": 21463, "slo": 0.05954005034282914},
    "request_32": {"category": "SL_I1632-2448_O6544-9824", "input_length": 2135, "output_length": 9492, "arrival_time": 10058, "sched_time": 30942, "wait_time": 20884, "slo": 0.06116688127212937},
    "request_33": {"category": "SL_I1632-2448_O13104-19648", "input_length": 1776, "output_length": 18719, "arrival_time": 10386, "sched_time": 31876, "wait_time": 21490, "slo": 0.07005033981956435},
    "request_34": {"category": "SL_I192-304_O3264-4912", "input_length": 279, "output_length": 3630, "arrival_time": 10768, "sched_time": 34514, "wait_time": 23746, "slo": 0.053435427385221015},
    "request_35": {"category": "SS_I816-1216_O1632-2448", "input_length": 954, "output_length": 1697, "arrival_time": 10899, "sched_time": 38145, "wait_time": 27246, "slo": 0.052175234460923176},
    "request_36": {"category": "SL_I192-304_O3264-4912", "input_length": 195, "output_length": 4361, "arrival_time": 10961, "sched_time": 39843, "wait_time": 28882, "slo": 0.05408355522466513},
    "request_37": {"category": "SS_I400-608_O400-608", "input_length": 490, "output_length": 402, "arrival_time": 11145, "sched_time": 40435, "wait_time": 29290, "slo": 0.05041316820190895},
    "request_38": {"category": "SS_I1632-2448_O400-608", "input_length": 1865, "output_length": 473, "arrival_time": 11194, "sched_time": 40491, "wait_time": 29297, "slo": 0.05186168884462332},
    "request_39": {"category": "LS_I3264-4912_O1632-2448", "input_length": 3438, "output_length": 2282, "arrival_time": 11204, "sched_time": 40838, "wait_time": 29634, "slo": 0.055249584289754704},
    "request_40": {"category": "LS_I6544-9824_O816-1216", "input_length": 8559,