{
  "PPR": 3.08,
  "TPI": 0.1795946890286513,
  "OV_block_step": 191378,
  "OV_frac": 0.07429847037813495,
  "GE2_frac": 0.018751455858374098,
  "peak_blocks": 462,
  "peak_step": 2322,
  "gpu_blocks": 150,
  "total_steps": 17172,
  "type1_count": 50,
  "type2_count": 44,
  "plot_path": "traces/requests_types_8k/all_traces_arrival_rate_CV/SS00_SM00_SL00_MS00_MM00_ML00_LS33_LM66_LL01/lognormal_lambda1.5x_cv3/lognormal_lambda1.5x_cv3.png"
}