{
  "PPR": 2.074324324324324,
  "TPI": 0.11657392686804452,
  "OV_block_step": 106029,
  "OV_frac": 0.028474251278305333,
  "GE2_frac": 0.000834658187599364,
  "peak_blocks": 307,
  "peak_step": 24900,
  "gpu_blocks": 148,
  "total_steps": 25160,
  "type1_count": 45,
  "type2_count": 42,
  "plot_path": "traces/requests_types_8k/all_traces_arrival_rate_CV/SS10_SM24_SL05_MS05_MM03_ML14_LS09_LM12_LL18/lognormal_lambda1.0x_cv3/lognormal_lambda1.0x_cv3.png"
}