{
  "PPR": 4.65748031496063,
  "TPI": 0.48110285006195785,
  "OV_block_step": 1796446,
  "OV_frac": 0.5477557347617793,
  "GE2_frac": 0.20678438661710039,
  "peak_blocks": 1183,
  "peak_step": 6505,
  "gpu_blocks": 254,
  "total_steps": 12912,
  "type1_count": 42,
  "type2_count": 28,
  "plot_path": "traces/requests_types_16k/all_traces_arrival_rate_CV/SS03_SM42_SL05_MS03_MM05_ML25_LS13_LM02_LL00/lognormal_lambda3.5x_cv1/lognormal_lambda3.5x_cv1.png"
}