{
  "PPR": 2.6041666666666665,
  "TPI": 0.232404164467687,
  "OV_block_step": 2186671,
  "OV_frac": 0.10407889786757991,
  "GE2_frac": 0.018183562826848344,
  "peak_blocks": 875,
  "peak_step": 9286,
  "gpu_blocks": 336,
  "total_steps": 62529,
  "type1_count": 78,
  "type2_count": 66,
  "plot_path": "traces/requests_types_16k/all_traces_arrival_rate_CV/SS00_SM00_SL00_MS00_MM00_ML00_LS33_LM33_LL34/lognormal_lambda1.0x_cv1/lognormal_lambda1.0x_cv1.png"
}