{
  "PPR": 2.9227871939736345,
  "TPI": 0.012040365833383786,
  "OV_block_step": 7352453,
  "OV_frac": 0.006653206661694407,
  "GE2_frac": 0.0019272849931240468,
  "peak_blocks": 1552,
  "peak_step": 243383,
  "gpu_blocks": 531,
  "total_steps": 2081166,
  "type1_count": 86,
  "type2_count": 52,
  "plot_path": "traces/requests_types_32k/all_traces_arrival_rate_CV/SS03_SM24_SL03_MS36_MM03_ML12_LS06_LM06_LL07/lognormal_lambda1.0x_cv6/lognormal_lambda1.0x_cv6.png"
}