{
  "PPR": 1.633149397097895,
  "TPI": 0.3342859617216593,
  "OV_block_step": 5917716,
  "OV_frac": 0.05236965846989965,
  "GE2_frac": 0.0,
  "peak_blocks": 7991,
  "peak_step": 10247,
  "gpu_blocks": 4893,
  "total_steps": 23094,
  "type1_count": 64,
  "type2_count": 36,
  "plot_path": "traces/SS41_SL16_LS41_LL00/poi05/poi05_sk_ov5.png"
}