{
  "PPR": 2.254160789844852,
  "TPI": 0.5232527929332295,
  "OV_block_step": 19752413,
  "OV_frac": 0.24127079576534144,
  "GE2_frac": 0.014419329696024942,
  "peak_blocks": 7991,
  "peak_step": 10247,
  "gpu_blocks": 3545,
  "total_steps": 23094,
  "type1_count": 56,
  "type2_count": 13,
  "plot_path": "traces/SS41_SL16_LS41_LL00/poi05/poi05_md_ov24.png"
}