{
  "PPR": 1.8231534090909092,
  "TPI": 0.1330464342543035,
  "OV_block_step": 29535381,
  "OV_frac": 0.03448186075081025,
  "GE2_frac": 0.0,
  "peak_blocks": 5134,
  "peak_step": 190264,
  "gpu_blocks": 2816,
  "total_steps": 304172,
  "type1_count": 60,
  "type2_count": 64,
  "plot_path": "traces/request_types/SS00_SL00_LS00_LL100/bim50/bim50_vl_ov5.png"
}