{
  "PPR": 4.404947916666667,
  "TPI": 0.6029138445034864,
  "OV_block_step": 72562315,
  "OV_frac": 0.5892688008431147,
  "GE2_frac": 0.2281555214609138,
  "peak_blocks": 6766,
  "peak_step": 15843,
  "gpu_blocks": 1536,
  "total_steps": 80169,
  "type1_count": 68,
  "type2_count": 38,
  "plot_path": "traces/requests_types_48k/all_traces_arrival_rate_CV/SS11_SM02_SL03_MS00_MM36_ML08_LS16_LM20_LL04/lognormal_lambda3.0x_cv1/lognormal_lambda3.0x_cv1.png"
}