{
  "PPR": 2.887966804979253,
  "TPI": 0.38294851734534213,
  "OV_block_step": 81326691,
  "OV_frac": 0.18397846995578115,
  "GE2_frac": 0.03956035568446361,
  "peak_blocks": 4872,
  "peak_step": 23971,
  "gpu_blocks": 1687,
  "total_steps": 262030,
  "type1_count": 115,
  "type2_count": 65,
  "plot_path": "traces/requests_types_64k/all_traces_arrival_rate_CV/SS06_SM01_SL07_MS08_MM02_ML49_LS05_LM19_LL03/lognormal_lambda1.5x_cv1/lognormal_lambda1.5x_cv1.png"
}