{
  "PPR": 2.157090909090909,
  "TPI": 0.10740390114035551,
  "OV_block_step": 25122645,
  "OV_frac": 0.04390107919404916,
  "GE2_frac": 0.007919535976702724,
  "peak_blocks": 5932,
  "peak_step": 40211,
  "gpu_blocks": 2750,
  "total_steps": 208093,
  "type1_count": 24,
  "type2_count": 21,
  "plot_path": "traces/requests_types_96k/all_traces_arrival_rate_CV/SS06_SM27_SL20_MS09_MM11_ML01_LS04_LM12_LL10/lognormal_lambda1.5x_cv1/lognormal_lambda1.5x_cv1.png"
}