{
  "PPR": 4.428571428571429,
  "TPI": 0.5499465240641711,
  "OV_block_step": 256809,
  "OV_frac": 0.39237433155080215,
  "GE2_frac": 0.1570053475935829,
  "peak_blocks": 620,
  "peak_step": 2736,
  "gpu_blocks": 140,
  "total_steps": 4675,
  "type1_count": 47,
  "type2_count": 51,
  "plot_path": "traces/requests_types_8k/all_traces_arrival_rate_CV/SS06_SM27_SL20_MS09_MM11_ML01_LS04_LM12_LL10/lognormal_lambda4.5x_cv5/lognormal_lambda4.5x_cv5.png"
}