{
  "PPR": 3.2210419828022254,
  "TPI": 0.5002856546435359,
  "OV_block_step": 141752159,
  "OV_frac": 0.39387730486749967,
  "GE2_frac": 0.1720025489183577,
  "peak_blocks": 6368,
  "peak_step": 92349,
  "gpu_blocks": 1977,
  "total_steps": 182038,
  "type1_count": 71,
  "type2_count": 43,
  "plot_path": "traces/requests_types_128k/all_traces_arrival_rate_CV/SS06_SM06_SL19_MS24_MM08_ML20_LS10_LM05_LL02/lognormal_lambda2.5x_cv1/lognormal_lambda2.5x_cv1.png"
}