{
  "PPR": 2.8893528183716075,
  "TPI": 0.1507857285457605,
  "OV_block_step": 1189576,
  "OV_frac": 0.07082842889955848,
  "GE2_frac": 0.02760744944813621,
  "peak_blocks": 1384,
  "peak_step": 29823,
  "gpu_blocks": 479,
  "total_steps": 35063,
  "type1_count": 27,
  "type2_count": 17,
  "plot_path": "traces/requests_types_32k/all_traces_arrival_rate_CV/SS55_SM04_SL04_MS04_MM02_ML15_LS04_LM04_LL05/lognormal_lambda1.2x_cv1/lognormal_lambda1.2x_cv1.png"
}