{
  "PPR": 5.529411764705882,
  "TPI": 0.8765957446808511,
  "OV_block_step": 146046,
  "OV_frac": 1.5232165206508135,
  "GE2_frac": 0.6184397163120567,
  "peak_blocks": 752,
  "peak_step": 365,
  "gpu_blocks": 136,
  "total_steps": 705,
  "type1_count": 22,
  "type2_count": 15,
  "plot_path": "traces/requests_types_8k/all_traces_arrival_rate_CV/SS00_SM00_SL00_MS00_MM00_ML00_LS00_LM99_LL01/lognormal_lambda3.5x_cv1/lognormal_lambda3.5x_cv1.png"
}