{
  "PPR": 4.367647058823529,
  "TPI": 0.7393893429959832,
  "OV_block_step": 12973696,
  "OV_frac": 0.6698886515084672,
  "GE2_frac": 0.2931378332069324,
  "peak_blocks": 2376,
  "peak_step": 7258,
  "gpu_blocks": 544,
  "total_steps": 35601,
  "type1_count": 54,
  "type2_count": 56,
  "plot_path": "traces/request_types/all_traces/SS02_SM02_SL02_MS01_MM01_ML02_LS01_LM03_LL86/bim50/bim50_hi_ov78.png"
}