{
  "PPR": 2.97,
  "TPI": 0.39827532934468135,
  "OV_block_step": 8413742,
  "OV_frac": 0.2954180360102244,
  "GE2_frac": 0.13996797842757225,
  "peak_blocks": 2376,
  "peak_step": 7258,
  "gpu_blocks": 800,
  "total_steps": 35601,
  "type1_count": 37,
  "type2_count": 48,
  "plot_path": "traces/request_types/all_traces/SS02_SM02_SL02_MS01_MM01_ML02_LS01_LM03_LL86/bim50/bim50_md_ov35.png"
}