{
  "PPR": 1.6875,
  "TPI": 0.20131456981545462,
  "OV_block_step": 1967059,
  "OV_frac": 0.03924212659373715,
  "GE2_frac": 0.0,
  "peak_blocks": 2376,
  "peak_step": 7258,
  "gpu_blocks": 1408,
  "total_steps": 35601,
  "type1_count": 21,
  "type2_count": 38,
  "plot_path": "traces/request_types/all_traces/SS02_SM02_SL02_MS01_MM01_ML02_LS01_LM03_LL86/bim50/bim50_vl_ov5.png"
}