{
  "PPR": 6.6375,
  "TPI": 0.7574435805044567,
  "OV_block_step": 1105149,
  "OV_frac": 1.309914896643277,
  "GE2_frac": 0.5067324103925659,
  "peak_blocks": 1062,
  "peak_step": 1983,
  "gpu_blocks": 160,
  "total_steps": 5273,
  "type1_count": 26,
  "type2_count": 16,
  "plot_path": "traces/requests_types_8k/all_traces_arrival_rate_CV/SS02_SM02_SL02_MS01_MM01_ML02_LS01_LM03_LL86/lognormal_lambda4.0x_cv2/lognormal_lambda4.0x_cv2.png"
}