{
  "PPR": 6.170731707317073,
  "TPI": 0.6742107265119818,
  "OV_block_step": 2078912,
  "OV_frac": 1.2054291254209613,
  "GE2_frac": 0.44142259414225943,
  "peak_blocks": 1012,
  "peak_step": 2902,
  "gpu_blocks": 164,
  "total_steps": 10516,
  "type1_count": 42,
  "type2_count": 33,
  "plot_path": "traces/requests_types_8k/all_traces_arrival_rate_CV/SS00_SM00_SL00_MS00_MM00_ML00_LS33_LM00_LL67/lognormal_lambda3.0x_cv2/lognormal_lambda3.0x_cv2.png"
}