{
  "PPR": 3.689967637540453,
  "TPI": 0.690440163508661,
  "OV_block_step": 219779106,
  "OV_frac": 0.8031563977488726,
  "GE2_frac": 0.3779895661600307,
  "peak_blocks": 22804,
  "peak_step": 23743,
  "gpu_blocks": 6180,
  "total_steps": 44279,
  "type1_count": 42,
  "type2_count": 18,
  "plot_path": "traces/SS00_SL25_LS00_LL75/uni05/uni05_hi_ov81.png"
}