{
  "PPR": 4.715151515151515,
  "TPI": 0.4629301619433198,
  "OV_block_step": 683221,
  "OV_frac": 0.5238782051282052,
  "GE2_frac": 0.22937753036437247,
  "peak_blocks": 778,
  "peak_step": 4390,
  "gpu_blocks": 165,
  "total_steps": 7904,
  "type1_count": 45,
  "type2_count": 35,
  "plot_path": "traces/requests_types_8k/all_traces_arrival_rate_CV/SS06_SM03_SL09_MS03_MM03_ML06_LS03_LM03_LL64/lognormal_lambda2.5x_cv4/lognormal_lambda2.5x_cv4.png"
}