{
  "PPR": 6.973244147157191,
  "TPI": 0.6958730158730159,
  "OV_block_step": 3242037,
  "OV_frac": 1.1474003291394597,
  "GE2_frac": 0.4462433862433862,
  "peak_blocks": 2085,
  "peak_step": 5461,
  "gpu_blocks": 299,
  "total_steps": 9450,
  "type1_count": 23,
  "type2_count": 13,
  "plot_path": "traces/requests_types_16k/all_traces_arrival_rate_CV/SS10_SM24_SL05_MS05_MM03_ML14_LS09_LM12_LL18/lognormal_lambda3.5x_cv2/lognormal_lambda3.5x_cv2.png"
}