{
  "PPR": 3.580071174377224,
  "TPI": 0.26379332179492593,
  "OV_block_step": 3397835,
  "OV_frac": 0.25522266667608084,
  "GE2_frac": 0.09223690320401874,
  "peak_blocks": 2012,
  "peak_step": 18355,
  "gpu_blocks": 562,
  "total_steps": 23689,
  "type1_count": 44,
  "type2_count": 19,
  "plot_path": "traces/requests_types_32k/all_traces_arrival_rate_CV/SS04_SM15_SL55_MS02_MM04_ML04_LS04_LM04_LL05/lognormal_lambda2.5x_cv7/lognormal_lambda2.5x_cv7.png"
}