{
  "PPR": 7.90725126475548,
  "TPI": 0.5539862262168788,
  "OV_block_step": 6752788,
  "OV_frac": 1.3292285331119786,
  "GE2_frac": 0.41099568110190265,
  "peak_blocks": 4689,
  "peak_step": 1018,
  "gpu_blocks": 593,
  "total_steps": 8567,
  "type1_count": 10,
  "type2_count": 8,
  "plot_path": "traces/requests_types_32k/all_traces_arrival_rate_CV/SS07_SM02_SL09_MS02_MM02_ML07_LS02_LM57_LL10/lognormal_lambda4.5x_cv7/lognormal_lambda4.5x_cv7.png"
}