{
  "PPR": 1.9908854166666667,
  "TPI": 0.07630347006178687,
  "OV_block_step": 16084309,
  "OV_frac": 0.023901166894249433,
  "GE2_frac": 0.0,
  "peak_blocks": 3058,
  "peak_step": 339543,
  "gpu_blocks": 1536,
  "total_steps": 438119,
  "type1_count": 49,
  "type2_count": 40,
  "plot_path": "traces/requests_types_48k/all_traces_arrival_rate_CV/SS15_SM02_SL11_MS22_MM03_ML32_LS00_LM00_LL14/lognormal_lambda1.0x_cv1/lognormal_lambda1.0x_cv1.png"
}