{
  "PPR": 1.599475065616798,
  "TPI": 0.10300911268342372,
  "OV_block_step": 17740017,
  "OV_frac": 0.025637598441455176,
  "GE2_frac": 0.0,
  "peak_blocks": 6094,
  "peak_step": 156254,
  "gpu_blocks": 3810,
  "total_steps": 181615,
  "type1_count": 14,
  "type2_count": 73,
  "plot_path": "traces/requests_types_128k_bs8/all_traces_arrival_rate_CV/SS07_SM02_SL09_MS02_MM02_ML07_LS02_LM57_LL10/lognormal_lambda2.0x_cv1/lognormal_lambda2.0x_cv1.png"
}