{
  "PPR": 4.349258649093905,
  "TPI": 0.5537803715367059,
  "OV_block_step": 12031155,
  "OV_frac": 0.572636977155406,
  "GE2_frac": 0.2575621876173692,
  "peak_blocks": 2640,
  "peak_step": 18196,
  "gpu_blocks": 607,
  "total_steps": 34613,
  "type1_count": 45,
  "type2_count": 27,
  "plot_path": "traces/requests_types_32k/all_traces_arrival_rate_CV/SS07_SM08_SL06_MS09_MM09_ML09_LS07_LM08_LL38/lognormal_lambda3.0x_cv2/lognormal_lambda3.0x_cv2.png"
}