{
  "PPR": 3.942799461641992,
  "TPI": 0.46963736202988815,
  "OV_block_step": 146793266,
  "OV_frac": 0.455067178560953,
  "GE2_frac": 0.20267556063314232,
  "peak_blocks": 5859,
  "peak_step": 115326,
  "gpu_blocks": 1486,
  "total_steps": 217076,
  "type1_count": 88,
  "type2_count": 35,
  "plot_path": "traces/requests_types_64k/all_traces_arrival_rate_CV/SS02_SM04_SL04_MS04_MM15_ML55_LS04_LM04_LL05/lognormal_lambda2.5x_cv1/lognormal_lambda2.5x_cv1.png"
}