{
  "PPR": 8.09350237717908,
  "TPI": 0.43164405824019103,
  "OV_block_step": 28248084,
  "OV_frac": 0.7423828326109875,
  "GE2_frac": 0.322775364001194,
  "peak_blocks": 5107,
  "peak_step": 3866,
  "gpu_blocks": 631,
  "total_steps": 60302,
  "type1_count": 25,
  "type2_count": 18,
  "plot_path": "traces/requests_types_32k/all_traces_arrival_rate_CV/SS00_SM00_SL00_MS00_MM00_ML00_LS33_LM00_LL67/lognormal_lambda4.5x_cv4/lognormal_lambda4.5x_cv4.png"
}