{
  "PPR": 7.654516640253566,
  "TPI": 0.7025062777670465,
  "OV_block_step": 24803914,
  "OV_frac": 0.9491234544356407,
  "GE2_frac": 0.3680220204751787,
  "peak_blocks": 4830,
  "peak_step": 28611,
  "gpu_blocks": 631,
  "total_steps": 41416,
  "type1_count": 56,
  "type2_count": 36,
  "plot_path": "traces/requests_types_32k/all_traces_arrival_rate_CV/SS00_SM00_SL00_MS00_MM00_ML00_LS33_LM00_LL67/lognormal_lambda2.5x_cv2/lognormal_lambda2.5x_cv2.png"
}