{
  "PPR": 11.448170731707316,
  "TPI": 0.650456604053753,
  "OV_block_step": 20949454,
  "OV_frac": 2.3710107129469837,
  "GE2_frac": 0.5989308783131636,
  "peak_blocks": 7510,
  "peak_step": 8367,
  "gpu_blocks": 656,
  "total_steps": 13469,
  "type1_count": 8,
  "type2_count": 6,
  "plot_path": "traces/requests_types_32k/all_traces_arrival_rate_CV/SS02_SM02_SL02_MS01_MM01_ML02_LS01_LM03_LL86/lognormal_lambda5.0x_cv6/lognormal_lambda5.0x_cv6.png"
}