{
  "PPR": 6.821454545454546,
  "TPI": 0.9224378070956011,
  "OV_block_step": 765450247,
  "OV_frac": 2.692242275347587,
  "GE2_frac": 0.832814253104809,
  "peak_blocks": 18759,
  "peak_step": 67331,
  "gpu_blocks": 2750,
  "total_steps": 103388,
  "type1_count": 14,
  "type2_count": 8,
  "plot_path": "traces/sy_requests/all_traces_arrival_rate_CV/SS00_SM00_SL00_MS00_MM00_ML00_LS00_LM33_LL67/lognormal_lambda4.0x_cv1/lognormal_lambda4.0x_cv1.png"
}