{
  "PPR": 3.298611111111111,
  "TPI": 0.1697666553939804,
  "OV_block_step": 1430504,
  "OV_frac": 0.15270476151436585,
  "GE2_frac": 0.06680603806068805,
  "peak_blocks": 950,
  "peak_step": 3062,
  "gpu_blocks": 288,
  "total_steps": 32527,
  "type1_count": 44,
  "type2_count": 12,
  "plot_path": "traces/requests_types_16k/all_traces_arrival_rate_CV/SS15_SM13_SL18_MS00_MM19_ML17_LS06_LM03_LL09/lognormal_lambda2.0x_cv6/lognormal_lambda2.0x_cv6.png"
}