{
  "PPR": 6.019434628975265,
  "TPI": 0.6548489666136725,
  "OV_block_step": 16945442,
  "OV_frac": 1.1899421090181848,
  "GE2_frac": 0.4230127186009539,
  "peak_blocks": 3407,
  "peak_step": 9574,
  "gpu_blocks": 566,
  "total_steps": 25160,
  "type1_count": 35,
  "type2_count": 11,
  "plot_path": "traces/requests_types_32k/all_traces_arrival_rate_CV/SS00_SM06_SL06_MS06_MM39_ML00_LS06_LM18_LL19/lognormal_lambda4.5x_cv2/lognormal_lambda4.5x_cv2.png"
}