{
  "PPR": 5.666098807495741,
  "TPI": 0.6554925219185147,
  "OV_block_step": 15673073,
  "OV_frac": 1.530015169268793,
  "GE2_frac": 0.4985387656867801,
  "peak_blocks": 3326,
  "peak_step": 9826,
  "gpu_blocks": 587,
  "total_steps": 17451,
  "type1_count": 17,
  "type2_count": 7,
  "plot_path": "traces/requests_types_32k/all_traces_arrival_rate_CV/SS19_SM26_SL11_MS14_MM09_ML02_LS10_LM01_LL08/lognormal_lambda5.0x_cv6/lognormal_lambda5.0x_cv6.png"
}