{
  "PPR": 4.207885304659499,
  "TPI": 0.46722414106526083,
  "OV_block_step": 3625932,
  "OV_frac": 0.47250216480678975,
  "GE2_frac": 0.1882930376295219,
  "peak_blocks": 1174,
  "peak_step": 11128,
  "gpu_blocks": 279,
  "total_steps": 27505,
  "type1_count": 84,
  "type2_count": 33,
  "plot_path": "traces/requests_types_16k/all_traces_arrival_rate_CV/SS03_SM24_SL03_MS36_MM03_ML12_LS06_LM06_LL07/lognormal_lambda2.0x_cv7/lognormal_lambda2.0x_cv7.png"
}