{
  "PPR": 4.043010752688172,
  "TPI": 0.2951107821823396,
  "OV_block_step": 1432165,
  "OV_frac": 0.23743965425341873,
  "GE2_frac": 0.10851565752347472,
  "peak_blocks": 1128,
  "peak_step": 3417,
  "gpu_blocks": 279,
  "total_steps": 21619,
  "type1_count": 56,
  "type2_count": 40,
  "plot_path": "traces/requests_types_16k/all_traces_arrival_rate_CV/SS00_SM00_SL00_MS00_MM00_ML00_LS33_LM66_LL01/lognormal_lambda1.5x_cv5/lognormal_lambda1.5x_cv5.png"
}