{
  "PPR": 6.318181818181818,
  "TPI": 0.7617716894977169,
  "OV_block_step": 426128486,
  "OV_frac": 1.4151215807388957,
  "GE2_frac": 0.5236438356164383,
  "peak_blocks": 17375,
  "peak_step": 101632,
  "gpu_blocks": 2750,
  "total_steps": 109500,
  "type1_count": 28,
  "type2_count": 27,
  "plot_path": "traces/requests_types_96k/all_traces_arrival_rate_CV/SS00_SM00_SL00_MS00_MM00_ML00_LS00_LM00_LL100/lognormal_lambda3.5x_cv1/lognormal_lambda3.5x_cv1.png"
}