{
  "PPR": 5.242424242424242,
  "TPI": 0.8195781281998771,
  "OV_block_step": 11416272,
  "OV_frac": 1.0418728733650853,
  "GE2_frac": 0.4116833913577719,
  "peak_blocks": 2941,
  "peak_step": 17524,
  "gpu_blocks": 561,
  "total_steps": 19532,
  "type1_count": 53,
  "type2_count": 17,
  "plot_path": "traces/requests_types_32k/all_traces_arrival_rate_CV/SS11_SM11_SL11_MS11_MM11_ML11_LS11_LM11_LL11/lognormal_lambda5.0x_cv1/lognormal_lambda5.0x_cv1.png"
}