{
  "PPR": 3.8550724637681157,
  "TPI": 0.6708435207823961,
  "OV_block_step": 132426,
  "OV_frac": 0.5865578824279791,
  "GE2_frac": 0.2726161369193154,
  "peak_blocks": 266,
  "peak_step": 1708,
  "gpu_blocks": 69,
  "total_steps": 3272,
  "type1_count": 51,
  "type2_count": 23,
  "plot_path": "traces/requests_types_8k/all_traces_arrival_rate_CV/SS14_SM21_SL27_MS03_MM10_ML05_LS17_LM02_LL01/lognormal_lambda4.5x_cv3/lognormal_lambda4.5x_cv3.png"
}