{
  "PPR": 4.419962335216573,
  "TPI": 0.22049455785725033,
  "OV_block_step": 13933178,
  "OV_frac": 0.2193535185111192,
  "GE2_frac": 0.07924127668823461,
  "peak_blocks": 2347,
  "peak_step": 70360,
  "gpu_blocks": 531,
  "total_steps": 119622,
  "type1_count": 84,
  "type2_count": 46,
  "plot_path": "traces/requests_types_32k/all_traces_arrival_rate_CV/SS03_SM24_SL03_MS36_MM03_ML12_LS06_LM06_LL07/lognormal_lambda3.5x_cv3/lognormal_lambda3.5x_cv3.png"
}