{
  "PPR": 3.28125,
  "TPI": 0.40341347036153424,
  "OV_block_step": 2298439,
  "OV_frac": 0.29292314084133686,
  "GE2_frac": 0.10100935951550744,
  "peak_blocks": 945,
  "peak_step": 25772,
  "gpu_blocks": 288,
  "total_steps": 27245,
  "type1_count": 100,
  "type2_count": 36,
  "plot_path": "traces/requests_types_16k/all_traces_arrival_rate_CV/SS09_SM11_SL08_MS09_MM08_ML09_LS18_LM23_LL05/lognormal_lambda3.5x_cv2/lognormal_lambda3.5x_cv2.png"
}