{
  "PPR": 3.680701754385965,
  "TPI": 0.2575820523473203,
  "OV_block_step": 1534333,
  "OV_frac": 0.15976095202693064,
  "GE2_frac": 0.04317763665499436,
  "peak_blocks": 1049,
  "peak_step": 739,
  "gpu_blocks": 285,
  "total_steps": 33698,
  "type1_count": 62,
  "type2_count": 34,
  "plot_path": "traces/requests_types_16k/all_traces_arrival_rate_CV/SS05_SM22_SL01_MS13_MM01_ML37_LS03_LM03_LL15/lognormal_lambda1.5x_cv7/lognormal_lambda1.5x_cv7.png"
}