{
  "PPR": 4.587837837837838,
  "TPI": 0.7989889263360617,
  "OV_block_step": 646942,
  "OV_frac": 1.0522941092271858,
  "GE2_frac": 0.44174289841117,
  "peak_blocks": 679,
  "peak_step": 2731,
  "gpu_blocks": 148,
  "total_steps": 4154,
  "type1_count": 29,
  "type2_count": 24,
  "plot_path": "traces/requests_types_8k/all_traces_arrival_rate_CV/SS10_SM24_SL05_MS05_MM03_ML14_LS09_LM12_LL18/lognormal_lambda4.5x_cv5/lognormal_lambda4.5x_cv5.png"
}