{
  "PPR": 6.215210355987055,
  "TPI": 0.4076065470071954,
  "OV_block_step": 13323843,
  "OV_frac": 0.5682405973710332,
  "GE2_frac": 0.20234047600221397,
  "peak_blocks": 3841,
  "peak_step": 6220,
  "gpu_blocks": 618,
  "total_steps": 37941,
  "type1_count": 28,
  "type2_count": 18,
  "plot_path": "traces/requests_types_32k/all_traces_arrival_rate_CV/SS00_SM00_SL00_MS00_MM00_ML00_LS33_LM66_LL01/lognormal_lambda2.5x_cv4/lognormal_lambda2.5x_cv4.png"
}