{
  "PPR": 2.449675324675325,
  "TPI": 0.3408706594832671,
  "OV_block_step": 4286266,
  "OV_frac": 0.13681670584714353,
  "GE2_frac": 0.023555782767706163,
  "peak_blocks": 1509,
  "peak_step": 40495,
  "gpu_blocks": 616,
  "total_steps": 50858,
  "type1_count": 94,
  "type2_count": 47,
  "plot_path": "traces/requests_types_32k/all_traces_arrival_rate_CV/SS18_SM08_SL17_MS21_MM06_ML10_LS10_LM03_LL07/lognormal_lambda2.0x_cv5/lognormal_lambda2.0x_cv5.png"
}