{
  "PPR": 2.9630331753554504,
  "TPI": 0.588586179873692,
  "OV_block_step": 89423996,
  "OV_frac": 0.3907347140394951,
  "GE2_frac": 0.12025999170239247,
  "peak_blocks": 6252,
  "peak_step": 19027,
  "gpu_blocks": 2110,
  "total_steps": 108465,
  "type1_count": 63,
  "type2_count": 37,
  "plot_path": "traces/requests_types_128k/all_traces_arrival_rate_CV/SS54_SM10_SL01_MS02_MM09_ML02_LS06_LM14_LL01/lognormal_lambda2.5x_cv1/lognormal_lambda2.5x_cv1.png"
}