{
  "PPR": 2.811859117253678,
  "TPI": 0.19867061511623846,
  "OV_block_step": 131587463,
  "OV_frac": 0.10783942385943779,
  "GE2_frac": 0.029041692171665648,
  "peak_blocks": 6307,
  "peak_step": 168072,
  "gpu_blocks": 2243,
  "total_steps": 544011,
  "type1_count": 68,
  "type2_count": 48,
  "plot_path": "traces/requests_types_128k/all_traces_arrival_rate_CV/SS15_SM02_SL11_MS22_MM03_ML32_LS00_LM00_LL14/lognormal_lambda1.0x_cv1/lognormal_lambda1.0x_cv1.png"
}