{
  "PPR": 4.112810707456979,
  "TPI": 0.8492419806103195,
  "OV_block_step": 7878646,
  "OV_frac": 0.9801765043909626,
  "GE2_frac": 0.5123300149651897,
  "peak_blocks": 2151,
  "peak_step": 3122,
  "gpu_blocks": 523,
  "total_steps": 15369,
  "type1_count": 44,
  "type2_count": 21,
  "plot_path": "traces/requests_types_32k/all_traces_arrival_rate_CV/SS06_SM01_SL07_MS08_MM02_ML49_LS05_LM19_LL03/lognormal_lambda4.5x_cv6/lognormal_lambda4.5x_cv6.png"
}