{
  "batch_size": 4,
  "max_model_len": 32384,
  "num_gpu_blocks_override": 2296,
  "arrival_pattern": "TokenScaledArrival(scale=05)",
  "vocab": [200, 30000],
  "requests": {
    "request_0": {"category": "LS_I3264-4912_O192-304", "input_length": 3426, "output_length": 265, "arrival_time": 0, "sched_time": 0, "wait_time": 0, "slo": 0.053217047371312484},
    "request_1": {"category": "LS_I3264-4912_O400-608", "input_length": 3350, "output_length": 566, "arrival_time": 0, "sched_time": 0, "wait_time": 0, "slo": 0.05344243958750248},
    "request_2": {"category": "LS_I6544-9824_O400-608", "input_length": 9239, "output_length": 592, "arrival_time": 0, "sched_time": 0, "wait_time": 0, "slo": 0.059367750515341676},
    "request_3": {"category": "SS_I192-304_O816-1216", "input_length": 193, "output_length": 1089, "arrival_time": 0, "sched_time": 0, "wait_time": 0, "slo": 0.05080384804330494},
    "request_4": {"category": "LS_I3264-4912_O1632-2448", "input_length": 4234, "output_length": 1697, "arrival_time": 776, "sched_time": 776, "wait_time": 0, "slo": 0.055460952101381765},
    "request_5": {"category": "LL_I3264-4912_O6544-9824", "input_length": 3700, "output_length": 8963, "arrival_time": 970, "sched_time": 970, "wait_time": 0, "slo": 0.062204687209786405},
    "request_6": {"category": "SS_I816-1216_O192-304", "input_length": 849, "output_length": 236, "arrival_time": 1164, "sched_time": 1164, "wait_time": 0, "slo": 0.050606504636240814},
    "request_7": {"category": "SL_I1632-2448_O3264-4912", "input_length": 2157, "output_length": 3264, "arrival_time": 1358, "sched_time": 1358, "wait_time": 0, "slo": 0.05495006307801778},
    "request_8": {"category": "LS_I6544-9824_O1632-2448", "input_length": 8074, "output_length": 2012, "arrival_time": 1552, "sched_time": 1552, "wait_time": 0, "slo": 0.05962319502702367},
    "request_9": {"category": "LL_I13104-19648_O6544-9824", "input_length": 19430, "output_length": 7692, "arrival_time": 1746, "sched_time": 2474, "wait_time": 728, "slo": 0.076688891893747},
    "request_10": {"category": "LS_I3264-4912_O192-304", "input_length": 3965, "output_length": 219, "arrival_time": 1941, "sched_time": 3565, "wait_time": 1624, "slo": 0.05371090676056434},
    "request_11": {"category": "SL_I1632-2448_O3264-4912", "input_length": 2047, "output_length": 4545, "arrival_time": 2135, "sched_time": 3785, "wait_time": 1650, "slo": 0.05612310434538882},
    "request_12": {"category": "SS_I1632-2448_O192-304", "input_length": 2335, "output_length": 202, "arrival_time": 2329, "sched_time": 4623, "wait_time": 2294, "slo": 0.05206103573805358},
    "request_13": {"category": "SL_I1632-2448_O3264-4912", "input_length": 2305, "output_length": 4791, "arrival_time": 2523, "sched_time": 4826, "wait_time": 2303, "slo": 0.05662798290965441},
    "request_14": {"category": "LS_I6544-9824_O192-304", "input_length": 8059, "output_length": 294, "arrival_time": 2717, "sched_time": 8331, "wait_time": 5614, "slo": 0.057887174090769176},
    "request_15": {"category": "LS_I6544-9824_O816-1216", "input_length": 7940, "output_length": 1087, "arrival_time": 2911, "sched_time": 8626, "wait_time": 5715, "slo": 0.058562348996156095},
    "request_16": {"category": "SL_I1632-2448_O6544-9824", "input_length": 2131, "output_length": 9162, "arrival_time": 3105, "sched_time": 9618, "wait_time": 6513, "slo": 0.06083229904898511},
    "request_17": {"category": "LS_I6544-9824_O192-304", "input_length": 7015, "output_length": 219, "arrival_time": 3299, "sched_time": 9714, "wait_time": 6415, "slo": 0.056766223468917604},
    "request_18": {"category": "LS_I3264-4912_O1632-2448", "input_length": 3821, "output_length": 2242, "arrival_time": 3493, "sched_time": 9934, "wait_time": 6441, "slo": 0.05559318220154656},
    "request_19": {"category": "LS_I3264-4912_O192-304", "input_length": 4799, "output_length": 271, "arrival_time": 3688, "sched_time": 9934, "wait_time": 6246, "slo": 0.05459845122076139},
    "request_20": {"category": "LS_I6544-9824_O1632-2448", "input_length": 7367, "output_length": 1897, "arrival_time": 3882, "sched_time": 10167, "wait_time": 6285, "slo": 0.05879976213054289},
    "request_21": {"category": "LS_I6544-9824_O192-304", "input_length": 7039, "output_length": 201, "arrival_time": 4076, "sched_time": 10206, "wait_time": 6130, "slo": 0.056772233928016},
    "request_22": {"category": "SL_I1632-2448_O6544-9824", "input_length": 1921, "output_length": 8649, "arrival_time": 4270, "sched_time": 10408, "wait_time": 6138, "slo": 0.060108038727627926},
    "request_23": {"category": "SS_I400-608_O1632-2448", "input_length": 607, "output_length": 1663, "arrival_time": 4464, "sched_time": 12065, "wait_time": 7601, "slo": 0.05179357030817479},
    "request_24": {"category": "LS_I6544-9824_O400-608", "input_length": 8272, "output_length": 491, "arrival_time": 4658, "sched_time": 12177, "wait_time": 7519, "slo": 0.0582978887958265},
    "request_25": {"category": "LS_I6544-9824_O400-608", "input_length": 8281, "output_length": 479, "arrival_time": 4852, "sched_time": 12669, "wait_time": 7817, "slo": 0.0582948835662773},
    "request_26": {"category": "LS_I3264-4912_O816-1216", "input_length": 3286, "output_length": 987, "arrival_time": 5046, "sched_time": 13149, "wait_time": 8103, "slo": 0.05380006190385727},
    "request_27": {"category": "LS_I6544-9824_O400-608", "input_length": 9395, "output_length": 416, "arrival_time": 5240, "sched_time": 13729, "wait_time": 8489, "slo": 0.059347715651680344},
    "request_28": {"category": "SS_I816-1216_O400-608", "input_length": 1080, "output_length": 476, "arrival_time": 5435, "sched_time": 14137, "wait_time": 8702, "slo": 0.051078325675465205},
    "request_29": {"category": "SL_I1632-2448_O13104-19648", "input_length": 1752, "output_length": 13453, "arrival_time": 5629, "sched_time": 14146, "wait_time": 8517, "slo": 0.06475111838114181},
    "request_30": {"category": "LS_I6544-9824_O1632-2448", "input_length": 7930, "output_length": 2066, "arrival_time": 5823, "sched_time": 14614, "wait_time": 8791, "slo": 0.05953303814054767},
    "request_31": {"category": "LS_I3264-4912_O400-608", "input_length": 4396, "output_length": 603, "arrival_time": 6017, "sched_time": 16681, "wait_time": 10664, "slo": 0.05452732745476366},
    "request_32": {"category": "SL_I816-1216_O13104-19648", "input_length": 1184, "output_length": 16235, "arrival_time": 6211, "sched_time": 17285, "wait_time": 11074, "slo": 0.06696897778845137},
    "request_33": {"category": "LS_I3264-4912_O816-1216", "input_length": 4483, "output_length": 1073, "arrival_time": 6405, "sched_time": 18781, "wait_time": 12376, "slo": 0.05508529840773178},
    "request_34": {"category": "LS_I3264-4912_O1632-2448", "input_length": 4184, "output_length": 1689, "arrival_time": 6599, "sched_time": 19058, "wait_time": 12459, "slo": 0.055402850996763904},
    "request_35": {"category": "LS_I3264-4912_O192-304", "input_length": 3937, "output_length": 207, "arrival_time": 6793, "sched_time": 19855, "wait_time": 13062, "slo": 0.05367083703324167},
    "request_36": {"category": "SL_I816-1216_O13104-19648", "input_length": 1146, "output_length": 17721, "arrival_time": 6987, "sched_time": 20063, "wait_time": 13076, "slo": 0.06841950191753186},
    "request_37": {"category": "SL_I816-1216_O13104-19648", "input_length": 913, "output_length": 19147, "arrival_time": 7182, "sched_time": 20748, "wait_time": 13566, "slo": 0.06961458153493037},
    "request_38": {"category": "SL_I1632-2448_O6544-9824", "input_length": 1781, "output_length": 9338, "arrival_time": 7376, "sched_time": 27600, "wait_time": 20224, "slo": 0.06065799573513151},
    "request_39": {"category": "LS_I6544-9824_O1632-2448", "input_length": 9150, "output_length": 2366, "arrival_time": 7570, "sched_time": 33521, "wait_time": 25951, "slo": 0.06105568777880897},
    "request_40": {"category": "SL_I816-1216_O13104-19648", "input_length": 1205, "output_length": 19361, "arrival_time": 7764,