{
  "PPR": 3.0249110320284696,
  "TPI": 0.1358784893267652,
  "OV_block_step": 514963,
  "OV_frac": 0.06269186305847246,
  "GE2_frac": 0.016865079365079364,
  "peak_blocks": 850,
  "peak_step": 19204,
  "gpu_blocks": 281,
  "total_steps": 29232,
  "type1_count": 33,
  "type2_count": 45,
  "plot_path": "traces/requests_types_16k/all_traces_arrival_rate_CV/SS00_SM06_SL06_MS06_MM39_ML00_LS06_LM18_LL19/lognormal_lambda2.5x_cv4/lognormal_lambda2.5x_cv4.png"
}