{
  "PPR": 7.613893376413571,
  "TPI": 0.8830515184075101,
  "OV_block_step": 18377180,
  "OV_frac": 1.6789287777377522,
  "GE2_frac": 0.6200305378046711,
  "peak_blocks": 4713,
  "peak_step": 14678,
  "gpu_blocks": 619,
  "total_steps": 17683,
  "type1_count": 25,
  "type2_count": 18,
  "plot_path": "traces/requests_types_32k/all_traces_arrival_rate_CV/SS00_SM00_SL00_MS00_MM00_ML00_LS00_LM00_LL100/lognormal_lambda4.0x_cv1/lognormal_lambda4.0x_cv1.png"
}