{
  "PPR": 3.08203125,
  "TPI": 0.4221778675216908,
  "OV_block_step": 92863766,
  "OV_frac": 0.3518140030933524,
  "GE2_frac": 0.15947907149964793,
  "peak_blocks": 4734,
  "peak_step": 128720,
  "gpu_blocks": 1536,
  "total_steps": 171847,
  "type1_count": 86,
  "type2_count": 35,
  "plot_path": "traces/requests_types_48k/all_traces_arrival_rate_CV/SS03_SM24_SL03_MS36_MM03_ML12_LS06_LM06_LL07/lognormal_lambda3.0x_cv1/lognormal_lambda3.0x_cv1.png"
}