{
  "PPR": 4.6,
  "TPI": 0.8298627002288329,
  "OV_block_step": 1365622,
  "OV_frac": 1.0775838396591177,
  "GE2_frac": 0.5090389016018306,
  "peak_blocks": 667,
  "peak_step": 4002,
  "gpu_blocks": 145,
  "total_steps": 8740,
  "type1_count": 61,
  "type2_count": 20,
  "plot_path": "traces/requests_types_8k/all_traces_arrival_rate_CV/SS05_SM02_SL22_MS01_MM07_ML11_LS31_LM03_LL19/lognormal_lambda3.0x_cv6/lognormal_lambda3.0x_cv6.png"
}