{
  "PPR": 2.608363636363636,
  "TPI": 0.16408747380231598,
  "OV_block_step": 22414048,
  "OV_frac": 0.05751538630798533,
  "GE2_frac": 0.015305798420729513,
  "peak_blocks": 7173,
  "peak_step": 130422,
  "gpu_blocks": 2750,
  "total_steps": 141711,
  "type1_count": 23,
  "type2_count": 47,
  "plot_path": "traces/sy_requests/all_traces_arrival_rate_CV/SS00_SM00_SL00_MS00_MM00_ML00_LS33_LM66_LL01/lognormal_lambda1.0x_cv1/lognormal_lambda1.0x_cv1.png"
}