{
  "PPR": 1.9111922141119222,
  "TPI": 0.4701934349355217,
  "OV_block_step": 37604965,
  "OV_frac": 0.22346684546407936,
  "GE2_frac": 0.0,
  "peak_blocks": 9426,
  "peak_step": 20216,
  "gpu_blocks": 4932,
  "total_steps": 34120,
  "type1_count": 43,
  "type2_count": 15,
  "plot_path": "traces/request_types/SS25_SL00_LS75_LL00/uni05/uni05_ml_ov22.png"
}