{
  "PPR": 5.5082236842105265,
  "TPI": 0.6816451257389039,
  "OV_block_step": 35386653,
  "OV_frac": 1.4578131426684384,
  "GE2_frac": 0.5038823765153793,
  "peak_blocks": 3349,
  "peak_step": 32385,
  "gpu_blocks": 608,
  "total_steps": 39924,
  "type1_count": 28,
  "type2_count": 14,
  "plot_path": "traces/requests_types_32k/all_traces_arrival_rate_CV/SS10_SM00_SL12_MS50_MM04_ML04_LS04_LM08_LL09/lognormal_lambda5.0x_cv7/lognormal_lambda5.0x_cv7.png"
}