{
  "PPR": 3.9724025974025974,
  "TPI": 0.7122573264694997,
  "OV_block_step": 9623784,
  "OV_frac": 0.525656134518555,
  "GE2_frac": 0.1839440126509875,
  "peak_blocks": 2447,
  "peak_step": 11466,
  "gpu_blocks": 616,
  "total_steps": 29721,
  "type1_count": 102,
  "type2_count": 24,
  "plot_path": "traces/requests_types_32k/all_traces_arrival_rate_CV/SS18_SM08_SL17_MS21_MM06_ML10_LS10_LM03_LL07/lognormal_lambda4.0x_cv5/lognormal_lambda4.0x_cv5.png"
}