{
  "PPR": 2.9172413793103447,
  "TPI": 0.30067868916036455,
  "OV_block_step": 513045,
  "OV_frac": 0.1372209183366432,
  "GE2_frac": 0.01605584642233857,
  "peak_blocks": 423,
  "peak_step": 6309,
  "gpu_blocks": 145,
  "total_steps": 25785,
  "type1_count": 103,
  "type2_count": 55,
  "plot_path": "traces/requests_types_8k/all_traces_arrival_rate_CV/SS05_SM02_SL22_MS01_MM07_ML11_LS31_LM03_LL19/lognormal_lambda1.5x_cv1/lognormal_lambda1.5x_cv1.png"
}