{
  "PPR": 3.5231316725978647,
  "TPI": 0.13008342590777408,
  "OV_block_step": 3225264,
  "OV_frac": 0.12500607537935365,
  "GE2_frac": 0.05517436668191422,
  "peak_blocks": 1980,
  "peak_step": 40915,
  "gpu_blocks": 562,
  "total_steps": 45909,
  "type1_count": 30,
  "type2_count": 7,
  "plot_path": "traces/requests_types_32k/all_traces_arrival_rate_CV/SS04_SM15_SL55_MS02_MM04_ML04_LS04_LM04_LL05/lognormal_lambda1.2x_cv7/lognormal_lambda1.2x_cv7.png"
}