{
  "PPR": 4.6118421052631575,
  "TPI": 0.5444515715202053,
  "OV_block_step": 459528,
  "OV_frac": 0.38783970831504677,
  "GE2_frac": 0.14073123797305964,
  "peak_blocks": 701,
  "peak_step": 2152,
  "gpu_blocks": 152,
  "total_steps": 7795,
  "type1_count": 67,
  "type2_count": 40,
  "plot_path": "traces/requests_types_8k/all_traces_arrival_rate_CV/SS00_SM06_SL06_MS06_MM39_ML00_LS06_LM18_LL19/lognormal_lambda2.5x_cv5/lognormal_lambda2.5x_cv5.png"
}