{
  "PPR": 3.6666666666666665,
  "TPI": 0.29037856349500185,
  "OV_block_step": 3121800,
  "OV_frac": 0.23606906664924393,
  "GE2_frac": 0.09653831914105887,
  "peak_blocks": 1122,
  "peak_step": 25140,
  "gpu_blocks": 306,
  "total_steps": 43216,
  "type1_count": 72,
  "type2_count": 39,
  "plot_path": "traces/requests_types_16k/all_traces_arrival_rate_CV/SS18_SM08_SL17_MS21_MM06_ML10_LS10_LM03_LL07/lognormal_lambda1.0x_cv4/lognormal_lambda1.0x_cv4.png"
}