{
  "PPR": 3.9515151515151516,
  "TPI": 0.10331663087568599,
  "OV_block_step": 302020,
  "OV_frac": 0.06239302731786626,
  "GE2_frac": 0.02692845212530252,
  "peak_blocks": 652,
  "peak_step": 16138,
  "gpu_blocks": 165,
  "total_steps": 29337,
  "type1_count": 35,
  "type2_count": 54,
  "plot_path": "traces/requests_types_8k/all_traces_arrival_rate_CV/SS06_SM03_SL09_MS03_MM03_ML06_LS03_LM03_LL64/lognormal_lambda1.0x_cv3/lognormal_lambda1.0x_cv3.png"
}