{
  "PPR": 2.2880352262374735,
  "TPI": 0.6793323514973,
  "OV_block_step": 96702398,
  "OV_frac": 0.3604080582709101,
  "GE2_frac": 0.033038782523318606,
  "peak_blocks": 15069,
  "peak_step": 19145,
  "gpu_blocks": 6586,
  "total_steps": 40740,
  "type1_count": 62,
  "type2_count": 18,
  "plot_path": "traces/request_types/SS00_SL50_LS00_LL50/per05/per05_md_ov36.png"
}