{
  "PPR": 1.934154793993069,
  "TPI": 0.6327442317133039,
  "OV_block_step": 64696633,
  "OV_frac": 0.20382969297239928,
  "GE2_frac": 0.0,
  "peak_blocks": 15069,
  "peak_step": 19145,
  "gpu_blocks": 7791,
  "total_steps": 40740,
  "type1_count": 88,
  "type2_count": 42,
  "plot_path": "traces/request_types/SS00_SL50_LS00_LL50/per05/per05_ml_ov21.png"
}