{
  "PPR": 3.85234375,
  "TPI": 0.25802430462485426,
  "OV_block_step": 45623791,
  "OV_frac": 0.11510815887057448,
  "GE2_frac": 0.029639628874901906,
  "peak_blocks": 4931,
  "peak_step": 100211,
  "gpu_blocks": 1280,
  "total_steps": 309653,
  "type1_count": 144,
  "type2_count": 77,
  "plot_path": "traces/request_types/all_traces/SS07_SL67_LS17_LL07/bim50/bim50_lo_ov11.png"
}