{
  "PPR": 7.004261363636363,
  "TPI": 0.536700758591068,
  "OV_block_step": 114816990,
  "OV_frac": 0.5266938002890625,
  "GE2_frac": 0.2052555602561577,
  "peak_blocks": 4931,
  "peak_step": 100211,
  "gpu_blocks": 704,
  "total_steps": 309653,
  "type1_count": 236,
  "type2_count": 87,
  "plot_path": "traces/request_types/all_traces/SS07_SL67_LS17_LL07/bim50/bim50_mh_ov52.png"
}