{
  "PPR": 4.825370675453048,
  "TPI": 0.25259872283153406,
  "OV_block_step": 7451947,
  "OV_frac": 0.1757779515231532,
  "GE2_frac": 0.040777755505283356,
  "peak_blocks": 2929,
  "peak_step": 54551,
  "gpu_blocks": 607,
  "total_steps": 69842,
  "type1_count": 57,
  "type2_count": 43,
  "plot_path": "traces/requests_types_32k/all_traces_arrival_rate_CV/SS07_SM08_SL06_MS09_MM09_ML09_LS07_LM08_LL38/lognormal_lambda1.2x_cv2/lognormal_lambda1.2x_cv2.png"
}