{
  "PPR": 1.9022730563196757,
  "TPI": 0.5010424254602999,
  "OV_block_step": 61242550,
  "OV_frac": 0.22272077174610946,
  "GE2_frac": 0.0,
  "peak_blocks": 13139,
  "peak_step": 23688,
  "gpu_blocks": 6907,
  "total_steps": 39811,
  "type1_count": 48,
  "type2_count": 16,
  "plot_path": "traces/request_types/SS00_SL00_LS100_LL00/tsa05/tsa05_ml_ov22.png"
}