{
  "PPR": 1.6469039859613939,
  "TPI": 0.46090276556730553,
  "OV_block_step": 40731939,
  "OV_frac": 0.12824426891114163,
  "GE2_frac": 0.0,
  "peak_blocks": 13139,
  "peak_step": 23688,
  "gpu_blocks": 7978,
  "total_steps": 39811,
  "type1_count": 77,
  "type2_count": 25,
  "plot_path": "traces/request_types/SS00_SL00_LS100_LL00/tsa05/tsa05_lo_ov13.png"
}