{
  "PPR": 2.083203125,
  "TPI": 0.16117772107085104,
  "OV_block_step": 28115344,
  "OV_frac": 0.045422067381063656,
  "GE2_frac": 0.0017453234018090153,
  "peak_blocks": 5333,
  "peak_step": 89044,
  "gpu_blocks": 2560,
  "total_steps": 241789,
  "type1_count": 54,
  "type2_count": 62,
  "plot_path": "traces/request_types/SS00_SL00_LS50_LL50/bim50/bim50_vl_ov5.png"
}