{
  "PPR": 3.141891891891892,
  "TPI": 0.27035430815808853,
  "OV_block_step": 290747,
  "OV_frac": 0.1607484458519562,
  "GE2_frac": 0.06349725881679077,
  "peak_blocks": 465,
  "peak_step": 5101,
  "gpu_blocks": 148,
  "total_steps": 12221,
  "type1_count": 62,
  "type2_count": 38,
  "plot_path": "traces/requests_types_8k/all_traces_arrival_rate_CV/SS15_SM02_SL11_MS22_MM03_ML32_LS00_LM00_LL14/lognormal_lambda3.0x_cv4/lognormal_lambda3.0x_cv4.png"
}