{
  "PPR": 3.6862745098039214,
  "TPI": 0.34399790983801243,
  "OV_block_step": 7011974,
  "OV_frac": 0.29687573959887414,
  "GE2_frac": 0.1264785520877868,
  "peak_blocks": 2068,
  "peak_step": 38998,
  "gpu_blocks": 561,
  "total_steps": 42102,
  "type1_count": 60,
  "type2_count": 40,
  "plot_path": "traces/requests_types_32k/all_traces_arrival_rate_CV/SS11_SM11_SL11_MS11_MM11_ML11_LS11_LM11_LL11/lognormal_lambda1.0x_cv6/lognormal_lambda1.0x_cv6.png"
}