{
  "PPR": 4.481283422459893,
  "TPI": 0.35770568609356146,
  "OV_block_step": 10158841,
  "OV_frac": 0.4284908303256467,
  "GE2_frac": 0.1727124298999077,
  "peak_blocks": 2514,
  "peak_step": 26316,
  "gpu_blocks": 561,
  "total_steps": 42261,
  "type1_count": 29,
  "type2_count": 21,
  "plot_path": "traces/requests_types_32k/all_traces_arrival_rate_CV/SS11_SM11_SL11_MS11_MM11_ML11_LS11_LM11_LL11/lognormal_lambda3.5x_cv2/lognormal_lambda3.5x_cv2.png"
}