{
  "PPR": 2.70863309352518,
  "TPI": 0.18169069634953328,
  "OV_block_step": 387276,
  "OV_frac": 0.06104908789564168,
  "GE2_frac": 0.005828476269775187,
  "peak_blocks": 753,
  "peak_step": 15822,
  "gpu_blocks": 278,
  "total_steps": 22819,
  "type1_count": 36,
  "type2_count": 33,
  "plot_path": "traces/requests_types_16k/all_traces_arrival_rate_CV/SS07_SM02_SL09_MS02_MM02_ML07_LS02_LM57_LL10/lognormal_lambda1.0x_cv2/lognormal_lambda1.0x_cv2.png"
}