{
  "PPR": 3.142857142857143,
  "TPI": 0.1926794366480054,
  "OV_block_step": 930768,
  "OV_frac": 0.1669054014797494,
  "GE2_frac": 0.07659478321994326,
  "peak_blocks": 440,
  "peak_step": 4055,
  "gpu_blocks": 140,
  "total_steps": 39833,
  "type1_count": 87,
  "type2_count": 32,
  "plot_path": "traces/requests_types_8k/all_traces_arrival_rate_CV/SS06_SM02_SL13_MS06_MM04_ML06_LS51_LM09_LL05/lognormal_lambda2.0x_cv5/lognormal_lambda2.0x_cv5.png"
}