{
  "PPR": 3.060070671378092,
  "TPI": 0.5297637245053938,
  "OV_block_step": 8844844,
  "OV_frac": 0.34124411194022825,
  "GE2_frac": 0.1234004454732061,
  "peak_blocks": 1732,
  "peak_step": 24282,
  "gpu_blocks": 566,
  "total_steps": 45794,
  "type1_count": 80,
  "type2_count": 37,
  "plot_path": "traces/requests_types_32k/all_traces_arrival_rate_CV/SS00_SM06_SL06_MS06_MM39_ML00_LS06_LM18_LL19/lognormal_lambda1.0x_cv5/lognormal_lambda1.0x_cv5.png"
}