{
  "PPR": 3.244140625,
  "TPI": 0.2611121830349436,
  "OV_block_step": 36774383,
  "OV_frac": 0.12156456896285446,
  "GE2_frac": 0.01925400871304825,
  "peak_blocks": 4983,
  "peak_step": 60441,
  "gpu_blocks": 1536,
  "total_steps": 196946,
  "type1_count": 80,
  "type2_count": 71,
  "plot_path": "traces/request_types/SS24_SL23_LS23_LL28/bim50/bim50_lo_ov12.png"
}