{
  "PPR": 3.515151515151515,
  "TPI": 0.6436138014527845,
  "OV_block_step": 3070581,
  "OV_frac": 0.7822833357790985,
  "GE2_frac": 0.3955811138014528,
  "peak_blocks": 1044,
  "peak_step": 5597,
  "gpu_blocks": 297,
  "total_steps": 13216,
  "type1_count": 43,
  "type2_count": 22,
  "plot_path": "traces/requests_types_16k/all_traces_arrival_rate_CV/SS14_SM21_SL27_MS03_MM10_ML05_LS17_LM02_LL01/lognormal_lambda4.0x_cv3/lognormal_lambda4.0x_cv3.png"
}