{
  "PPR": 10.285454545454545,
  "TPI": 0.6834359111586834,
  "OV_block_step": 2858163,
  "OV_frac": 1.3905967353492106,
  "GE2_frac": 0.45624832753545624,
  "peak_blocks": 5657,
  "peak_step": 2285,
  "gpu_blocks": 550,
  "total_steps": 3737,
  "type1_count": 21,
  "type2_count": 14,
  "plot_path": "traces/requests_types_32k/all_traces_arrival_rate_CV/SS00_SM00_SL00_MS00_MM00_ML00_LS00_LM99_LL01/lognormal_lambda1.5x_cv6/lognormal_lambda1.5x_cv6.png"
}