{
  "PPR": 3.15177065767285,
  "TPI": 0.29040151262373487,
  "OV_block_step": 2307025,
  "OV_frac": 0.14423423485943004,
  "GE2_frac": 0.047084121158195234,
  "peak_blocks": 1869,
  "peak_step": 9029,
  "gpu_blocks": 593,
  "total_steps": 26973,
  "type1_count": 29,
  "type2_count": 41,
  "plot_path": "traces/requests_types_32k/all_traces_arrival_rate_CV/SS07_SM02_SL09_MS02_MM02_ML07_LS02_LM57_LL10/lognormal_lambda1.2x_cv3/lognormal_lambda1.2x_cv3.png"
}