{
  "PPR": 5.390545454545455,
  "TPI": 0.5530346527965415,
  "OV_block_step": 196404866,
  "OV_frac": 0.6030460624892535,
  "GE2_frac": 0.243658808430154,
  "peak_blocks": 14824,
  "peak_step": 91965,
  "gpu_blocks": 2750,
  "total_steps": 118432,
  "type1_count": 39,
  "type2_count": 32,
  "plot_path": "traces/sy_requests/all_traces_arrival_rate_CV/SS00_SM06_SL06_MS06_MM39_ML00_LS06_LM18_LL19/lognormal_lambda4.0x_cv1/lognormal_lambda4.0x_cv1.png"
}