{
  "PPR": 4.321428571428571,
  "TPI": 0.41942019950124687,
  "OV_block_step": 250462,
  "OV_frac": 0.348545488956181,
  "GE2_frac": 0.14697630922693267,
  "peak_blocks": 484,
  "peak_step": 1873,
  "gpu_blocks": 112,
  "total_steps": 6416,
  "type1_count": 42,
  "type2_count": 33,
  "plot_path": "traces/requests_types_8k/all_traces_arrival_rate_CV/SS03_SM42_SL05_MS03_MM05_ML25_LS13_LM02_LL00/lognormal_lambda4.0x_cv6/lognormal_lambda4.0x_cv6.png"
}