{
  "PPR": 4.793814432989691,
  "TPI": 0.7558239122987325,
  "OV_block_step": 4820036,
  "OV_frac": 1.4186106196044637,
  "GE2_frac": 0.5931825967797191,
  "peak_blocks": 1395,
  "peak_step": 4095,
  "gpu_blocks": 291,
  "total_steps": 11676,
  "type1_count": 25,
  "type2_count": 20,
  "plot_path": "traces/requests_types_16k/all_traces_arrival_rate_CV/SS11_SM02_SL03_MS00_MM36_ML08_LS16_LM20_LL04/lognormal_lambda4.0x_cv6/lognormal_lambda4.0x_cv6.png"
}