{
  "PPR": 5.900914634146342,
  "TPI": 0.9263314711359404,
  "OV_block_step": 19089286,
  "OV_frac": 2.1675621110959713,
  "GE2_frac": 0.8304655493482309,
  "peak_blocks": 3871,
  "peak_step": 6544,
  "gpu_blocks": 656,
  "total_steps": 13425,
  "type1_count": 10,
  "type2_count": 9,
  "plot_path": "traces/requests_types_32k/all_traces_arrival_rate_CV/SS02_SM02_SL02_MS01_MM01_ML02_LS01_LM03_LL86/lognormal_lambda5.0x_cv1/lognormal_lambda5.0x_cv1.png"
}