{
  "PPR": 4.1729452054794525,
  "TPI": 0.8589602277946174,
  "OV_block_step": 14895890,
  "OV_frac": 1.1714274345046436,
  "GE2_frac": 0.49205474419031875,
  "peak_blocks": 2437,
  "peak_step": 8878,
  "gpu_blocks": 584,
  "total_steps": 21774,
  "type1_count": 34,
  "type2_count": 10,
  "plot_path": "traces/requests_types_32k/all_traces_arrival_rate_CV/SS15_SM02_SL11_MS22_MM03_ML32_LS00_LM00_LL14/lognormal_lambda5.0x_cv2/lognormal_lambda5.0x_cv2.png"
}