{
  "PPR": 3.6026936026936025,
  "TPI": 0.8788024181940313,
  "OV_block_step": 3558327,
  "OV_frac": 1.1496880328086547,
  "GE2_frac": 0.6085788312062183,
  "peak_blocks": 1070,
  "peak_step": 3865,
  "gpu_blocks": 297,
  "total_steps": 10421,
  "type1_count": 31,
  "type2_count": 7,
  "plot_path": "traces/requests_types_16k/all_traces_arrival_rate_CV/SS14_SM21_SL27_MS03_MM10_ML05_LS17_LM02_LL01/lognormal_lambda5.0x_cv2/lognormal_lambda5.0x_cv2.png"
}