{
  "PPR": 2.5269097222222223,
  "TPI": 0.28142705433253923,
  "OV_block_step": 26597581,
  "OV_frac": 0.13253453087677672,
  "GE2_frac": 0.03032633965730031,
  "peak_blocks": 2911,
  "peak_step": 140825,
  "gpu_blocks": 1152,
  "total_steps": 174205,
  "type1_count": 98,
  "type2_count": 57,
  "plot_path": "traces/request_types/all_traces/SS32_SL30_LS30_LL05/bim50/bim50_lo_ov12.png"
}