{
  "PPR": 3.3333333333333335,
  "TPI": 0.6429056347589952,
  "OV_block_step": 100957501,
  "OV_frac": 0.5847213453501641,
  "GE2_frac": 0.2547522063815343,
  "peak_blocks": 16280,
  "peak_step": 19938,
  "gpu_blocks": 4884,
  "total_steps": 35352,
  "type1_count": 32,
  "type2_count": 8,
  "plot_path": "traces/request_types/SS22_SL19_LS47_LL09/poi05/poi05_mh_ov58.png"
}