{
  "PPR": 2.2104548540393756,
  "TPI": 0.4608225842950894,
  "OV_block_step": 53464685,
  "OV_frac": 0.2053431749617886,
  "GE2_frac": 0.03779135551029645,
  "peak_blocks": 16280,
  "peak_step": 19938,
  "gpu_blocks": 7365,
  "total_steps": 35352,
  "type1_count": 53,
  "type2_count": 21,
  "plot_path": "traces/request_types/SS22_SL19_LS47_LL09/poi05/poi05_ml_ov21.png"
}