{
  "PPR": 6.395833333333333,
  "TPI": 0.825857369975017,
  "OV_block_step": 7437594,
  "OV_frac": 1.2568530790694656,
  "GE2_frac": 0.507494889847831,
  "peak_blocks": 2149,
  "peak_step": 1272,
  "gpu_blocks": 336,
  "total_steps": 17612,
  "type1_count": 43,
  "type2_count": 27,
  "plot_path": "traces/requests_types_16k/all_traces_arrival_rate_CV/SS00_SM00_SL00_MS00_MM00_ML00_LS33_LM33_LL34/lognormal_lambda5.0x_cv5/lognormal_lambda5.0x_cv5.png"
}