{
  "PPR": 3.0677083333333335,
  "TPI": 0.33833761911964905,
  "OV_block_step": 57353034,
  "OV_frac": 0.20171583531640988,
  "GE2_frac": 0.07407567474123214,
  "peak_blocks": 4712,
  "peak_step": 51484,
  "gpu_blocks": 1536,
  "total_steps": 185108,
  "type1_count": 89,
  "type2_count": 37,
  "plot_path": "traces/requests_types_48k/all_traces_arrival_rate_CV/SS18_SM08_SL17_MS21_MM06_ML10_LS10_LM03_LL07/lognormal_lambda3.0x_cv1/lognormal_lambda3.0x_cv1.png"
}