{
  "PPR": 8.753246753246753,
  "TPI": 0.7421665174574754,
  "OV_block_step": 989744,
  "OV_frac": 1.917907815848729,
  "GE2_frac": 0.5371530886302597,
  "peak_blocks": 1348,
  "peak_step": 764,
  "gpu_blocks": 154,
  "total_steps": 3351,
  "type1_count": 15,
  "type2_count": 13,
  "plot_path": "traces/requests_types_8k/all_traces_arrival_rate_CV/SS00_SM00_SL00_MS00_MM00_ML00_LS00_LM33_LL67/lognormal_lambda5.0x_cv4/lognormal_lambda5.0x_cv4.png"
}