{
  "PPR": 2.8857142857142857,
  "TPI": 0.27854516545761704,
  "OV_block_step": 163720,
  "OV_frac": 0.11621072954671285,
  "GE2_frac": 0.03130279240783067,
  "peak_blocks": 404,
  "peak_step": 8242,
  "gpu_blocks": 140,
  "total_steps": 10063,
  "type1_count": 63,
  "type2_count": 38,
  "plot_path": "traces/requests_types_8k/all_traces_arrival_rate_CV/SS06_SM27_SL20_MS09_MM11_ML01_LS04_LM12_LL10/lognormal_lambda1.0x_cv7/lognormal_lambda1.0x_cv7.png"
}