{
  "PPR": 4.671255393466201,
  "TPI": 0.8844053398058253,
  "OV_block_step": 149091378,
  "OV_frac": 1.5490046773295885,
  "GE2_frac": 0.7560679611650486,
  "peak_blocks": 22735,
  "peak_step": 2326,
  "gpu_blocks": 4867,
  "total_steps": 19776,
  "type1_count": 11,
  "type2_count": 5,
  "plot_path": "traces/SS25_SL25_LS25_LL25/bim05/bim05_sv_ov1p5.png"
}