{
  "PPR": 5.72108843537415,
  "TPI": 0.9059421671433111,
  "OV_block_step": 1648020,
  "OV_frac": 1.781223452202616,
  "GE2_frac": 0.707658087067048,
  "peak_blocks": 1682,
  "peak_step": 2536,
  "gpu_blocks": 294,
  "total_steps": 3147,
  "type1_count": 14,
  "type2_count": 8,
  "plot_path": "traces/requests_types_16k/all_traces_arrival_rate_CV/SS00_SM00_SL00_MS00_MM00_ML00_LS00_LM66_LL34/lognormal_lambda3.5x_cv1/lognormal_lambda3.5x_cv1.png"
}