{
  "PPR": 3.8061818181818183,
  "TPI": 0.21429788754883192,
  "OV_block_step": 237376127,
  "OV_frac": 0.14282432030160983,
  "GE2_frac": 0.04901310292222136,
  "peak_blocks": 10467,
  "peak_step": 184014,
  "gpu_blocks": 2750,
  "total_steps": 604369,
  "type1_count": 67,
  "type2_count": 58,
  "plot_path": "traces/sy_requests/all_traces_arrival_rate_CV/SS00_SM00_SL00_MS00_MM00_ML00_LS33_LM00_LL67/lognormal_lambda1.0x_cv1/lognormal_lambda1.0x_cv1.png"
}