{
  "PPR": 4.186594202898551,
  "TPI": 0.7591023082977906,
  "OV_block_step": 91349637,
  "OV_frac": 1.0097718112241176,
  "GE2_frac": 0.47300884145783373,
  "peak_blocks": 6933,
  "peak_step": 43469,
  "gpu_blocks": 1656,
  "total_steps": 54629,
  "type1_count": 30,
  "type2_count": 40,
  "plot_path": "traces/requests_types_64k/all_traces_arrival_rate_CV/SS00_SM00_SL00_MS00_MM00_ML00_LS00_LM99_LL01/lognormal_lambda3.5x_cv1/lognormal_lambda3.5x_cv1.png"
}