{
  "PPR": 4.0,
  "TPI": 0.5462750032542196,
  "OV_block_step": 17411553,
  "OV_frac": 0.6380745236819237,
  "GE2_frac": 0.3250531522540895,
  "peak_blocks": 2368,
  "peak_step": 6641,
  "gpu_blocks": 592,
  "total_steps": 46094,
  "type1_count": 39,
  "type2_count": 18,
  "plot_path": "traces/requests_types_32k/all_traces_arrival_rate_CV/SS06_SM02_SL13_MS06_MM04_ML06_LS51_LM09_LL05/lognormal_lambda2.5x_cv5/lognormal_lambda2.5x_cv5.png"
}