{
  "PPR": 5.204152249134948,
  "TPI": 0.7070604455409621,
  "OV_block_step": 3873378,
  "OV_frac": 0.9725485843931856,
  "GE2_frac": 0.3926420433930774,
  "peak_blocks": 1504,
  "peak_step": 7663,
  "gpu_blocks": 289,
  "total_steps": 13781,
  "type1_count": 41,
  "type2_count": 13,
  "plot_path": "traces/requests_types_16k/all_traces_arrival_rate_CV/SS19_SM26_SL11_MS14_MM09_ML02_LS10_LM01_LL08/lognormal_lambda5.0x_cv6/lognormal_lambda5.0x_cv6.png"
}