{
  "PPR": 7.5386064030131825,
  "TPI": 0.8908441316056098,
  "OV_block_step": 26623256,
  "OV_frac": 2.6735966815303276,
  "GE2_frac": 0.823174958673279,
  "peak_blocks": 4003,
  "peak_step": 14351,
  "gpu_blocks": 531,
  "total_steps": 18753,
  "type1_count": 17,
  "type2_count": 6,
  "plot_path": "traces/requests_types_32k/all_traces_arrival_rate_CV/SS03_SM24_SL03_MS36_MM03_ML12_LS06_LM06_LL07/lognormal_lambda5.0x_cv7/lognormal_lambda5.0x_cv7.png"
}