{
  "PPR": 2.7379679144385025,
  "TPI": 0.3192082990038199,
  "OV_block_step": 5646926,
  "OV_frac": 0.1884844159029393,
  "GE2_frac": 0.07621151973634933,
  "peak_blocks": 1536,
  "peak_step": 52254,
  "gpu_blocks": 561,
  "total_steps": 53404,
  "type1_count": 77,
  "type2_count": 53,
  "plot_path": "traces/requests_types_32k/all_traces_arrival_rate_CV/SS11_SM11_SL11_MS11_MM11_ML11_LS11_LM11_LL11/lognormal_lambda2.0x_cv3/lognormal_lambda2.0x_cv3.png"
}