{
  "PPR": 6.757142857142857,
  "TPI": 0.7645833333333333,
  "OV_block_step": 1613822,
  "OV_frac": 1.5009505208333334,
  "GE2_frac": 0.545703125,
  "peak_blocks": 946,
  "peak_step": 3115,
  "gpu_blocks": 140,
  "total_steps": 7680,
  "type1_count": 45,
  "type2_count": 20,
  "plot_path": "traces/requests_types_8k/all_traces_arrival_rate_CV/SS06_SM02_SL13_MS06_MM04_ML06_LS51_LM09_LL05/lognormal_lambda5.0x_cv3/lognormal_lambda5.0x_cv3.png"
}