{
  "PPR": 5.738993710691824,
  "TPI": 0.7265724381625441,
  "OV_block_step": 5785566,
  "OV_frac": 1.2857670511367425,
  "GE2_frac": 0.4340636042402827,
  "peak_blocks": 1825,
  "peak_step": 8948,
  "gpu_blocks": 318,
  "total_steps": 14150,
  "type1_count": 37,
  "type2_count": 23,
  "plot_path": "traces/requests_types_16k/all_traces_arrival_rate_CV/SS00_SM00_SL00_MS00_MM00_ML00_LS33_LM00_LL67/lognormal_lambda4.5x_cv6/lognormal_lambda4.5x_cv6.png"
}