{
  "PPR": 3.6832895888014,
  "TPI": 0.6926442080997538,
  "OV_block_step": 147881129,
  "OV_frac": 0.8473032391030233,
  "GE2_frac": 0.391549221983549,
  "peak_blocks": 16840,
  "peak_step": 21639,
  "gpu_blocks": 4572,
  "total_steps": 38174,
  "type1_count": 33,
  "type2_count": 7,
  "plot_path": "traces/request_types/SS12_SL06_LS43_LL37/poi05/poi05_hi_ov85.png"
}