{
  "PPR": 2.7204301075268815,
  "TPI": 0.06538941716495668,
  "OV_block_step": 1242508,
  "OV_frac": 0.04180411046321045,
  "GE2_frac": 0.019046099257493124,
  "peak_blocks": 759,
  "peak_step": 17710,
  "gpu_blocks": 279,
  "total_steps": 106531,
  "type1_count": 55,
  "type2_count": 30,
  "plot_path": "traces/requests_types_16k/all_traces_arrival_rate_CV/SS03_SM24_SL03_MS36_MM03_ML12_LS06_LM06_LL07/lognormal_lambda1.0x_cv6/lognormal_lambda1.0x_cv6.png"
}