{
  "PPR": 3.6556363636363636,
  "TPI": 0.755111658167751,
  "OV_block_step": 219609900,
  "OV_frac": 0.5616890835557972,
  "GE2_frac": 0.15843854404782837,
  "peak_blocks": 10053,
  "peak_step": 89381,
  "gpu_blocks": 2750,
  "total_steps": 142175,
  "type1_count": 82,
  "type2_count": 28,
  "plot_path": "traces/requests_types_96k/all_traces_arrival_rate_CV/SS18_SM08_SL17_MS21_MM06_ML10_LS10_LM03_LL07/lognormal_lambda3.5x_cv1/lognormal_lambda3.5x_cv1.png"
}