{
  "PPR": 2.9054054054054053,
  "TPI": 0.4602798858177261,
  "OV_block_step": 568885,
  "OV_frac": 0.2676194087285085,
  "GE2_frac": 0.07484508807352225,
  "peak_blocks": 430,
  "peak_step": 3173,
  "gpu_blocks": 148,
  "total_steps": 14363,
  "type1_count": 95,
  "type2_count": 46,
  "plot_path": "traces/requests_types_8k/all_traces_arrival_rate_CV/SS01_SM18_SL11_MS32_MM14_ML02_LS14_LM07_LL01/lognormal_lambda3.0x_cv1/lognormal_lambda3.0x_cv1.png"
}