{
  "PPR": 3.2967032967032965,
  "TPI": 0.75139496305233,
  "OV_block_step": 2756395,
  "OV_frac": 0.7613244594846164,
  "GE2_frac": 0.3813150354396019,
  "peak_blocks": 900,
  "peak_step": 4761,
  "gpu_blocks": 273,
  "total_steps": 13262,
  "type1_count": 68,
  "type2_count": 34,
  "plot_path": "traces/requests_types_16k/all_traces_arrival_rate_CV/SS18_SM04_SL04_MS07_MM51_ML04_LS07_LM02_LL03/lognormal_lambda4.0x_cv4/lognormal_lambda4.0x_cv4.png"
}