{
  "PPR": 3.2552083333333335,
  "TPI": 0.6104497498962451,
  "OV_block_step": 73104186,
  "OV_frac": 0.5197993828635241,
  "GE2_frac": 0.2599768462899456,
  "peak_blocks": 5000,
  "peak_step": 36118,
  "gpu_blocks": 1536,
  "total_steps": 91562,
  "type1_count": 72,
  "type2_count": 38,
  "plot_path": "traces/requests_types_48k/all_traces_arrival_rate_CV/SS11_SM11_SL11_MS11_MM11_ML11_LS11_LM11_LL11/lognormal_lambda4.0x_cv1/lognormal_lambda4.0x_cv1.png"
}