{
  "PPR": 1.6290726817042607,
  "TPI": 0.04844602523621142,
  "OV_block_step": 7065617,
  "OV_frac": 0.013389583471860308,
  "GE2_frac": 0.0,
  "peak_blocks": 2600,
  "peak_step": 293438,
  "gpu_blocks": 1596,
  "total_steps": 330636,
  "type1_count": 22,
  "type2_count": 14,
  "plot_path": "traces/SS24_SL23_LS23_LL28/bur05/bur05_sk_ov2.png"
}