{
  "PPR": 4.859060402684563,
  "TPI": 0.830017233275889,
  "OV_block_step": 989558,
  "OV_frac": 1.0404713863481752,
  "GE2_frac": 0.4460285132382892,
  "peak_blocks": 724,
  "peak_step": 2359,
  "gpu_blocks": 149,
  "total_steps": 6383,
  "type1_count": 53,
  "type2_count": 22,
  "plot_path": "traces/requests_types_8k/all_traces_arrival_rate_CV/SS11_SM02_SL03_MS00_MM36_ML08_LS16_LM20_LL04/lognormal_lambda2.5x_cv7/lognormal_lambda2.5x_cv7.png"
}