{
  "PPR": 4.087786259541985,
  "TPI": 0.45335061755068234,
  "OV_block_step": 6801933,
  "OV_frac": 0.4674224251175302,
  "GE2_frac": 0.17172590111987324,
  "peak_blocks": 2142,
  "peak_step": 19570,
  "gpu_blocks": 524,
  "total_steps": 27771,
  "type1_count": 40,
  "type2_count": 31,
  "plot_path": "traces/requests_types_32k/all_traces_arrival_rate_CV/SS03_SM42_SL05_MS03_MM05_ML25_LS13_LM02_LL00/lognormal_lambda4.5x_cv3/lognormal_lambda4.5x_cv3.png"
}