{
  "PPR": 1.4080435093745527,
  "TPI": 0.27381841596909207,
  "OV_block_step": 12253324,
  "OV_frac": 0.04517016838649203,
  "GE2_frac": 0.0,
  "peak_blocks": 9838,
  "peak_step": 21329,
  "gpu_blocks": 6987,
  "total_steps": 38825,
  "type1_count": 44,
  "type2_count": 29,
  "plot_path": "traces/request_types/SS30_SL52_LS11_LL05/poi05/poi05_vl_ov5.png"
}