{
  "PPR": 6.276595744680851,
  "TPI": 0.8398446833930705,
  "OV_block_step": 27458461,
  "OV_frac": 1.3422998218639948,
  "GE2_frac": 0.49241338112305855,
  "peak_blocks": 3835,
  "peak_step": 12416,
  "gpu_blocks": 611,
  "total_steps": 33480,
  "type1_count": 48,
  "type2_count": 19,
  "plot_path": "traces/request_types_request_52_for_both_dyn_arrival_rate_CV/all_traces_arrival_rate_CV/SS06_SM02_SL13_MS06_MM04_ML06_LS51_LM09_LL05/lognormal_lambda5.0x_cv4/lognormal_lambda5.0x_cv4.png"
}