{
  "PPR": 3.689004429039091,
  "TPI": 0.8642176997759522,
  "OV_block_step": 166591397,
  "OV_frac": 1.4973857225365277,
  "GE2_frac": 0.78010642270351,
  "peak_blocks": 19157,
  "peak_step": 2248,
  "gpu_blocks": 5193,
  "total_steps": 21424,
  "type1_count": 18,
  "type2_count": 6,
  "plot_path": "traces/SS00_SL00_LS100_LL00/bim05/bim05_sv_ov1p5.png"
}