{
  "PPR": 4.100328947368421,
  "TPI": 0.7951775943614949,
  "OV_block_step": 26005502,
  "OV_frac": 0.7933266667317463,
  "GE2_frac": 0.3406844106463878,
  "peak_blocks": 2493,
  "peak_step": 33666,
  "gpu_blocks": 608,
  "total_steps": 53915,
  "type1_count": 96,
  "type2_count": 26,
  "plot_path": "traces/requests_types_32k/all_traces_arrival_rate_CV/SS10_SM00_SL12_MS50_MM04_ML04_LS04_LM08_LL09/lognormal_lambda3.0x_cv5/lognormal_lambda3.0x_cv5.png"
}