{
  "PPR": 2.8125,
  "TPI": 0.32695740882427954,
  "OV_block_step": 228095,
  "OV_frac": 0.2596993751593981,
  "GE2_frac": 0.1122162713593471,
  "peak_blocks": 315,
  "peak_step": 4568,
  "gpu_blocks": 112,
  "total_steps": 7842,
  "type1_count": 36,
  "type2_count": 16,
  "plot_path": "traces/requests_types_8k/all_traces_arrival_rate_CV/SS03_SM42_SL05_MS03_MM05_ML25_LS13_LM02_LL00/lognormal_lambda1.0x_cv6/lognormal_lambda1.0x_cv6.png"
}