{
  "PPR": 2.47664603263928,
  "TPI": 0.10216564211861272,
  "OV_block_step": 37042683,
  "OV_frac": 0.04589688133059121,
  "GE2_frac": 0.013276557518538743,
  "peak_blocks": 4401,
  "peak_step": 87239,
  "gpu_blocks": 1777,
  "total_steps": 454184,
  "type1_count": 51,
  "type2_count": 35,
  "plot_path": "traces/requests_types_64k/all_traces_arrival_rate_CV/SS04_SM15_SL55_MS02_MM04_ML04_LS04_LM04_LL05/lognormal_lambda1.0x_cv1/lognormal_lambda1.0x_cv1.png"
}