{
  "batch_size": 4,
  "max_model_len": 32384,
  "num_gpu_blocks_override": 3796,
  "arrival_pattern": "BimodalArrival(l1=0.007359597282836684,l2=0.1,p=0.7,max=19411)",
  "vocab": [200, 30000],
  "requests": {
    "request_0": {"category": "LS_I3264-4912_O192-304", "input_length": 3426, "output_length": 265, "arrival_time": 0, "sched_time": 0, "wait_time": 0, "slo": 0.053217047371312484},
    "request_1": {"category": "LS_I3264-4912_O400-608", "input_length": 3350, "output_length": 566, "arrival_time": 0, "sched_time": 0, "wait_time": 0, "slo": 0.05344243958750248},
    "request_2": {"category": "LS_I6544-9824_O400-608", "input_length": 9239, "output_length": 592, "arrival_time": 0, "sched_time": 0, "wait_time": 0, "slo": 0.059367750515341676},
    "request_3": {"category": "SS_I192-304_O816-1216", "input_length": 193, "output_length": 1089, "arrival_time": 0, "sched_time": 0, "wait_time": 0, "slo": 0.05080384804330494},
    "request_4": {"category": "LS_I3264-4912_O1632-2448", "input_length": 4234, "output_length": 1697, "arrival_time": 121, "sched_time": 266, "wait_time": 145, "slo": 0.055460952101381765},
    "request_5": {"category": "LL_I3264-4912_O6544-9824", "input_length": 3700, "output_length": 8963, "arrival_time": 121, "sched_time": 567, "wait_time": 446, "slo": 0.062204687209786405},
    "request_6": {"category": "SS_I816-1216_O192-304", "input_length": 849, "output_length": 236, "arrival_time": 124, "sched_time": 593, "wait_time": 469, "slo": 0.050606504636240814},
    "request_7": {"category": "SL_I1632-2448_O3264-4912", "input_length": 2157, "output_length": 3264, "arrival_time": 144, "sched_time": 830, "wait_time": 686, "slo": 0.05495006307801778},
    "request_8": {"category": "LS_I6544-9824_O1632-2448", "input_length": 8074, "output_length": 2012, "arrival_time": 158, "sched_time": 1090, "wait_time": 932, "slo": 0.05962319502702367},
    "request_9": {"category": "LL_I13104-19648_O6544-9824", "input_length": 19430, "output_length": 7692, "arrival_time": 193, "sched_time": 1964, "wait_time": 1771, "slo": 0.076688891893747},
    "request_10": {"category": "LS_I3264-4912_O192-304", "input_length": 3965, "output_length": 219, "arrival_time": 230, "sched_time": 3103, "wait_time": 2873, "slo": 0.05371090676056434},
    "request_11": {"category": "SL_I1632-2448_O3264-4912", "input_length": 2047, "output_length": 4545, "arrival_time": 285, "sched_time": 3323, "wait_time": 3038, "slo": 0.05612310434538882},
    "request_12": {"category": "SS_I1632-2448_O192-304", "input_length": 2335, "output_length": 202, "arrival_time": 296, "sched_time": 4095, "wait_time": 3799, "slo": 0.05206103573805358},
    "request_13": {"category": "SL_I1632-2448_O3264-4912", "input_length": 2305, "output_length": 4791, "arrival_time": 319, "sched_time": 4298, "wait_time": 3979, "slo": 0.05662798290965441},
    "request_14": {"category": "LS_I6544-9824_O192-304", "input_length": 8059, "output_length": 294, "arrival_time": 335, "sched_time": 7869, "wait_time": 7534, "slo": 0.057887174090769176},
    "request_15": {"category": "LS_I6544-9824_O816-1216", "input_length": 7940, "output_length": 1087, "arrival_time": 458, "sched_time": 8164, "wait_time": 7706, "slo": 0.058562348996156095},
    "request_16": {"category": "SL_I1632-2448_O6544-9824", "input_length": 2131, "output_length": 9162, "arrival_time": 480, "sched_time": 9090, "wait_time": 8610, "slo": 0.06083229904898511},
    "request_17": {"category": "LS_I6544-9824_O192-304", "input_length": 7015, "output_length": 219, "arrival_time": 485, "sched_time": 9252, "wait_time": 8767, "slo": 0.056766223468917604},
    "request_18": {"category": "LS_I3264-4912_O1632-2448", "input_length": 3821, "output_length": 2242, "arrival_time": 504, "sched_time": 9472, "wait_time": 8968, "slo": 0.05559318220154656},
    "request_19": {"category": "LS_I3264-4912_O192-304", "input_length": 4799, "output_length": 271, "arrival_time": 521, "sched_time": 9531, "wait_time": 9010, "slo": 0.05459845122076139},
    "request_20": {"category": "LS_I6544-9824_O1632-2448", "input_length": 7367, "output_length": 1897, "arrival_time": 632, "sched_time": 9657, "wait_time": 9025, "slo": 0.05879976213054289},
    "request_21": {"category": "LS_I6544-9824_O192-304", "input_length": 7039, "output_length": 201, "arrival_time": 632, "sched_time": 9803, "wait_time": 9171, "slo": 0.056772233928016},
    "request_22": {"category": "SL_I1632-2448_O6544-9824", "input_length": 1921, "output_length": 8649, "arrival_time": 637, "sched_time": 10005, "wait_time": 9368, "slo": 0.060108038727627926},
    "request_23": {"category": "SS_I400-608_O1632-2448", "input_length": 607, "output_length": 1663, "arrival_time": 642, "sched_time": 11555, "wait_time": 10913, "slo": 0.05179357030817479},
    "request_24": {"category": "LS_I6544-9824_O400-608", "input_length": 8272, "output_length": 491, "arrival_time": 731, "sched_time": 11715, "wait_time": 10984, "slo": 0.0582978887958265},
    "request_25": {"category": "LS_I6544-9824_O400-608", "input_length": 8281, "output_length": 479, "arrival_time": 745, "sched_time": 12207, "wait_time": 11462, "slo": 0.0582948835662773},
    "request_26": {"category": "LS_I3264-4912_O816-1216", "input_length": 3286, "output_length": 987, "arrival_time": 778, "sched_time": 12687, "wait_time": 11909, "slo": 0.05380006190385727},
    "request_27": {"category": "LS_I6544-9824_O400-608", "input_length": 9395, "output_length": 416, "arrival_time": 864, "sched_time": 13219, "wait_time": 12355, "slo": 0.059347715651680344},
    "request_28": {"category": "SS_I816-1216_O400-608", "input_length": 1080, "output_length": 476, "arrival_time": 887, "sched_time": 13636, "wait_time": 12749, "slo": 0.051078325675465205},
    "request_29": {"category": "SL_I1632-2448_O13104-19648", "input_length": 1752, "output_length": 13453, "arrival_time": 956, "sched_time": 13675, "wait_time": 12719, "slo": 0.06475111838114181},
    "request_30": {"category": "LS_I6544-9824_O1632-2448", "input_length": 7930, "output_length": 2066, "arrival_time": 1010, "sched_time": 14113, "wait_time": 13103, "slo": 0.05953303814054767},
    "request_31": {"category": "LS_I3264-4912_O400-608", "input_length": 4396, "output_length": 603, "arrival_time": 1013, "sched_time": 16180, "wait_time": 15167, "slo": 0.05452732745476366},
    "request_32": {"category": "SL_I816-1216_O13104-19648", "input_length": 1184, "output_length": 16235, "arrival_time": 1037, "sched_time": 16784, "wait_time": 15747, "slo": 0.06696897778845137},
    "request_33": {"category": "LS_I3264-4912_O816-1216", "input_length": 4483, "output_length": 1073, "arrival_time": 1040, "sched_time": 18253, "wait_time": 17213, "slo": 0.05508529840773178},
    "request_34": {"category": "LS_I3264-4912_O1632-2448", "input_length": 4184, "output_length": 1689, "arrival_time": 1047, "sched_time": 18655, "wait_time": 17608, "slo": 0.055402850996763904},
    "request_35": {"category": "LS_I3264-4912_O192-304", "input_length": 3937, "output_length": 207, "arrival_time": 1067, "sched_time": 19327, "wait_time": 18260, "slo": 0.05367083703324167},
    "request_36": {"category": "SL_I816-1216_O13104-19648", "input_length": 1146, "output_length": 17721, "arrival_time": 1107, "sched_time": 19535, "wait_time": 18428, "slo": 0.06841950191753186},
    "request_37": {"category": "SL_I816-1216_O13104-19648", "input_length": 913, "output_length": 19147, "arrival_time": 1113, "sched_time": 20345, "wait_time": 19232, "slo": 0.06961458153493037},
    "request_38": {"category": "SL_I1632-2448_O6544-9824", "input_length": 1781, "output_length": 9338, "arrival_time": 1166, "sched_time": 27129, "wait_time": 25963, "slo": 0.06065799573513151},
    "request_39": {"category": "LS_I6544-9824_O1632-2448", "input_length": 9150, "output_length": 2366, "arrival_time": 1178, "sched_time": 33020, "wait_time": 31842, "slo": 0.06105568777880897},
    "request_40": {"category": "SL_I816-1216_O13104-19648", "input_length": 1205, "output_length": 19361,