{
  "PPR": 5.268028846153846,
  "TPI": 0.502134272689598,
  "OV_block_step": 100904365,
  "OV_frac": 0.5026078941391182,
  "GE2_frac": 0.19748860339825944,
  "peak_blocks": 4383,
  "peak_step": 48180,
  "gpu_blocks": 832,
  "total_steps": 241300,
  "type1_count": 151,
  "type2_count": 84,
  "plot_path": "traces/request_types/SS28_SL29_LS27_LL15/bim50/bim50_mh_ov55.png"
}