{
  "PPR": 2.5345982142857144,
  "TPI": 0.18607475784167857,
  "OV_block_step": 30667774,
  "OV_frac": 0.07423606009448992,
  "GE2_frac": 0.021680381380378345,
  "peak_blocks": 4542,
  "peak_step": 20543,
  "gpu_blocks": 1792,
  "total_steps": 230531,
  "type1_count": 89,
  "type2_count": 62,
  "plot_path": "traces/request_types/SS00_SL00_LS75_LL25/bim50/bim50_lo_ov11.png"
}