{
  "PPR": 6.794425087108014,
  "TPI": 0.5680803571428571,
  "OV_block_step": 695287,
  "OV_frac": 0.6759494384644101,
  "GE2_frac": 0.25390625,
  "peak_blocks": 1950,
  "peak_step": 677,
  "gpu_blocks": 287,
  "total_steps": 3584,
  "type1_count": 26,
  "type2_count": 23,
  "plot_path": "traces/requests_types_16k/all_traces_arrival_rate_CV/SS00_SM00_SL00_MS00_MM00_ML00_LS00_LM99_LL01/lognormal_lambda2.0x_cv4/lognormal_lambda2.0x_cv4.png"
}