{
  "PPR": 4.453947368421052,
  "TPI": 0.7131515360717984,
  "OV_block_step": 668226,
  "OV_frac": 0.7587545191940847,
  "GE2_frac": 0.26216775975146706,
  "peak_blocks": 677,
  "peak_step": 1761,
  "gpu_blocks": 152,
  "total_steps": 5794,
  "type1_count": 43,
  "type2_count": 21,
  "plot_path": "traces/requests_types_8k/all_traces_arrival_rate_CV/SS00_SM06_SL06_MS06_MM39_ML00_LS06_LM18_LL19/lognormal_lambda5.0x_cv2/lognormal_lambda5.0x_cv2.png"
}