{
  "PPR": 1.463537012853117,
  "TPI": 0.2575614366729679,
  "OV_block_step": 28073244,
  "OV_frac": 0.05066071186421152,
  "GE2_frac": 0.0,
  "peak_blocks": 21293,
  "peak_step": 21308,
  "gpu_blocks": 14549,
  "total_steps": 38088,
  "type1_count": 49,
  "type2_count": 26,
  "plot_path": "traces/request_types/SS00_SL00_LS50_LL50/uni05/uni05_vl_ov5.png"
}