{
  "PPR": 3.698627757512593,
  "TPI": 0.5959882377651754,
  "OV_block_step": 182929673,
  "OV_frac": 0.8342568093409347,
  "GE2_frac": 0.4085801302247427,
  "peak_blocks": 21293,
  "peak_step": 21308,
  "gpu_blocks": 5757,
  "total_steps": 38088,
  "type1_count": 21,
  "type2_count": 9,
  "plot_path": "traces/request_types/SS00_SL00_LS50_LL50/uni05/uni05_hi_ov84.png"
}