{
  "PPR": 2.4739583333333335,
  "TPI": 0.24027872142078402,
  "OV_block_step": 19258898,
  "OV_frac": 0.09905627401351999,
  "GE2_frac": 0.01843132297871668,
  "peak_blocks": 3800,
  "peak_step": 100075,
  "gpu_blocks": 1536,
  "total_steps": 126578,
  "type1_count": 61,
  "type2_count": 40,
  "plot_path": "traces/requests_types_48k/all_traces_arrival_rate_CV/SS04_SM15_SL55_MS02_MM04_ML04_LS04_LM04_LL05/lognormal_lambda2.5x_cv1/lognormal_lambda2.5x_cv1.png"
}