{
  "PPR": 3.871086556169429,
  "TPI": 0.6695557963163596,
  "OV_block_step": 3657184,
  "OV_frac": 0.5212154069052365,
  "GE2_frac": 0.18387246556260642,
  "peak_blocks": 2102,
  "peak_step": 4918,
  "gpu_blocks": 543,
  "total_steps": 12922,
  "type1_count": 47,
  "type2_count": 25,
  "plot_path": "traces/requests_types_32k/all_traces_arrival_rate_CV/SS54_SM10_SL01_MS02_MM09_ML02_LS06_LM14_LL01/lognormal_lambda4.0x_cv7/lognormal_lambda4.0x_cv7.png"
}