{
  "PPR": 8.14876338132152,
  "TPI": 0.919498245482586,
  "OV_block_step": 828170946,
  "OV_frac": 1.9088084486669081,
  "GE2_frac": 0.6833002410120006,
  "peak_blocks": 22075,
  "peak_step": 130939,
  "gpu_blocks": 2709,
  "total_steps": 160158,
  "type1_count": 34,
  "type2_count": 11,
  "plot_path": "traces/requests_types_128k/all_traces_arrival_rate_CV/SS00_SM00_SL00_MS00_MM00_ML00_LS00_LM33_LL67/lognormal_lambda4.0x_cv1/lognormal_lambda4.0x_cv1.png"
}