{
  "PPR": 2.827004219409283,
  "TPI": 0.49777777777777776,
  "OV_block_step": 836387,
  "OV_frac": 0.35647061330605634,
  "GE2_frac": 0.15454545454545454,
  "peak_blocks": 670,
  "peak_step": 4747,
  "gpu_blocks": 237,
  "total_steps": 9900,
  "type1_count": 76,
  "type2_count": 36,
  "plot_path": "traces/requests_types_16k/all_traces_arrival_rate_CV/SS04_SM15_SL55_MS02_MM04_ML04_LS04_LM04_LL05/lognormal_lambda3.0x_cv7/lognormal_lambda3.0x_cv7.png"
}