{
  "PPR": 4.407665505226481,
  "TPI": 0.29812996098479755,
  "OV_block_step": 466749,
  "OV_frac": 0.21879498666601666,
  "GE2_frac": 0.07937575676039284,
  "peak_blocks": 1265,
  "peak_step": 6341,
  "gpu_blocks": 287,
  "total_steps": 7433,
  "type1_count": 29,
  "type2_count": 47,
  "plot_path": "traces/requests_types_16k/all_traces_arrival_rate_CV/SS00_SM00_SL00_MS00_MM00_ML00_LS00_LM99_LL01/lognormal_lambda1.0x_cv7/lognormal_lambda1.0x_cv7.png"
}