{
  "PPR": 1.850828729281768,
  "TPI": 0.12359955762850411,
  "OV_block_step": 1185868,
  "OV_frac": 0.052505625058721195,
  "GE2_frac": 0.0,
  "peak_blocks": 1005,
  "peak_step": 9186,
  "gpu_blocks": 543,
  "total_steps": 41594,
  "type1_count": 18,
  "type2_count": 22,
  "plot_path": "traces/requests_types_32k/all_traces_arrival_rate_CV/SS54_SM10_SL01_MS02_MM09_ML02_LS06_LM14_LL01/lognormal_lambda1.0x_cv2/lognormal_lambda1.0x_cv2.png"
}