{
  "PPR": 3.0069090909090908,
  "TPI": 0.18550055215171,
  "OV_block_step": 59545952,
  "OV_frac": 0.12137849273539575,
  "GE2_frac": 0.04077514252240839,
  "peak_blocks": 8269,
  "peak_step": 124468,
  "gpu_blocks": 2750,
  "total_steps": 178393,
  "type1_count": 22,
  "type2_count": 41,
  "plot_path": "traces/sy_requests/all_traces_arrival_rate_CV/SS00_SM00_SL00_MS00_MM00_ML00_LS00_LM99_LL01/lognormal_lambda1.5x_cv1/lognormal_lambda1.5x_cv1.png"
}