{
  "PPR": 2.75,
  "TPI": 0.5615755495628013,
  "OV_block_step": 1295194,
  "OV_frac": 0.36750848973513844,
  "GE2_frac": 0.1659720519735229,
  "peak_blocks": 792,
  "peak_step": 8372,
  "gpu_blocks": 288,
  "total_steps": 12237,
  "type1_count": 70,
  "type2_count": 26,
  "plot_path": "traces/requests_types_16k/all_traces_arrival_rate_CV/SS15_SM13_SL18_MS00_MM19_ML17_LS06_LM03_LL09/lognormal_lambda5.0x_cv1/lognormal_lambda5.0x_cv1.png"
}