{
  "PPR": 3.36231884057971,
  "TPI": 0.2631375579598145,
  "OV_block_step": 141173,
  "OV_frac": 0.09882078377349192,
  "GE2_frac": 0.021928129829984544,
  "peak_blocks": 464,
  "peak_step": 1622,
  "gpu_blocks": 138,
  "total_steps": 10352,
  "type1_count": 63,
  "type2_count": 46,
  "plot_path": "traces/requests_types_8k/all_traces_arrival_rate_CV/SS18_SM04_SL04_MS07_MM51_ML04_LS07_LM02_LL03/lognormal_lambda2.0x_cv5/lognormal_lambda2.0x_cv5.png"
}