{
  "PPR": 3.315525876460768,
  "TPI": 0.8581560283687943,
  "OV_block_step": 8335262,
  "OV_frac": 0.6999293542823539,
  "GE2_frac": 0.28303405261304765,
  "peak_blocks": 1986,
  "peak_step": 13453,
  "gpu_blocks": 599,
  "total_steps": 19881,
  "type1_count": 39,
  "type2_count": 23,
  "plot_path": "traces/requests_types_32k/all_traces_arrival_rate_CV/SS15_SM13_SL18_MS00_MM19_ML17_LS06_LM03_LL09/lognormal_lambda4.0x_cv3/lognormal_lambda4.0x_cv3.png"
}