{
  "PPR": 5.21977089520577,
  "TPI": 0.7381994676319021,
  "OV_block_step": 393855139,
  "OV_frac": 0.9818853014326481,
  "GE2_frac": 0.3966259849691215,
  "peak_blocks": 12303,
  "peak_step": 88880,
  "gpu_blocks": 2357,
  "total_steps": 170183,
  "type1_count": 54,
  "type2_count": 37,
  "plot_path": "traces/requests_types_128k/all_traces_arrival_rate_CV/SS06_SM01_SL07_MS08_MM02_ML49_LS05_LM19_LL03/lognormal_lambda4.0x_cv1/lognormal_lambda4.0x_cv1.png"
}