{
  "PPR": 1.8697916666666667,
  "TPI": 0.21013555941343776,
  "OV_block_step": 2902374,
  "OV_frac": 0.06979523533594356,
  "GE2_frac": 0.0,
  "peak_blocks": 1436,
  "peak_step": 38800,
  "gpu_blocks": 768,
  "total_steps": 54146,
  "type1_count": 44,
  "type2_count": 29,
  "plot_path": "traces/request_types/all_traces/SS02_SM04_SL04_MS04_MM15_ML55_LS04_LM04_LL05/bim50/bim50_lo_ov11.png"
}