{
  "batch_size": 4,
  "max_model_len": 32384,
  "num_gpu_blocks_override": 4383,
  "arrival_pattern": "TokenScaledArrival(scale=05)",
  "vocab": [200, 30000],
  "requests": {
    "request_0": {"category": "LS_I13104-19648_O192-304", "input_length": 13921, "output_length": 257, "arrival_time": 0, "sched_time": 0, "wait_time": 0, "slo": 0.06372232813213237},
    "request_1": {"category": "SS_I192-304_O1632-2448", "input_length": 196, "output_length": 2041, "arrival_time": 0, "sched_time": 0, "wait_time": 0, "slo": 0.05176051278313359},
    "request_2": {"category": "SS_I400-608_O192-304", "input_length": 433, "output_length": 239, "arrival_time": 0, "sched_time": 0, "wait_time": 0, "slo": 0.05019278470163429},
    "request_3": {"category": "SS_I192-304_O1632-2448", "input_length": 295, "output_length": 2258, "arrival_time": 0, "sched_time": 0, "wait_time": 0, "slo": 0.052077063628982644},
    "request_4": {"category": "SS_I192-304_O192-304", "input_length": 283, "output_length": 237, "arrival_time": 910, "sched_time": 910, "wait_time": 0, "slo": 0.05004051973780816},
    "request_5": {"category": "LS_I6544-9824_O1632-2448", "input_length": 9088, "output_length": 1862, "arrival_time": 1137, "sched_time": 1137, "wait_time": 0, "slo": 0.06048870113719325},
    "request_6": {"category": "LS_I3264-4912_O816-1216", "input_length": 4801, "output_length": 818, "arrival_time": 1365, "sched_time": 1365, "wait_time": 0, "slo": 0.05514840822826497},
    "request_7": {"category": "SS_I400-608_O1632-2448", "input_length": 511, "output_length": 2192, "arrival_time": 1592, "sched_time": 2042, "wait_time": 450, "slo": 0.052227325106442644},
    "request_8": {"category": "SS_I1632-2448_O400-608", "input_length": 2404, "output_length": 483, "arrival_time": 1820, "sched_time": 2184, "wait_time": 364, "slo": 0.052411645852126904},
    "request_9": {"category": "SL_I816-1216_O6544-9824", "input_length": 1010, "output_length": 7629, "arrival_time": 2048, "sched_time": 2259, "wait_time": 211, "slo": 0.05817367264112624},
    "request_10": {"category": "LS_I6544-9824_O400-608", "input_length": 8582, "output_length": 436, "arrival_time": 2275, "sched_time": 2668, "wait_time": 393, "slo": 0.0585533333075085},
    "request_11": {"category": "LL_I3264-4912_O13104-19648", "input_length": 4800, "output_length": 16918, "arrival_time": 2503, "sched_time": 3000, "wait_time": 497, "slo": 0.07127547173245487},
    "request_12": {"category": "LS_I13104-19648_O816-1216", "input_length": 18645, "output_length": 1073, "arrival_time": 2730, "sched_time": 3105, "wait_time": 375, "slo": 0.06927198536632158},
    "request_13": {"category": "SL_I1632-2448_O6544-9824", "input_length": 2185, "output_length": 8108, "arrival_time": 2958, "sched_time": 4179, "wait_time": 1221, "slo": 0.05983055586591846},
    "request_14": {"category": "LL_I6544-9824_O6544-9824", "input_length": 9186, "output_length": 7397, "arrival_time": 3185, "sched_time": 4235, "wait_time": 1050, "slo": 0.06613152048740766},
    "request_15": {"category": "SS_I1632-2448_O192-304", "input_length": 2424, "output_length": 227, "arrival_time": 3413, "sched_time": 9889, "wait_time": 6476, "slo": 0.052175234460923176},
    "request_16": {"category": "SS_I816-1216_O816-1216", "input_length": 882, "output_length": 976, "arrival_time": 3640, "sched_time": 10117, "wait_time": 6477, "slo": 0.05138085211675133},
    "request_17": {"category": "LL_I3264-4912_O3264-4912", "input_length": 3466, "output_length": 3376, "arrival_time": 3868, "sched_time": 11094, "wait_time": 7226, "slo": 0.056373540141155476},
    "request_18": {"category": "SL_I1632-2448_O13104-19648", "input_length": 2304, "output_length": 13108, "arrival_time": 4096, "sched_time": 11633, "wait_time": 7537, "slo": 0.06495847922003661},
    "request_19": {"category": "LS_I6544-9824_O816-1216", "input_length": 8221, "output_length": 1012, "arrival_time": 4323, "sched_time": 12288, "wait_time": 7965, "slo": 0.05876870809186782},
    "request_20": {"category": "SL_I400-608_O6544-9824", "input_length": 407, "output_length": 6980, "arrival_time": 4551, "sched_time": 13301, "wait_time": 8750, "slo": 0.0569194901759268},
    "request_21": {"category": "LS_I6544-9824_O400-608", "input_length": 7736, "output_length": 401, "arrival_time": 4778, "sched_time": 14471, "wait_time": 9693, "slo": 0.05767079756322678},
    "request_22": {"category": "SL_I192-304_O13104-19648", "input_length": 275, "output_length": 15338, "arrival_time": 5006, "sched_time": 14873, "wait_time": 9867, "slo": 0.065159829599833},
    "request_23": {"category": "LL_I3264-4912_O13104-19648", "input_length": 3808, "output_length": 16013, "arrival_time": 5233, "sched_time": 19919, "wait_time": 14686, "slo": 0.06937516491417745},
    "request_24": {"category": "SS_I816-1216_O1632-2448", "input_length": 1177, "output_length": 1771, "arrival_time": 5461, "sched_time": 20282, "wait_time": 14821, "slo": 0.05247275218629397},
    "request_25": {"category": "SS_I192-304_O816-1216", "input_length": 197, "output_length": 954, "arrival_time": 5689, "sched_time": 22054, "wait_time": 16365, "slo": 0.050672619686323216},
    "request_26": {"category": "SS_I400-608_O1632-2448", "input_length": 496, "output_length": 2226, "arrival_time": 5916, "sched_time": 23009, "wait_time": 17093, "slo": 0.052246358226920905},
    "request_27": {"category": "SS_I192-304_O816-1216", "input_length": 219, "output_length": 1017, "arrival_time": 6144, "sched_time": 24742, "wait_time": 18598, "slo": 0.05075776785688388},
    "request_28": {"category": "LL_I6544-9824_O6544-9824", "input_length": 8945, "output_length": 7332, "arrival_time": 6371, "sched_time": 25236, "wait_time": 18865, "slo": 0.06582498707338925},
    "request_29": {"category": "SL_I400-608_O3264-4912", "input_length": 584, "output_length": 3943, "arrival_time": 6599, "sched_time": 25760, "wait_time": 19161, "slo": 0.0540545046723562},
    "request_30": {"category": "SL_I400-608_O6544-9824", "input_length": 425, "output_length": 9736, "arrival_time": 6826, "sched_time": 29704, "wait_time": 22878, "slo": 0.059698325765753665},
    "request_31": {"category": "SS_I192-304_O816-1216", "input_length": 209, "output_length": 880, "arrival_time": 7054, "sched_time": 30212, "wait_time": 23158, "slo": 0.05061051160897308},
    "request_32": {"category": "SS_I400-608_O1632-2448", "input_length": 444, "output_length": 2139, "arrival_time": 7281, "sched_time": 31093, "wait_time": 23812, "slo": 0.052107115924474645},
    "request_33": {"category": "SS_I400-608_O1632-2448", "input_length": 523, "output_length": 2263, "arrival_time": 7509, "sched_time": 32569, "wait_time": 25060, "slo": 0.05231046979063717},
    "request_34": {"category": "LS_I6544-9824_O192-304", "input_length": 9210, "output_length": 225, "arrival_time": 7737, "sched_time": 33233, "wait_time": 25496, "slo": 0.058971060214847285},
    "request_35": {"category": "SS_I816-1216_O192-304", "input_length": 919, "output_length": 292, "arrival_time": 7964, "sched_time": 33459, "wait_time": 25495, "slo": 0.05073272427730721},
    "request_36": {"category": "SS_I816-1216_O400-608", "input_length": 846, "output_length": 570, "arrival_time": 8192, "sched_time": 33752, "wait_time": 25560, "slo": 0.050938081629835874},
    "request_37": {"category": "SL_I192-304_O3264-4912", "input_length": 247, "output_length": 4624, "arrival_time": 8419, "sched_time": 34323, "wait_time": 25904, "slo": 0.054399104327331124},
    "request_38": {"category": "LL_I3264-4912_O13104-19648", "input_length": 4130, "output_length": 17034, "arrival_time": 8647, "sched_time": 34833, "wait_time": 26186, "slo": 0.07072050600903594},
    "request_39": {"category": "SL_I1632-2448_O3264-4912", "input_length": 2273, "output_length": 4254, "arrival_time": 8874, "sched_time": 35933, "wait_time": 27059, "slo": 0.056057991038489484},
    "request_40": {"category": "SL_I816-1216_O6544-9824", "input_length": 1020, "output_length": 8230, "arrival_time": 9102, "sched_time": 38948,