{
  "PPR": 7.45,
  "TPI": 0.4795664274205361,
  "OV_block_step": 1191215,
  "OV_frac": 1.0905366559250036,
  "GE2_frac": 0.36590010253405597,
  "peak_blocks": 1192,
  "peak_step": 2837,
  "gpu_blocks": 160,
  "total_steps": 6827,
  "type1_count": 17,
  "type2_count": 19,
  "plot_path": "traces/requests_types_8k/all_traces_arrival_rate_CV/SS02_SM02_SL02_MS01_MM01_ML02_LS01_LM03_LL86/lognormal_lambda4.0x_cv6/lognormal_lambda4.0x_cv6.png"
}