{
  "batch_size": 4,
  "max_model_len": 32384,
  "num_gpu_blocks_override": 5732,
  "arrival_pattern": "UniformArrival(max_step=31423)",
  "vocab": [200, 30000],
  "requests": {
    "request_0": {"category": "SL_I1632-2448_O6544-9824", "input_length": 1724, "output_length": 7172, "arrival_time": 0, "sched_time": 0, "wait_time": 0, "slo": 0.05843112063917436},
    "request_1": {"category": "SL_I816-1216_O13104-19648", "input_length": 1193, "output_length": 13306, "arrival_time": 0, "sched_time": 0, "wait_time": 0, "slo": 0.06404388769389677},
    "request_2": {"category": "SS_I816-1216_O192-304", "input_length": 1186, "output_length": 239, "arrival_time": 0, "sched_time": 0, "wait_time": 0, "slo": 0.05094709731848347},
    "request_3": {"category": "LL_I3264-4912_O13104-19648", "input_length": 3557, "output_length": 18157, "arrival_time": 0, "sched_time": 0, "wait_time": 0, "slo": 0.0712714647597226},
    "request_4": {"category": "SL_I192-304_O6544-9824", "input_length": 212, "output_length": 9281, "arrival_time": 1530, "sched_time": 1530, "wait_time": 0, "slo": 0.05902916131946515},
    "request_5": {"category": "LL_I6544-9824_O6544-9824", "input_length": 6958, "output_length": 9544, "arrival_time": 2103, "sched_time": 7173, "wait_time": 5070, "slo": 0.06605037928957926},
    "request_6": {"category": "LS_I3264-4912_O1632-2448", "input_length": 3484, "output_length": 2406, "arrival_time": 2290, "sched_time": 10812, "wait_time": 8522, "slo": 0.05541988063087604},
    "request_7": {"category": "LL_I6544-9824_O13104-19648", "input_length": 7953, "output_length": 16000, "arrival_time": 2302, "sched_time": 13219, "wait_time": 10917, "slo": 0.07351436774660881},
    "request_8": {"category": "LL_I13104-19648_O6544-9824", "input_length": 16096, "output_length": 8875, "arrival_time": 2451, "sched_time": 13307, "wait_time": 10856, "slo": 0.07453414230697065},
    "request_9": {"category": "LL_I3264-4912_O3264-4912", "input_length": 4748, "output_length": 4632, "arrival_time": 2514, "sched_time": 16718, "wait_time": 14204, "slo": 0.05891596433977862},
    "request_10": {"category": "LL_I6544-9824_O3264-4912", "input_length": 7423, "output_length": 3640, "arrival_time": 2997, "sched_time": 18158, "wait_time": 15161, "slo": 0.06060189811687978},
    "request_11": {"category": "LL_I3264-4912_O3264-4912", "input_length": 4736, "output_length": 4483, "arrival_time": 3737, "sched_time": 21351, "wait_time": 17614, "slo": 0.05875468368730489},
    "request_12": {"category": "LS_I3264-4912_O1632-2448", "input_length": 3542, "output_length": 1850, "arrival_time": 3822, "sched_time": 21799, "wait_time": 17977, "slo": 0.05492101252570884},
    "request_13": {"category": "SS_I192-304_O400-608", "input_length": 233, "output_length": 505, "arrival_time": 4329, "sched_time": 22183, "wait_time": 17854, "slo": 0.05025889975171669},
    "request_14": {"category": "LL_I6544-9824_O13104-19648", "input_length": 6857, "output_length": 14224, "arrival_time": 4382, "sched_time": 22689, "wait_time": 18307, "slo": 0.07063736132484141},
    "request_15": {"category": "SL_I816-1216_O6544-9824", "input_length": 1011, "output_length": 8860, "arrival_time": 4675, "sched_time": 23650, "wait_time": 18975, "slo": 0.05940782024266434},
    "request_16": {"category": "LL_I6544-9824_O6544-9824", "input_length": 9311, "output_length": 7907, "arrival_time": 5178, "sched_time": 25835, "wait_time": 20657, "slo": 0.06676762740865497},
    "request_17": {"category": "LL_I6544-9824_O13104-19648", "input_length": 8662, "output_length": 16588, "arrival_time": 5467, "sched_time": 29220, "wait_time": 23753, "slo": 0.07481362865504625},
    "request_18": {"category": "SS_I400-608_O816-1216", "input_length": 465, "output_length": 1044, "arrival_time": 5836, "sched_time": 32511, "wait_time": 26675, "slo": 0.05103124374586107},
    "request_19": {"category": "SS_I816-1216_O192-304", "input_length": 926, "output_length": 197, "arrival_time": 6149, "sched_time": 33556, "wait_time": 27407, "slo": 0.05064457087719735},
    "request_20": {"category": "LL_I3264-4912_O6544-9824", "input_length": 4829, "output_length": 8940, "arrival_time": 6348, "sched_time": 33743, "wait_time": 27395, "slo": 0.06331261517025812},
    "request_21": {"category": "LS_I13104-19648_O1632-2448", "input_length": 13416, "output_length": 1948, "arrival_time": 6590, "sched_time": 33754, "wait_time": 27164, "slo": 0.06491039554724941},
    "request_22": {"category": "LL_I13104-19648_O6544-9824", "input_length": 15128, "output_length": 9273, "arrival_time": 6771, "sched_time": 35703, "wait_time": 28932, "slo": 0.07396314869262266},
    "request_23": {"category": "LS_I13104-19648_O816-1216", "input_length": 19483, "output_length": 1002, "arrival_time": 7058, "sched_time": 36914, "wait_time": 29856, "slo": 0.0700403223877337},
    "request_24": {"category": "SS_I400-608_O192-304", "input_length": 525, "output_length": 205, "arrival_time": 7132, "sched_time": 37917, "wait_time": 30785, "slo": 0.05025088580625216},
    "request_25": {"category": "LL_I13104-19648_O3264-4912", "input_length": 14003, "output_length": 3980, "arrival_time": 7339, "sched_time": 38123, "wait_time": 30784, "slo": 0.06753396094370095},
    "request_26": {"category": "LL_I6544-9824_O13104-19648", "input_length": 6974, "output_length": 18474, "arrival_time": 8947, "sched_time": 42104, "wait_time": 33157, "slo": 0.07501197380529344},
    "request_27": {"category": "LS_I3264-4912_O1632-2448", "input_length": 3970, "output_length": 2415, "arrival_time": 9321, "sched_time": 42684, "wait_time": 33363, "slo": 0.055915743506494024},
    "request_28": {"category": "SS_I192-304_O400-608", "input_length": 203, "output_length": 598, "arrival_time": 9449, "sched_time": 44977, "wait_time": 35528, "slo": 0.05032200957224989},
    "request_29": {"category": "SL_I192-304_O13104-19648", "input_length": 283, "output_length": 18856, "arrival_time": 9490, "sched_time": 45100, "wait_time": 35610, "slo": 0.06869197606332599},
    "request_30": {"category": "SS_I400-608_O400-608", "input_length": 460, "output_length": 549, "arrival_time": 10380, "sched_time": 45576, "wait_time": 35196, "slo": 0.05053037215432775},
    "request_31": {"category": "LL_I3264-4912_O6544-9824", "input_length": 4573, "output_length": 8857, "arrival_time": 10470, "sched_time": 45809, "wait_time": 35339, "slo": 0.06297302423119852},
    "request_32": {"category": "SL_I192-304_O3264-4912", "input_length": 211, "output_length": 4346, "arrival_time": 10979, "sched_time": 46126, "wait_time": 35147, "slo": 0.054084556967848196},
    "request_33": {"category": "LS_I3264-4912_O400-608", "input_length": 4039, "output_length": 415, "arrival_time": 11003, "sched_time": 50473, "wait_time": 39470, "slo": 0.05398137741999234},
    "request_34": {"category": "SL_I816-1216_O3264-4912", "input_length": 1035, "output_length": 4376, "arrival_time": 11377, "sched_time": 50889, "wait_time": 39512, "slo": 0.05494004564618711},
    "request_35": {"category": "SL_I192-304_O13104-19648", "input_length": 202, "output_length": 14024, "arrival_time": 11792, "sched_time": 54667, "wait_time": 42875, "slo": 0.06377041180491957},
    "request_36": {"category": "LL_I3264-4912_O6544-9824", "input_length": 3494, "output_length": 6555, "arrival_time": 12074, "sched_time": 55266, "wait_time": 43192, "slo": 0.0595861305292502},
    "request_37": {"category": "LL_I6544-9824_O6544-9824", "input_length": 7614, "output_length": 7734, "arrival_time": 12263, "sched_time": 60579, "wait_time": 48316, "slo": 0.06489436765632034},
    "request_38": {"category": "SL_I400-608_O13104-19648", "input_length": 461, "output_length": 13569, "arrival_time": 12550, "sched_time": 61822, "wait_time": 49272, "slo": 0.06357407014103851},
    "request_39": {"category": "LS_I3264-4912_O816-1216", "input_length": 4856, "output_length": 1019, "arrival_time": 12745, "sched_time": 63957, "wait_time": 51212, "slo": 0.05540485448313003},