{
  "PPR": 5.168384879725086,
  "TPI": 0.734189648658859,
  "OV_block_step": 4400215,
  "OV_frac": 1.1425019830528498,
  "GE2_frac": 0.522478277295051,
  "peak_blocks": 1504,
  "peak_step": 4746,
  "gpu_blocks": 291,
  "total_steps": 13235,
  "type1_count": 41,
  "type2_count": 13,
  "plot_path": "traces/requests_types_16k/all_traces_arrival_rate_CV/SS11_SM02_SL03_MS00_MM36_ML08_LS16_LM20_LL04/lognormal_lambda4.0x_cv3/lognormal_lambda4.0x_cv3.png"
}