{
  "PPR": 5.7807272727272725,
  "TPI": 0.8297272554227133,
  "OV_block_step": 363893377,
  "OV_frac": 1.1994313458085473,
  "GE2_frac": 0.5305874568313045,
  "peak_blocks": 15897,
  "peak_step": 99215,
  "gpu_blocks": 2750,
  "total_steps": 110323,
  "type1_count": 30,
  "type2_count": 37,
  "plot_path": "traces/requests_types_96k/all_traces_arrival_rate_CV/SS02_SM02_SL02_MS01_MM01_ML02_LS01_LM03_LL86/lognormal_lambda2.5x_cv1/lognormal_lambda2.5x_cv1.png"
}