{
  "PPR": 1.7252899852965202,
  "TPI": 0.4209293610642683,
  "OV_block_step": 32713216,
  "OV_frac": 0.12517386781475826,
  "GE2_frac": 0.0,
  "peak_blocks": 21121,
  "peak_step": 2705,
  "gpu_blocks": 12242,
  "total_steps": 21348,
  "type1_count": 42,
  "type2_count": 11,
  "plot_path": "traces/request_types/SS12_SL38_LS27_LL21/bim05/bim05_lo_ov12.png"
}