{
  "PPR": 3.3636363636363638,
  "TPI": 0.4724143477561525,
  "OV_block_step": 195393,
  "OV_frac": 0.23809715296766928,
  "GE2_frac": 0.06514396010937751,
  "peak_blocks": 444,
  "peak_step": 4018,
  "gpu_blocks": 132,
  "total_steps": 6217,
  "type1_count": 65,
  "type2_count": 28,
  "plot_path": "traces/requests_types_8k/all_traces_arrival_rate_CV/SS06_SM01_SL07_MS08_MM02_ML49_LS05_LM19_LL03/lognormal_lambda4.5x_cv3/lognormal_lambda4.5x_cv3.png"
}