{
  "PPR": 4.654605263157895,
  "TPI": 0.7561974563483509,
  "OV_block_step": 4673675,
  "OV_frac": 0.8285153546590123,
  "GE2_frac": 0.38036214701444276,
  "peak_blocks": 1415,
  "peak_step": 9569,
  "gpu_blocks": 304,
  "total_steps": 18556,
  "type1_count": 65,
  "type2_count": 24,
  "plot_path": "traces/requests_types_16k/all_traces_arrival_rate_CV/SS05_SM02_SL22_MS01_MM07_ML11_LS31_LM03_LL19/lognormal_lambda4.5x_cv3/lognormal_lambda4.5x_cv3.png"
}