{
  "PPR": 5.654036243822076,
  "TPI": 0.34483105896570826,
  "OV_block_step": 6559314,
  "OV_frac": 0.5441421328437975,
  "GE2_frac": 0.2189939070446649,
  "peak_blocks": 3432,
  "peak_step": 15010,
  "gpu_blocks": 607,
  "total_steps": 19859,
  "type1_count": 11,
  "type2_count": 24,
  "plot_path": "traces/requests_types_32k/all_traces_arrival_rate_CV/SS00_SM00_SL00_MS00_MM00_ML00_LS00_LM66_LL34/lognormal_lambda1.0x_cv5/lognormal_lambda1.0x_cv5.png"
}