{
  "PPR": 4.510416666666667,
  "TPI": 0.6336951073081452,
  "OV_block_step": 36618345,
  "OV_frac": 0.7411141817535352,
  "GE2_frac": 0.33290588825031187,
  "peak_blocks": 2598,
  "peak_step": 9153,
  "gpu_blocks": 576,
  "total_steps": 85781,
  "type1_count": 74,
  "type2_count": 27,
  "plot_path": "traces/request_types/SS83_SL00_LS08_LL08/bim50/bim50_hi_ov76.png"
}