{
  "PPR": 2.1365131578947367,
  "TPI": 0.28485328918991387,
  "OV_block_step": 10389412,
  "OV_frac": 0.09960159408383282,
  "GE2_frac": 0.002774507175248598,
  "peak_blocks": 2598,
  "peak_step": 9153,
  "gpu_blocks": 1216,
  "total_steps": 85781,
  "type1_count": 64,
  "type2_count": 42,
  "plot_path": "traces/request_types/SS83_SL00_LS08_LL08/bim50/bim50_lo_ov12.png"
}