{
  "PPR": 3.690340909090909,
  "TPI": 0.5747776314102191,
  "OV_block_step": 29978342,
  "OV_frac": 0.49641379978189704,
  "GE2_frac": 0.18213823573984916,
  "peak_blocks": 2598,
  "peak_step": 9153,
  "gpu_blocks": 704,
  "total_steps": 85781,
  "type1_count": 73,
  "type2_count": 34,
  "plot_path": "traces/request_types/SS83_SL00_LS08_LL08/bim50/bim50_mh_ov52.png"
}