{
  "PPR": 3.454194260485651,
  "TPI": 0.7328069321695996,
  "OV_block_step": 142075204,
  "OV_frac": 0.6154180276232915,
  "GE2_frac": 0.25934414391786886,
  "peak_blocks": 6259,
  "peak_step": 28165,
  "gpu_blocks": 1812,
  "total_steps": 127406,
  "type1_count": 101,
  "type2_count": 38,
  "plot_path": "traces/requests_types_128k/all_traces_arrival_rate_CV/SS18_SM04_SL04_MS07_MM51_ML04_LS07_LM02_LL03/lognormal_lambda3.5x_cv1/lognormal_lambda3.5x_cv1.png"
}