{
  "PPR": 3.5927835051546393,
  "TPI": 0.2673247954464603,
  "OV_block_step": 6950767,
  "OV_frac": 0.21243149458252497,
  "GE2_frac": 0.07817502668089647,
  "peak_blocks": 2091,
  "peak_step": 39369,
  "gpu_blocks": 582,
  "total_steps": 56220,
  "type1_count": 33,
  "type2_count": 33,
  "plot_path": "traces/requests_types_32k/all_traces_arrival_rate_CV/SS10_SM24_SL05_MS05_MM03_ML14_LS09_LM12_LL18/lognormal_lambda1.5x_cv1/lognormal_lambda1.5x_cv1.png"
}