{
  "PPR": 4.391003460207613,
  "TPI": 0.7655455166654013,
  "OV_block_step": 3353301,
  "OV_frac": 0.8809595055089836,
  "GE2_frac": 0.4227469440437324,
  "peak_blocks": 1269,
  "peak_step": 4788,
  "gpu_blocks": 289,
  "total_steps": 13171,
  "type1_count": 59,
  "type2_count": 23,
  "plot_path": "traces/requests_types_16k/all_traces_arrival_rate_CV/SS19_SM26_SL11_MS14_MM09_ML02_LS10_LM01_LL08/lognormal_lambda5.0x_cv7/lognormal_lambda5.0x_cv7.png"
}