{
  "PPR": 2.540983606557377,
  "TPI": 0.3647523016220956,
  "OV_block_step": 73422,
  "OV_frac": 0.13192013856447776,
  "GE2_frac": 0.019289785181937746,
  "peak_blocks": 310,
  "peak_step": 1994,
  "gpu_blocks": 122,
  "total_steps": 4562,
  "type1_count": 45,
  "type2_count": 37,
  "plot_path": "traces/requests_types_8k/all_traces_arrival_rate_CV/SS06_SM63_SL03_MS03_MM03_ML06_LS03_LM09_LL04/lognormal_lambda2.0x_cv1/lognormal_lambda2.0x_cv1.png"
}