{
  "PPR": 1.3595915390226112,
  "TPI": 0.457339382408898,
  "OV_block_step": 464992,
  "OV_frac": 0.04963598053510215,
  "GE2_frac": 0.0,
  "peak_blocks": 1864,
  "peak_step": 2242,
  "gpu_blocks": 1371,
  "total_steps": 6833,
  "type1_count": 111,
  "type2_count": 63,
  "plot_path": "traces/request_types/SS100_SL00_LS00_LL00/tsa05/tsa05_vl_ov5.png"
}