{
  "PPR": 1.7469540768509841,
  "TPI": 0.6969120444899751,
  "OV_block_step": 1699801,
  "OV_frac": 0.23314292470343834,
  "GE2_frac": 0.0,
  "peak_blocks": 1864,
  "peak_step": 2242,
  "gpu_blocks": 1067,
  "total_steps": 6833,
  "type1_count": 114,
  "type2_count": 24,
  "plot_path": "traces/request_types/SS100_SL00_LS00_LL00/tsa05/tsa05_ml_ov23.png"
}