{
  "PPR": 4.363138686131387,
  "TPI": 0.849470767919301,
  "OV_block_step": 6622152,
  "OV_frac": 0.8584370944165796,
  "GE2_frac": 0.3512822334304184,
  "peak_blocks": 2391,
  "peak_step": 12387,
  "gpu_blocks": 548,
  "total_steps": 14077,
  "type1_count": 47,
  "type2_count": 19,
  "plot_path": "traces/requests_types_32k/all_traces_arrival_rate_CV/SS05_SM22_SL01_MS13_MM01_ML37_LS03_LM03_LL15/lognormal_lambda5.0x_cv2/lognormal_lambda5.0x_cv2.png"
}