{
  "PPR": 3.3294797687861273,
  "TPI": 0.9862082489051572,
  "OV_block_step": 6312925,
  "OV_frac": 0.7950605911880346,
  "GE2_frac": 0.3817896594548663,
  "peak_blocks": 1728,
  "peak_step": 4088,
  "gpu_blocks": 519,
  "total_steps": 15299,
  "type1_count": 61,
  "type2_count": 17,
  "plot_path": "traces/requests_types_32k/all_traces_arrival_rate_CV/SS06_SM27_SL20_MS09_MM11_ML01_LS04_LM12_LL10/lognormal_lambda3.5x_cv3/lognormal_lambda3.5x_cv3.png"
}