{
  "PPR": 4.54074074074074,
  "TPI": 0.6932925132201503,
  "OV_block_step": 363617,
  "OV_frac": 0.7496407623877704,
  "GE2_frac": 0.3551349846924576,
  "peak_blocks": 613,
  "peak_step": 568,
  "gpu_blocks": 135,
  "total_steps": 3593,
  "type1_count": 32,
  "type2_count": 9,
  "plot_path": "traces/requests_types_8k/all_traces_arrival_rate_CV/SS15_SM13_SL18_MS00_MM19_ML17_LS06_LM03_LL09/lognormal_lambda4.5x_cv5/lognormal_lambda4.5x_cv5.png"
}