{
  "PPR": 6.8875,
  "TPI": 0.3695983136198618,
  "OV_block_step": 1150382,
  "OV_frac": 0.8420057969317251,
  "GE2_frac": 0.3140883007377913,
  "peak_blocks": 1102,
  "peak_step": 4317,
  "gpu_blocks": 160,
  "total_steps": 8539,
  "type1_count": 15,
  "type2_count": 22,
  "plot_path": "traces/requests_types_8k/all_traces_arrival_rate_CV/SS02_SM02_SL02_MS01_MM01_ML02_LS01_LM03_LL86/lognormal_lambda2.5x_cv5/lognormal_lambda2.5x_cv5.png"
}