{
  "PPR": 2.394285714285714,
  "TPI": 0.17068089228605174,
  "OV_block_step": 65282608,
  "OV_frac": 0.05893273009138632,
  "GE2_frac": 0.006436031158352907,
  "peak_blocks": 5028,
  "peak_step": 375111,
  "gpu_blocks": 2100,
  "total_steps": 527499,
  "type1_count": 109,
  "type2_count": 51,
  "plot_path": "traces/requests_types_64k/all_traces_arrival_rate_CV/SS05_SM02_SL22_MS01_MM07_ML11_LS31_LM03_LL19/lognormal_lambda1.0x_cv1/lognormal_lambda1.0x_cv1.png"
}