{
  "PPR": 1.574030794610943,
  "TPI": 0.49984333951941384,
  "OV_block_step": 62060067,
  "OV_frac": 0.10281466044953304,
  "GE2_frac": 0.0,
  "peak_blocks": 22899,
  "peak_step": 17042,
  "gpu_blocks": 14548,
  "total_steps": 41491,
  "type1_count": 88,
  "type2_count": 36,
  "plot_path": "traces/SS06_SL07_LS05_LL80/poi05/poi05_lo_ov10.png"
}