{
  "PPR": 1.2397327394209354,
  "TPI": 0.5254098360655738,
  "OV_block_step": 12512721,
  "OV_frac": 0.05076133971058941,
  "GE2_frac": 0.0,
  "peak_blocks": 13916,
  "peak_step": 15972,
  "gpu_blocks": 11225,
  "total_steps": 21960,
  "type1_count": 40,
  "type2_count": 22,
  "plot_path": "traces/SS51_SL34_LS08_LL05/bim05/bim05_sk_ov5.png"
}