{
  "PPR": 4.369918699186992,
  "TPI": 0.5901360544217688,
  "OV_block_step": 2065787,
  "OV_frac": 0.7516566532475206,
  "GE2_frac": 0.36877909058360187,
  "peak_blocks": 1075,
  "peak_step": 4868,
  "gpu_blocks": 246,
  "total_steps": 11172,
  "type1_count": 42,
  "type2_count": 24,
  "plot_path": "traces/requests_types_16k/all_traces_arrival_rate_CV/SS06_SM01_SL07_MS08_MM02_ML49_LS05_LM19_LL03/lognormal_lambda2.0x_cv7/lognormal_lambda2.0x_cv7.png"
}