{
  "PPR": 3.341549295774648,
  "TPI": 0.2451726155646577,
  "OV_block_step": 9143096,
  "OV_frac": 0.1744251565784626,
  "GE2_frac": 0.060810957241618446,
  "peak_blocks": 1898,
  "peak_step": 60277,
  "gpu_blocks": 568,
  "total_steps": 92286,
  "type1_count": 61,
  "type2_count": 28,
  "plot_path": "traces/requests_types_32k/all_traces_arrival_rate_CV/SS08_SM22_SL00_MS03_MM03_ML08_LS25_LM08_LL23/lognormal_lambda1.2x_cv2/lognormal_lambda1.2x_cv2.png"
}