{
  "PPR": 2.1859121342749703,
  "TPI": 0.6785442073170732,
  "OV_block_step": 81652428,
  "OV_frac": 0.3567543469519465,
  "GE2_frac": 0.010670731707317074,
  "peak_blocks": 23833,
  "peak_step": 3523,
  "gpu_blocks": 10903,
  "total_steps": 20992,
  "type1_count": 23,
  "type2_count": 11,
  "plot_path": "traces/request_types/SS14_SL39_LS12_LL33/bim05/bim05_md_ov36.png"
}