{
  "PPR": 2.6262258953168045,
  "TPI": 0.7789157774390244,
  "OV_block_step": 109536769,
  "OV_frac": 0.5749889187747765,
  "GE2_frac": 0.29868521341463417,
  "peak_blocks": 23833,
  "peak_step": 3523,
  "gpu_blocks": 9075,
  "total_steps": 20992,
  "type1_count": 21,
  "type2_count": 10,
  "plot_path": "traces/request_types/SS14_SL39_LS12_LL33/bim05/bim05_mh_ov57.png"
}