{
  "PPR": 7.154121863799283,
  "TPI": 0.821652719665272,
  "OV_block_step": 2196336,
  "OV_frac": 0.8234489584739281,
  "GE2_frac": 0.31255230125523015,
  "peak_blocks": 1996,
  "peak_step": 4646,
  "gpu_blocks": 279,
  "total_steps": 9560,
  "type1_count": 49,
  "type2_count": 11,
  "plot_path": "traces/requests_types_16k/all_traces_arrival_rate_CV/SS00_SM00_SL00_MS00_MM00_ML00_LS33_LM66_LL01/lognormal_lambda4.5x_cv6/lognormal_lambda4.5x_cv6.png"
}