{
  "PPR": 8.45016077170418,
  "TPI": 0.7462277091906722,
  "OV_block_step": 4467877,
  "OV_frac": 1.6422226779993443,
  "GE2_frac": 0.6848422496570644,
  "peak_blocks": 2628,
  "peak_step": 2875,
  "gpu_blocks": 311,
  "total_steps": 8748,
  "type1_count": 14,
  "type2_count": 11,
  "plot_path": "traces/requests_types_16k/all_traces_arrival_rate_CV/SS06_SM03_SL09_MS03_MM03_ML06_LS03_LM03_LL64/lognormal_lambda3.5x_cv4/lognormal_lambda3.5x_cv4.png"
}