{
  "PPR": 8.717628705148206,
  "TPI": 0.5943092340730136,
  "OV_block_step": 26514711,
  "OV_frac": 1.4804797331478083,
  "GE2_frac": 0.38915533285612025,
  "peak_blocks": 5588,
  "peak_step": 16358,
  "gpu_blocks": 641,
  "total_steps": 27940,
  "type1_count": 18,
  "type2_count": 35,
  "plot_path": "traces/requests_types_32k/all_traces_arrival_rate_CV/SS00_SM00_SL00_MS00_MM00_ML00_LS33_LM33_LL34/lognormal_lambda5.0x_cv1/lognormal_lambda5.0x_cv1.png"
}