{
  "PPR": 4.223241590214068,
  "TPI": 0.29157754010695186,
  "OV_block_step": 1608120,
  "OV_frac": 0.21915321591522346,
  "GE2_frac": 0.07620320855614973,
  "peak_blocks": 1381,
  "peak_step": 1644,
  "gpu_blocks": 327,
  "total_steps": 22440,
  "type1_count": 41,
  "type2_count": 45,
  "plot_path": "traces/requests_types_16k/all_traces_arrival_rate_CV/SS00_SM00_SL00_MS00_MM00_ML00_LS00_LM33_LL67/lognormal_lambda1.0x_cv2/lognormal_lambda1.0x_cv2.png"
}