{
  "PPR": 10.213946117274167,
  "TPI": 0.9485606747055133,
  "OV_block_step": 37696834,
  "OV_frac": 4.164035463771672,
  "GE2_frac": 0.9249320415417858,
  "peak_blocks": 6445,
  "peak_step": 2881,
  "gpu_blocks": 631,
  "total_steps": 14347,
  "type1_count": 7,
  "type2_count": 4,
  "plot_path": "traces/requests_types_32k/all_traces_arrival_rate_CV/SS00_SM00_SL00_MS00_MM00_ML00_LS33_LM00_LL67/lognormal_lambda5.0x_cv4/lognormal_lambda5.0x_cv4.png"
}