{
  "PPR": 2.5474044140503573,
  "TPI": 0.35883607174212967,
  "OV_block_step": 36376679,
  "OV_frac": 0.14182416089490094,
  "GE2_frac": 0.015339270036372758,
  "peak_blocks": 8195,
  "peak_step": 63846,
  "gpu_blocks": 3217,
  "total_steps": 79730,
  "type1_count": 38,
  "type2_count": 98,
  "plot_path": "traces/requests_types_128k_bs8/all_traces_arrival_rate_CV/SS00_SM00_SL00_MS00_MM00_ML00_LS00_LM99_LL01/lognormal_lambda2.0x_cv1/lognormal_lambda2.0x_cv1.png"
}