{
  "PPR": 2.6850393700787403,
  "TPI": 0.14178320711956222,
  "OV_block_step": 160049,
  "OV_frac": 0.06966051331914726,
  "GE2_frac": 0.023105411530595324,
  "peak_blocks": 341,
  "peak_step": 388,
  "gpu_blocks": 127,
  "total_steps": 18091,
  "type1_count": 66,
  "type2_count": 55,
  "plot_path": "traces/requests_types_8k/all_traces_arrival_rate_CV/SS05_SM22_SL01_MS13_MM01_ML37_LS03_LM03_LL15/lognormal_lambda1.0x_cv6/lognormal_lambda1.0x_cv6.png"
}