{
  "PPR": 1.94775390625,
  "TPI": 0.13203386649728607,
  "OV_block_step": 23955466,
  "OV_frac": 0.04221404349092166,
  "GE2_frac": 0.0,
  "peak_blocks": 3989,
  "peak_step": 24355,
  "gpu_blocks": 2048,
  "total_steps": 277088,
  "type1_count": 52,
  "type2_count": 66,
  "plot_path": "traces/request_types/all_traces/SS10_SL16_LS51_LL22/bim50/bim50_vl_ov6.png"
}