{
  "PPR": 2.365498812351544,
  "TPI": 0.1904493626181427,
  "OV_block_step": 42553159,
  "OV_frac": 0.05312026334749329,
  "GE2_frac": 0.0018288991288554035,
  "peak_blocks": 7967,
  "peak_step": 95352,
  "gpu_blocks": 3368,
  "total_steps": 237848,
  "type1_count": 66,
  "type2_count": 48,
  "plot_path": "traces/requests_types_128k_bs8/all_traces_arrival_rate_CV/SS09_SM11_SL08_MS09_MM08_ML09_LS18_LM23_LL05/lognormal_lambda3.0x_cv1/lognormal_lambda3.0x_cv1.png"
}