{
  "PPR": 2.051567598240885,
  "TPI": 0.4532423363995344,
  "OV_block_step": 149215174,
  "OV_frac": 0.24158630823390168,
  "GE2_frac": 0.014220173015909247,
  "peak_blocks": 28923,
  "peak_step": 18669,
  "gpu_blocks": 14098,
  "total_steps": 43811,
  "type1_count": 56,
  "type2_count": 16,
  "plot_path": "traces/SS08_SL00_LS08_LL83/poi05/poi05_md_ov24.png"
}