{
  "PPR": 3.930397727272727,
  "TPI": 0.4364541428619722,
  "OV_block_step": 123773936,
  "OV_frac": 0.3714699680538183,
  "GE2_frac": 0.15138517967614348,
  "peak_blocks": 5534,
  "peak_step": 104333,
  "gpu_blocks": 1408,
  "total_steps": 236648,
  "type1_count": 108,
  "type2_count": 75,
  "plot_path": "traces/request_types/all_traces/SS00_SL00_LS50_LL50/bim50/bim50_md_ov37.png"
}