{
  "PPR": 5.764583333333333,
  "TPI": 0.5751749433758155,
  "OV_block_step": 178042804,
  "OV_frac": 0.7837009151426028,
  "GE2_frac": 0.29100605118150163,
  "peak_blocks": 5534,
  "peak_step": 104333,
  "gpu_blocks": 960,
  "total_steps": 236648,
  "type1_count": 111,
  "type2_count": 71,
  "plot_path": "traces/request_types/all_traces/SS00_SL00_LS50_LL50/bim50/bim50_hi_ov79.png"
}