{
  "PPR": 3.427255985267035,
  "TPI": 0.6486754714100313,
  "OV_block_step": 3684884,
  "OV_frac": 0.5180669042960416,
  "GE2_frac": 0.12718528131918466,
  "peak_blocks": 1861,
  "peak_step": 5505,
  "gpu_blocks": 543,
  "total_steps": 13099,
  "type1_count": 39,
  "type2_count": 11,
  "plot_path": "traces/requests_types_32k/all_traces_arrival_rate_CV/SS54_SM10_SL01_MS02_MM09_ML02_LS06_LM14_LL01/lognormal_lambda5.0x_cv7/lognormal_lambda5.0x_cv7.png"
}