{
  "batch_size": 4,
  "max_model_len": 32384,
  "num_gpu_blocks_override": 10214,
  "arrival_pattern": "PeriodicArrival(interval=229)",
  "vocab": [200, 30000],
  "requests": {
    "request_0": {"category": "LS_I6544-9824_O816-1216", "input_length": 7284, "output_length": 870, "arrival_time": 0, "sched_time": 0, "wait_time": 0, "slo": 0.05768782719733891},
    "request_1": {"category": "LS_I3264-4912_O1632-2448", "input_length": 4003, "output_length": 1871, "arrival_time": 0, "sched_time": 0, "wait_time": 0, "slo": 0.05540385273994697},
    "request_2": {"category": "SS_I192-304_O400-608", "input_length": 251, "output_length": 546, "arrival_time": 0, "sched_time": 0, "wait_time": 0, "slo": 0.050318002599517624},
    "request_3": {"category": "LL_I6544-9824_O13104-19648", "input_length": 8270, "output_length": 17023, "arrival_time": 0, "sched_time": 0, "wait_time": 0, "slo": 0.07485670361191811},
    "request_4": {"category": "SL_I1632-2448_O3264-4912", "input_length": 1947, "output_length": 4573, "arrival_time": 916, "sched_time": 916, "wait_time": 0, "slo": 0.05605097883620802},
    "request_5": {"category": "SS_I400-608_O1632-2448", "input_length": 600, "output_length": 1870, "arrival_time": 1145, "sched_time": 1145, "wait_time": 0, "slo": 0.051993918944788116},
    "request_6": {"category": "LL_I6544-9824_O3264-4912", "input_length": 8530, "output_length": 4633, "arrival_time": 1374, "sched_time": 1872, "wait_time": 498, "slo": 0.06270555880131973},
    "request_7": {"category": "LL_I13104-19648_O3264-4912", "input_length": 16914, "output_length": 4438, "arrival_time": 1603, "sched_time": 3016, "wait_time": 1413, "slo": 0.07090883372745246},
    "request_8": {"category": "SS_I192-304_O1632-2448", "input_length": 283, "output_length": 2381, "arrival_time": 1832, "sched_time": 5490, "wait_time": 3658, "slo": 0.052188257122303044},
    "request_9": {"category": "SL_I1632-2448_O13104-19648", "input_length": 1951, "output_length": 18284, "arrival_time": 2061, "sched_time": 6506, "wait_time": 4445, "slo": 0.06978988659196703},
    "request_10": {"category": "SS_I816-1216_O400-608", "input_length": 1049, "output_length": 500, "arrival_time": 2290, "sched_time": 7455, "wait_time": 5165, "slo": 0.051071313473183735},
    "request_11": {"category": "SS_I192-304_O1632-2448", "input_length": 212, "output_length": 2343, "arrival_time": 2519, "sched_time": 7872, "wait_time": 5353, "slo": 0.05207906711534878},
    "request_12": {"category": "LS_I3264-4912_O192-304", "input_length": 3685, "output_length": 281, "arrival_time": 2748, "sched_time": 7956, "wait_time": 5208, "slo": 0.05349252674665581},
    "request_13": {"category": "SL_I816-1216_O6544-9824", "input_length": 1105, "output_length": 6969, "arrival_time": 2977, "sched_time": 8238, "wait_time": 5261, "slo": 0.057607687742693585},
    "request_14": {"category": "SL_I1632-2448_O6544-9824", "input_length": 2154, "output_length": 7986, "arrival_time": 3206, "sched_time": 10216, "wait_time": 7010, "slo": 0.05967728915890927},
    "request_15": {"category": "LS_I13104-19648_O192-304", "input_length": 13512, "output_length": 242, "arrival_time": 3435, "sched_time": 15208, "wait_time": 11773, "slo": 0.06329758902251212},
    "request_16": {"category": "LL_I6544-9824_O13104-19648", "input_length": 9301, "output_length": 16902, "arrival_time": 3664, "sched_time": 15451, "wait_time": 11787, "slo": 0.07576828990850876},
    "request_17": {"category": "LS_I6544-9824_O1632-2448", "input_length": 9219, "output_length": 2166, "arrival_time": 3893, "sched_time": 17024, "wait_time": 13131, "slo": 0.06092445942182724},
    "request_18": {"category": "SL_I192-304_O6544-9824", "input_length": 193, "output_length": 6735, "arrival_time": 4122, "sched_time": 18203, "wait_time": 14081, "slo": 0.05645969005489921},
    "request_19": {"category": "LL_I3264-4912_O6544-9824", "input_length": 3896, "output_length": 6916, "arrival_time": 4351, "sched_time": 19191, "wait_time": 14840, "slo": 0.06035046057793005},
    "request_20": {"category": "SS_I816-1216_O400-608", "input_length": 1097, "output_length": 490, "arrival_time": 4580, "sched_time": 24791, "wait_time": 20211, "slo": 0.05110937971414027},
    "request_21": {"category": "LL_I3264-4912_O13104-19648", "input_length": 4669, "output_length": 17963, "arrival_time": 4809, "sched_time": 24939, "wait_time": 20130, "slo": 0.07219106500177777},
    "request_22": {"category": "LS_I13104-19648_O1632-2448", "input_length": 16986, "output_length": 1834, "arrival_time": 5038, "sched_time": 25282, "wait_time": 20244, "slo": 0.06837241998792773},
    "request_23": {"category": "SS_I192-304_O816-1216", "input_length": 245, "output_length": 1033, "arrival_time": 5267, "sched_time": 26108, "wait_time": 20841, "slo": 0.05079984107057268},
    "request_24": {"category": "SL_I1632-2448_O13104-19648", "input_length": 2137, "output_length": 16712, "arrival_time": 5496, "sched_time": 27117, "wait_time": 21621, "slo": 0.06840147054023667},
    "request_25": {"category": "LS_I13104-19648_O816-1216", "input_length": 14258, "output_length": 1160, "arrival_time": 5725, "sched_time": 27142, "wait_time": 21417, "slo": 0.06496448967913501},
    "request_26": {"category": "LL_I6544-9824_O3264-4912", "input_length": 9614, "output_length": 3382, "arrival_time": 5954, "sched_time": 28303, "wait_time": 22349, "slo": 0.0625382676897476},
    "request_27": {"category": "SL_I1632-2448_O13104-19648", "input_length": 2286, "output_length": 14653, "arrival_time": 6183, "sched_time": 31686, "wait_time": 25503, "slo": 0.06648814106057938},
    "request_28": {"category": "LS_I3264-4912_O400-608", "input_length": 4202, "output_length": 405, "arrival_time": 6412, "sched_time": 32354, "wait_time": 25942, "slo": 0.05413464412700153},
    "request_29": {"category": "LL_I3264-4912_O3264-4912", "input_length": 3620, "output_length": 4161, "arrival_time": 6641, "sched_time": 32760, "wait_time": 26119, "slo": 0.05731417699005506},
    "request_30": {"category": "SL_I1632-2448_O3264-4912", "input_length": 2446, "output_length": 3882, "arrival_time": 6870, "sched_time": 36922, "wait_time": 30052, "slo": 0.05585864414505923},
    "request_31": {"category": "SL_I1632-2448_O3264-4912", "input_length": 2322, "output_length": 4056, "arrival_time": 7099, "sched_time": 40805, "wait_time": 33706, "slo": 0.055908731304212554},
    "request_32": {"category": "LS_I6544-9824_O400-608", "input_length": 7361, "output_length": 409, "arrival_time": 7328, "sched_time": 42903, "wait_time": 35575, "slo": 0.057303157815041326},
    "request_33": {"category": "LS_I13104-19648_O816-1216", "input_length": 16578, "output_length": 1138, "arrival_time": 7557, "sched_time": 43313, "wait_time": 35756, "slo": 0.06726649551382216},
    "request_34": {"category": "SS_I192-304_O192-304", "input_length": 248, "output_length": 230, "arrival_time": 7786, "sched_time": 43830, "wait_time": 36044, "slo": 0.04999844652411936},
    "request_35": {"category": "SS_I1632-2448_O1632-2448", "input_length": 2058, "output_length": 2404, "arrival_time": 8015, "sched_time": 44061, "wait_time": 36046, "slo": 0.05398939136545687},
    "request_36": {"category": "SS_I1632-2448_O1632-2448", "input_length": 2017, "output_length": 2267, "arrival_time": 8244, "sched_time": 44452, "wait_time": 36208, "slo": 0.053811081078871004},
    "request_37": {"category": "LL_I6544-9824_O13104-19648", "input_length": 9246, "output_length": 18845, "arrival_time": 8473, "sched_time": 44862, "wait_time": 36389, "slo": 0.07765958103813858},
    "request_38": {"category": "SL_I1632-2448_O13104-19648", "input_length": 1950, "output_length": 16181, "arrival_time": 8702, "sched_time": 46340, "wait_time": 37638, "slo": 0.06768221893479481},
    "request_39": {"category": "LS_I3264-4912_O1632-2448", "input_length": 3862, "output_length": 2147, "arrival_time": 8931, "sched_time": 46466, "wait_time": 37535, "slo": 0.055539088069660965},
    "request_40": {"category": "LS_I3264-4912_O192-304",