{
  "PPR": 2.4025974025974026,
  "TPI": 0.13346991037131883,
  "OV_block_step": 178860,
  "OV_frac": 0.059484177794036946,
  "GE2_frac": 0.013316261203585146,
  "peak_blocks": 370,
  "peak_step": 7084,
  "gpu_blocks": 154,
  "total_steps": 19525,
  "type1_count": 43,
  "type2_count": 37,
  "plot_path": "traces/requests_types_8k/all_traces_arrival_rate_CV/SS11_SM11_SL11_MS11_MM11_ML11_LS11_LM11_LL11/lognormal_lambda1.5x_cv5/lognormal_lambda1.5x_cv5.png"
}