{
  "PPR": 3.3096085409252667,
  "TPI": 0.581840300818403,
  "OV_block_step": 1002159,
  "OV_frac": 0.39442624809016996,
  "GE2_frac": 0.18203937182039373,
  "peak_blocks": 930,
  "peak_step": 1556,
  "gpu_blocks": 281,
  "total_steps": 9042,
  "type1_count": 41,
  "type2_count": 40,
  "plot_path": "traces/requests_types_16k/all_traces_arrival_rate_CV/SS00_SM06_SL06_MS06_MM39_ML00_LS06_LM18_LL19/lognormal_lambda4.5x_cv1/lognormal_lambda4.5x_cv1.png"
}