{
  "PPR": 3.7246376811594204,
  "TPI": 0.7796052631578947,
  "OV_block_step": 345221,
  "OV_frac": 0.5485968090516146,
  "GE2_frac": 0.19364035087719297,
  "peak_blocks": 514,
  "peak_step": 1307,
  "gpu_blocks": 138,
  "total_steps": 4560,
  "type1_count": 59,
  "type2_count": 16,
  "plot_path": "traces/requests_types_8k/all_traces_arrival_rate_CV/SS18_SM04_SL04_MS07_MM51_ML04_LS07_LM02_LL03/lognormal_lambda4.0x_cv2/lognormal_lambda4.0x_cv2.png"
}