{
  "PPR": 2.7022900763358777,
  "TPI": 0.5426552966782031,
  "OV_block_step": 6186026,
  "OV_frac": 0.42121501158779007,
  "GE2_frac": 0.1864630534841403,
  "peak_blocks": 1416,
  "peak_step": 18744,
  "gpu_blocks": 524,
  "total_steps": 28027,
  "type1_count": 57,
  "type2_count": 26,
  "plot_path": "traces/requests_types_32k/all_traces_arrival_rate_CV/SS03_SM42_SL05_MS03_MM05_ML25_LS13_LM02_LL00/lognormal_lambda2.5x_cv6/lognormal_lambda2.5x_cv6.png"
}