{
  "PPR": 3.625,
  "TPI": 0.4833048433048433,
  "OV_block_step": 424601,
  "OV_frac": 0.3183393312340681,
  "GE2_frac": 0.10621082621082621,
  "peak_blocks": 551,
  "peak_step": 8043,
  "gpu_blocks": 152,
  "total_steps": 8775,
  "type1_count": 63,
  "type2_count": 46,
  "plot_path": "traces/requests_types_8k/all_traces_arrival_rate_CV/SS00_SM06_SL06_MS06_MM39_ML00_LS06_LM18_LL19/lognormal_lambda2.5x_cv1/lognormal_lambda2.5x_cv1.png"
}