{
  "PPR": 5.744047619047619,
  "TPI": 0.2754040938446382,
  "OV_block_step": 1881963,
  "OV_frac": 0.40873356129038985,
  "GE2_frac": 0.15404823585215455,
  "peak_blocks": 965,
  "peak_step": 2155,
  "gpu_blocks": 168,
  "total_steps": 27407,
  "type1_count": 49,
  "type2_count": 28,
  "plot_path": "traces/requests_types_8k/all_traces_arrival_rate_CV/SS00_SM00_SL00_MS00_MM00_ML00_LS33_LM33_LL34/lognormal_lambda1.5x_cv6/lognormal_lambda1.5x_cv6.png"
}