{
  "PPR": 1.6832727272727273,
  "TPI": 0.05392635524616499,
  "OV_block_step": 14032516,
  "OV_frac": 0.010045699378896216,
  "GE2_frac": 0.0,
  "peak_blocks": 4629,
  "peak_step": 73779,
  "gpu_blocks": 2750,
  "total_steps": 507952,
  "type1_count": 21,
  "type2_count": 19,
  "plot_path": "traces/sy_requests/all_traces_arrival_rate_CV/SS01_SM18_SL11_MS32_MM14_ML02_LS14_LM07_LL01/lognormal_lambda1.0x_cv1/lognormal_lambda1.0x_cv1.png"
}