{
  "PPR": 1.0941597139451729,
  "TPI": 0.0036679552259282875,
  "OV_block_step": 364878,
  "OV_frac": 0.00021935921000009533,
  "GE2_frac": 0.0,
  "peak_blocks": 3672,
  "peak_step": 446099,
  "gpu_blocks": 3356,
  "total_steps": 495644,
  "type1_count": 2,
  "type2_count": 5,
  "plot_path": "traces/requests_types_128k_bs8/all_traces_arrival_rate_CV/SS15_SM17_SL08_MS09_MM06_ML17_LS06_LM14_LL09/lognormal_lambda1.0x_cv1/lognormal_lambda1.0x_cv1.png"
}