{
  "PPR": 3.2589285714285716,
  "TPI": 0.20411747487559762,
  "OV_block_step": 213473,
  "OV_frac": 0.1859702340298008,
  "GE2_frac": 0.09971704556542102,
  "peak_blocks": 365,
  "peak_step": 5483,
  "gpu_blocks": 112,
  "total_steps": 10249,
  "type1_count": 27,
  "type2_count": 19,
  "plot_path": "traces/requests_types_8k/all_traces_arrival_rate_CV/SS03_SM42_SL05_MS03_MM05_ML25_LS13_LM02_LL00/lognormal_lambda1.0x_cv3/lognormal_lambda1.0x_cv3.png"
}