{
  "PPR": 5.202020202020202,
  "TPI": 0.43386002349725467,
  "OV_block_step": 7868695,
  "OV_frac": 0.6352392298396566,
  "GE2_frac": 0.2892560001918143,
  "peak_blocks": 1545,
  "peak_step": 22188,
  "gpu_blocks": 297,
  "total_steps": 41707,
  "type1_count": 46,
  "type2_count": 25,
  "plot_path": "traces/requests_types_16k/all_traces_arrival_rate_CV/SS06_SM02_SL13_MS06_MM04_ML06_LS51_LM09_LL05/lognormal_lambda5.0x_cv5/lognormal_lambda5.0x_cv5.png"
}