{
  "PPR": 3.5570909090909093,
  "TPI": 0.21350619823526226,
  "OV_block_step": 115103467,
  "OV_frac": 0.11328914140047144,
  "GE2_frac": 0.020091484869809995,
  "peak_blocks": 9782,
  "peak_step": 77219,
  "gpu_blocks": 2750,
  "total_steps": 369460,
  "type1_count": 40,
  "type2_count": 31,
  "plot_path": "traces/sy_requests/all_traces_arrival_rate_CV/SS09_SM11_SL08_MS09_MM08_ML09_LS18_LM23_LL05/lognormal_lambda1.0x_cv1/lognormal_lambda1.0x_cv1.png"
}