{
  "PPR": 3.7062937062937062,
  "TPI": 0.32697044334975367,
  "OV_block_step": 571865,
  "OV_frac": 0.3078091089944538,
  "GE2_frac": 0.1440886699507389,
  "peak_blocks": 530,
  "peak_step": 10135,
  "gpu_blocks": 143,
  "total_steps": 12992,
  "type1_count": 71,
  "type2_count": 34,
  "plot_path": "traces/requests_types_8k/all_traces_arrival_rate_CV/SS18_SM08_SL17_MS21_MM06_ML10_LS10_LM03_LL07/lognormal_lambda2.0x_cv2/lognormal_lambda2.0x_cv2.png"
}