{
  "PPR": 3.3804713804713806,
  "TPI": 0.28689076295680405,
  "OV_block_step": 15923072,
  "OV_frac": 0.21227001242046575,
  "GE2_frac": 0.08498238112206517,
  "peak_blocks": 2008,
  "peak_step": 108110,
  "gpu_blocks": 594,
  "total_steps": 126285,
  "type1_count": 133,
  "type2_count": 38,
  "plot_path": "traces/requests_types_32k/all_traces_arrival_rate_CV/SS01_SM18_SL11_MS32_MM14_ML02_LS14_LM07_LL01/lognormal_lambda1.5x_cv3/lognormal_lambda1.5x_cv3.png"
}