{
  "PPR": 2.197879858657244,
  "TPI": 0.18984653604199223,
  "OV_block_step": 4036520,
  "OV_frac": 0.07143948368579114,
  "GE2_frac": 0.008133990463597387,
  "peak_blocks": 1244,
  "peak_step": 18505,
  "gpu_blocks": 566,
  "total_steps": 99828,
  "type1_count": 60,
  "type2_count": 53,
  "plot_path": "traces/requests_types_32k/all_traces_arrival_rate_CV/SS00_SM06_SL06_MS06_MM39_ML00_LS06_LM18_LL19/lognormal_lambda1.0x_cv2/lognormal_lambda1.0x_cv2.png"
}