{
  "PPR": 4.4375,
  "TPI": 0.8751808972503617,
  "OV_block_step": 357499,
  "OV_frac": 1.1548318947694851,
  "GE2_frac": 0.4388567293777135,
  "peak_blocks": 497,
  "peak_step": 587,
  "gpu_blocks": 112,
  "total_steps": 2764,
  "type1_count": 25,
  "type2_count": 10,
  "plot_path": "traces/requests_types_8k/all_traces_arrival_rate_CV/SS03_SM42_SL05_MS03_MM05_ML25_LS13_LM02_LL00/lognormal_lambda5.0x_cv5/lognormal_lambda5.0x_cv5.png"
}