{
  "PPR": 2.910569105691057,
  "TPI": 0.2682711693548387,
  "OV_block_step": 862249,
  "OV_frac": 0.14722266615307283,
  "GE2_frac": 0.04200268817204301,
  "peak_blocks": 716,
  "peak_step": 10929,
  "gpu_blocks": 246,
  "total_steps": 23808,
  "type1_count": 72,
  "type2_count": 40,
  "plot_path": "traces/requests_types_16k/all_traces_arrival_rate_CV/SS06_SM01_SL07_MS08_MM02_ML49_LS05_LM19_LL03/lognormal_lambda1.5x_cv6/lognormal_lambda1.5x_cv6.png"
}