{
  "PPR": 3.980132450331126,
  "TPI": 0.7927211646136618,
  "OV_block_step": 1127981,
  "OV_frac": 0.8365143166497334,
  "GE2_frac": 0.38342665173572227,
  "peak_blocks": 601,
  "peak_step": 6392,
  "gpu_blocks": 151,
  "total_steps": 8930,
  "type1_count": 68,
  "type2_count": 21,
  "plot_path": "traces/requests_types_8k/all_traces_arrival_rate_CV/SS10_SM00_SL12_MS50_MM04_ML04_LS04_LM08_LL09/lognormal_lambda3.0x_cv4/lognormal_lambda3.0x_cv4.png"
}