{
  "PPR": 2.5244010647737354,
  "TPI": 0.1851478656958487,
  "OV_block_step": 73606643,
  "OV_frac": 0.07512568510406097,
  "GE2_frac": 0.016538412873690143,
  "peak_blocks": 5690,
  "peak_step": 222684,
  "gpu_blocks": 2254,
  "total_steps": 434685,
  "type1_count": 74,
  "type2_count": 51,
  "plot_path": "traces/requests_types_128k/all_traces_arrival_rate_CV/SS10_SM24_SL05_MS05_MM03_ML14_LS09_LM12_LL18/lognormal_lambda1.5x_cv1/lognormal_lambda1.5x_cv1.png"
}