{
  "PPR": 2.731907894736842,
  "TPI": 0.4101184068891281,
  "OV_block_step": 12762910,
  "OV_frac": 0.2035670273128491,
  "GE2_frac": 0.0585924999272685,
  "peak_blocks": 1661,
  "peak_step": 63008,
  "gpu_blocks": 608,
  "total_steps": 103119,
  "type1_count": 142,
  "type2_count": 68,
  "plot_path": "traces/requests_types_32k/all_traces_arrival_rate_CV/SS10_SM00_SL12_MS50_MM04_ML04_LS04_LM08_LL09/lognormal_lambda2.0x_cv1/lognormal_lambda2.0x_cv1.png"
}