{
  "PPR": 3.454861111111111,
  "TPI": 0.15478677110530897,
  "OV_block_step": 1110895,
  "OV_frac": 0.16785353810076395,
  "GE2_frac": 0.07880765883376849,
  "peak_blocks": 995,
  "peak_step": 1780,
  "gpu_blocks": 288,
  "total_steps": 22980,
  "type1_count": 18,
  "type2_count": 16,
  "plot_path": "traces/requests_types_16k/all_traces_arrival_rate_CV/SS15_SM13_SL18_MS00_MM19_ML17_LS06_LM03_LL09/lognormal_lambda3.0x_cv5/lognormal_lambda3.0x_cv5.png"
}