{
  "PPR": 3.1481481481481484,
  "TPI": 0.2854549722243956,
  "OV_block_step": 6813002,
  "OV_frac": 0.17167698479564258,
  "GE2_frac": 0.04753931617244347,
  "peak_blocks": 1955,
  "peak_step": 24958,
  "gpu_blocks": 621,
  "total_steps": 63905,
  "type1_count": 65,
  "type2_count": 57,
  "plot_path": "traces/requests_types_32k/all_traces_arrival_rate_CV/SS06_SM03_SL09_MS03_MM03_ML06_LS03_LM03_LL64/lognormal_lambda1.5x_cv1/lognormal_lambda1.5x_cv1.png"
}