{
  "PPR": 2.318681318681319,
  "TPI": 0.20904114095063556,
  "OV_block_step": 1116343,
  "OV_frac": 0.09607782942526018,
  "GE2_frac": 0.01374497779657433,
  "peak_blocks": 633,
  "peak_step": 18525,
  "gpu_blocks": 273,
  "total_steps": 42561,
  "type1_count": 65,
  "type2_count": 38,
  "plot_path": "traces/requests_types_16k/all_traces_arrival_rate_CV/SS18_SM04_SL04_MS07_MM51_ML04_LS07_LM02_LL03/lognormal_lambda1.0x_cv5/lognormal_lambda1.0x_cv5.png"
}