{
  "PPR": 4.150537634408602,
  "TPI": 0.6106818945246892,
  "OV_block_step": 1678661,
  "OV_frac": 0.5052658795087306,
  "GE2_frac": 0.257473967080954,
  "peak_blocks": 1158,
  "peak_step": 2516,
  "gpu_blocks": 279,
  "total_steps": 11908,
  "type1_count": 49,
  "type2_count": 55,
  "plot_path": "traces/requests_types_16k/all_traces_arrival_rate_CV/SS00_SM00_SL00_MS00_MM00_ML00_LS33_LM66_LL01/lognormal_lambda3.5x_cv1/lognormal_lambda3.5x_cv1.png"
}