{
  "PPR": 2.20452880859375,
  "TPI": 0.4558011049723757,
  "OV_block_step": 118175862,
  "OV_frac": 0.3320848159368526,
  "GE2_frac": 0.12159300184162063,
  "peak_blocks": 36119,
  "peak_step": 2723,
  "gpu_blocks": 16384,
  "total_steps": 21720,
  "type1_count": 22,
  "type2_count": 8,
  "plot_path": "traces/SS11_SL12_LS10_LL64/bim05/bim05_lo_ov33.png"
}