{
  "PPR": 3.3030852994555353,
  "TPI": 0.3921745867768595,
  "OV_block_step": 328801087,
  "OV_frac": 0.3502624818733373,
  "GE2_frac": 0.16647785969196094,
  "peak_blocks": 9100,
  "peak_step": 226673,
  "gpu_blocks": 2755,
  "total_steps": 340736,
  "type1_count": 63,
  "type2_count": 31,
  "plot_path": "traces/requests_types_128k/all_traces_arrival_rate_CV/SS07_SM08_SL06_MS09_MM09_ML09_LS07_LM08_LL38/lognormal_lambda2.0x_cv1/lognormal_lambda2.0x_cv1.png"
}