{
  "PPR": 5.1314935064935066,
  "TPI": 0.750421783654412,
  "OV_block_step": 11104336,
  "OV_frac": 0.7072829081696347,
  "GE2_frac": 0.17597206418958686,
  "peak_blocks": 3161,
  "peak_step": 14125,
  "gpu_blocks": 616,
  "total_steps": 25487,
  "type1_count": 80,
  "type2_count": 40,
  "plot_path": "traces/requests_types_32k/all_traces_arrival_rate_CV/SS18_SM08_SL17_MS21_MM06_ML10_LS10_LM03_LL07/lognormal_lambda4.0x_cv7/lognormal_lambda4.0x_cv7.png"
}