{
  "PPR": 4.104240282685512,
  "TPI": 0.5644271844660195,
  "OV_block_step": 12532629,
  "OV_frac": 0.5732674191224398,
  "GE2_frac": 0.26759870550161813,
  "peak_blocks": 2323,
  "peak_step": 30003,
  "gpu_blocks": 566,
  "total_steps": 38625,
  "type1_count": 42,
  "type2_count": 24,
  "plot_path": "traces/requests_types_32k/all_traces_arrival_rate_CV/SS00_SM06_SL06_MS06_MM39_ML00_LS06_LM18_LL19/lognormal_lambda5.0x_cv6/lognormal_lambda5.0x_cv6.png"
}