{
  "PPR": 6.728549141965678,
  "TPI": 0.6603624382207578,
  "OV_block_step": 25243242,
  "OV_frac": 1.2975628586922718,
  "GE2_frac": 0.4442833607907743,
  "peak_blocks": 4313,
  "peak_step": 19057,
  "gpu_blocks": 641,
  "total_steps": 30350,
  "type1_count": 34,
  "type2_count": 32,
  "plot_path": "traces/requests_types_32k/all_traces_arrival_rate_CV/SS00_SM00_SL00_MS00_MM00_ML00_LS33_LM33_LL34/lognormal_lambda4.0x_cv1/lognormal_lambda4.0x_cv1.png"
}