{
  "PPR": 2.551948051948052,
  "TPI": 0.19992180372735566,
  "OV_block_step": 267531,
  "OV_frac": 0.11320306827279328,
  "GE2_frac": 0.04033624397237065,
  "peak_blocks": 393,
  "peak_step": 3357,
  "gpu_blocks": 154,
  "total_steps": 15346,
  "type1_count": 45,
  "type2_count": 36,
  "plot_path": "traces/requests_types_8k/all_traces_arrival_rate_CV/SS11_SM11_SL11_MS11_MM11_ML11_LS11_LM11_LL11/lognormal_lambda2.5x_cv3/lognormal_lambda2.5x_cv3.png"
}