{
  "PPR": 3.7244258872651357,
  "TPI": 0.3883380547686497,
  "OV_block_step": 2054933,
  "OV_frac": 0.33758640358053676,
  "GE2_frac": 0.15777463015423354,
  "peak_blocks": 1784,
  "peak_step": 6467,
  "gpu_blocks": 479,
  "total_steps": 12708,
  "type1_count": 19,
  "type2_count": 20,
  "plot_path": "traces/requests_types_32k/all_traces_arrival_rate_CV/SS55_SM04_SL04_MS04_MM02_ML15_LS04_LM04_LL05/lognormal_lambda4.0x_cv1/lognormal_lambda4.0x_cv1.png"
}