{
  "PPR": 2.015748031496063,
  "TPI": 0.04213868863714384,
  "OV_block_step": 30922,
  "OV_frac": 0.010448005276374439,
  "GE2_frac": 0.0006865774116031583,
  "peak_blocks": 256,
  "peak_step": 9608,
  "gpu_blocks": 127,
  "total_steps": 23304,
  "type1_count": 21,
  "type2_count": 22,
  "plot_path": "traces/requests_types_8k/all_traces_arrival_rate_CV/SS05_SM22_SL01_MS13_MM01_ML37_LS03_LM03_LL15/lognormal_lambda1.0x_cv1/lognormal_lambda1.0x_cv1.png"
}