{
  "PPR": 4.7047244094488185,
  "TPI": 0.5359806932865292,
  "OV_block_step": 2128221,
  "OV_frac": 0.9191337027913196,
  "GE2_frac": 0.3722027204914436,
  "peak_blocks": 1195,
  "peak_step": 5250,
  "gpu_blocks": 254,
  "total_steps": 9116,
  "type1_count": 26,
  "type2_count": 18,
  "plot_path": "traces/requests_types_16k/all_traces_arrival_rate_CV/SS03_SM42_SL05_MS03_MM05_ML25_LS13_LM02_LL00/lognormal_lambda5.0x_cv2/lognormal_lambda5.0x_cv2.png"
}