{
  "PPR": 2.6782608695652175,
  "TPI": 0.077302717024261,
  "OV_block_step": 295892,
  "OV_frac": 0.06683396314207175,
  "GE2_frac": 0.023118084056314613,
  "peak_blocks": 616,
  "peak_step": 1746,
  "gpu_blocks": 230,
  "total_steps": 19249,
  "type1_count": 8,
  "type2_count": 11,
  "plot_path": "traces/requests_types_16k/all_traces_arrival_rate_CV/SS55_SM04_SL04_MS04_MM02_ML15_LS04_LM04_LL05/lognormal_lambda4.0x_cv4/lognormal_lambda4.0x_cv4.png"
}