{
  "PPR": 4.778523489932886,
  "TPI": 0.4681038275406951,
  "OV_block_step": 789242,
  "OV_frac": 0.5825919681584518,
  "GE2_frac": 0.26803783545974486,
  "peak_blocks": 712,
  "peak_step": 342,
  "gpu_blocks": 149,
  "total_steps": 9092,
  "type1_count": 36,
  "type2_count": 38,
  "plot_path": "traces/requests_types_8k/all_traces_arrival_rate_CV/SS08_SM22_SL00_MS03_MM03_ML08_LS25_LM08_LL23/lognormal_lambda3.5x_cv7/lognormal_lambda3.5x_cv7.png"
}