{
  "PPR": 3.0,
  "TPI": 0.5205688166582021,
  "OV_block_step": 220056,
  "OV_frac": 0.2759513195267385,
  "GE2_frac": 0.07076350093109869,
  "peak_blocks": 405,
  "peak_step": 1795,
  "gpu_blocks": 135,
  "total_steps": 5907,
  "type1_count": 87,
  "type2_count": 45,
  "plot_path": "traces/requests_types_8k/all_traces_arrival_rate_CV/SS15_SM13_SL18_MS00_MM19_ML17_LS06_LM03_LL09/lognormal_lambda2.0x_cv6/lognormal_lambda2.0x_cv6.png"
}