{
  "batch_size": 4,
  "max_model_len": 32384,
  "num_gpu_blocks_override": 1694,
  "arrival_pattern": "PoissonBurstyArrivalPattern(lb=1,lg=6218)",
  "vocab": [200, 30000],
  "requests": {
    "request_0": {"category": "LS_I13104-19648_O192-304", "input_length": 19643, "output_length": 196, "arrival_time": 0, "sched_time": 0, "wait_time": 0, "slo": 0.06939319629147264},
    "request_1": {"category": "LL_I13104-19648_O3264-4912", "input_length": 14042, "output_length": 4615, "arrival_time": 0, "sched_time": 197, "wait_time": 197, "slo": 0.06820913584908786},
    "request_2": {"category": "SS_I816-1216_O192-304", "input_length": 1076, "output_length": 261, "arrival_time": 0, "sched_time": 0, "wait_time": 0, "slo": 0.05085894391837361},
    "request_3": {"category": "LS_I13104-19648_O192-304", "input_length": 17739, "output_length": 243, "arrival_time": 0, "sched_time": 4813, "wait_time": 4813, "slo": 0.06753295920051788},
    "request_4": {"category": "SS_I816-1216_O1632-2448", "input_length": 997, "output_length": 2260, "arrival_time": 4617, "sched_time": 4617, "wait_time": 0, "slo": 0.052782290829861564},
    "request_5": {"category": "LL_I3264-4912_O3264-4912", "input_length": 4540, "output_length": 4352, "arrival_time": 4617, "sched_time": 4617, "wait_time": 0, "slo": 0.0584271136664421},
    "request_6": {"category": "SL_I400-608_O13104-19648", "input_length": 601, "output_length": 16223, "arrival_time": 8971, "sched_time": 8971, "wait_time": 0, "slo": 0.06637294059452671},
    "request_7": {"category": "LS_I13104-19648_O1632-2448", "input_length": 16920, "output_length": 2247, "arrival_time": 8971, "sched_time": 8971, "wait_time": 0, "slo": 0.06872002487245185},
    "request_8": {"category": "LL_I6544-9824_O3264-4912", "input_length": 7365, "output_length": 3821, "arrival_time": 25196, "sched_time": 25196, "wait_time": 0, "slo": 0.06072511252839698},
    "request_9": {"category": "LS_I13104-19648_O400-608", "input_length": 17086, "output_length": 515, "arrival_time": 29019, "sched_time": 29019, "wait_time": 0, "slo": 0.0671512950477695},
    "request_10": {"category": "LL_I3264-4912_O3264-4912", "input_length": 4237, "output_length": 4318, "arrival_time": 29019, "sched_time": 29019, "wait_time": 0, "slo": 0.05808952621374864},
    "request_11": {"category": "SL_I1632-2448_O13104-19648", "input_length": 2446, "output_length": 13471, "arrival_time": 33339, "sched_time": 33339, "wait_time": 0, "slo": 0.06546435952748526},
    "request_12": {"category": "LS_I13104-19648_O192-304", "input_length": 16308, "output_length": 204, "arrival_time": 42255, "sched_time": 42255, "wait_time": 0, "slo": 0.06606039672140993},
    "request_13": {"category": "SL_I400-608_O3264-4912", "input_length": 419, "output_length": 3947, "arrival_time": 42256, "sched_time": 42256, "wait_time": 0, "slo": 0.053893224019882474},
    "request_14": {"category": "LL_I6544-9824_O13104-19648", "input_length": 8130, "output_length": 16948, "arrival_time": 42256, "sched_time": 42460, "wait_time": 204, "slo": 0.07464132882755878},
    "request_15": {"category": "LL_I13104-19648_O6544-9824", "input_length": 15823, "output_length": 7431, "arrival_time": 42256, "sched_time": 42256, "wait_time": 0, "slo": 0.07281414926164523},
    "request_16": {"category": "LS_I13104-19648_O400-608", "input_length": 14046, "output_length": 558, "arrival_time": 53144, "sched_time": 53144, "wait_time": 0, "slo": 0.06414907072811876},
    "request_17": {"category": "LL_I3264-4912_O6544-9824", "input_length": 4839, "output_length": 7530, "arrival_time": 53704, "sched_time": 53704, "wait_time": 0, "slo": 0.061910174713964816},
    "request_18": {"category": "SL_I192-304_O6544-9824", "input_length": 250, "output_length": 6909, "arrival_time": 53704, "sched_time": 53704, "wait_time": 0, "slo": 0.0566910927301876},
    "request_19": {"category": "LS_I13104-19648_O192-304", "input_length": 18666, "output_length": 255, "arrival_time": 53704, "sched_time": 59409, "wait_time": 5705, "slo": 0.06847359604941747},
    "request_20": {"category": "SS_I1632-2448_O400-608", "input_length": 2115, "output_length": 514, "arrival_time": 61236, "sched_time": 61236, "wait_time": 0, "slo": 0.05215319611089571},
    "request_21": {"category": "LS_I13104-19648_O1632-2448", "input_length": 14219, "output_length": 2055, "arrival_time": 61752, "sched_time": 61752, "wait_time": 0, "slo": 0.06582198184384006},
    "request_22": {"category": "LL_I6544-9824_O3264-4912", "input_length": 8731, "output_length": 3753, "arrival_time": 63809, "sched_time": 63809, "wait_time": 0, "slo": 0.06202537518001748},
    "request_23": {"category": "LL_I6544-9824_O13104-19648", "input_length": 7411, "output_length": 13468, "arrival_time": 63809, "sched_time": 63809, "wait_time": 0, "slo": 0.07043500920186195},
    "request_24": {"category": "LL_I3264-4912_O6544-9824", "input_length": 4579, "output_length": 7264, "arrival_time": 63809, "sched_time": 63809, "wait_time": 0, "slo": 0.06138325779967176},
    "request_25": {"category": "SL_I816-1216_O6544-9824", "input_length": 1184, "output_length": 8531, "arrival_time": 77279, "sched_time": 77279, "wait_time": 0, "slo": 0.05925154830610595},
    "request_26": {"category": "LL_I13104-19648_O3264-4912", "input_length": 19623, "output_length": 4659, "arrival_time": 77279, "sched_time": 77279, "wait_time": 0, "slo": 0.07384394125383774},
    "request_27": {"category": "SL_I816-1216_O13104-19648", "input_length": 1159, "output_length": 16464, "arrival_time": 85812, "sched_time": 85812, "wait_time": 0, "slo": 0.06717333339779696},
    "request_28": {"category": "LS_I13104-19648_O400-608", "input_length": 14881, "output_length": 470, "arrival_time": 97425, "sched_time": 97425, "wait_time": 0, "slo": 0.06489737288586955},
    "request_29": {"category": "LL_I6544-9824_O6544-9824", "input_length": 6552, "output_length": 6851, "arrival_time": 97897, "sched_time": 97897, "wait_time": 0, "slo": 0.06294597716525573},
    "request_30": {"category": "LL_I13104-19648_O6544-9824", "input_length": 13882, "output_length": 7875, "arrival_time": 102844, "sched_time": 102844, "wait_time": 0, "slo": 0.07131453971659446},
    "request_31": {"category": "LL_I6544-9824_O13104-19648", "input_length": 9422, "output_length": 13808, "arrival_time": 110721, "sched_time": 110721, "wait_time": 0, "slo": 0.07279010742525163},
    "request_32": {"category": "LL_I3264-4912_O3264-4912", "input_length": 3648, "output_length": 4251, "arrival_time": 110721, "sched_time": 110721, "wait_time": 0, "slo": 0.057432382685656924},
    "request_33": {"category": "LS_I13104-19648_O400-608", "input_length": 16146, "output_length": 465, "arrival_time": 110721, "sched_time": 114973, "wait_time": 4252, "slo": 0.06615956929653352},
    "request_34": {"category": "LL_I13104-19648_O6544-9824", "input_length": 15206, "output_length": 9554, "arrival_time": 119349, "sched_time": 119349, "wait_time": 0, "slo": 0.0743227744953436},
    "request_35": {"category": "LL_I6544-9824_O13104-19648", "input_length": 9420, "output_length": 16523, "arrival_time": 125293, "sched_time": 125293, "wait_time": 0, "slo": 0.07550783668091143},
    "request_36": {"category": "SL_I1632-2448_O6544-9824", "input_length": 2422, "output_length": 9271, "arrival_time": 130698, "sched_time": 130698, "wait_time": 0, "slo": 0.06123299632221177},
    "request_37": {"category": "LL_I6544-9824_O6544-9824", "input_length": 9081, "output_length": 9028, "arrival_time": 136433, "sched_time": 136433, "wait_time": 0, "slo": 0.06766018058476735},
    "request_38": {"category": "LL_I6544-9824_O6544-9824", "input_length": 6939, "output_length": 9750, "arrival_time": 145463, "sched_time": 145463, "wait_time": 0, "slo": 0.06623770526481271},
    "request_39": {"category": "LS_I13104-19648_O192-304", "input_length": 13190, "output_length": 243, "arrival_time": 155215, "sched_time": 155215, "wait_time": 0, "slo": 0.06297602946074772},
    "request_40": {"category": "LL_I13104-19648_O3264-4912",