{
  "PPR": 2.036425902864259,
  "TPI": 0.16740452273119055,
  "OV_block_step": 33027073,
  "OV_frac": 0.040284595554044414,
  "GE2_frac": 0.0004858096566422717,
  "peak_blocks": 6541,
  "peak_step": 27435,
  "gpu_blocks": 3212,
  "total_steps": 255244,
  "type1_count": 62,
  "type2_count": 75,
  "plot_path": "traces/requests_types_128k_bs8/all_traces_arrival_rate_CV/SS00_SM00_SL00_MS00_MM00_ML00_LS33_LM66_LL01/lognormal_lambda2.0x_cv1/lognormal_lambda2.0x_cv1.png"
}