{
  "PPR": 5.379426644182125,
  "TPI": 0.4546138072453862,
  "OV_block_step": 5031625,
  "OV_frac": 0.5799749642387434,
  "GE2_frac": 0.2699248120300752,
  "peak_blocks": 3190,
  "peak_step": 10889,
  "gpu_blocks": 593,
  "total_steps": 14630,
  "type1_count": 23,
  "type2_count": 18,
  "plot_path": "traces/requests_types_32k/all_traces_arrival_rate_CV/SS07_SM02_SL09_MS02_MM02_ML07_LS02_LM57_LL10/lognormal_lambda3.5x_cv1/lognormal_lambda3.5x_cv1.png"
}