{
  "PPR": 2.355839416058394,
  "TPI": 0.2681720376919843,
  "OV_block_step": 2635409,
  "OV_frac": 0.11894097670093501,
  "GE2_frac": 0.013108104765909035,
  "peak_blocks": 1291,
  "peak_step": 33505,
  "gpu_blocks": 548,
  "total_steps": 40433,
  "type1_count": 36,
  "type2_count": 34,
  "plot_path": "traces/requests_types_32k/all_traces_arrival_rate_CV/SS05_SM22_SL01_MS13_MM01_ML37_LS03_LM03_LL15/lognormal_lambda2.0x_cv3/lognormal_lambda2.0x_cv3.png"
}