{
  "PPR": 5.807339449541284,
  "TPI": 0.5376906969787616,
  "OV_block_step": 2483308,
  "OV_frac": 0.5679190896857828,
  "GE2_frac": 0.2746036494166916,
  "peak_blocks": 1899,
  "peak_step": 8186,
  "gpu_blocks": 327,
  "total_steps": 13372,
  "type1_count": 45,
  "type2_count": 26,
  "plot_path": "traces/requests_types_16k/all_traces_arrival_rate_CV/SS00_SM00_SL00_MS00_MM00_ML00_LS00_LM33_LL67/lognormal_lambda2.5x_cv2/lognormal_lambda2.5x_cv2.png"
}