{
  "PPR": 1.9552556818181819,
  "TPI": 0.17303887640036505,
  "OV_block_step": 40462019,
  "OV_frac": 0.044005043156983434,
  "GE2_frac": 0.0,
  "peak_blocks": 5506,
  "peak_step": 263674,
  "gpu_blocks": 2816,
  "total_steps": 326522,
  "type1_count": 68,
  "type2_count": 86,
  "plot_path": "traces/request_types/SS08_SL00_LS08_LL83/bim50/bim50_vl_ov4.png"
}