{
  "PPR": 2.5974545454545455,
  "TPI": 0.2731420742071622,
  "OV_block_step": 97526502,
  "OV_frac": 0.11460095568850877,
  "GE2_frac": 0.028039346211763794,
  "peak_blocks": 7143,
  "peak_step": 304345,
  "gpu_blocks": 2750,
  "total_steps": 309458,
  "type1_count": 75,
  "type2_count": 45,
  "plot_path": "traces/requests_types_96k/all_traces_arrival_rate_CV/SS06_SM01_SL07_MS08_MM02_ML49_LS05_LM19_LL03/lognormal_lambda1.5x_cv1/lognormal_lambda1.5x_cv1.png"
}