{
  "PPR": 1.1718592964824122,
  "TPI": 0.02390365271014913,
  "OV_block_step": 92189,
  "OV_frac": 0.0014142576482000925,
  "GE2_frac": 0.0,
  "peak_blocks": 1166,
  "peak_step": 34251,
  "gpu_blocks": 995,
  "total_steps": 65513,
  "type1_count": 9,
  "type2_count": 10,
  "plot_path": "traces/requests_types_32k_bs8/all_traces_arrival_rate_CV/SS19_SM26_SL11_MS14_MM09_ML02_LS10_LM01_LL08/lognormal_lambda2.0x_cv1/lognormal_lambda2.0x_cv1.png"
}