{
  "PPR": 1.6469811320754717,
  "TPI": 0.6886567024317106,
  "OV_block_step": 57636085,
  "OV_frac": 0.25476111649880345,
  "GE2_frac": 0.0,
  "peak_blocks": 17458,
  "peak_step": 3218,
  "gpu_blocks": 10600,
  "total_steps": 21343,
  "type1_count": 42,
  "type2_count": 10,
  "plot_path": "traces/SS22_SL19_LS47_LL09/bim05/bim05_md_ov25.png"
}