{
  "PPR": 2.2045724465558196,
  "TPI": 0.1377429937878721,
  "OV_block_step": 34431704,
  "OV_frac": 0.04105220686648129,
  "GE2_frac": 0.0013412092567532295,
  "peak_blocks": 7425,
  "peak_step": 224246,
  "gpu_blocks": 3368,
  "total_steps": 249029,
  "type1_count": 48,
  "type2_count": 44,
  "plot_path": "traces/requests_types_128k_bs8/all_traces_arrival_rate_CV/SS09_SM11_SL08_MS09_MM08_ML09_LS18_LM23_LL05/lognormal_lambda2.5x_cv1/lognormal_lambda2.5x_cv1.png"
}