{
  "PPR": 1.5765167930660888,
  "TPI": 0.42463529936900196,
  "OV_block_step": 33474306,
  "OV_frac": 0.0919787513386174,
  "GE2_frac": 0.0,
  "peak_blocks": 11641,
  "peak_step": 19231,
  "gpu_blocks": 7384,
  "total_steps": 49287,
  "type1_count": 108,
  "type2_count": 40,
  "plot_path": "traces/SS07_SL67_LS17_LL07/uni05/uni05_lo_ov10.png"
}