{
  "PPR": 5.362438220757825,
  "TPI": 0.8000221827861579,
  "OV_block_step": 7176405,
  "OV_frac": 1.3113068986637704,
  "GE2_frac": 0.5271739130434783,
  "peak_blocks": 3255,
  "peak_step": 4820,
  "gpu_blocks": 607,
  "total_steps": 9016,
  "type1_count": 16,
  "type2_count": 18,
  "plot_path": "traces/requests_types_32k/all_traces_arrival_rate_CV/SS00_SM00_SL00_MS00_MM00_ML00_LS00_LM66_LL34/lognormal_lambda4.0x_cv1/lognormal_lambda4.0x_cv1.png"
}