{
  "PPR": 3.7513211066210754,
  "TPI": 0.6895536919434425,
  "OV_block_step": 118744032,
  "OV_frac": 0.8167507820102559,
  "GE2_frac": 0.4699621622817693,
  "peak_blocks": 12068,
  "peak_step": 26531,
  "gpu_blocks": 3217,
  "total_steps": 45193,
  "type1_count": 38,
  "type2_count": 16,
  "plot_path": "traces/SS08_SL61_LS23_LL06/poi05/poi05_hi_ov82.png"
}