{
  "PPR": 3.7158273381294964,
  "TPI": 0.3623673925181463,
  "OV_block_step": 995275,
  "OV_frac": 0.33315893348972414,
  "GE2_frac": 0.1572678205844035,
  "peak_blocks": 1033,
  "peak_step": 7104,
  "gpu_blocks": 278,
  "total_steps": 10746,
  "type1_count": 24,
  "type2_count": 38,
  "plot_path": "traces/requests_types_16k/all_traces_arrival_rate_CV/SS07_SM02_SL09_MS02_MM02_ML07_LS02_LM57_LL10/lognormal_lambda2.0x_cv4/lognormal_lambda2.0x_cv4.png"
}