{
  "PPR": 1.644853875476493,
  "TPI": 0.4824623134190155,
  "OV_block_step": 16541386,
  "OV_frac": 0.09731045382498754,
  "GE2_frac": 0.0,
  "peak_blocks": 10356,
  "peak_step": 19074,
  "gpu_blocks": 6296,
  "total_steps": 26999,
  "type1_count": 76,
  "type2_count": 42,
  "plot_path": "traces/SS32_SL30_LS30_LL05/per05/per05_lo_ov10.png"
}