{
  "PPR": 2.255894192064405,
  "TPI": 0.515045045045045,
  "OV_block_step": 58359240,
  "OV_frac": 0.2519450445269882,
  "GE2_frac": 0.012342342342342343,
  "peak_blocks": 15692,
  "peak_step": 17108,
  "gpu_blocks": 6956,
  "total_steps": 33300,
  "type1_count": 50,
  "type2_count": 10,
  "plot_path": "traces/SS24_SL23_LS23_LL28/tsa05/tsa05_md_ov25.png"
}