{
  "PPR": 1.620404791408509,
  "TPI": 0.3431231231231231,
  "OV_block_step": 17083247,
  "OV_frac": 0.05297505374023342,
  "GE2_frac": 0.0,
  "peak_blocks": 15692,
  "peak_step": 17108,
  "gpu_blocks": 9684,
  "total_steps": 33300,
  "type1_count": 66,
  "type2_count": 41,
  "plot_path": "traces/SS24_SL23_LS23_LL28/tsa05/tsa05_sk_ov5.png"
}