{
  "PPR": 1.2348613469156764,
  "TPI": 0.011479050009654374,
  "OV_block_step": 753600,
  "OV_frac": 0.001029362735954362,
  "GE2_frac": 0.0,
  "peak_blocks": 2182,
  "peak_step": 35163,
  "gpu_blocks": 1767,
  "total_steps": 414320,
  "type1_count": 11,
  "type2_count": 10,
  "plot_path": "traces/SS14_SL39_LS12_LL33/bur05/bur05_lo_ov3.png"
}