{
  "PPR": 3.2666666666666666,
  "TPI": 0.529001798561151,
  "OV_block_step": 260254,
  "OV_frac": 0.4334099387156941,
  "GE2_frac": 0.19199640287769784,
  "peak_blocks": 441,
  "peak_step": 1740,
  "gpu_blocks": 135,
  "total_steps": 4448,
  "type1_count": 54,
  "type2_count": 41,
  "plot_path": "traces/requests_types_8k/all_traces_arrival_rate_CV/SS15_SM13_SL18_MS00_MM19_ML17_LS06_LM03_LL09/lognormal_lambda4.5x_cv4/lognormal_lambda4.5x_cv4.png"
}