{
  "PPR": 4.478150190920662,
  "TPI": 0.6318673259362654,
  "OV_block_step": 314660652,
  "OV_frac": 0.6316709113387795,
  "GE2_frac": 0.21640918876718163,
  "peak_blocks": 10555,
  "peak_step": 105767,
  "gpu_blocks": 2357,
  "total_steps": 211345,
  "type1_count": 70,
  "type2_count": 41,
  "plot_path": "traces/requests_types_128k/all_traces_arrival_rate_CV/SS06_SM01_SL07_MS08_MM02_ML49_LS05_LM19_LL03/lognormal_lambda3.0x_cv1/lognormal_lambda3.0x_cv1.png"
}