{
  "PPR": 2.487012987012987,
  "TPI": 0.22557671717335584,
  "OV_block_step": 4509481,
  "OV_frac": 0.1187597099211745,
  "GE2_frac": 0.03116381687810259,
  "peak_blocks": 1532,
  "peak_step": 60414,
  "gpu_blocks": 616,
  "total_steps": 61642,
  "type1_count": 68,
  "type2_count": 27,
  "plot_path": "traces/requests_types_32k/all_traces_arrival_rate_CV/SS18_SM08_SL17_MS21_MM06_ML10_LS10_LM03_LL07/lognormal_lambda1.0x_cv5/lognormal_lambda1.0x_cv5.png"
}