{
  "PPR": 3.167587476979742,
  "TPI": 0.36941982491436026,
  "OV_block_step": 2328304,
  "OV_frac": 0.23314951173671403,
  "GE2_frac": 0.08645533141210375,
  "peak_blocks": 1720,
  "peak_step": 8075,
  "gpu_blocks": 543,
  "total_steps": 18391,
  "type1_count": 46,
  "type2_count": 25,
  "plot_path": "traces/requests_types_32k/all_traces_arrival_rate_CV/SS54_SM10_SL01_MS02_MM09_ML02_LS06_LM14_LL01/lognormal_lambda3.0x_cv2/lognormal_lambda3.0x_cv2.png"
}