{
  "PPR": 2.8684895833333335,
  "TPI": 0.4127418997244481,
  "OV_block_step": 11056027,
  "OV_frac": 0.22797752018470424,
  "GE2_frac": 0.07400310391790454,
  "peak_blocks": 2203,
  "peak_step": 48486,
  "gpu_blocks": 768,
  "total_steps": 63146,
  "type1_count": 74,
  "type2_count": 50,
  "plot_path": "traces/request_types/all_traces/SS00_SM00_SL00_MS00_MM00_ML00_LS33_LM00_LL67/bim50/bim50_ml_ov24.png"
}