{
  "PPR": 2.0295167045085956,
  "TPI": 0.2807183284031257,
  "OV_block_step": 48409701,
  "OV_frac": 0.06712267281233324,
  "GE2_frac": 0.0008934220200742096,
  "peak_blocks": 6257,
  "peak_step": 147367,
  "gpu_blocks": 3083,
  "total_steps": 233932,
  "type1_count": 118,
  "type2_count": 96,
  "plot_path": "traces/requests_types_128k_bs8/all_traces_arrival_rate_CV/SS06_SM06_SL19_MS24_MM08_ML20_LS10_LM05_LL02/lognormal_lambda3.5x_cv1/lognormal_lambda3.5x_cv1.png"
}