{
  "PPR": 6.27892234548336,
  "TPI": 0.5202652644513109,
  "OV_block_step": 23672726,
  "OV_frac": 0.6779097960316403,
  "GE2_frac": 0.2802443035001175,
  "peak_blocks": 3962,
  "peak_step": 40086,
  "gpu_blocks": 631,
  "total_steps": 55341,
  "type1_count": 40,
  "type2_count": 44,
  "plot_path": "traces/requests_types_32k/all_traces_arrival_rate_CV/SS00_SM00_SL00_MS00_MM00_ML00_LS33_LM00_LL67/lognormal_lambda1.0x_cv7/lognormal_lambda1.0x_cv7.png"
}