{
  "PPR": 6.535904255319149,
  "TPI": 0.7289242123190462,
  "OV_block_step": 339930460,
  "OV_frac": 1.1255239657444382,
  "GE2_frac": 0.4448585983835547,
  "peak_blocks": 14745,
  "peak_step": 86147,
  "gpu_blocks": 2256,
  "total_steps": 133874,
  "type1_count": 34,
  "type2_count": 29,
  "plot_path": "traces/requests_types_128k/all_traces_arrival_rate_CV/SS07_SM02_SL09_MS02_MM02_ML07_LS02_LM57_LL10/lognormal_lambda4.0x_cv1/lognormal_lambda4.0x_cv1.png"
}