{
  "PPR": 2.8313802083333335,
  "TPI": 0.5017857768129136,
  "OV_block_step": 25071293,
  "OV_frac": 0.2857672954271566,
  "GE2_frac": 0.05591932490633426,
  "peak_blocks": 4349,
  "peak_step": 23129,
  "gpu_blocks": 1536,
  "total_steps": 57118,
  "type1_count": 50,
  "type2_count": 35,
  "plot_path": "traces/requests_types_48k/all_traces_arrival_rate_CV/SS55_SM04_SL04_MS04_MM02_ML15_LS04_LM04_LL05/lognormal_lambda3.5x_cv1/lognormal_lambda3.5x_cv1.png"
}