{
  "PPR": 4.379725085910653,
  "TPI": 0.4266035299182092,
  "OV_block_step": 9079440,
  "OV_frac": 0.44770877804947684,
  "GE2_frac": 0.22066293585880328,
  "peak_blocks": 2549,
  "peak_step": 24300,
  "gpu_blocks": 582,
  "total_steps": 34845,
  "type1_count": 38,
  "type2_count": 35,
  "plot_path": "traces/requests_types_32k/all_traces_arrival_rate_CV/SS10_SM24_SL05_MS05_MM03_ML14_LS09_LM12_LL18/lognormal_lambda3.0x_cv1/lognormal_lambda3.0x_cv1.png"
}