{
  "PPR": 4.304911955514365,
  "TPI": 0.36097075539795226,
  "OV_block_step": 187263324,
  "OV_frac": 0.6081330674153128,
  "GE2_frac": 0.2602720525884241,
  "peak_blocks": 9290,
  "peak_step": 48726,
  "gpu_blocks": 2158,
  "total_steps": 142693,
  "type1_count": 16,
  "type2_count": 6,
  "plot_path": "traces/requests_types_128k/all_traces_arrival_rate_CV/SS55_SM04_SL04_MS04_MM02_ML15_LS04_LM04_LL05/lognormal_lambda3.0x_cv1/lognormal_lambda3.0x_cv1.png"
}