{
  "PPR": 4.321311475409836,
  "TPI": 0.7824386775684323,
  "OV_block_step": 2841039,
  "OV_frac": 0.8278423362258367,
  "GE2_frac": 0.3657127621756132,
  "peak_blocks": 1318,
  "peak_step": 4493,
  "gpu_blocks": 305,
  "total_steps": 11252,
  "type1_count": 40,
  "type2_count": 36,
  "plot_path": "traces/requests_types_16k/all_traces_arrival_rate_CV/SS02_SM02_SL02_MS01_MM01_ML02_LS01_LM03_LL86/lognormal_lambda2.5x_cv1/lognormal_lambda2.5x_cv1.png"
}