{
  "PPR": 1.8135416666666666,
  "TPI": 0.10696388573119792,
  "OV_block_step": 4268770,
  "OV_frac": 0.029910036636689154,
  "GE2_frac": 0.0,
  "peak_blocks": 1741,
  "peak_step": 44070,
  "gpu_blocks": 960,
  "total_steps": 148667,
  "type1_count": 78,
  "type2_count": 32,
  "plot_path": "traces/request_types/all_traces/SS62_SL37_LS00_LL00/bim50/bim50_vl_ov5.png"
}