{
  "PPR": 2.0729166666666665,
  "TPI": 0.24471093930732893,
  "OV_block_step": 19092078,
  "OV_frac": 0.09275716425191974,
  "GE2_frac": 0.0024700939531204524,
  "peak_blocks": 3184,
  "peak_step": 30767,
  "gpu_blocks": 1536,
  "total_steps": 134003,
  "type1_count": 55,
  "type2_count": 40,
  "plot_path": "traces/requests_types_48k/all_traces_arrival_rate_CV/SS19_SM26_SL11_MS14_MM09_ML02_LS10_LM01_LL08/lognormal_lambda2.0x_cv1/lognormal_lambda2.0x_cv1.png"
}