{
  "PPR": 6.924295774647887,
  "TPI": 0.8754407104922569,
  "OV_block_step": 19560448,
  "OV_frac": 1.5369040233277202,
  "GE2_frac": 0.5912438077386531,
  "peak_blocks": 3933,
  "peak_step": 20597,
  "gpu_blocks": 568,
  "total_steps": 22407,
  "type1_count": 31,
  "type2_count": 11,
  "plot_path": "traces/requests_types_32k/all_traces_arrival_rate_CV/SS08_SM22_SL00_MS03_MM03_ML08_LS25_LM08_LL23/lognormal_lambda5.0x_cv1/lognormal_lambda5.0x_cv1.png"
}