{
  "PPR": 4.047138047138047,
  "TPI": 0.47717015415274605,
  "OV_block_step": 2619957,
  "OV_frac": 0.5170508200225098,
  "GE2_frac": 0.23914190258484264,
  "peak_blocks": 1202,
  "peak_step": 7458,
  "gpu_blocks": 297,
  "total_steps": 17061,
  "type1_count": 43,
  "type2_count": 21,
  "plot_path": "traces/requests_types_16k/all_traces_arrival_rate_CV/SS14_SM21_SL27_MS03_MM10_ML05_LS17_LM02_LL01/lognormal_lambda2.5x_cv7/lognormal_lambda2.5x_cv7.png"
}