{
  "PPR": 3.048828125,
  "TPI": 0.3113682135300266,
  "OV_block_step": 70370463,
  "OV_frac": 0.19465709054132427,
  "GE2_frac": 0.046987992759965666,
  "peak_blocks": 4683,
  "peak_step": 190664,
  "gpu_blocks": 1536,
  "total_steps": 235358,
  "type1_count": 93,
  "type2_count": 35,
  "plot_path": "traces/requests_types_48k/all_traces_arrival_rate_CV/SS01_SM18_SL11_MS32_MM14_ML02_LS14_LM07_LL01/lognormal_lambda2.0x_cv1/lognormal_lambda2.0x_cv1.png"
}