{
  "PPR": 2.5384615384615383,
  "TPI": 0.858751425313569,
  "OV_block_step": 74039092,
  "OV_frac": 0.5708586090173204,
  "GE2_frac": 0.15056062333713416,
  "peak_blocks": 15642,
  "peak_step": 2933,
  "gpu_blocks": 6162,
  "total_steps": 21048,
  "type1_count": 67,
  "type2_count": 16,
  "plot_path": "traces/request_types/SS13_SL07_LS74_LL04/bim05/bim05_mh_ov57.png"
}