{
  "PPR": 4.230630630630631,
  "TPI": 0.1260229756519087,
  "OV_block_step": 10286633,
  "OV_frac": 0.23553186948957802,
  "GE2_frac": 0.09665531439028109,
  "peak_blocks": 2348,
  "peak_step": 10403,
  "gpu_blocks": 555,
  "total_steps": 78692,
  "type1_count": 32,
  "type2_count": 12,
  "plot_path": "traces/requests_types_32k/all_traces_arrival_rate_CV/SS06_SM06_SL19_MS24_MM08_ML20_LS10_LM05_LL02/lognormal_lambda1.5x_cv5/lognormal_lambda1.5x_cv5.png"
}