{
  "PPR": 2.984251968503937,
  "TPI": 0.4600186393289842,
  "OV_block_step": 1419454,
  "OV_frac": 0.34721351816111523,
  "GE2_frac": 0.17054986020503263,
  "peak_blocks": 758,
  "peak_step": 5439,
  "gpu_blocks": 254,
  "total_steps": 16095,
  "type1_count": 73,
  "type2_count": 27,
  "plot_path": "traces/requests_types_16k/all_traces_arrival_rate_CV/SS03_SM42_SL05_MS03_MM05_ML25_LS13_LM02_LL00/lognormal_lambda1.5x_cv7/lognormal_lambda1.5x_cv7.png"
}