{
  "PPR": 1.8964059196617336,
  "TPI": 0.7191860465116279,
  "OV_block_step": 2255416,
  "OV_frac": 0.3465349820541816,
  "GE2_frac": 0.0,
  "peak_blocks": 1794,
  "peak_step": 2253,
  "gpu_blocks": 946,
  "total_steps": 6880,
  "type1_count": 72,
  "type2_count": 12,
  "plot_path": "traces/request_types/SS100_SL00_LS00_LL00/per05/per05_md_ov34.png"
}