{
  "PPR": 3.804054054054054,
  "TPI": 0.21400211752249867,
  "OV_block_step": 508311,
  "OV_frac": 0.22727195498833933,
  "GE2_frac": 0.08549497088406564,
  "peak_blocks": 563,
  "peak_step": 7077,
  "gpu_blocks": 148,
  "total_steps": 15112,
  "type1_count": 28,
  "type2_count": 25,
  "plot_path": "traces/requests_types_8k/all_traces_arrival_rate_CV/SS10_SM24_SL05_MS05_MM03_ML14_LS09_LM12_LL18/lognormal_lambda1.0x_cv7/lognormal_lambda1.0x_cv7.png"
}