{
  "PPR": 5.759943181818182,
  "TPI": 0.6268976337884827,
  "OV_block_step": 123444575,
  "OV_frac": 0.7435646156833795,
  "GE2_frac": 0.29770587736409126,
  "peak_blocks": 4055,
  "peak_step": 192560,
  "gpu_blocks": 704,
  "total_steps": 235820,
  "type1_count": 172,
  "type2_count": 70,
  "plot_path": "traces/request_types/all_traces/SS25_SL25_LS25_LL25/bim50/bim50_hi_ov81.png"
}