{
  "PPR": 5.146711635750422,
  "TPI": 0.3727969110045463,
  "OV_block_step": 5335059,
  "OV_frac": 0.5602993593333866,
  "GE2_frac": 0.22594507068568226,
  "peak_blocks": 3052,
  "peak_step": 10761,
  "gpu_blocks": 593,
  "total_steps": 16057,
  "type1_count": 11,
  "type2_count": 21,
  "plot_path": "traces/requests_types_32k/all_traces_arrival_rate_CV/SS07_SM02_SL09_MS02_MM02_ML07_LS02_LM57_LL10/lognormal_lambda3.0x_cv5/lognormal_lambda3.0x_cv5.png"
}