{
  "PPR": 2.0090909090909093,
  "TPI": 0.1540824712180211,
  "OV_block_step": 23644280,
  "OV_frac": 0.06603473038255647,
  "GE2_frac": 0.0006221054814405198,
  "peak_blocks": 5525,
  "peak_step": 111771,
  "gpu_blocks": 2750,
  "total_steps": 130203,
  "type1_count": 21,
  "type2_count": 16,
  "plot_path": "traces/requests_types_96k/all_traces_arrival_rate_CV/SS55_SM04_SL04_MS04_MM02_ML15_LS04_LM04_LL05/lognormal_lambda1.5x_cv1/lognormal_lambda1.5x_cv1.png"
}