{
  "PPR": 2.0751868890166763,
  "TPI": 0.5743319983262598,
  "OV_block_step": 50065989,
  "OV_frac": 0.21512121863769468,
  "GE2_frac": 0.000956422978062048,
  "peak_blocks": 14435,
  "peak_step": 16391,
  "gpu_blocks": 6956,
  "total_steps": 33458,
  "type1_count": 53,
  "type2_count": 15,
  "plot_path": "traces/request_types/SS24_SL23_LS23_LL28/poi05/poi05_ml_ov22.png"
}