{
  "PPR": 1.5270284565746324,
  "TPI": 0.30040647976567636,
  "OV_block_step": 13110368,
  "OV_frac": 0.041451976905642965,
  "GE2_frac": 0.0,
  "peak_blocks": 14435,
  "peak_step": 16391,
  "gpu_blocks": 9453,
  "total_steps": 33458,
  "type1_count": 58,
  "type2_count": 45,
  "plot_path": "traces/request_types/SS24_SL23_LS23_LL28/poi05/poi05_vl_ov4.png"
}