{
  "PPR": 3.3216783216783217,
  "TPI": 0.30235091618188553,
  "OV_block_step": 2568995,
  "OV_frac": 0.1957099592565963,
  "GE2_frac": 0.07932980369087304,
  "peak_blocks": 950,
  "peak_step": 37693,
  "gpu_blocks": 286,
  "total_steps": 45897,
  "type1_count": 124,
  "type2_count": 54,
  "plot_path": "traces/requests_types_16k/all_traces_arrival_rate_CV/SS10_SM00_SL12_MS50_MM04_ML04_LS04_LM08_LL09/lognormal_lambda2.0x_cv2/lognormal_lambda2.0x_cv2.png"
}