{
  "PPR": 5.298076923076923,
  "TPI": 0.6204920978967662,
  "OV_block_step": 176004427,
  "OV_frac": 0.768040802851957,
  "GE2_frac": 0.33366009156491777,
  "peak_blocks": 4408,
  "peak_step": 101936,
  "gpu_blocks": 832,
  "total_steps": 275433,
  "type1_count": 151,
  "type2_count": 64,
  "plot_path": "traces/request_types/all_traces/SS00_SL00_LS50_LL50/bim50/bim50_hi_ov82.png"
}