{
  "PPR": 3.3043478260869565,
  "TPI": 0.21992337164750958,
  "OV_block_step": 120127,
  "OV_frac": 0.2223462342902623,
  "GE2_frac": 0.10932311621966795,
  "peak_blocks": 228,
  "peak_step": 7480,
  "gpu_blocks": 69,
  "total_steps": 7830,
  "type1_count": 37,
  "type2_count": 14,
  "plot_path": "traces/requests_types_8k/all_traces_arrival_rate_CV/SS14_SM21_SL27_MS03_MM10_ML05_LS17_LM02_LL01/lognormal_lambda1.5x_cv2/lognormal_lambda1.5x_cv2.png"
}