{
  "PPR": 4.554257095158597,
  "TPI": 0.8409149154279857,
  "OV_block_step": 10684791,
  "OV_frac": 1.1428571581373022,
  "GE2_frac": 0.49314454126089186,
  "peak_blocks": 2728,
  "peak_step": 7215,
  "gpu_blocks": 599,
  "total_steps": 15608,
  "type1_count": 19,
  "type2_count": 10,
  "plot_path": "traces/requests_types_32k/all_traces_arrival_rate_CV/SS15_SM13_SL18_MS00_MM19_ML17_LS06_LM03_LL09/lognormal_lambda4.5x_cv7/lognormal_lambda4.5x_cv7.png"
}