{
  "PPR": 5.197132616487456,
  "TPI": 0.7254588986432562,
  "OV_block_step": 2077221,
  "OV_frac": 0.7427410773283903,
  "GE2_frac": 0.3232242617717478,
  "peak_blocks": 1450,
  "peak_step": 2707,
  "gpu_blocks": 279,
  "total_steps": 10024,
  "type1_count": 48,
  "type2_count": 38,
  "plot_path": "traces/requests_types_16k/all_traces_arrival_rate_CV/SS00_SM00_SL00_MS00_MM00_ML00_LS33_LM66_LL01/lognormal_lambda5.0x_cv1/lognormal_lambda5.0x_cv1.png"
}