{
  "PPR": 2.182275087954431,
  "TPI": 0.5185056791533269,
  "OV_block_step": 70509895,
  "OV_frac": 0.24088340613920717,
  "GE2_frac": 0.030424763963376088,
  "peak_blocks": 13026,
  "peak_step": 18565,
  "gpu_blocks": 5969,
  "total_steps": 49039,
  "type1_count": 77,
  "type2_count": 17,
  "plot_path": "traces/SS07_SL67_LS17_LL07/per05/per05_md_ov24.png"
}