{
  "PPR": 1.7402805611222445,
  "TPI": 0.3979893554109994,
  "OV_block_step": 35462639,
  "OV_frac": 0.0966134611576518,
  "GE2_frac": 0.0,
  "peak_blocks": 13026,
  "peak_step": 18565,
  "gpu_blocks": 7485,
  "total_steps": 49039,
  "type1_count": 77,
  "type2_count": 30,
  "plot_path": "traces/SS07_SL67_LS17_LL07/per05/per05_lo_ov10.png"
}