{
  "PPR": 2.0235159162603957,
  "TPI": 0.6114437392727418,
  "OV_block_step": 129894722,
  "OV_frac": 0.2478155582700761,
  "GE2_frac": 0.0013970382788488405,
  "peak_blocks": 21168,
  "peak_step": 23477,
  "gpu_blocks": 10461,
  "total_steps": 50106,
  "type1_count": 74,
  "type2_count": 24,
  "plot_path": "traces/SS07_SL05_LS02_LL84/tsa05/tsa05_md_ov25.png"
}