{
  "PPR": 8.500807754442649,
  "TPI": 0.9530356755192126,
  "OV_block_step": 20260637,
  "OV_frac": 2.3685678482752026,
  "GE2_frac": 0.8176423764382372,
  "peak_blocks": 5262,
  "peak_step": 11570,
  "gpu_blocks": 619,
  "total_steps": 13819,
  "type1_count": 11,
  "type2_count": 6,
  "plot_path": "traces/requests_types_32k/all_traces_arrival_rate_CV/SS00_SM00_SL00_MS00_MM00_ML00_LS00_LM00_LL100/lognormal_lambda4.5x_cv1/lognormal_lambda4.5x_cv1.png"
}