{
  "PPR": 3.0460405156537753,
  "TPI": 0.3752474687482324,
  "OV_block_step": 2525031,
  "OV_frac": 0.26303236445900324,
  "GE2_frac": 0.08739182080434414,
  "peak_blocks": 1654,
  "peak_step": 7464,
  "gpu_blocks": 543,
  "total_steps": 17679,
  "type1_count": 38,
  "type2_count": 28,
  "plot_path": "traces/requests_types_32k/all_traces_arrival_rate_CV/SS54_SM10_SL01_MS02_MM09_ML02_LS06_LM14_LL01/lognormal_lambda4.0x_cv1/lognormal_lambda4.0x_cv1.png"
}