{
  "PPR": 3.752688172043011,
  "TPI": 0.6667161079798279,
  "OV_block_step": 4323640,
  "OV_frac": 0.7661879542531402,
  "GE2_frac": 0.35469198061900525,
  "peak_blocks": 1047,
  "peak_step": 11696,
  "gpu_blocks": 279,
  "total_steps": 20226,
  "type1_count": 81,
  "type2_count": 27,
  "plot_path": "traces/requests_types_16k/all_traces_arrival_rate_CV/SS01_SM18_SL11_MS32_MM14_ML02_LS14_LM07_LL01/lognormal_lambda2.0x_cv5/lognormal_lambda2.0x_cv5.png"
}