{
  "PPR": 3.750710227272727,
  "TPI": 0.3432619821816538,
  "OV_block_step": 71732051,
  "OV_frac": 0.18571491721053804,
  "GE2_frac": 0.05123139061839285,
  "peak_blocks": 5281,
  "peak_step": 28780,
  "gpu_blocks": 1408,
  "total_steps": 274324,
  "type1_count": 153,
  "type2_count": 81,
  "plot_path": "traces/request_types/all_traces/SS14_SL39_LS12_LL33/bim50/bim50_ml_ov20.png"
}