{
  "PPR": 1.251231527093596,
  "TPI": 0.020098262890372146,
  "OV_block_step": 290041,
  "OV_frac": 0.002526915116523196,
  "GE2_frac": 0.0,
  "peak_blocks": 1524,
  "peak_step": 75046,
  "gpu_blocks": 1218,
  "total_steps": 94237,
  "type1_count": 9,
  "type2_count": 9,
  "plot_path": "traces/requests_types_32k_bs8/all_traces_arrival_rate_CV/SS00_SM00_SL00_MS00_MM00_ML00_LS33_LM00_LL67/lognormal_lambda1.0x_cv1/lognormal_lambda1.0x_cv1.png"
}