{
  "PPR": 1.962890625,
  "TPI": 0.1523022327631218,
  "OV_block_step": 19466240,
  "OV_frac": 0.04205789431764883,
  "GE2_frac": 0.0,
  "peak_blocks": 4020,
  "peak_step": 28027,
  "gpu_blocks": 2048,
  "total_steps": 225998,
  "type1_count": 54,
  "type2_count": 39,
  "plot_path": "traces/request_types/all_traces/SS26_SL12_LS36_LL24/bim50/bim50_vl_ov5.png"
}