{
  "PPR": 4.44949494949495,
  "TPI": 0.8328727841501564,
  "OV_block_step": 26866441,
  "OV_frac": 1.1790849492491828,
  "GE2_frac": 0.5630604796663191,
  "peak_blocks": 2643,
  "peak_step": 31740,
  "gpu_blocks": 594,
  "total_steps": 38360,
  "type1_count": 61,
  "type2_count": 12,
  "plot_path": "traces/requests_types_32k/all_traces_arrival_rate_CV/SS01_SM18_SL11_MS32_MM14_ML02_LS14_LM07_LL01/lognormal_lambda4.5x_cv2/lognormal_lambda4.5x_cv2.png"
}