{
  "PPR": 2.596026490066225,
  "TPI": 0.2952785790192804,
  "OV_block_step": 725817,
  "OV_frac": 0.18243263622809125,
  "GE2_frac": 0.04622741764080765,
  "peak_blocks": 392,
  "peak_step": 1901,
  "gpu_blocks": 151,
  "total_steps": 26348,
  "type1_count": 111,
  "type2_count": 41,
  "plot_path": "traces/requests_types_8k/all_traces_arrival_rate_CV/SS10_SM00_SL12_MS50_MM04_ML04_LS04_LM08_LL09/lognormal_lambda1.5x_cv5/lognormal_lambda1.5x_cv5.png"
}