{
  "PPR": 4.78125,
  "TPI": 0.5057061851413471,
  "OV_block_step": 81834117,
  "OV_frac": 0.5414864912434864,
  "GE2_frac": 0.23394533292961545,
  "peak_blocks": 3978,
  "peak_step": 77789,
  "gpu_blocks": 832,
  "total_steps": 181645,
  "type1_count": 112,
  "type2_count": 55,
  "plot_path": "traces/request_types/all_traces/SS13_SL07_LS74_LL04/bim50/bim50_mh_ov52.png"
}