{
  "PPR": 3.2713815789473686,
  "TPI": 0.3763714938478901,
  "OV_block_step": 50953895,
  "OV_frac": 0.23068553594996602,
  "GE2_frac": 0.06280932588290347,
  "peak_blocks": 3978,
  "peak_step": 77789,
  "gpu_blocks": 1216,
  "total_steps": 181645,
  "type1_count": 100,
  "type2_count": 65,
  "plot_path": "traces/request_types/all_traces/SS13_SL07_LS74_LL04/bim50/bim50_ml_ov22.png"
}