{
  "PPR": 1.9423828125,
  "TPI": 0.12113738335764816,
  "OV_block_step": 13692618,
  "OV_frac": 0.03680722636358006,
  "GE2_frac": 0.0,
  "peak_blocks": 3978,
  "peak_step": 77789,
  "gpu_blocks": 2048,
  "total_steps": 181645,
  "type1_count": 41,
  "type2_count": 53,
  "plot_path": "traces/request_types/all_traces/SS13_SL07_LS74_LL04/bim50/bim50_vl_ov5.png"
}