{
  "PPR": 2.44140625,
  "TPI": 0.04937380271656992,
  "OV_block_step": 8791164,
  "OV_frac": 0.018365289971217065,
  "GE2_frac": 0.006513863619590364,
  "peak_blocks": 3750,
  "peak_step": 165114,
  "gpu_blocks": 1536,
  "total_steps": 311643,
  "type1_count": 24,
  "type2_count": 30,
  "plot_path": "traces/requests_types_48k/all_traces_arrival_rate_CV/SS05_SM02_SL22_MS01_MM07_ML11_LS31_LM03_LL19/lognormal_lambda1.0x_cv1/lognormal_lambda1.0x_cv1.png"
}