{
  "PPR": 4.679310344827586,
  "TPI": 0.5561795546479205,
  "OV_block_step": 14023912,
  "OV_frac": 0.9495801209869087,
  "GE2_frac": 0.47724148764874524,
  "peak_blocks": 2714,
  "peak_step": 9875,
  "gpu_blocks": 580,
  "total_steps": 25463,
  "type1_count": 19,
  "type2_count": 14,
  "plot_path": "traces/requests_types_32k/all_traces_arrival_rate_CV/SS15_SM17_SL08_MS09_MM06_ML17_LS06_LM14_LL09/lognormal_lambda4.5x_cv2/lognormal_lambda4.5x_cv2.png"
}