{
  "PPR": 3.944055944055944,
  "TPI": 0.36316171138506165,
  "OV_block_step": 542964,
  "OV_frac": 0.27534090275207024,
  "GE2_frac": 0.11820159535895576,
  "peak_blocks": 564,
  "peak_step": 11802,
  "gpu_blocks": 143,
  "total_steps": 13790,
  "type1_count": 77,
  "type2_count": 26,
  "plot_path": "traces/requests_types_8k/all_traces_arrival_rate_CV/SS18_SM08_SL17_MS21_MM06_ML10_LS10_LM03_LL07/lognormal_lambda3.5x_cv1/lognormal_lambda3.5x_cv1.png"
}