{
  "PPR": 4.3883161512027495,
  "TPI": 0.30962639438116035,
  "OV_block_step": 2287554,
  "OV_frac": 0.23198401432090984,
  "GE2_frac": 0.0812429912058077,
  "peak_blocks": 1277,
  "peak_step": 7067,
  "gpu_blocks": 291,
  "total_steps": 33886,
  "type1_count": 57,
  "type2_count": 41,
  "plot_path": "traces/requests_types_16k/all_traces_arrival_rate_CV/SS11_SM02_SL03_MS00_MM36_ML08_LS16_LM20_LL04/lognormal_lambda1.5x_cv3/lognormal_lambda1.5x_cv3.png"
}