{
  "batch_size": 4,
  "max_model_len": 32384,
  "num_gpu_blocks_override": 6974,
  "arrival_pattern": "TokenScaledArrival(scale=05)",
  "vocab": [200, 30000],
  "requests": {
    "request_0": {"category": "LS_I13104-19648_O192-304", "input_length": 19643, "output_length": 196, "arrival_time": 0, "sched_time": 0, "wait_time": 0, "slo": 0.06939319629147264},
    "request_1": {"category": "LL_I13104-19648_O3264-4912", "input_length": 14042, "output_length": 4615, "arrival_time": 0, "sched_time": 0, "wait_time": 0, "slo": 0.06820913584908786},
    "request_2": {"category": "SS_I816-1216_O192-304", "input_length": 1076, "output_length": 261, "arrival_time": 0, "sched_time": 0, "wait_time": 0, "slo": 0.05085894391837361},
    "request_3": {"category": "LS_I13104-19648_O192-304", "input_length": 17739, "output_length": 243, "arrival_time": 0, "sched_time": 0, "wait_time": 0, "slo": 0.06753295920051788},
    "request_4": {"category": "SS_I816-1216_O1632-2448", "input_length": 997, "output_length": 2260, "arrival_time": 1243, "sched_time": 1243, "wait_time": 0, "slo": 0.052782290829861564},
    "request_5": {"category": "LL_I3264-4912_O3264-4912", "input_length": 4540, "output_length": 4352, "arrival_time": 1554, "sched_time": 1554, "wait_time": 0, "slo": 0.0584271136664421},
    "request_6": {"category": "SL_I400-608_O13104-19648", "input_length": 601, "output_length": 16223, "arrival_time": 1865, "sched_time": 1865, "wait_time": 0, "slo": 0.06637294059452671},
    "request_7": {"category": "LS_I13104-19648_O1632-2448", "input_length": 16920, "output_length": 2247, "arrival_time": 2176, "sched_time": 3504, "wait_time": 1328, "slo": 0.06872002487245185},
    "request_8": {"category": "LL_I6544-9824_O3264-4912", "input_length": 7365, "output_length": 3821, "arrival_time": 2487, "sched_time": 4616, "wait_time": 2129, "slo": 0.06072511252839698},
    "request_9": {"category": "LS_I13104-19648_O400-608", "input_length": 17086, "output_length": 515, "arrival_time": 2798, "sched_time": 5752, "wait_time": 2954, "slo": 0.0671512950477695},
    "request_10": {"category": "LL_I3264-4912_O3264-4912", "input_length": 4237, "output_length": 4318, "arrival_time": 3109, "sched_time": 5907, "wait_time": 2798, "slo": 0.05808952621374864},
    "request_11": {"category": "SL_I1632-2448_O13104-19648", "input_length": 2446, "output_length": 13471, "arrival_time": 3419, "sched_time": 6268, "wait_time": 2849, "slo": 0.06546435952748526},
    "request_12": {"category": "LS_I13104-19648_O192-304", "input_length": 16308, "output_length": 204, "arrival_time": 3730, "sched_time": 8438, "wait_time": 4708, "slo": 0.06606039672140993},
    "request_13": {"category": "SL_I400-608_O3264-4912", "input_length": 419, "output_length": 3947, "arrival_time": 3936, "sched_time": 8643, "wait_time": 4707, "slo": 0.053893224019882474},
    "request_14": {"category": "LL_I6544-9824_O13104-19648", "input_length": 8130, "output_length": 16948, "arrival_time": 4352, "sched_time": 10226, "wait_time": 5874, "slo": 0.07464132882755878},
    "request_15": {"category": "LL_I13104-19648_O6544-9824", "input_length": 15823, "output_length": 7431, "arrival_time": 4663, "sched_time": 12591, "wait_time": 7928, "slo": 0.07281414926164523},
    "request_16": {"category": "LS_I13104-19648_O400-608", "input_length": 14046, "output_length": 558, "arrival_time": 4974, "sched_time": 18089, "wait_time": 13115, "slo": 0.06414907072811876},
    "request_17": {"category": "LL_I3264-4912_O6544-9824", "input_length": 4839, "output_length": 7530, "arrival_time": 5285, "sched_time": 18648, "wait_time": 13363, "slo": 0.061910174713964816},
    "request_18": {"category": "SL_I192-304_O6544-9824", "input_length": 250, "output_length": 6909, "arrival_time": 5596, "sched_time": 19740, "wait_time": 14144, "slo": 0.0566910927301876},
    "request_19": {"category": "LS_I13104-19648_O192-304", "input_length": 18666, "output_length": 255, "arrival_time": 5907, "sched_time": 20023, "wait_time": 14116, "slo": 0.06847359604941747},
    "request_20": {"category": "SS_I1632-2448_O400-608", "input_length": 2115, "output_length": 514, "arrival_time": 6164, "sched_time": 20279, "wait_time": 14115, "slo": 0.05215319611089571},
    "request_21": {"category": "LS_I13104-19648_O1632-2448", "input_length": 14219, "output_length": 2055, "arrival_time": 6528, "sched_time": 20794, "wait_time": 14266, "slo": 0.06582198184384006},
    "request_22": {"category": "LL_I6544-9824_O3264-4912", "input_length": 8731, "output_length": 3753, "arrival_time": 6839, "sched_time": 22850, "wait_time": 16011, "slo": 0.06202537518001748},
    "request_23": {"category": "LL_I6544-9824_O13104-19648", "input_length": 7411, "output_length": 13468, "arrival_time": 7150, "sched_time": 26179, "wait_time": 19029, "slo": 0.07043500920186195},
    "request_24": {"category": "LL_I3264-4912_O6544-9824", "input_length": 4579, "output_length": 7264, "arrival_time": 7461, "sched_time": 26604, "wait_time": 19143, "slo": 0.06138325779967176},
    "request_25": {"category": "SL_I816-1216_O6544-9824", "input_length": 1184, "output_length": 8531, "arrival_time": 7772, "sched_time": 26650, "wait_time": 18878, "slo": 0.05925154830610595},
    "request_26": {"category": "LL_I13104-19648_O3264-4912", "input_length": 19623, "output_length": 4659, "arrival_time": 8083, "sched_time": 27175, "wait_time": 19092, "slo": 0.07384394125383774},
    "request_27": {"category": "SL_I816-1216_O13104-19648", "input_length": 1159, "output_length": 16464, "arrival_time": 8394, "sched_time": 31835, "wait_time": 23441, "slo": 0.06717333339779696},
    "request_28": {"category": "LS_I13104-19648_O400-608", "input_length": 14881, "output_length": 470, "arrival_time": 8705, "sched_time": 33869, "wait_time": 25164, "slo": 0.06489737288586955},
    "request_29": {"category": "LL_I6544-9824_O6544-9824", "input_length": 6552, "output_length": 6851, "arrival_time": 9016, "sched_time": 34340, "wait_time": 25324, "slo": 0.06294597716525573},
    "request_30": {"category": "LL_I13104-19648_O6544-9824", "input_length": 13882, "output_length": 7875, "arrival_time": 9327, "sched_time": 35182, "wait_time": 25855, "slo": 0.07131453971659446},
    "request_31": {"category": "LL_I6544-9824_O13104-19648", "input_length": 9422, "output_length": 13808, "arrival_time": 9637, "sched_time": 39648, "wait_time": 30011, "slo": 0.07279010742525163},
    "request_32": {"category": "LL_I3264-4912_O3264-4912", "input_length": 3648, "output_length": 4251, "arrival_time": 9948, "sched_time": 41192, "wait_time": 31244, "slo": 0.057432382685656924},
    "request_33": {"category": "LS_I13104-19648_O400-608", "input_length": 16146, "output_length": 465, "arrival_time": 10259, "sched_time": 43058, "wait_time": 32799, "slo": 0.06615956929653352},
    "request_34": {"category": "LL_I13104-19648_O6544-9824", "input_length": 15206, "output_length": 9554, "arrival_time": 10570, "sched_time": 43524, "wait_time": 32954, "slo": 0.0743227744953436},
    "request_35": {"category": "LL_I6544-9824_O13104-19648", "input_length": 9420, "output_length": 16523, "arrival_time": 10881, "sched_time": 45444, "wait_time": 34563, "slo": 0.07550783668091143},
    "request_36": {"category": "SL_I1632-2448_O6544-9824", "input_length": 2422, "output_length": 9271, "arrival_time": 11192, "sched_time": 48300, "wait_time": 37108, "slo": 0.06123299632221177},
    "request_37": {"category": "LL_I6544-9824_O6544-9824", "input_length": 9081, "output_length": 9028, "arrival_time": 11503, "sched_time": 53079, "wait_time": 41576, "slo": 0.06766018058476735},
    "request_38": {"category": "LL_I6544-9824_O6544-9824", "input_length": 6939, "output_length": 9750, "arrival_time": 11814, "sched_time": 53457, "wait_time": 41643, "slo": 0.06623770526481271},
    "request_39": {"category": "LS_I13104-19648_O192-304", "input_length": 13190, "output_length": 243, "arrival_time": 12125, "sched_time": 57572, "wait_time": 45447, "slo": 0.06297602946074772},