{
  "PPR": 5.065767284991568,
  "TPI": 0.15963105477591671,
  "OV_block_step": 3298491,
  "OV_frac": 0.1573783223926036,
  "GE2_frac": 0.0570959710276143,
  "peak_blocks": 3004,
  "peak_step": 30405,
  "gpu_blocks": 593,
  "total_steps": 35344,
  "type1_count": 25,
  "type2_count": 28,
  "plot_path": "traces/requests_types_32k/all_traces_arrival_rate_CV/SS07_SM02_SL09_MS02_MM02_ML07_LS02_LM57_LL10/lognormal_lambda1.5x_cv7/lognormal_lambda1.5x_cv7.png"
}