{
  "PPR": 2.38855116514691,
  "TPI": 0.22876315388134819,
  "OV_block_step": 45588073,
  "OV_frac": 0.12145094689414264,
  "GE2_frac": 0.03319958138972301,
  "peak_blocks": 4715,
  "peak_step": 21190,
  "gpu_blocks": 1974,
  "total_steps": 190153,
  "type1_count": 57,
  "type2_count": 41,
  "plot_path": "traces/requests_types_128k/all_traces_arrival_rate_CV/SS01_SM18_SL11_MS32_MM14_ML02_LS14_LM07_LL01/lognormal_lambda2.0x_cv1/lognormal_lambda2.0x_cv1.png"
}