{
  "PPR": 1.3363813521211212,
  "TPI": 0.334341045825975,
  "OV_block_step": 10670901,
  "OV_frac": 0.04787917665843222,
  "GE2_frac": 0.0,
  "peak_blocks": 8915,
  "peak_step": 16367,
  "gpu_blocks": 6671,
  "total_steps": 33409,
  "type1_count": 65,
  "type2_count": 37,
  "plot_path": "traces/SS25_SL00_LS75_LL00/poi05/poi05_sk_ov5.png"
}