{
  "PPR": 3.0636363636363635,
  "TPI": 0.28171212157301767,
  "OV_block_step": 541919184,
  "OV_frac": 0.18775363499944783,
  "GE2_frac": 0.06512350237000691,
  "peak_blocks": 8425,
  "peak_step": 218968,
  "gpu_blocks": 2750,
  "total_steps": 1049575,
  "type1_count": 91,
  "type2_count": 41,
  "plot_path": "traces/sy_requests/all_traces_arrival_rate_CV/SS06_SM06_SL19_MS24_MM08_ML20_LS10_LM05_LL02/lognormal_lambda1.0x_cv1/lognormal_lambda1.0x_cv1.png"
}