{
  "PPR": 5.7792642140468224,
  "TPI": 0.7402969247083775,
  "OV_block_step": 3281978,
  "OV_frac": 1.1639994750972666,
  "GE2_frac": 0.41399787910922586,
  "peak_blocks": 1728,
  "peak_step": 2747,
  "gpu_blocks": 299,
  "total_steps": 9430,
  "type1_count": 35,
  "type2_count": 21,
  "plot_path": "traces/requests_types_16k/all_traces_arrival_rate_CV/SS10_SM24_SL05_MS05_MM03_ML14_LS09_LM12_LL18/lognormal_lambda3.5x_cv7/lognormal_lambda3.5x_cv7.png"
}