{
  "PPR": 4.697635135135135,
  "TPI": 0.7035412096521466,
  "OV_block_step": 17105419,
  "OV_frac": 0.823175660276099,
  "GE2_frac": 0.27970713085097293,
  "peak_blocks": 2781,
  "peak_step": 28659,
  "gpu_blocks": 592,
  "total_steps": 35101,
  "type1_count": 52,
  "type2_count": 21,
  "plot_path": "traces/requests_types_32k/all_traces_arrival_rate_CV/SS06_SM02_SL13_MS06_MM04_ML06_LS51_LM09_LL05/lognormal_lambda4.5x_cv3/lognormal_lambda4.5x_cv3.png"
}