{
  "PPR": 5.564102564102564,
  "TPI": 0.8454896042924211,
  "OV_block_step": 4472277,
  "OV_frac": 1.2017288023009853,
  "GE2_frac": 0.528755868544601,
  "peak_blocks": 1736,
  "peak_step": 7592,
  "gpu_blocks": 312,
  "total_steps": 11928,
  "type1_count": 36,
  "type2_count": 14,
  "plot_path": "traces/requests_types_16k/all_traces_arrival_rate_CV/SS08_SM22_SL00_MS03_MM03_ML08_LS25_LM08_LL23/lognormal_lambda5.0x_cv7/lognormal_lambda5.0x_cv7.png"
}