{
  "PPR": 1.337807606263982,
  "TPI": 0.48401162790697677,
  "OV_block_step": 524797,
  "OV_frac": 0.05688190434073843,
  "GE2_frac": 0.0,
  "peak_blocks": 1794,
  "peak_step": 2253,
  "gpu_blocks": 1341,
  "total_steps": 6880,
  "type1_count": 121,
  "type2_count": 55,
  "plot_path": "traces/SS100_SL00_LS00_LL00/per05/per05_sk_ov5.png"
}