{
  "PPR": 2.665676077265973,
  "TPI": 0.759156976744186,
  "OV_block_step": 3643829,
  "OV_frac": 0.7869633107571098,
  "GE2_frac": 0.47921511627906976,
  "peak_blocks": 1794,
  "peak_step": 2253,
  "gpu_blocks": 673,
  "total_steps": 6880,
  "type1_count": 31,
  "type2_count": 5,
  "plot_path": "traces/SS100_SL00_LS00_LL00/per05/per05_hi_ov78.png"
}