{
  "PPR": 6.452205882352941,
  "TPI": 0.43927610805753714,
  "OV_block_step": 6083489,
  "OV_frac": 0.6538933569861111,
  "GE2_frac": 0.2243304876622617,
  "peak_blocks": 1755,
  "peak_step": 6659,
  "gpu_blocks": 272,
  "total_steps": 34204,
  "type1_count": 35,
  "type2_count": 15,
  "plot_path": "traces/request_types/all_traces/SS55_SM04_SL04_MS04_MM02_ML15_LS04_LM04_LL05/bim50/bim50_mh_ov56.png"
}