{
  "PPR": 4.985795454545454,
  "TPI": 0.3577944100105251,
  "OV_block_step": 4983813,
  "OV_frac": 0.4139445579198605,
  "GE2_frac": 0.16577008537013216,
  "peak_blocks": 1755,
  "peak_step": 6659,
  "gpu_blocks": 352,
  "total_steps": 34204,
  "type1_count": 29,
  "type2_count": 14,
  "plot_path": "traces/request_types/all_traces/SS55_SM04_SL04_MS04_MM02_ML15_LS04_LM04_LL05/bim50/bim50_md_ov36.png"
}