{
  "PPR": 12.207792207792208,
  "TPI": 0.9500640204865557,
  "OV_block_step": 1174175,
  "OV_frac": 4.881250311788084,
  "GE2_frac": 0.8188220230473752,
  "peak_blocks": 1880,
  "peak_step": 871,
  "gpu_blocks": 154,
  "total_steps": 1562,
  "type1_count": 4,
  "type2_count": 3,
  "plot_path": "traces/requests_types_8k/all_traces_arrival_rate_CV/SS00_SM00_SL00_MS00_MM00_ML00_LS00_LM33_LL67/lognormal_lambda5.0x_cv6/lognormal_lambda5.0x_cv6.png"
}