{
  "PPR": 2.598684210526316,
  "TPI": 0.17245085995085996,
  "OV_block_step": 244538,
  "OV_frac": 0.08235066705461443,
  "GE2_frac": 0.006603194103194103,
  "peak_blocks": 395,
  "peak_step": 17500,
  "gpu_blocks": 152,
  "total_steps": 19536,
  "type1_count": 36,
  "type2_count": 33,
  "plot_path": "traces/requests_types_8k/all_traces_arrival_rate_CV/SS00_SM06_SL06_MS06_MM39_ML00_LS06_LM18_LL19/lognormal_lambda1.5x_cv1/lognormal_lambda1.5x_cv1.png"
}