{
  "PPR": 1.6567272727272728,
  "TPI": 0.07491372417792105,
  "OV_block_step": 20258866,
  "OV_frac": 0.018818117957469696,
  "GE2_frac": 0.0,
  "peak_blocks": 4556,
  "peak_step": 57070,
  "gpu_blocks": 2750,
  "total_steps": 391477,
  "type1_count": 28,
  "type2_count": 24,
  "plot_path": "traces/requests_types_96k/all_traces_arrival_rate_CV/SS06_SM63_SL03_MS03_MM03_ML06_LS03_LM09_LL04/lognormal_lambda1.0x_cv1/lognormal_lambda1.0x_cv1.png"
}