{
  "PPR": 3.9133858267716537,
  "TPI": 0.7077885162023877,
  "OV_block_step": 668075,
  "OV_frac": 0.996860540243726,
  "GE2_frac": 0.4277051354936517,
  "peak_blocks": 497,
  "peak_step": 3511,
  "gpu_blocks": 127,
  "total_steps": 5277,
  "type1_count": 30,
  "type2_count": 14,
  "plot_path": "traces/requests_types_8k/all_traces_arrival_rate_CV/SS15_SM17_SL08_MS09_MM06_ML17_LS06_LM14_LL09/lognormal_lambda4.0x_cv5/lognormal_lambda4.0x_cv5.png"
}