{
  "PPR": 2.2746478873239435,
  "TPI": 0.5532544378698225,
  "OV_block_step": 279579,
  "OV_frac": 0.2330019168264022,
  "GE2_frac": 0.028757396449704143,
  "peak_blocks": 323,
  "peak_step": 397,
  "gpu_blocks": 142,
  "total_steps": 8450,
  "type1_count": 79,
  "type2_count": 58,
  "plot_path": "traces/requests_types_8k/all_traces_arrival_rate_CV/SS09_SM11_SL08_MS09_MM08_ML09_LS18_LM23_LL05/lognormal_lambda2.5x_cv3/lognormal_lambda2.5x_cv3.png"
}