{
  "PPR": 5.0893470790378,
  "TPI": 0.6545288296041308,
  "OV_block_step": 13663421,
  "OV_frac": 1.2627295818029112,
  "GE2_frac": 0.47165447504302926,
  "peak_blocks": 2962,
  "peak_step": 10750,
  "gpu_blocks": 582,
  "total_steps": 18592,
  "type1_count": 30,
  "type2_count": 18,
  "plot_path": "traces/requests_types_32k/all_traces_arrival_rate_CV/SS10_SM24_SL05_MS05_MM03_ML14_LS09_LM12_LL18/lognormal_lambda4.5x_cv2/lognormal_lambda4.5x_cv2.png"
}