{
  "PPR": 5.27027027027027,
  "TPI": 0.5412695193672683,
  "OV_block_step": 1123813,
  "OV_frac": 0.7699585359035774,
  "GE2_frac": 0.34120867978097746,
  "peak_blocks": 780,
  "peak_step": 6659,
  "gpu_blocks": 148,
  "total_steps": 9862,
  "type1_count": 47,
  "type2_count": 20,
  "plot_path": "traces/requests_types_8k/all_traces_arrival_rate_CV/SS01_SM18_SL11_MS32_MM14_ML02_LS14_LM07_LL01/lognormal_lambda4.5x_cv6/lognormal_lambda4.5x_cv6.png"
}