{
  "PPR": 6.958188153310105,
  "TPI": 0.0460812504608125,
  "OV_block_step": 570982,
  "OV_frac": 0.07334234021077532,
  "GE2_frac": 0.0269114502691145,
  "peak_blocks": 1997,
  "peak_step": 1274,
  "gpu_blocks": 287,
  "total_steps": 27126,
  "type1_count": 15,
  "type2_count": 20,
  "plot_path": "traces/requests_types_16k/all_traces_arrival_rate_CV/SS00_SM00_SL00_MS00_MM00_ML00_LS00_LM99_LL01/lognormal_lambda3.5x_cv5/lognormal_lambda3.5x_cv5.png"
}