{
  "PPR": 4.83385579937304,
  "TPI": 0.5248048754410349,
  "OV_block_step": 4616921,
  "OV_frac": 0.7737146681851866,
  "GE2_frac": 0.35844114187961085,
  "peak_blocks": 1542,
  "peak_step": 11262,
  "gpu_blocks": 319,
  "total_steps": 18706,
  "type1_count": 28,
  "type2_count": 26,
  "plot_path": "traces/requests_types_16k/all_traces_arrival_rate_CV/SS11_SM11_SL11_MS11_MM11_ML11_LS11_LM11_LL11/lognormal_lambda3.0x_cv3/lognormal_lambda3.0x_cv3.png"
}