{
  "PPR": 6.572115384615385,
  "TPI": 0.5446471007604563,
  "OV_block_step": 5673572,
  "OV_frac": 0.8102658169420883,
  "GE2_frac": 0.3070342205323194,
  "peak_blocks": 1367,
  "peak_step": 11340,
  "gpu_blocks": 208,
  "total_steps": 33664,
  "type1_count": 72,
  "type2_count": 25,
  "plot_path": "traces/request_types/all_traces/SS14_SM21_SL27_MS03_MM10_ML05_LS17_LM02_LL01/bim50/bim50_hi_ov82.png"
}