{
  "PPR": 3.5598958333333335,
  "TPI": 0.3202530893536122,
  "OV_block_step": 3166609,
  "OV_frac": 0.24496131191084441,
  "GE2_frac": 0.07833293726235742,
  "peak_blocks": 1367,
  "peak_step": 11340,
  "gpu_blocks": 384,
  "total_steps": 33664,
  "type1_count": 43,
  "type2_count": 24,
  "plot_path": "traces/request_types/all_traces/SS14_SM21_SL27_MS03_MM10_ML05_LS17_LM02_LL01/bim50/bim50_ml_ov24.png"
}