{
  "PPR": 4.56875,
  "TPI": 0.3694562766224004,
  "OV_block_step": 552902,
  "OV_frac": 0.43292877724880985,
  "GE2_frac": 0.19017790027562015,
  "peak_blocks": 731,
  "peak_step": 5197,
  "gpu_blocks": 160,
  "total_steps": 7982,
  "type1_count": 32,
  "type2_count": 25,
  "plot_path": "traces/requests_types_8k/all_traces_arrival_rate_CV/SS07_SM08_SL06_MS09_MM09_ML09_LS07_LM08_LL38/lognormal_lambda2.0x_cv7/lognormal_lambda2.0x_cv7.png"
}