{
  "PPR": 3.228956228956229,
  "TPI": 0.2909503955992306,
  "OV_block_step": 17305699,
  "OV_frac": 0.2535854033081792,
  "GE2_frac": 0.11351826545622297,
  "peak_blocks": 1918,
  "peak_step": 9446,
  "gpu_blocks": 594,
  "total_steps": 114889,
  "type1_count": 93,
  "type2_count": 31,
  "plot_path": "traces/requests_types_32k/all_traces_arrival_rate_CV/SS01_SM18_SL11_MS32_MM14_ML02_LS14_LM07_LL01/lognormal_lambda1.2x_cv7/lognormal_lambda1.2x_cv7.png"
}