{
  "PPR": 3.0357142857142856,
  "TPI": 0.34785298849152335,
  "OV_block_step": 196278,
  "OV_frac": 0.17349161171707886,
  "GE2_frac": 0.03811409479024873,
  "peak_blocks": 425,
  "peak_step": 7113,
  "gpu_blocks": 140,
  "total_steps": 8081,
  "type1_count": 60,
  "type2_count": 48,
  "plot_path": "traces/requests_types_8k/all_traces_arrival_rate_CV/SS06_SM27_SL20_MS09_MM11_ML01_LS04_LM12_LL10/lognormal_lambda2.5x_cv1/lognormal_lambda2.5x_cv1.png"
}