{
  "PPR": 12.312101910828025,
  "TPI": 0.9987787005373717,
  "OV_block_step": 5779289,
  "OV_frac": 4.495695891766419,
  "GE2_frac": 0.9008304836345872,
  "peak_blocks": 3866,
  "peak_step": 2774,
  "gpu_blocks": 314,
  "total_steps": 4094,
  "type1_count": 4,
  "type2_count": 2,
  "plot_path": "traces/requests_types_16k/all_traces_arrival_rate_CV/SS00_SM00_SL00_MS00_MM00_ML00_LS00_LM00_LL100/lognormal_lambda4.5x_cv7/lognormal_lambda4.5x_cv7.png"
}