{
  "PPR": 3.1949910554561716,
  "TPI": 0.5222589556632399,
  "OV_block_step": 3484833,
  "OV_frac": 0.2823263575262295,
  "GE2_frac": 0.0937910420723699,
  "peak_blocks": 1786,
  "peak_step": 14956,
  "gpu_blocks": 559,
  "total_steps": 22081,
  "type1_count": 62,
  "type2_count": 29,
  "plot_path": "traces/requests_types_32k/all_traces_arrival_rate_CV/SS06_SM63_SL03_MS03_MM03_ML06_LS03_LM09_LL04/lognormal_lambda1.5x_cv7/lognormal_lambda1.5x_cv7.png"
}