{
  "PPR": 6.1171328671328675,
  "TPI": 0.6410298865800149,
  "OV_block_step": 16716002,
  "OV_frac": 1.2096936716731401,
  "GE2_frac": 0.44006126334961504,
  "peak_blocks": 3499,
  "peak_step": 15859,
  "gpu_blocks": 572,
  "total_steps": 24158,
  "type1_count": 19,
  "type2_count": 2,
  "plot_path": "traces/requests_types_32k/all_traces_arrival_rate_CV/SS18_SM04_SL04_MS07_MM51_ML04_LS07_LM02_LL03/lognormal_lambda3.5x_cv3/lognormal_lambda3.5x_cv3.png"
}