{
  "PPR": 7.374909090909091,
  "TPI": 0.5060566452611286,
  "OV_block_step": 906791362,
  "OV_frac": 0.7207261711216388,
  "GE2_frac": 0.18244250449166582,
  "peak_blocks": 20281,
  "peak_step": 420802,
  "gpu_blocks": 2750,
  "total_steps": 457514,
  "type1_count": 65,
  "type2_count": 39,
  "plot_path": "traces/sy_requests/all_traces_arrival_rate_CV/SS10_SM24_SL05_MS05_MM03_ML14_LS09_LM12_LL18/lognormal_lambda2.5x_cv1/lognormal_lambda2.5x_cv1.png"
}