{
  "PPR": 10.452380952380953,
  "TPI": 0.2837733419188667,
  "OV_block_step": 2536304,
  "OV_frac": 0.9721215466225125,
  "GE2_frac": 0.23554410817772053,
  "peak_blocks": 1756,
  "peak_step": 3150,
  "gpu_blocks": 168,
  "total_steps": 15530,
  "type1_count": 13,
  "type2_count": 10,
  "plot_path": "traces/requests_types_8k/all_traces_arrival_rate_CV/SS00_SM00_SL00_MS00_MM00_ML00_LS33_LM33_LL34/lognormal_lambda3.0x_cv7/lognormal_lambda3.0x_cv7.png"
}