{
  "PPR": 1.9759587864911277,
  "TPI": 0.6028001037075448,
  "OV_block_step": 31992693,
  "OV_frac": 0.2260939597224371,
  "GE2_frac": 0.0,
  "peak_blocks": 10356,
  "peak_step": 19074,
  "gpu_blocks": 5241,
  "total_steps": 26999,
  "type1_count": 72,
  "type2_count": 21,
  "plot_path": "traces/request_types/SS32_SL30_LS30_LL05/per05/per05_ml_ov23.png"
}