{
  "PPR": 1.4948036951501156,
  "TPI": 0.33049372198970334,
  "OV_block_step": 9595689,
  "OV_frac": 0.05130038282146623,
  "GE2_frac": 0.0,
  "peak_blocks": 10356,
  "peak_step": 19074,
  "gpu_blocks": 6928,
  "total_steps": 26999,
  "type1_count": 58,
  "type2_count": 36,
  "plot_path": "traces/request_types/SS32_SL30_LS30_LL05/per05/per05_vl_ov5.png"
}