{
  "PPR": 4.595993322203673,
  "TPI": 0.6428242281501203,
  "OV_block_step": 9879648,
  "OV_frac": 0.8444815566093337,
  "GE2_frac": 0.34780605191746455,
  "peak_blocks": 2753,
  "peak_step": 7647,
  "gpu_blocks": 599,
  "total_steps": 19531,
  "type1_count": 24,
  "type2_count": 15,
  "plot_path": "traces/requests_types_32k/all_traces_arrival_rate_CV/SS15_SM13_SL18_MS00_MM19_ML17_LS06_LM03_LL09/lognormal_lambda3.0x_cv5/lognormal_lambda3.0x_cv5.png"
}