{
  "PPR": 4.295495495495495,
  "TPI": 0.37506193228736584,
  "OV_block_step": 9990113,
  "OV_frac": 0.49546390320956796,
  "GE2_frac": 0.21202862647949353,
  "peak_blocks": 2384,
  "peak_step": 18842,
  "gpu_blocks": 555,
  "total_steps": 36330,
  "type1_count": 26,
  "type2_count": 24,
  "plot_path": "traces/requests_types_32k/all_traces_arrival_rate_CV/SS06_SM06_SL19_MS24_MM08_ML20_LS10_LM05_LL02/lognormal_lambda3.0x_cv1/lognormal_lambda3.0x_cv1.png"
}