{
  "PPR": 4.6223776223776225,
  "TPI": 0.5942669172932331,
  "OV_block_step": 5843906,
  "OV_frac": 0.9602085414585415,
  "GE2_frac": 0.42734962406015037,
  "peak_blocks": 1322,
  "peak_step": 4360,
  "gpu_blocks": 286,
  "total_steps": 21280,
  "type1_count": 50,
  "type2_count": 16,
  "plot_path": "traces/requests_types_16k/all_traces_arrival_rate_CV/SS10_SM00_SL12_MS50_MM04_ML04_LS04_LM08_LL09/lognormal_lambda3.0x_cv7/lognormal_lambda3.0x_cv7.png"
}