{
  "PPR": 3.4588026081802017,
  "TPI": 0.6779260672771488,
  "OV_block_step": 145588355,
  "OV_frac": 0.5020778373799963,
  "GE2_frac": 0.20222123965884364,
  "peak_blocks": 5835,
  "peak_step": 63657,
  "gpu_blocks": 1687,
  "total_steps": 171886,
  "type1_count": 112,
  "type2_count": 47,
  "plot_path": "traces/requests_types_64k/all_traces_arrival_rate_CV/SS06_SM01_SL07_MS08_MM02_ML49_LS05_LM19_LL03/lognormal_lambda3.0x_cv1/lognormal_lambda3.0x_cv1.png"
}