{
  "PPR": 4.97804054054054,
  "TPI": 0.8789928598271327,
  "OV_block_step": 21564427,
  "OV_frac": 1.5209986621345133,
  "GE2_frac": 0.6018205353041881,
  "peak_blocks": 2947,
  "peak_step": 16932,
  "gpu_blocks": 592,
  "total_steps": 23949,
  "type1_count": 39,
  "type2_count": 18,
  "plot_path": "traces/requests_types_32k/all_traces_arrival_rate_CV/SS06_SM02_SL13_MS06_MM04_ML06_LS51_LM09_LL05/lognormal_lambda3.0x_cv4/lognormal_lambda3.0x_cv4.png"
}