{
  "PPR": 2.903414831279046,
  "TPI": 0.468224707056998,
  "OV_block_step": 361482262,
  "OV_frac": 0.31570622041755786,
  "GE2_frac": 0.11903578421414339,
  "peak_blocks": 14369,
  "peak_step": 72039,
  "gpu_blocks": 4949,
  "total_steps": 231359,
  "type1_count": 86,
  "type2_count": 81,
  "plot_path": "traces/requests_types_128k_bs8/all_traces_arrival_rate_CV/SS00_SM00_SL00_MS00_MM00_ML00_LS00_LM33_LL67/lognormal_lambda3.5x_cv1/lognormal_lambda3.5x_cv1.png"
}