{
  "PPR": 2.3839285714285716,
  "TPI": 0.1717596566523605,
  "OV_block_step": 70103,
  "OV_frac": 0.0537270079705702,
  "GE2_frac": 0.0049785407725321884,
  "peak_blocks": 267,
  "peak_step": 7006,
  "gpu_blocks": 112,
  "total_steps": 11650,
  "type1_count": 36,
  "type2_count": 23,
  "plot_path": "traces/requests_types_8k/all_traces_arrival_rate_CV/SS03_SM42_SL05_MS03_MM05_ML25_LS13_LM02_LL00/lognormal_lambda1.0x_cv5/lognormal_lambda1.0x_cv5.png"
}