{
  "PPR": 2.0,
  "TPI": 0.2263130457448195,
  "OV_block_step": 170268,
  "OV_frac": 0.0853482240423463,
  "GE2_frac": 0.0003258178026847387,
  "peak_blocks": 260,
  "peak_step": 14911,
  "gpu_blocks": 130,
  "total_steps": 15346,
  "type1_count": 60,
  "type2_count": 37,
  "plot_path": "traces/requests_types_8k/all_traces_arrival_rate_CV/SS03_SM35_SL00_MS13_MM01_ML28_LS01_LM18_LL02/lognormal_lambda2.5x_cv3/lognormal_lambda2.5x_cv3.png"
}