{
  "PPR": 1.824941724941725,
  "TPI": 0.18765409104054034,
  "OV_block_step": 42694753,
  "OV_frac": 0.0487805394421935,
  "GE2_frac": 0.0,
  "peak_blocks": 7829,
  "peak_step": 105249,
  "gpu_blocks": 4290,
  "total_steps": 204019,
  "type1_count": 49,
  "type2_count": 54,
  "plot_path": "traces/requests_types_128k_bs8/all_traces_arrival_rate_CV/SS00_SM06_SL06_MS06_MM39_ML00_LS06_LM18_LL19/lognormal_lambda2.5x_cv1/lognormal_lambda2.5x_cv1.png"
}