{
  "PPR": 2.963636363636364,
  "TPI": 0.3848821789248189,
  "OV_block_step": 1075933,
  "OV_frac": 0.1995554236643699,
  "GE2_frac": 0.06324594511884117,
  "peak_blocks": 1630,
  "peak_step": 6899,
  "gpu_blocks": 550,
  "total_steps": 9803,
  "type1_count": 22,
  "type2_count": 56,
  "plot_path": "traces/requests_types_32k/all_traces_arrival_rate_CV/SS00_SM00_SL00_MS00_MM00_ML00_LS00_LM99_LL01/lognormal_lambda1.2x_cv1/lognormal_lambda1.2x_cv1.png"
}