{
  "PPR": 4.170212765957447,
  "TPI": 0.8946680768991476,
  "OV_block_step": 10547468,
  "OV_frac": 1.269289620458688,
  "GE2_frac": 0.764822995084925,
  "peak_blocks": 2156,
  "peak_step": 9108,
  "gpu_blocks": 517,
  "total_steps": 16073,
  "type1_count": 28,
  "type2_count": 4,
  "plot_path": "traces/requests_types_32k/all_traces_arrival_rate_CV/SS14_SM21_SL27_MS03_MM10_ML05_LS17_LM02_LL01/lognormal_lambda4.5x_cv6/lognormal_lambda4.5x_cv6.png"
}