{
  "PPR": 5.006711409395973,
  "TPI": 0.6302317117554288,
  "OV_block_step": 818414,
  "OV_frac": 0.6663485878194799,
  "GE2_frac": 0.24165958995511344,
  "peak_blocks": 746,
  "peak_step": 2396,
  "gpu_blocks": 149,
  "total_steps": 8243,
  "type1_count": 57,
  "type2_count": 31,
  "plot_path": "traces/requests_types_8k/all_traces_arrival_rate_CV/SS11_SM02_SL03_MS00_MM36_ML08_LS16_LM20_LL04/lognormal_lambda4.5x_cv7/lognormal_lambda4.5x_cv7.png"
}