{
  "PPR": 4.092363636363636,
  "TPI": 0.6053435867100463,
  "OV_block_step": 357167660,
  "OV_frac": 0.5567307035089913,
  "GE2_frac": 0.2598150791507529,
  "peak_blocks": 11254,
  "peak_step": 75097,
  "gpu_blocks": 2750,
  "total_steps": 233289,
  "type1_count": 63,
  "type2_count": 50,
  "plot_path": "traces/sy_requests/all_traces_arrival_rate_CV/SS00_SM00_SL00_MS00_MM00_ML00_LS00_LM66_LL34/lognormal_lambda3.0x_cv1/lognormal_lambda3.0x_cv1.png"
}