{
  "PPR": 4.360677083333333,
  "TPI": 0.6390246913580246,
  "OV_block_step": 69032295,
  "OV_frac": 0.5548506221064815,
  "GE2_frac": 0.20212345679012345,
  "peak_blocks": 6698,
  "peak_step": 39187,
  "gpu_blocks": 1536,
  "total_steps": 81000,
  "type1_count": 81,
  "type2_count": 53,
  "plot_path": "traces/requests_types_48k/all_traces_arrival_rate_CV/SS05_SM02_SL22_MS01_MM07_ML11_LS31_LM03_LL19/lognormal_lambda4.0x_cv1/lognormal_lambda4.0x_cv1.png"
}