{
  "PPR": 1.6334519572953736,
  "TPI": 0.1166296079578701,
  "OV_block_step": 600910,
  "OV_frac": 0.025025977190048915,
  "GE2_frac": 0.0,
  "peak_blocks": 918,
  "peak_step": 33580,
  "gpu_blocks": 562,
  "total_steps": 42725,
  "type1_count": 22,
  "type2_count": 20,
  "plot_path": "traces/requests_types_32k/all_traces_arrival_rate_CV/SS04_SM15_SL55_MS02_MM04_ML04_LS04_LM04_LL05/lognormal_lambda1.5x_cv1/lognormal_lambda1.5x_cv1.png"
}