{
  "PPR": 4.957410562180579,
  "TPI": 0.6998423255776727,
  "OV_block_step": 182306532,
  "OV_frac": 0.8285865817933527,
  "GE2_frac": 0.35512762023675176,
  "peak_blocks": 8730,
  "peak_step": 69893,
  "gpu_blocks": 1761,
  "total_steps": 124941,
  "type1_count": 69,
  "type2_count": 28,
  "plot_path": "traces/requests_types_64k/all_traces_arrival_rate_CV/SS11_SM02_SL03_MS00_MM36_ML08_LS16_LM20_LL04/lognormal_lambda3.5x_cv1/lognormal_lambda3.5x_cv1.png"
}