{
  "PPR": 5.084848484848485,
  "TPI": 0.38777115881757895,
  "OV_block_step": 798099,
  "OV_frac": 0.54366231722644,
  "GE2_frac": 0.23412386197594695,
  "peak_blocks": 839,
  "peak_step": 6365,
  "gpu_blocks": 165,
  "total_steps": 8897,
  "type1_count": 38,
  "type2_count": 21,
  "plot_path": "traces/requests_types_8k/all_traces_arrival_rate_CV/SS06_SM03_SL09_MS03_MM03_ML06_LS03_LM03_LL64/lognormal_lambda1.5x_cv6/lognormal_lambda1.5x_cv6.png"
}