{
  "PPR": 7.565625,
  "TPI": 0.3774610805860806,
  "OV_block_step": 13198570,
  "OV_frac": 0.786888187767094,
  "GE2_frac": 0.26850579975579975,
  "peak_blocks": 2421,
  "peak_step": 33287,
  "gpu_blocks": 320,
  "total_steps": 52416,
  "type1_count": 45,
  "type2_count": 50,
  "plot_path": "traces/request_types/all_traces/SS83_SL00_LS08_LL08/bim50/bim50_hi_ov83.png"
}