{
  "PPR": 4.690755208333333,
  "TPI": 0.5933539905909966,
  "OV_block_step": 117297678,
  "OV_frac": 0.7861322796888028,
  "GE2_frac": 0.39534285214276155,
  "peak_blocks": 7205,
  "peak_step": 36489,
  "gpu_blocks": 1536,
  "total_steps": 97141,
  "type1_count": 32,
  "type2_count": 25,
  "plot_path": "traces/requests_types_48k/all_traces_arrival_rate_CV/SS00_SM06_SL06_MS06_MM39_ML00_LS06_LM18_LL19/lognormal_lambda3.5x_cv1/lognormal_lambda3.5x_cv1.png"
}