{
  "PPR": 2.3289473684210527,
  "TPI": 0.19598081753825075,
  "OV_block_step": 305918,
  "OV_frac": 0.09192137113736613,
  "GE2_frac": 0.02292760904316054,
  "peak_blocks": 354,
  "peak_step": 10974,
  "gpu_blocks": 152,
  "total_steps": 21895,
  "type1_count": 59,
  "type2_count": 31,
  "plot_path": "traces/requests_types_8k/all_traces_arrival_rate_CV/SS00_SM06_SL06_MS06_MM39_ML00_LS06_LM18_LL19/lognormal_lambda1.5x_cv3/lognormal_lambda1.5x_cv3.png"
}