{
  "PPR": 1.720103986135182,
  "TPI": 0.06063478191296213,
  "OV_block_step": 1771251,
  "OV_frac": 0.009446517127500534,
  "GE2_frac": 0.0,
  "peak_blocks": 1985,
  "peak_step": 74586,
  "gpu_blocks": 1154,
  "total_steps": 162481,
  "type1_count": 22,
  "type2_count": 25,
  "plot_path": "traces/SS41_SL16_LS41_LL00/bur05/bur05_lo_ov1.png"
}