{
  "PPR": 4.033444816053512,
  "TPI": 0.8865432612312812,
  "OV_block_step": 2846384,
  "OV_frac": 0.989983249767667,
  "GE2_frac": 0.46329034941763725,
  "peak_blocks": 1206,
  "peak_step": 4756,
  "gpu_blocks": 299,
  "total_steps": 9616,
  "type1_count": 44,
  "type2_count": 26,
  "plot_path": "traces/requests_types_16k/all_traces_arrival_rate_CV/SS10_SM24_SL05_MS05_MM03_ML14_LS09_LM12_LL18/lognormal_lambda3.0x_cv6/lognormal_lambda3.0x_cv6.png"
}