{
  "PPR": 4.116071428571429,
  "TPI": 0.7189973614775725,
  "OV_block_step": 288616,
  "OV_frac": 0.6799283829626838,
  "GE2_frac": 0.24854881266490766,
  "peak_blocks": 461,
  "peak_step": 2133,
  "gpu_blocks": 112,
  "total_steps": 3790,
  "type1_count": 53,
  "type2_count": 25,
  "plot_path": "traces/requests_types_8k/all_traces_arrival_rate_CV/SS03_SM42_SL05_MS03_MM05_ML25_LS13_LM02_LL00/lognormal_lambda5.0x_cv2/lognormal_lambda5.0x_cv2.png"
}