{
  "PPR": 3.4889896373056994,
  "TPI": 0.4966446154824757,
  "OV_block_step": 51797206,
  "OV_frac": 0.2667404523601809,
  "GE2_frac": 0.06352967368488009,
  "peak_blocks": 5387,
  "peak_step": 111886,
  "gpu_blocks": 1544,
  "total_steps": 125768,
  "type1_count": 91,
  "type2_count": 56,
  "plot_path": "traces/requests_types_64k/all_traces_arrival_rate_CV/SS06_SM27_SL20_MS09_MM11_ML01_LS04_LM12_LL10/lognormal_lambda2.5x_cv1/lognormal_lambda2.5x_cv1.png"
}