{
  "PPR": 3.1515151515151514,
  "TPI": 0.6438515490078596,
  "OV_block_step": 8095800,
  "OV_frac": 0.5086179129024336,
  "GE2_frac": 0.19923871286081837,
  "peak_blocks": 1768,
  "peak_step": 5157,
  "gpu_blocks": 561,
  "total_steps": 28373,
  "type1_count": 64,
  "type2_count": 31,
  "plot_path": "traces/requests_types_32k/all_traces_arrival_rate_CV/SS11_SM11_SL11_MS11_MM11_ML11_LS11_LM11_LL11/lognormal_lambda4.0x_cv5/lognormal_lambda4.0x_cv5.png"
}