{
  "PPR": 3.448051948051948,
  "TPI": 0.5532730758696247,
  "OV_block_step": 316610,
  "OV_frac": 0.2815542441672269,
  "GE2_frac": 0.05875102711585867,
  "peak_blocks": 531,
  "peak_step": 3040,
  "gpu_blocks": 154,
  "total_steps": 7302,
  "type1_count": 74,
  "type2_count": 38,
  "plot_path": "traces/requests_types_8k/all_traces_arrival_rate_CV/SS11_SM11_SL11_MS11_MM11_ML11_LS11_LM11_LL11/lognormal_lambda2.0x_cv6/lognormal_lambda2.0x_cv6.png"
}