{
  "PPR": 6.717391304347826,
  "TPI": 0.6616722408026756,
  "OV_block_step": 1262713,
  "OV_frac": 1.2240928699529834,
  "GE2_frac": 0.4179264214046823,
  "peak_blocks": 927,
  "peak_step": 5345,
  "gpu_blocks": 138,
  "total_steps": 7475,
  "type1_count": 36,
  "type2_count": 7,
  "plot_path": "traces/requests_types_8k/all_traces_arrival_rate_CV/SS06_SM06_SL19_MS24_MM08_ML20_LS10_LM05_LL02/lognormal_lambda4.0x_cv3/lognormal_lambda4.0x_cv3.png"
}