{
  "PPR": 3.1360544217687076,
  "TPI": 0.5073551044424831,
  "OV_block_step": 435483,
  "OV_frac": 0.43578543509195383,
  "GE2_frac": 0.1710797293321565,
  "peak_blocks": 461,
  "peak_step": 1680,
  "gpu_blocks": 147,
  "total_steps": 6798,
  "type1_count": 46,
  "type2_count": 17,
  "plot_path": "traces/requests_types_8k/all_traces_arrival_rate_CV/SS04_SM15_SL55_MS02_MM04_ML04_LS04_LM04_LL05/lognormal_lambda3.5x_cv7/lognormal_lambda3.5x_cv7.png"
}