{
  "PPR": 3.486583184257603,
  "TPI": 0.7002408187838651,
  "OV_block_step": 5017061,
  "OV_frac": 0.5403410235229117,
  "GE2_frac": 0.22119205298013245,
  "peak_blocks": 1949,
  "peak_step": 11362,
  "gpu_blocks": 559,
  "total_steps": 16610,
  "type1_count": 46,
  "type2_count": 19,
  "plot_path": "traces/requests_types_32k/all_traces_arrival_rate_CV/SS06_SM63_SL03_MS03_MM03_ML06_LS03_LM09_LL04/lognormal_lambda4.0x_cv6/lognormal_lambda4.0x_cv6.png"
}