{
  "PPR": 1.6447503595644133,
  "TPI": 0.4495696782125747,
  "OV_block_step": 46597099,
  "OV_frac": 0.10147634936863713,
  "GE2_frac": 0.0,
  "peak_blocks": 16010,
  "peak_step": 25888,
  "gpu_blocks": 9734,
  "total_steps": 47174,
  "type1_count": 68,
  "type2_count": 44,
  "plot_path": "traces/SS12_SL37_LS06_LL43/tsa05/tsa05_lo_ov10.png"
}