{
  "PPR": 3.857090909090909,
  "TPI": 0.6017378473286453,
  "OV_block_step": 685126951,
  "OV_frac": 0.5454298273337882,
  "GE2_frac": 0.24067806257826663,
  "peak_blocks": 10607,
  "peak_step": 366102,
  "gpu_blocks": 2750,
  "total_steps": 456772,
  "type1_count": 105,
  "type2_count": 45,
  "plot_path": "traces/sy_requests/all_traces_arrival_rate_CV/SS06_SM01_SL07_MS08_MM02_ML49_LS05_LM19_LL03/lognormal_lambda2.5x_cv1/lognormal_lambda2.5x_cv1.png"
}