{
  "PPR": 2.0037546933667083,
  "TPI": 0.5631703904693264,
  "OV_block_step": 88934523,
  "OV_frac": 0.23595049785861869,
  "GE2_frac": 0.0009963115275363548,
  "peak_blocks": 16010,
  "peak_step": 25888,
  "gpu_blocks": 7990,
  "total_steps": 47174,
  "type1_count": 64,
  "type2_count": 33,
  "plot_path": "traces/request_types/SS12_SL37_LS06_LL43/tsa05/tsa05_ml_ov24.png"
}