{
  "PPR": 1.9756944444444444,
  "TPI": 0.08994250452380666,
  "OV_block_step": 21469944,
  "OV_frac": 0.03738831747827703,
  "GE2_frac": 0.0,
  "peak_blocks": 4552,
  "peak_step": 229092,
  "gpu_blocks": 2304,
  "total_steps": 249237,
  "type1_count": 29,
  "type2_count": 24,
  "plot_path": "traces/request_types/all_traces/SS14_SL39_LS12_LL33/bim50/bim50_vl_ov4.png"
}