{
  "batch_size": 4,
  "max_model_len": 32384,
  "num_gpu_blocks_override": 5363,
  "arrival_pattern": "BimodalArrival(l1=0.004765399388122719,l2=0.1,p=0.7,max=29978)",
  "vocab": [200, 30000],
  "requests": {
    "request_0": {"category": "SS_I1632-2448_O192-304", "input_length": 1728, "output_length": 284, "arrival_time": 0, "sched_time": 0, "wait_time": 0, "slo": 0.05153512056694359},
    "request_1": {"category": "LL_I3264-4912_O13104-19648", "input_length": 4190, "output_length": 18568, "arrival_time": 0, "sched_time": 0, "wait_time": 0, "slo": 0.07231728464284418},
    "request_2": {"category": "SS_I400-608_O192-304", "input_length": 516, "output_length": 196, "arrival_time": 0, "sched_time": 0, "wait_time": 0, "slo": 0.050232854428956954},
    "request_3": {"category": "SL_I400-608_O13104-19648", "input_length": 484, "output_length": 14037, "arrival_time": 0, "sched_time": 0, "wait_time": 0, "slo": 0.06406592604392423},
    "request_4": {"category": "SS_I1632-2448_O1632-2448", "input_length": 2372, "output_length": 2159, "arrival_time": 195, "sched_time": 197, "wait_time": 2, "slo": 0.054058511645088465},
    "request_5": {"category": "SS_I816-1216_O400-608", "input_length": 968, "output_length": 597, "arrival_time": 226, "sched_time": 285, "wait_time": 59, "slo": 0.051087341364112804},
    "request_6": {"category": "SL_I400-608_O6544-9824", "input_length": 535, "output_length": 7920, "arrival_time": 282, "sched_time": 883, "wait_time": 601, "slo": 0.05798935189544197},
    "request_7": {"category": "SL_I192-304_O13104-19648", "input_length": 270, "output_length": 17299, "arrival_time": 292, "sched_time": 2357, "wait_time": 2065, "slo": 0.06711923926591136},
    "request_8": {"category": "LS_I6544-9824_O192-304", "input_length": 7921, "output_length": 241, "arrival_time": 305, "sched_time": 8804, "wait_time": 8499, "slo": 0.05769584114280345},
    "request_9": {"category": "SS_I1632-2448_O1632-2448", "input_length": 1675, "output_length": 1811, "arrival_time": 348, "sched_time": 9046, "wait_time": 8698, "slo": 0.05301169001878382},
    "request_10": {"category": "SS_I1632-2448_O816-1216", "input_length": 2421, "output_length": 825, "arrival_time": 360, "sched_time": 10858, "wait_time": 10498, "slo": 0.05277127165484783},
    "request_11": {"category": "LS_I3264-4912_O192-304", "input_length": 3343, "output_length": 222, "arrival_time": 364, "sched_time": 11684, "wait_time": 11320, "slo": 0.053090827730246086},
    "request_12": {"category": "SL_I400-608_O6544-9824", "input_length": 442, "output_length": 8340, "arrival_time": 372, "sched_time": 11907, "wait_time": 11535, "slo": 0.05831692191630477},
    "request_13": {"category": "SL_I192-304_O3264-4912", "input_length": 204, "output_length": 4207, "arrival_time": 447, "sched_time": 14038, "wait_time": 13591, "slo": 0.053938302463120466},
    "request_14": {"category": "SL_I400-608_O3264-4912", "input_length": 524, "output_length": 3960, "arrival_time": 452, "sched_time": 18246, "wait_time": 17794, "slo": 0.05401142971548433},
    "request_15": {"category": "SS_I1632-2448_O816-1216", "input_length": 2318, "output_length": 1081, "arrival_time": 509, "sched_time": 18569, "wait_time": 18060, "slo": 0.052924538361857024},
    "request_16": {"category": "SS_I1632-2448_O1632-2448", "input_length": 1857, "output_length": 2274, "arrival_time": 532, "sched_time": 19651, "wait_time": 19119, "slo": 0.05365781437186181},
    "request_17": {"category": "SS_I816-1216_O192-304", "input_length": 826, "output_length": 262, "arrival_time": 637, "sched_time": 19657, "wait_time": 19020, "slo": 0.05060950986579001},
    "request_18": {"category": "SL_I192-304_O13104-19648", "input_length": 259, "output_length": 13549, "arrival_time": 645, "sched_time": 19920, "wait_time": 19275, "slo": 0.06335168315439771},
    "request_19": {"category": "SS_I1632-2448_O400-608", "input_length": 1898, "output_length": 596, "arrival_time": 651, "sched_time": 20248, "wait_time": 19597, "slo": 0.05201796078118171},
    "request_20": {"category": "SL_I400-608_O3264-4912", "input_length": 474, "output_length": 4347, "arrival_time": 729, "sched_time": 20845, "wait_time": 20116, "slo": 0.05434901716817779},
    "request_21": {"category": "LL_I3264-4912_O3264-4912", "input_length": 4387, "output_length": 4566, "arrival_time": 733, "sched_time": 21926, "wait_time": 21193, "slo": 0.05848822000060916},
    "request_22": {"category": "SS_I816-1216_O1632-2448", "input_length": 1165, "output_length": 2429, "arrival_time": 783, "sched_time": 22207, "wait_time": 21424, "slo": 0.05311987828255502},
    "request_23": {"category": "SS_I192-304_O192-304", "input_length": 201, "output_length": 285, "arrival_time": 856, "sched_time": 24637, "wait_time": 23781, "slo": 0.050006460469583895},
    "request_24": {"category": "SL_I400-608_O13104-19648", "input_length": 514, "output_length": 18663, "arrival_time": 876, "sched_time": 24923, "wait_time": 24047, "slo": 0.06873004230428252},
    "request_25": {"category": "SL_I1632-2448_O13104-19648", "input_length": 2225, "output_length": 16861, "arrival_time": 877, "sched_time": 25193, "wait_time": 24316, "slo": 0.06863888367462345},
    "request_26": {"category": "SL_I816-1216_O3264-4912", "input_length": 858, "output_length": 4633, "arrival_time": 918, "sched_time": 26493, "wait_time": 25575, "slo": 0.055020185100832446},
    "request_27": {"category": "SS_I1632-2448_O192-304", "input_length": 2225, "output_length": 283, "arrival_time": 930, "sched_time": 31127, "wait_time": 30197, "slo": 0.052031985185744645},
    "request_28": {"category": "LL_I3264-4912_O13104-19648", "input_length": 4104, "output_length": 17324, "arrival_time": 957, "sched_time": 31411, "wait_time": 30454, "slo": 0.07098496620936554},
    "request_29": {"category": "SL_I816-1216_O3264-4912", "input_length": 1075, "output_length": 3588, "arrival_time": 967, "sched_time": 33470, "wait_time": 32503, "slo": 0.05419074174525326},
    "request_30": {"category": "LS_I6544-9824_O1632-2448", "input_length": 9053, "output_length": 1917, "arrival_time": 969, "sched_time": 37059, "wait_time": 36090, "slo": 0.06050873600085458},
    "request_31": {"category": "SL_I192-304_O3264-4912", "input_length": 211, "output_length": 3913, "arrival_time": 999, "sched_time": 38977, "wait_time": 37978, "slo": 0.05365080216958034},
    "request_32": {"category": "LL_I13104-19648_O3264-4912", "input_length": 17533, "output_length": 3983, "arrival_time": 1024, "sched_time": 42055, "wait_time": 41031, "slo": 0.0710731196094754},
    "request_33": {"category": "SL_I400-608_O13104-19648", "input_length": 480, "output_length": 14394, "arrival_time": 1085, "sched_time": 42891, "wait_time": 41806, "slo": 0.06441954138754676},
    "request_34": {"category": "SL_I400-608_O13104-19648", "input_length": 582, "output_length": 13899, "arrival_time": 1174, "sched_time": 43587, "wait_time": 42413, "slo": 0.06402585631660157},
    "request_35": {"category": "SS_I1632-2448_O400-608", "input_length": 2424, "output_length": 531, "arrival_time": 1197, "sched_time": 46039, "wait_time": 44842, "slo": 0.052479764388575434},
    "request_36": {"category": "SL_I192-304_O13104-19648", "input_length": 285, "output_length": 18872, "arrival_time": 1223, "sched_time": 46571, "wait_time": 45348, "slo": 0.0687100074406212},
    "request_37": {"category": "SL_I192-304_O13104-19648", "input_length": 218, "output_length": 17391, "arrival_time": 1242, "sched_time": 48736, "wait_time": 47494, "slo": 0.06715930899323402},
    "request_38": {"category": "SS_I1632-2448_O1632-2448", "input_length": 1854, "output_length": 2292, "arrival_time": 1297, "sched_time": 57286, "wait_time": 55989, "slo": 0.05367284051960781},
    "request_39": {"category": "SL_I816-1216_O6544-9824", "input_length": 992, "output_length": 7653, "arrival_time": 1308, "sched_time": 57487, "wait_time": 56179, "slo": 0.05817968310022464},
    "request_40": {"category": "SS_I1632-2448_O400-608", "input_length": 2026, "output_length": 483,