{
  "PPR": 2.957894736842105,
  "TPI": 0.3666325668282702,
  "OV_block_step": 1448887,
  "OV_frac": 0.2261181352616519,
  "GE2_frac": 0.08277365120313125,
  "peak_blocks": 843,
  "peak_step": 15845,
  "gpu_blocks": 285,
  "total_steps": 22483,
  "type1_count": 83,
  "type2_count": 52,
  "plot_path": "traces/requests_types_16k/all_traces_arrival_rate_CV/SS05_SM22_SL01_MS13_MM01_ML37_LS03_LM03_LL15/lognormal_lambda3.0x_cv2/lognormal_lambda3.0x_cv2.png"
}