{
  "PPR": 2.4368489583333335,
  "TPI": 0.26735059382814885,
  "OV_block_step": 50492503,
  "OV_frac": 0.13565495781423234,
  "GE2_frac": 0.033182572237399205,
  "peak_blocks": 3743,
  "peak_step": 113163,
  "gpu_blocks": 1536,
  "total_steps": 242326,
  "type1_count": 90,
  "type2_count": 49,
  "plot_path": "traces/requests_types_48k/all_traces_arrival_rate_CV/SS03_SM24_SL03_MS36_MM03_ML12_LS06_LM06_LL07/lognormal_lambda2.0x_cv1/lognormal_lambda2.0x_cv1.png"
}