{
  "PPR": 4.48397976391231,
  "TPI": 0.5469685980605474,
  "OV_block_step": 14805821,
  "OV_frac": 0.670686804546429,
  "GE2_frac": 0.28334273511161256,
  "peak_blocks": 2659,
  "peak_step": 7682,
  "gpu_blocks": 593,
  "total_steps": 37227,
  "type1_count": 35,
  "type2_count": 20,
  "plot_path": "traces/requests_types_32k/all_traces_arrival_rate_CV/SS05_SM02_SL22_MS01_MM07_ML11_LS31_LM03_LL19/lognormal_lambda2.5x_cv3/lognormal_lambda2.5x_cv3.png"
}