{
  "PPR": 5.247023809523809,
  "TPI": 0.7115647587419418,
  "OV_block_step": 7038593,
  "OV_frac": 1.0230608249844184,
  "GE2_frac": 0.40208048446962297,
  "peak_blocks": 1763,
  "peak_step": 12599,
  "gpu_blocks": 336,
  "total_steps": 20476,
  "type1_count": 59,
  "type2_count": 27,
  "plot_path": "traces/requests_types_16k/all_traces_arrival_rate_CV/SS00_SM00_SL00_MS00_MM00_ML00_LS33_LM33_LL34/lognormal_lambda3.5x_cv1/lognormal_lambda3.5x_cv1.png"
}