{
  "PPR": 4.078853046594982,
  "TPI": 0.6951239993282203,
  "OV_block_step": 4700491,
  "OV_frac": 0.9431583716526643,
  "GE2_frac": 0.4732127862061244,
  "peak_blocks": 1138,
  "peak_step": 2431,
  "gpu_blocks": 279,
  "total_steps": 17863,
  "type1_count": 62,
  "type2_count": 19,
  "plot_path": "traces/requests_types_16k/all_traces_arrival_rate_CV/SS01_SM18_SL11_MS32_MM14_ML02_LS14_LM07_LL01/lognormal_lambda2.5x_cv5/lognormal_lambda2.5x_cv5.png"
}