{
  "PPR": 1.4381126432962286,
  "TPI": 0.37686611026213707,
  "OV_block_step": 20015510,
  "OV_frac": 0.09772504814258004,
  "GE2_frac": 0.0,
  "peak_blocks": 8656,
  "peak_step": 19185,
  "gpu_blocks": 6019,
  "total_steps": 34028,
  "type1_count": 65,
  "type2_count": 17,
  "plot_path": "traces/SS25_SL00_LS75_LL00/tsa05/tsa05_lo_ov10.png"
}