{
  "PPR": 5.074324324324325,
  "TPI": 0.473417354773287,
  "OV_block_step": 597917,
  "OV_frac": 0.5852498521990047,
  "GE2_frac": 0.21541358829494422,
  "peak_blocks": 751,
  "peak_step": 5119,
  "gpu_blocks": 148,
  "total_steps": 6903,
  "type1_count": 32,
  "type2_count": 14,
  "plot_path": "traces/requests_types_8k/all_traces_arrival_rate_CV/SS10_SM24_SL05_MS05_MM03_ML14_LS09_LM12_LL18/lognormal_lambda2.5x_cv5/lognormal_lambda2.5x_cv5.png"
}