{
  "PPR": 2.0284697508896796,
  "TPI": 0.08060775102759836,
  "OV_block_step": 1036229,
  "OV_frac": 0.027067290713687173,
  "GE2_frac": 0.0018937169700528479,
  "peak_blocks": 1140,
  "peak_step": 55112,
  "gpu_blocks": 562,
  "total_steps": 68120,
  "type1_count": 25,
  "type2_count": 14,
  "plot_path": "traces/requests_types_32k/all_traces_arrival_rate_CV/SS04_SM15_SL55_MS02_MM04_ML04_LS04_LM04_LL05/lognormal_lambda1.0x_cv1/lognormal_lambda1.0x_cv1.png"
}