{
  "PPR": 3.215088282504013,
  "TPI": 0.3674919968891863,
  "OV_block_step": 6145186,
  "OV_frac": 0.17839905153219246,
  "GE2_frac": 0.03984373587021396,
  "peak_blocks": 2003,
  "peak_step": 26544,
  "gpu_blocks": 623,
  "total_steps": 55291,
  "type1_count": 73,
  "type2_count": 25,
  "plot_path": "traces/requests_types_32k/all_traces_arrival_rate_CV/SS11_SM02_SL03_MS00_MM36_ML08_LS16_LM20_LL04/lognormal_lambda2.0x_cv4/lognormal_lambda2.0x_cv4.png"
}