{
  "PPR": 3.9890909090909092,
  "TPI": 0.4393478861563968,
  "OV_block_step": 1607414,
  "OV_frac": 0.4037815569343616,
  "GE2_frac": 0.16026526664824536,
  "peak_blocks": 2194,
  "peak_step": 6015,
  "gpu_blocks": 550,
  "total_steps": 7238,
  "type1_count": 14,
  "type2_count": 46,
  "plot_path": "traces/requests_types_32k/all_traces_arrival_rate_CV/SS00_SM00_SL00_MS00_MM00_ML00_LS00_LM99_LL01/lognormal_lambda1.5x_cv1/lognormal_lambda1.5x_cv1.png"
}