{
  "PPR": 5.421404682274248,
  "TPI": 0.7458601207870641,
  "OV_block_step": 2870259,
  "OV_frac": 0.9350797221988745,
  "GE2_frac": 0.3249561659848042,
  "peak_blocks": 1621,
  "peak_step": 4442,
  "gpu_blocks": 299,
  "total_steps": 10266,
  "type1_count": 55,
  "type2_count": 23,
  "plot_path": "traces/requests_types_16k/all_traces_arrival_rate_CV/SS10_SM24_SL05_MS05_MM03_ML14_LS09_LM12_LL18/lognormal_lambda1.5x_cv7/lognormal_lambda1.5x_cv7.png"
}