{
  "PPR": 3.727598566308244,
  "TPI": 0.4297994269340974,
  "OV_block_step": 3128442,
  "OV_frac": 0.3346780612297296,
  "GE2_frac": 0.12944723018147086,
  "peak_blocks": 1040,
  "peak_step": 24973,
  "gpu_blocks": 279,
  "total_steps": 33504,
  "type1_count": 101,
  "type2_count": 31,
  "plot_path": "traces/requests_types_16k/all_traces_arrival_rate_CV/SS03_SM24_SL03_MS36_MM03_ML12_LS06_LM06_LL07/lognormal_lambda1.5x_cv5/lognormal_lambda1.5x_cv5.png"
}