{
  "PPR": 4.160611854684513,
  "TPI": 0.7647761842677097,
  "OV_block_step": 7025395,
  "OV_frac": 0.729730423134675,
  "GE2_frac": 0.3619078661451543,
  "peak_blocks": 2176,
  "peak_step": 11510,
  "gpu_blocks": 523,
  "total_steps": 18408,
  "type1_count": 58,
  "type2_count": 36,
  "plot_path": "traces/requests_types_32k/all_traces_arrival_rate_CV/SS06_SM01_SL07_MS08_MM02_ML49_LS05_LM19_LL03/lognormal_lambda4.5x_cv2/lognormal_lambda4.5x_cv2.png"
}