{
  "PPR": 2.2816901408450705,
  "TPI": 0.20015288571792586,
  "OV_block_step": 158016,
  "OV_frac": 0.07088729343829572,
  "GE2_frac": 0.007707988278761626,
  "peak_blocks": 324,
  "peak_step": 13837,
  "gpu_blocks": 142,
  "total_steps": 15698,
  "type1_count": 47,
  "type2_count": 47,
  "plot_path": "traces/requests_types_8k/all_traces_arrival_rate_CV/SS09_SM11_SL08_MS09_MM08_ML09_LS18_LM23_LL05/lognormal_lambda1.5x_cv3/lognormal_lambda1.5x_cv3.png"
}