{
  "PPR": 2.9133333333333336,
  "TPI": 0.5214089854461084,
  "OV_block_step": 328803,
  "OV_frac": 0.2311769668846235,
  "GE2_frac": 0.04851297194684666,
  "peak_blocks": 437,
  "peak_step": 2021,
  "gpu_blocks": 150,
  "total_steps": 9482,
  "type1_count": 102,
  "type2_count": 68,
  "plot_path": "traces/requests_types_8k/all_traces_arrival_rate_CV/SS00_SM00_SL00_MS00_MM00_ML00_LS33_LM66_LL01/lognormal_lambda3.0x_cv2/lognormal_lambda3.0x_cv2.png"
}