{
  "PPR": 3.511986301369863,
  "TPI": 0.5088040246970044,
  "OV_block_step": 9122195,
  "OV_frac": 0.39688484685845515,
  "GE2_frac": 0.12846507609827984,
  "peak_blocks": 2051,
  "peak_step": 35870,
  "gpu_blocks": 584,
  "total_steps": 39357,
  "type1_count": 67,
  "type2_count": 36,
  "plot_path": "traces/requests_types_32k/all_traces_arrival_rate_CV/SS15_SM02_SL11_MS22_MM03_ML32_LS00_LM00_LL14/lognormal_lambda2.5x_cv2/lognormal_lambda2.5x_cv2.png"
}