{
  "PPR": 3.1102362204724407,
  "TPI": 0.39845397048489106,
  "OV_block_step": 247858,
  "OV_frac": 0.27429905766347024,
  "GE2_frac": 0.1314125087842586,
  "peak_blocks": 395,
  "peak_step": 4603,
  "gpu_blocks": 127,
  "total_steps": 7115,
  "type1_count": 63,
  "type2_count": 42,
  "plot_path": "traces/requests_types_8k/all_traces_arrival_rate_CV/SS05_SM22_SL01_MS13_MM01_ML37_LS03_LM03_LL15/lognormal_lambda2.0x_cv6/lognormal_lambda2.0x_cv6.png"
}