{
  "PPR": 4.9140625,
  "TPI": 0.3325414467767389,
  "OV_block_step": 126904970,
  "OV_frac": 0.3058878034943794,
  "GE2_frac": 0.11554529873920348,
  "peak_blocks": 6919,
  "peak_step": 83178,
  "gpu_blocks": 1408,
  "total_steps": 294655,
  "type1_count": 95,
  "type2_count": 75,
  "plot_path": "traces/request_types/all_traces/SS06_SL07_LS05_LL80/bim50/bim50_md_ov38.png"
}