{
  "PPR": 2.1787893946973487,
  "TPI": 0.5581848739495798,
  "OV_block_step": 145128213,
  "OV_frac": 0.32537997402062374,
  "GE2_frac": 0.02642016806722689,
  "peak_blocks": 21777,
  "peak_step": 23659,
  "gpu_blocks": 9995,
  "total_steps": 44625,
  "type1_count": 48,
  "type2_count": 21,
  "plot_path": "traces/request_types/SS03_SL00_LS04_LL91/poi05/poi05_md_ov32.png"
}