{
  "PPR": 1.4075103412616339,
  "TPI": 0.27896918767507,
  "OV_block_step": 32127829,
  "OV_frac": 0.046532532971823685,
  "GE2_frac": 0.0,
  "peak_blocks": 21777,
  "peak_step": 23659,
  "gpu_blocks": 15472,
  "total_steps": 44625,
  "type1_count": 39,
  "type2_count": 44,
  "plot_path": "traces/request_types/SS03_SL00_LS04_LL91/poi05/poi05_vl_ov5.png"
}