{
  "PPR": 1.6510235026535254,
  "TPI": 0.48692436974789916,
  "OV_block_step": 71435119,
  "OV_frac": 0.12136368312298385,
  "GE2_frac": 0.0,
  "peak_blocks": 21777,
  "peak_step": 23659,
  "gpu_blocks": 13190,
  "total_steps": 44625,
  "type1_count": 79,
  "type2_count": 28,
  "plot_path": "traces/request_types/SS03_SL00_LS04_LL91/poi05/poi05_lo_ov12.png"
}