{
  "PPR": 3.550724637681159,
  "TPI": 0.7371410539602399,
  "OV_block_step": 130165,
  "OV_frac": 0.5952821948129753,
  "GE2_frac": 0.2597033764594509,
  "peak_blocks": 245,
  "peak_step": 1705,
  "gpu_blocks": 69,
  "total_steps": 3169,
  "type1_count": 73,
  "type2_count": 49,
  "plot_path": "traces/requests_types_8k/all_traces_arrival_rate_CV/SS14_SM21_SL27_MS03_MM10_ML05_LS17_LM02_LL01/lognormal_lambda4.0x_cv2/lognormal_lambda4.0x_cv2.png"
}