{
  "PPR": 1.8916015625,
  "TPI": 0.30209554304010977,
  "OV_block_step": 4020944,
  "OV_frac": 0.11225887318105149,
  "GE2_frac": 0.0,
  "peak_blocks": 1937,
  "peak_step": 9143,
  "gpu_blocks": 1024,
  "total_steps": 34979,
  "type1_count": 19,
  "type2_count": 38,
  "plot_path": "traces/request_types/all_traces/SS00_SM00_SL00_MS00_MM00_ML00_LS00_LM33_LL67/bim50/bim50_lo_ov13.png"
}