{
  "PPR": 2.6317934782608696,
  "TPI": 0.4498985105348924,
  "OV_block_step": 7764679,
  "OV_frac": 0.301604837125878,
  "GE2_frac": 0.13453786557648875,
  "peak_blocks": 1937,
  "peak_step": 9143,
  "gpu_blocks": 736,
  "total_steps": 34979,
  "type1_count": 39,
  "type2_count": 52,
  "plot_path": "traces/request_types/all_traces/SS00_SM00_SL00_MS00_MM00_ML00_LS00_LM33_LL67/bim50/bim50_md_ov35.png"
}