{
  "PPR": 3.1858552631578947,
  "TPI": 0.5833214214242831,
  "OV_block_step": 10022577,
  "OV_frac": 0.4712685223916305,
  "GE2_frac": 0.21046913862603275,
  "peak_blocks": 1937,
  "peak_step": 9143,
  "gpu_blocks": 608,
  "total_steps": 34979,
  "type1_count": 45,
  "type2_count": 56,
  "plot_path": "traces/request_types/all_traces/SS00_SM00_SL00_MS00_MM00_ML00_LS00_LM33_LL67/bim50/bim50_mh_ov54.png"
}