{
  "PPR": 2.874721355327686,
  "TPI": 0.4126303662188784,
  "OV_block_step": 183204697,
  "OV_frac": 0.25994767980459493,
  "GE2_frac": 0.09773050593391065,
  "peak_blocks": 6448,
  "peak_step": 234034,
  "gpu_blocks": 2243,
  "total_steps": 314211,
  "type1_count": 93,
  "type2_count": 66,
  "plot_path": "traces/requests_types_128k/all_traces_arrival_rate_CV/SS15_SM02_SL11_MS22_MM03_ML32_LS00_LM00_LL14/lognormal_lambda2.0x_cv1/lognormal_lambda2.0x_cv1.png"
}