{
  "PPR": 1.5109229140602445,
  "TPI": 0.5902705680445791,
  "OV_block_step": 59086483,
  "OV_frac": 0.12048040011710111,
  "GE2_frac": 0.0,
  "peak_blocks": 15700,
  "peak_step": 21929,
  "gpu_blocks": 10391,
  "total_steps": 47197,
  "type1_count": 102,
  "type2_count": 53,
  "plot_path": "traces/request_types/SS18_SL17_LS19_LL45/tsa05/tsa05_lo_ov12.png"
}