{
  "PPR": 1.9656942531613872,
  "TPI": 0.7006801279742356,
  "OV_block_step": 133090037,
  "OV_frac": 0.35305914656393655,
  "GE2_frac": 0.0,
  "peak_blocks": 15700,
  "peak_step": 21929,
  "gpu_blocks": 7987,
  "total_steps": 47197,
  "type1_count": 66,
  "type2_count": 19,
  "plot_path": "traces/request_types/SS18_SL17_LS19_LL45/tsa05/tsa05_md_ov35.png"
}