{
  "PPR": 2.0324324324324325,
  "TPI": 0.10654592020355041,
  "OV_block_step": 2678871,
  "OV_frac": 0.04039868591630826,
  "GE2_frac": 0.0012638204203249106,
  "peak_blocks": 1128,
  "peak_step": 47849,
  "gpu_blocks": 555,
  "total_steps": 119479,
  "type1_count": 59,
  "type2_count": 29,
  "plot_path": "traces/requests_types_32k/all_traces_arrival_rate_CV/SS06_SM06_SL19_MS24_MM08_ML20_LS10_LM05_LL02/lognormal_lambda1.5x_cv2/lognormal_lambda1.5x_cv2.png"
}