{
  "PPR": 2.7286012526096033,
  "TPI": 0.3380875361466451,
  "OV_block_step": 1759160,
  "OV_frac": 0.18000136497999547,
  "GE2_frac": 0.025927559672597168,
  "peak_blocks": 1307,
  "peak_step": 16662,
  "gpu_blocks": 479,
  "total_steps": 20403,
  "type1_count": 20,
  "type2_count": 21,
  "plot_path": "traces/requests_types_32k/all_traces_arrival_rate_CV/SS55_SM04_SL04_MS04_MM02_ML15_LS04_LM04_LL05/lognormal_lambda2.0x_cv1/lognormal_lambda2.0x_cv1.png"
}