{
  "PPR": 6.3244147157190636,
  "TPI": 0.734015057871671,
  "OV_block_step": 3209829,
  "OV_frac": 1.2063393692350537,
  "GE2_frac": 0.4851106865939993,
  "peak_blocks": 1891,
  "peak_step": 3501,
  "gpu_blocks": 299,
  "total_steps": 8899,
  "type1_count": 33,
  "type2_count": 14,
  "plot_path": "traces/requests_types_16k/all_traces_arrival_rate_CV/SS10_SM24_SL05_MS05_MM03_ML14_LS09_LM12_LL18/lognormal_lambda3.5x_cv5/lognormal_lambda3.5x_cv5.png"
}