{
  "PPR": 4.642909090909091,
  "TPI": 0.5811521022258862,
  "OV_block_step": 463876480,
  "OV_frac": 0.5432114217192535,
  "GE2_frac": 0.19221777102225887,
  "peak_blocks": 12768,
  "peak_step": 290295,
  "gpu_blocks": 2750,
  "total_steps": 310528,
  "type1_count": 80,
  "type2_count": 30,
  "plot_path": "traces/sy_requests/all_traces_arrival_rate_CV/SS03_SM35_SL00_MS13_MM01_ML28_LS01_LM18_LL02/lognormal_lambda3.0x_cv1/lognormal_lambda3.0x_cv1.png"
}