{
  "PPR": 1.8465198477433387,
  "TPI": 0.43972255568894225,
  "OV_block_step": 35573584,
  "OV_frac": 0.12901148859036093,
  "GE2_frac": 0.0,
  "peak_blocks": 13583,
  "peak_step": 19657,
  "gpu_blocks": 7356,
  "total_steps": 37485,
  "type1_count": 73,
  "type2_count": 30,
  "plot_path": "traces/request_types/SS26_SL12_LS36_LL24/uni05/uni05_lo_ov13.png"
}