{
  "PPR": 4.608247422680412,
  "TPI": 0.2634666145273243,
  "OV_block_step": 3449977,
  "OV_frac": 0.2897544008527739,
  "GE2_frac": 0.16780721478150357,
  "peak_blocks": 1341,
  "peak_step": 36284,
  "gpu_blocks": 291,
  "total_steps": 40916,
  "type1_count": 38,
  "type2_count": 27,
  "plot_path": "traces/requests_types_16k/all_traces_arrival_rate_CV/SS11_SM02_SL03_MS00_MM36_ML08_LS16_LM20_LL04/lognormal_lambda1.5x_cv7/lognormal_lambda1.5x_cv7.png"
}