{
  "PPR": 7.034013605442177,
  "TPI": 0.5073909171861086,
  "OV_block_step": 1514792,
  "OV_frac": 0.9176052967936952,
  "GE2_frac": 0.3472840605520926,
  "peak_blocks": 2068,
  "peak_step": 4760,
  "gpu_blocks": 294,
  "total_steps": 5615,
  "type1_count": 19,
  "type2_count": 17,
  "plot_path": "traces/requests_types_16k/all_traces_arrival_rate_CV/SS00_SM00_SL00_MS00_MM00_ML00_LS00_LM66_LL34/lognormal_lambda2.5x_cv6/lognormal_lambda2.5x_cv6.png"
}