{
  "PPR": 3.107142857142857,
  "TPI": 0.5316339629561709,
  "OV_block_step": 233061,
  "OV_frac": 0.3052854261088261,
  "GE2_frac": 0.09334311388226664,
  "peak_blocks": 435,
  "peak_step": 3709,
  "gpu_blocks": 140,
  "total_steps": 5453,
  "type1_count": 51,
  "type2_count": 45,
  "plot_path": "traces/requests_types_8k/all_traces_arrival_rate_CV/SS06_SM27_SL20_MS09_MM11_ML01_LS04_LM12_LL10/lognormal_lambda4.0x_cv2/lognormal_lambda4.0x_cv2.png"
}