{
  "PPR": 2.21484375,
  "TPI": 0.10893748267258109,
  "OV_block_step": 9014339,
  "OV_frac": 0.03389653386042379,
  "GE2_frac": 0.0016865354403474725,
  "peak_blocks": 3402,
  "peak_step": 37490,
  "gpu_blocks": 1536,
  "total_steps": 173136,
  "type1_count": 29,
  "type2_count": 25,
  "plot_path": "traces/requests_types_48k/all_traces_arrival_rate_CV/SS15_SM13_SL18_MS00_MM19_ML17_LS06_LM03_LL09/lognormal_lambda1.0x_cv1/lognormal_lambda1.0x_cv1.png"
}