{
  "PPR": 3.4072727272727272,
  "TPI": 0.37961024047554714,
  "OV_block_step": 346175608,
  "OV_frac": 0.42516225098867627,
  "GE2_frac": 0.2085179681167252,
  "peak_blocks": 9370,
  "peak_step": 282778,
  "gpu_blocks": 2750,
  "total_steps": 296080,
  "type1_count": 28,
  "type2_count": 16,
  "plot_path": "traces/sy_requests/all_traces_arrival_rate_CV/SS18_SM08_SL17_MS21_MM06_ML10_LS10_LM03_LL07/lognormal_lambda2.0x_cv1/lognormal_lambda2.0x_cv1.png"
}