{
  "PPR": 3.618374558303887,
  "TPI": 0.24697989725786398,
  "OV_block_step": 10353950,
  "OV_frac": 0.21455276535688417,
  "GE2_frac": 0.09911801271375291,
  "peak_blocks": 2048,
  "peak_step": 80477,
  "gpu_blocks": 566,
  "total_steps": 85262,
  "type1_count": 49,
  "type2_count": 44,
  "plot_path": "traces/requests_types_32k/all_traces_arrival_rate_CV/SS00_SM06_SL06_MS06_MM39_ML00_LS06_LM18_LL19/lognormal_lambda1.0x_cv3/lognormal_lambda1.0x_cv3.png"
}