{
  "PPR": 5.976041666666666,
  "TPI": 0.6493108974358974,
  "OV_block_step": 214560575,
  "OV_frac": 0.7163480735844017,
  "GE2_frac": 0.2708173076923077,
  "peak_blocks": 5737,
  "peak_step": 211072,
  "gpu_blocks": 960,
  "total_steps": 312000,
  "type1_count": 184,
  "type2_count": 103,
  "plot_path": "traces/request_types/SS06_SL07_LS05_LL80/bim50/bim50_hi_ov78.png"
}