{
  "PPR": 2.125461254612546,
  "TPI": 0.20678137429406465,
  "OV_block_step": 985016,
  "OV_frac": 0.07987222597520985,
  "GE2_frac": 0.005076142131979695,
  "peak_blocks": 576,
  "peak_step": 12652,
  "gpu_blocks": 271,
  "total_steps": 45507,
  "type1_count": 64,
  "type2_count": 35,
  "plot_path": "traces/requests_types_16k/all_traces_arrival_rate_CV/SS06_SM06_SL19_MS24_MM08_ML20_LS10_LM05_LL02/lognormal_lambda1.5x_cv1/lognormal_lambda1.5x_cv1.png"
}