{
  "PPR": 4.890909090909091,
  "TPI": 0.31655887303978025,
  "OV_block_step": 614368,
  "OV_frac": 0.32988769595485284,
  "GE2_frac": 0.13094710729157438,
  "peak_blocks": 807,
  "peak_step": 7506,
  "gpu_blocks": 165,
  "total_steps": 11287,
  "type1_count": 46,
  "type2_count": 35,
  "plot_path": "traces/requests_types_8k/all_traces_arrival_rate_CV/SS06_SM03_SL09_MS03_MM03_ML06_LS03_LM03_LL64/lognormal_lambda1.0x_cv6/lognormal_lambda1.0x_cv6.png"
}