{
  "PPR": 5.728549141965678,
  "TPI": 0.2762333060779504,
  "OV_block_step": 20633051,
  "OV_frac": 0.3987815247390242,
  "GE2_frac": 0.18754181223518918,
  "peak_blocks": 3672,
  "peak_step": 61819,
  "gpu_blocks": 641,
  "total_steps": 80718,
  "type1_count": 28,
  "type2_count": 40,
  "plot_path": "traces/requests_types_32k/all_traces_arrival_rate_CV/SS00_SM00_SL00_MS00_MM00_ML00_LS33_LM33_LL34/lognormal_lambda2.0x_cv6/lognormal_lambda2.0x_cv6.png"
}