{
  "PPR": 5.369565217391305,
  "TPI": 0.8026036131774708,
  "OV_block_step": 1146825,
  "OV_frac": 1.1039221688305687,
  "GE2_frac": 0.4736981934112646,
  "peak_blocks": 741,
  "peak_step": 5429,
  "gpu_blocks": 138,
  "total_steps": 7528,
  "type1_count": 64,
  "type2_count": 16,
  "plot_path": "traces/requests_types_8k/all_traces_arrival_rate_CV/SS06_SM06_SL19_MS24_MM08_ML20_LS10_LM05_LL02/lognormal_lambda4.5x_cv6/lognormal_lambda4.5x_cv6.png"
}