{
  "PPR": 3.381112984822934,
  "TPI": 0.11690262666727363,
  "OV_block_step": 3890310,
  "OV_frac": 0.14932370961777636,
  "GE2_frac": 0.06735102653980972,
  "peak_blocks": 2005,
  "peak_step": 33409,
  "gpu_blocks": 593,
  "total_steps": 43934,
  "type1_count": 16,
  "type2_count": 22,
  "plot_path": "traces/requests_types_32k/all_traces_arrival_rate_CV/SS07_SM02_SL09_MS02_MM02_ML07_LS02_LM57_LL10/lognormal_lambda2.0x_cv3/lognormal_lambda2.0x_cv3.png"
}