{
  "PPR": 2.8443396226415096,
  "TPI": 0.7533469385624736,
  "OV_block_step": 176772906,
  "OV_frac": 0.395646672545994,
  "GE2_frac": 0.07718966768096956,
  "peak_blocks": 6633,
  "peak_step": 37998,
  "gpu_blocks": 2332,
  "total_steps": 191593,
  "type1_count": 128,
  "type2_count": 68,
  "plot_path": "traces/requests_types_128k/all_traces_arrival_rate_CV/SS06_SM27_SL20_MS09_MM11_ML01_LS04_LM12_LL10/lognormal_lambda3.5x_cv1/lognormal_lambda3.5x_cv1.png"
}