{
  "PPR": 4.273469387755102,
  "TPI": 0.44565691837625493,
  "OV_block_step": 247383,
  "OV_frac": 0.440736154784917,
  "GE2_frac": 0.17154081187254475,
  "peak_blocks": 1047,
  "peak_step": 1220,
  "gpu_blocks": 245,
  "total_steps": 2291,
  "type1_count": 28,
  "type2_count": 17,
  "plot_path": "traces/requests_types_16k/all_traces_arrival_rate_CV/SS54_SM10_SL01_MS02_MM09_ML02_LS06_LM14_LL01/lognormal_lambda5.0x_cv6/lognormal_lambda5.0x_cv6.png"
}