{
  "PPR": 2.3763440860215055,
  "TPI": 0.3256512586615209,
  "OV_block_step": 1753128,
  "OV_frac": 0.13778644204950896,
  "GE2_frac": 0.01598543987369529,
  "peak_blocks": 663,
  "peak_step": 31004,
  "gpu_blocks": 279,
  "total_steps": 45604,
  "type1_count": 115,
  "type2_count": 53,
  "plot_path": "traces/requests_types_16k/all_traces_arrival_rate_CV/SS03_SM24_SL03_MS36_MM03_ML12_LS06_LM06_LL07/lognormal_lambda1.5x_cv3/lognormal_lambda1.5x_cv3.png"
}