{
  "PPR": 5.425182481751825,
  "TPI": 0.6080242240726722,
  "OV_block_step": 7695470,
  "OV_frac": 1.0630453040994159,
  "GE2_frac": 0.44087812263436793,
  "peak_blocks": 2973,
  "peak_step": 8546,
  "gpu_blocks": 548,
  "total_steps": 13210,
  "type1_count": 12,
  "type2_count": 9,
  "plot_path": "traces/requests_types_32k/all_traces_arrival_rate_CV/SS05_SM22_SL01_MS13_MM01_ML37_LS03_LM03_LL15/lognormal_lambda4.5x_cv6/lognormal_lambda4.5x_cv6.png"
}