{
  "PPR": 5.609046849757673,
  "TPI": 0.37959083992410436,
  "OV_block_step": 10218442,
  "OV_frac": 0.31011973934194637,
  "GE2_frac": 0.12785782720595143,
  "peak_blocks": 3472,
  "peak_step": 7211,
  "gpu_blocks": 619,
  "total_steps": 53231,
  "type1_count": 36,
  "type2_count": 62,
  "plot_path": "traces/requests_types_32k/all_traces_arrival_rate_CV/SS00_SM00_SL00_MS00_MM00_ML00_LS00_LM00_LL100/lognormal_lambda1.0x_cv2/lognormal_lambda1.0x_cv2.png"
}