{
  "PPR": 5.311848958333333,
  "TPI": 0.467533696989877,
  "OV_block_step": 162000887,
  "OV_frac": 0.34429632939956956,
  "GE2_frac": 0.10833961734452377,
  "peak_blocks": 8159,
  "peak_step": 132448,
  "gpu_blocks": 1536,
  "total_steps": 306333,
  "type1_count": 150,
  "type2_count": 96,
  "plot_path": "traces/request_types/all_traces/SS03_SL00_LS04_LL91/bim50/bim50_md_ov37.png"
}