{
  "PPR": 6.37421875,
  "TPI": 0.5447699072577881,
  "OV_block_step": 200940716,
  "OV_frac": 0.5124649788791935,
  "GE2_frac": 0.20459761109642122,
  "peak_blocks": 8159,
  "peak_step": 132448,
  "gpu_blocks": 1280,
  "total_steps": 306333,
  "type1_count": 129,
  "type2_count": 109,
  "plot_path": "traces/request_types/all_traces/SS03_SL00_LS04_LL91/bim50/bim50_mh_ov55.png"
}