{
  "PPR": 3.541232638888889,
  "TPI": 0.25331910045603967,
  "OV_block_step": 77689052,
  "OV_frac": 0.11007369952705788,
  "GE2_frac": 0.027483163746641726,
  "peak_blocks": 8159,
  "peak_step": 132448,
  "gpu_blocks": 2304,
  "total_steps": 306333,
  "type1_count": 89,
  "type2_count": 86,
  "plot_path": "traces/request_types/all_traces/SS03_SL00_LS04_LL91/bim50/bim50_lo_ov12.png"
}