{
  "PPR": 3.375,
  "TPI": 0.37603069363578234,
  "OV_block_step": 2224333,
  "OV_frac": 0.25993263797739113,
  "GE2_frac": 0.10318715713660687,
  "peak_blocks": 972,
  "peak_step": 28546,
  "gpu_blocks": 288,
  "total_steps": 29713,
  "type1_count": 97,
  "type2_count": 53,
  "plot_path": "traces/requests_types_16k/all_traces_arrival_rate_CV/SS09_SM11_SL08_MS09_MM08_ML09_LS18_LM23_LL05/lognormal_lambda3.5x_cv5/lognormal_lambda3.5x_cv5.png"
}