{
  "PPR": 6.782894736842105,
  "TPI": 0.8090917507638181,
  "OV_block_step": 6718385,
  "OV_frac": 2.0461022736686174,
  "GE2_frac": 0.6185538376076289,
  "peak_blocks": 2062,
  "peak_step": 7019,
  "gpu_blocks": 304,
  "total_steps": 10801,
  "type1_count": 20,
  "type2_count": 5,
  "plot_path": "traces/requests_types_16k/all_traces_arrival_rate_CV/SS05_SM02_SL22_MS01_MM07_ML11_LS31_LM03_LL19/lognormal_lambda5.0x_cv7/lognormal_lambda5.0x_cv7.png"
}