{
  "PPR": 1.39265850945495,
  "TPI": 0.680317937284932,
  "OV_block_step": 22932179,
  "OV_frac": 0.1030248538466472,
  "GE2_frac": 0.0,
  "peak_blocks": 15024,
  "peak_step": 8776,
  "gpu_blocks": 10788,
  "total_steps": 20633,
  "type1_count": 64,
  "type2_count": 21,
  "plot_path": "traces/SS30_SL52_LS11_LL05/bim05/bim05_lo_ov10.png"
}