{
  "PPR": 6.79375,
  "TPI": 0.7227979274611399,
  "OV_block_step": 975560,
  "OV_frac": 1.9744980569948187,
  "GE2_frac": 0.5903497409326425,
  "peak_blocks": 1087,
  "peak_step": 490,
  "gpu_blocks": 160,
  "total_steps": 3088,
  "type1_count": 7,
  "type2_count": 3,
  "plot_path": "traces/requests_types_8k/all_traces_arrival_rate_CV/SS07_SM08_SL06_MS09_MM09_ML09_LS07_LM08_LL38/lognormal_lambda3.5x_cv7/lognormal_lambda3.5x_cv7.png"
}