{
  "PPR": 2.133843212237094,
  "TPI": 0.09075923134890732,
  "OV_block_step": 2391078,
  "OV_frac": 0.035888053099257806,
  "GE2_frac": 0.002480532529515197,
  "peak_blocks": 1116,
  "peak_step": 79111,
  "gpu_blocks": 523,
  "total_steps": 127392,
  "type1_count": 49,
  "type2_count": 43,
  "plot_path": "traces/requests_types_32k/all_traces_arrival_rate_CV/SS06_SM01_SL07_MS08_MM02_ML49_LS05_LM19_LL03/lognormal_lambda1.2x_cv5/lognormal_lambda1.2x_cv5.png"
}