{
  "PPR": 7.452961672473868,
  "TPI": 0.7266424562561902,
  "OV_block_step": 742354,
  "OV_frac": 0.8539449663703824,
  "GE2_frac": 0.30207989435457244,
  "peak_blocks": 2139,
  "peak_step": 444,
  "gpu_blocks": 287,
  "total_steps": 3029,
  "type1_count": 30,
  "type2_count": 18,
  "plot_path": "traces/requests_types_16k/all_traces_arrival_rate_CV/SS00_SM00_SL00_MS00_MM00_ML00_LS00_LM99_LL01/lognormal_lambda4.0x_cv3/lognormal_lambda4.0x_cv3.png"
}