{
  "PPR": 4.271341463414634,
  "TPI": 0.7424636860969628,
  "OV_block_step": 13849656,
  "OV_frac": 0.7965395392493823,
  "GE2_frac": 0.3864176570458404,
  "peak_blocks": 2802,
  "peak_step": 18307,
  "gpu_blocks": 656,
  "total_steps": 26505,
  "type1_count": 55,
  "type2_count": 35,
  "plot_path": "traces/requests_types_32k/all_traces_arrival_rate_CV/SS02_SM02_SL02_MS01_MM01_ML02_LS01_LM03_LL86/lognormal_lambda3.5x_cv1/lognormal_lambda3.5x_cv1.png"
}