{
  "PPR": 3.625,
  "TPI": 0.7972268237315173,
  "OV_block_step": 3252371,
  "OV_frac": 0.6395647601473112,
  "GE2_frac": 0.19307933002024663,
  "peak_blocks": 1131,
  "peak_step": 7252,
  "gpu_blocks": 312,
  "total_steps": 16299,
  "type1_count": 77,
  "type2_count": 34,
  "plot_path": "traces/requests_types_16k/all_traces_arrival_rate_CV/SS08_SM22_SL00_MS03_MM03_ML08_LS25_LM08_LL23/lognormal_lambda4.0x_cv1/lognormal_lambda4.0x_cv1.png"
}