{
  "PPR": 3.6353104726598704,
  "TPI": 0.2271847429654231,
  "OV_block_step": 81255182,
  "OV_frac": 0.15343834922119945,
  "GE2_frac": 0.046956946963059555,
  "peak_blocks": 7845,
  "peak_step": 124975,
  "gpu_blocks": 2158,
  "total_steps": 245395,
  "type1_count": 48,
  "type2_count": 30,
  "plot_path": "traces/requests_types_128k/all_traces_arrival_rate_CV/SS55_SM04_SL04_MS04_MM02_ML15_LS04_LM04_LL05/lognormal_lambda1.5x_cv1/lognormal_lambda1.5x_cv1.png"
}