{
  "PPR": 4.277027027027027,
  "TPI": 0.39434803001876173,
  "OV_block_step": 477210,
  "OV_frac": 0.378094734039856,
  "GE2_frac": 0.15853658536585366,
  "peak_blocks": 633,
  "peak_step": 6562,
  "gpu_blocks": 148,
  "total_steps": 8528,
  "type1_count": 42,
  "type2_count": 33,
  "plot_path": "traces/requests_types_8k/all_traces_arrival_rate_CV/SS10_SM24_SL05_MS05_MM03_ML14_LS09_LM12_LL18/lognormal_lambda3.0x_cv6/lognormal_lambda3.0x_cv6.png"
}