{
  "PPR": 3.1654545454545455,
  "TPI": 0.2979559046683924,
  "OV_block_step": 1043271,
  "OV_frac": 0.16931682260433487,
  "GE2_frac": 0.047844327412300276,
  "peak_blocks": 1741,
  "peak_step": 7133,
  "gpu_blocks": 550,
  "total_steps": 11203,
  "type1_count": 27,
  "type2_count": 43,
  "plot_path": "traces/requests_types_32k/all_traces_arrival_rate_CV/SS00_SM00_SL00_MS00_MM00_ML00_LS00_LM99_LL01/lognormal_lambda1.0x_cv1/lognormal_lambda1.0x_cv1.png"
}