{
  "PPR": 6.409090909090909,
  "TPI": 0.46896863010607087,
  "OV_block_step": 518453,
  "OV_frac": 0.7597783620126206,
  "GE2_frac": 0.24464003610923044,
  "peak_blocks": 987,
  "peak_step": 2797,
  "gpu_blocks": 154,
  "total_steps": 4431,
  "type1_count": 26,
  "type2_count": 20,
  "plot_path": "traces/requests_types_8k/all_traces_arrival_rate_CV/SS00_SM00_SL00_MS00_MM00_ML00_LS00_LM66_LL34/lognormal_lambda3.5x_cv4/lognormal_lambda3.5x_cv4.png"
}