{
  "PPR": 2.9668508287292816,
  "TPI": 0.47457206648474326,
  "OV_block_step": 2830514,
  "OV_frac": 0.323290310407418,
  "GE2_frac": 0.10121557926072934,
  "peak_blocks": 1611,
  "peak_step": 8726,
  "gpu_blocks": 543,
  "total_steps": 16124,
  "type1_count": 48,
  "type2_count": 34,
  "plot_path": "traces/requests_types_32k/all_traces_arrival_rate_CV/SS54_SM10_SL01_MS02_MM09_ML02_LS06_LM14_LL01/lognormal_lambda5.0x_cv2/lognormal_lambda5.0x_cv2.png"
}