{
  "PPR": 2.418111753371869,
  "TPI": 0.23815227970352623,
  "OV_block_step": 2242343,
  "OV_frac": 0.10782128581113418,
  "GE2_frac": 0.044995133637792915,
  "peak_blocks": 1255,
  "peak_step": 20554,
  "gpu_blocks": 519,
  "total_steps": 40071,
  "type1_count": 56,
  "type2_count": 41,
  "plot_path": "traces/requests_types_32k/all_traces_arrival_rate_CV/SS06_SM27_SL20_MS09_MM11_ML01_LS04_LM12_LL10/lognormal_lambda2.0x_cv2/lognormal_lambda2.0x_cv2.png"
}