{
  "PPR": 2.251968503937008,
  "TPI": 0.13931100873272365,
  "OV_block_step": 92880,
  "OV_frac": 0.05028801366136047,
  "GE2_frac": 0.007288729973182975,
  "peak_blocks": 286,
  "peak_step": 4127,
  "gpu_blocks": 127,
  "total_steps": 14543,
  "type1_count": 43,
  "type2_count": 40,
  "plot_path": "traces/requests_types_8k/all_traces_arrival_rate_CV/SS05_SM22_SL01_MS13_MM01_ML37_LS03_LM03_LL15/lognormal_lambda1.5x_cv2/lognormal_lambda1.5x_cv2.png"
}