{
  "PPR": 4.171428571428572,
  "TPI": 0.3943565037852719,
  "OV_block_step": 232430,
  "OV_frac": 0.32646038456676546,
  "GE2_frac": 0.12388162422573985,
  "peak_blocks": 1022,
  "peak_step": 1401,
  "gpu_blocks": 245,
  "total_steps": 2906,
  "type1_count": 31,
  "type2_count": 28,
  "plot_path": "traces/requests_types_16k/all_traces_arrival_rate_CV/SS54_SM10_SL01_MS02_MM09_ML02_LS06_LM14_LL01/lognormal_lambda3.0x_cv5/lognormal_lambda3.0x_cv5.png"
}