{
  "batch_size": 4,
  "max_model_len": 32384,
  "num_gpu_blocks_override": 2845,
  "arrival_pattern": "UniformArrival(max_step=17395)",
  "vocab": [200, 30000],
  "requests": {
    "request_0": {"category": "SS_I192-304_O816-1216", "input_length": 257, "output_length": 896, "arrival_time": 0, "sched_time": 0, "wait_time": 0, "slo": 0.050674623172689344},
    "request_1": {"category": "SL_I1632-2448_O6544-9824", "input_length": 1784, "output_length": 7658, "arrival_time": 0, "sched_time": 0, "wait_time": 0, "slo": 0.058978072417128755},
    "request_2": {"category": "SL_I1632-2448_O3264-4912", "input_length": 2425, "output_length": 3369, "arrival_time": 0, "sched_time": 0, "wait_time": 0, "slo": 0.05532371328530164},
    "request_3": {"category": "LS_I6544-9824_O192-304", "input_length": 9394, "output_length": 220, "arrival_time": 0, "sched_time": 0, "wait_time": 0, "slo": 0.059150372244616216},
    "request_4": {"category": "LS_I6544-9824_O1632-2448", "input_length": 8836, "output_length": 1941, "arrival_time": 1323, "sched_time": 1323, "wait_time": 0, "slo": 0.06031539956652272},
    "request_5": {"category": "LS_I3264-4912_O1632-2448", "input_length": 3389, "output_length": 1981, "arrival_time": 1595, "sched_time": 1595, "wait_time": 0, "slo": 0.05489897417568138},
    "request_6": {"category": "SL_I1632-2448_O3264-4912", "input_length": 2240, "output_length": 3797, "arrival_time": 1709, "sched_time": 3265, "wait_time": 1556, "slo": 0.05556713687878683},
    "request_7": {"category": "LS_I3264-4912_O192-304", "input_length": 4077, "output_length": 207, "arrival_time": 2313, "sched_time": 3370, "wait_time": 1057, "slo": 0.053811081078871004},
    "request_8": {"category": "SS_I192-304_O192-304", "input_length": 273, "output_length": 278, "arrival_time": 2522, "sched_time": 3577, "wait_time": 1055, "slo": 0.050071573776483226},
    "request_9": {"category": "LS_I3264-4912_O816-1216", "input_length": 3596, "output_length": 917, "arrival_time": 2802, "sched_time": 3578, "wait_time": 776, "slo": 0.05404048026779327},
    "request_10": {"category": "LS_I3264-4912_O1632-2448", "input_length": 3988, "output_length": 2010, "arrival_time": 3365, "sched_time": 3856, "wait_time": 491, "slo": 0.05552806889464723},
    "request_11": {"category": "SS_I400-608_O192-304", "input_length": 454, "output_length": 217, "arrival_time": 3594, "sched_time": 4496, "wait_time": 902, "slo": 0.050191782958451225},
    "request_12": {"category": "LS_I6544-9824_O400-608", "input_length": 9255, "output_length": 413, "arrival_time": 3620, "sched_time": 4714, "wait_time": 1094, "slo": 0.05920446637650181},
    "request_13": {"category": "SS_I400-608_O816-1216", "input_length": 555, "output_length": 989, "arrival_time": 3700, "sched_time": 5128, "wait_time": 1428, "slo": 0.0510663047572684},
    "request_14": {"category": "SS_I192-304_O400-608", "input_length": 228, "output_length": 590, "arrival_time": 4657, "sched_time": 5867, "wait_time": 1210, "slo": 0.05033903920636202},
    "request_15": {"category": "LS_I3264-4912_O192-304", "input_length": 3638, "output_length": 206, "arrival_time": 4658, "sched_time": 6118, "wait_time": 1460, "slo": 0.053370314078321685},
    "request_16": {"category": "LS_I6544-9824_O192-304", "input_length": 9271, "output_length": 267, "arrival_time": 4866, "sched_time": 6325, "wait_time": 1459, "slo": 0.05907423976270315},
    "request_17": {"category": "LS_I6544-9824_O192-304", "input_length": 8437, "output_length": 202, "arrival_time": 5135, "sched_time": 6458, "wait_time": 1323, "slo": 0.05817367264112624},
    "request_18": {"category": "SS_I400-608_O192-304", "input_length": 524, "output_length": 245, "arrival_time": 5339, "sched_time": 6593, "wait_time": 1254, "slo": 0.05028995379039176},
    "request_19": {"category": "SL_I1632-2448_O3264-4912", "input_length": 2252, "output_length": 4585, "arrival_time": 5586, "sched_time": 6661, "wait_time": 1075, "slo": 0.05636853142524015},
    "request_20": {"category": "LS_I6544-9824_O816-1216", "input_length": 8315, "output_length": 921, "arrival_time": 5882, "sched_time": 6839, "wait_time": 957, "slo": 0.05877171332141702},
    "request_21": {"category": "SL_I816-1216_O13104-19648", "input_length": 1079, "output_length": 16630, "arrival_time": 6014, "sched_time": 7063, "wait_time": 1049, "slo": 0.06725948331154069},
    "request_22": {"category": "LS_I3264-4912_O192-304", "input_length": 3816, "output_length": 217, "arrival_time": 6154, "sched_time": 7659, "wait_time": 1505, "slo": 0.05355964353992128},
    "request_23": {"category": "SL_I1632-2448_O6544-9824", "input_length": 1925, "output_length": 9700, "arrival_time": 6176, "sched_time": 7761, "wait_time": 1585, "slo": 0.06116487778576323},
    "request_24": {"category": "LS_I6544-9824_O1632-2448", "input_length": 9305, "output_length": 2246, "arrival_time": 6185, "sched_time": 7877, "wait_time": 1692, "slo": 0.0610907487902163},
    "request_25": {"category": "SS_I400-608_O400-608", "input_length": 572, "output_length": 505, "arrival_time": 6292, "sched_time": 10124, "wait_time": 3832, "slo": 0.05059849069077628},
    "request_26": {"category": "SS_I400-608_O192-304", "input_length": 599, "output_length": 212, "arrival_time": 6361, "sched_time": 10630, "wait_time": 4269, "slo": 0.05033202700408056},
    "request_27": {"category": "SL_I816-1216_O13104-19648", "input_length": 1168, "output_length": 14489, "arrival_time": 6419, "sched_time": 10843, "wait_time": 4424, "slo": 0.06520390629988794},
    "request_28": {"category": "SS_I816-1216_O1632-2448", "input_length": 907, "output_length": 2137, "arrival_time": 6590, "sched_time": 11247, "wait_time": 4657, "slo": 0.05256891953186837},
    "request_29": {"category": "SL_I1632-2448_O6544-9824", "input_length": 2357, "output_length": 9783, "arrival_time": 6734, "sched_time": 13385, "wait_time": 6651, "slo": 0.06168077552504256},
    "request_30": {"category": "SL_I1632-2448_O6544-9824", "input_length": 1683, "output_length": 8740, "arrival_time": 7022, "sched_time": 17462, "wait_time": 10440, "slo": 0.05996078247971713},
    "request_31": {"category": "SS_I192-304_O192-304", "input_length": 216, "output_length": 264, "arrival_time": 7362, "sched_time": 23169, "wait_time": 15807, "slo": 0.050000450010485496},
    "request_32": {"category": "SL_I1632-2448_O6544-9824", "input_length": 1719, "output_length": 7679, "arrival_time": 7420, "sched_time": 23434, "wait_time": 16014, "slo": 0.05893399571707382},
    "request_33": {"category": "LS_I3264-4912_O816-1216", "input_length": 3790, "output_length": 1159, "arrival_time": 7677, "sched_time": 23694, "wait_time": 16017, "slo": 0.054477240295610324},
    "request_34": {"category": "LS_I6544-9824_O400-608", "input_length": 8958, "output_length": 456, "arrival_time": 7727, "sched_time": 24854, "wait_time": 17127, "slo": 0.05895002360800289},
    "request_35": {"category": "SS_I400-608_O192-304", "input_length": 589, "output_length": 232, "arrival_time": 7934, "sched_time": 25311, "wait_time": 17377, "slo": 0.05034204443591122},
    "request_36": {"category": "LS_I3264-4912_O816-1216", "input_length": 3602, "output_length": 1013, "arrival_time": 8008, "sched_time": 25333, "wait_time": 17325, "slo": 0.054142658072466064},
    "request_37": {"category": "LS_I3264-4912_O400-608", "input_length": 4680, "output_length": 508, "arrival_time": 8167, "sched_time": 25544, "wait_time": 17377, "slo": 0.05471665691636325},
    "request_38": {"category": "SL_I1632-2448_O3264-4912", "input_length": 1887, "output_length": 3448, "arrival_time": 8201, "sched_time": 26053, "wait_time": 17852, "slo": 0.054863913164274046},
    "request_39": {"category": "LS_I3264-4912_O1632-2448", "input_length": 3551, "output_length": 2079, "arrival_time": 8255, "sched_time": 26203, "wait_time": 17948, "slo": 0.055159427403278706},
    "request_40": {"category": "LS_I6544-9824_O816-1216", "input_length": 7540, "output_length": 962, "arrival_time": 8363, "sched_time": 26347, "wait_time": 17984,