{
  "PPR": 1.5508338678640154,
  "TPI": 0.35927723524940064,
  "OV_block_step": 21805510,
  "OV_frac": 0.10223712765035291,
  "GE2_frac": 0.0,
  "peak_blocks": 9671,
  "peak_step": 20908,
  "gpu_blocks": 6236,
  "total_steps": 34202,
  "type1_count": 62,
  "type2_count": 17,
  "plot_path": "traces/SS25_SL00_LS75_LL00/uni05/uni05_lo_ov10.png"
}