{
  "PPR": 4.353454545454546,
  "TPI": 0.8474629021013843,
  "OV_block_step": 251972606,
  "OV_frac": 1.140653348543698,
  "GE2_frac": 0.5082038641569565,
  "peak_blocks": 11972,
  "peak_step": 65204,
  "gpu_blocks": 2750,
  "total_steps": 80328,
  "type1_count": 40,
  "type2_count": 24,
  "plot_path": "traces/requests_types_96k/all_traces_arrival_rate_CV/SS00_SM06_SL06_MS06_MM39_ML00_LS06_LM18_LL19/lognormal_lambda4.0x_cv1/lognormal_lambda4.0x_cv1.png"
}