{
  "PPR": 4.754716981132075,
  "TPI": 0.18281434982517,
  "OV_block_step": 3081608,
  "OV_frac": 0.13340204282603113,
  "GE2_frac": 0.050191349357121225,
  "peak_blocks": 1512,
  "peak_step": 4603,
  "gpu_blocks": 318,
  "total_steps": 72642,
  "type1_count": 65,
  "type2_count": 52,
  "plot_path": "traces/requests_types_16k/all_traces_arrival_rate_CV/SS00_SM00_SL00_MS00_MM00_ML00_LS33_LM00_LL67/lognormal_lambda1.5x_cv6/lognormal_lambda1.5x_cv6.png"
}