{
  "PPR": 3.5956521739130434,
  "TPI": 0.2724929709465792,
  "OV_block_step": 332848,
  "OV_frac": 0.1695366936962634,
  "GE2_frac": 0.06396438612933458,
  "peak_blocks": 827,
  "peak_step": 2298,
  "gpu_blocks": 230,
  "total_steps": 8536,
  "type1_count": 28,
  "type2_count": 24,
  "plot_path": "traces/requests_types_16k/all_traces_arrival_rate_CV/SS55_SM04_SL04_MS04_MM02_ML15_LS04_LM04_LL05/lognormal_lambda3.0x_cv4/lognormal_lambda3.0x_cv4.png"
}