{
  "PPR": 5.24015748031496,
  "TPI": 0.8287153652392947,
  "OV_block_step": 2395473,
  "OV_frac": 1.3197587549667122,
  "GE2_frac": 0.45955779457038903,
  "peak_blocks": 1331,
  "peak_step": 4635,
  "gpu_blocks": 254,
  "total_steps": 7146,
  "type1_count": 34,
  "type2_count": 10,
  "plot_path": "traces/requests_types_16k/all_traces_arrival_rate_CV/SS03_SM42_SL05_MS03_MM05_ML25_LS13_LM02_LL00/lognormal_lambda5.0x_cv5/lognormal_lambda5.0x_cv5.png"
}