{
  "PPR": 2.7765765765765766,
  "TPI": 0.2082547238266624,
  "OV_block_step": 4207008,
  "OV_frac": 0.11000775831704923,
  "GE2_frac": 0.02930078657881752,
  "peak_blocks": 1541,
  "peak_step": 22729,
  "gpu_blocks": 555,
  "total_steps": 68906,
  "type1_count": 71,
  "type2_count": 30,
  "plot_path": "traces/requests_types_32k/all_traces_arrival_rate_CV/SS02_SM04_SL04_MS04_MM15_ML55_LS04_LM04_LL05/lognormal_lambda1.5x_cv1/lognormal_lambda1.5x_cv1.png"
}