{
  "PPR": 4.375912408759124,
  "TPI": 0.7060643165560353,
  "OV_block_step": 7137943,
  "OV_frac": 0.8394305233393655,
  "GE2_frac": 0.5047367403492943,
  "peak_blocks": 2398,
  "peak_step": 7461,
  "gpu_blocks": 548,
  "total_steps": 15517,
  "type1_count": 43,
  "type2_count": 15,
  "plot_path": "traces/requests_types_32k/all_traces_arrival_rate_CV/SS03_SM35_SL00_MS13_MM01_ML28_LS01_LM18_LL02/lognormal_lambda4.0x_cv7/lognormal_lambda4.0x_cv7.png"
}