{
  "PPR": 2.21875,
  "TPI": 0.19799382871156765,
  "OV_block_step": 40437756,
  "OV_frac": 0.08820273474013247,
  "GE2_frac": 0.0121382073780735,
  "peak_blocks": 3408,
  "peak_step": 123215,
  "gpu_blocks": 1536,
  "total_steps": 298479,
  "type1_count": 82,
  "type2_count": 37,
  "plot_path": "traces/requests_types_48k/all_traces_arrival_rate_CV/SS01_SM18_SL11_MS32_MM14_ML02_LS14_LM07_LL01/lognormal_lambda1.5x_cv1/lognormal_lambda1.5x_cv1.png"
}