{
  "PPR": 3.740740740740741,
  "TPI": 0.6124967182987661,
  "OV_block_step": 18299616,
  "OV_frac": 0.5055039764937376,
  "GE2_frac": 0.21646101338934104,
  "peak_blocks": 2222,
  "peak_step": 51240,
  "gpu_blocks": 594,
  "total_steps": 60944,
  "type1_count": 130,
  "type2_count": 45,
  "plot_path": "traces/requests_types_32k/all_traces_arrival_rate_CV/SS01_SM18_SL11_MS32_MM14_ML02_LS14_LM07_LL01/lognormal_lambda3.5x_cv1/lognormal_lambda3.5x_cv1.png"
}