{
  "PPR": 2.5725338491295937,
  "TPI": 0.24780603363184436,
  "OV_block_step": 3671174,
  "OV_frac": 0.12743699552866958,
  "GE2_frac": 0.03984135245239676,
  "peak_blocks": 1330,
  "peak_step": 39267,
  "gpu_blocks": 517,
  "total_steps": 55721,
  "type1_count": 57,
  "type2_count": 29,
  "plot_path": "traces/requests_types_32k/all_traces_arrival_rate_CV/SS14_SM21_SL27_MS03_MM10_ML05_LS17_LM02_LL01/lognormal_lambda1.5x_cv3/lognormal_lambda1.5x_cv3.png"
}