{
  "PPR": 2.4275862068965517,
  "TPI": 0.3020212594620712,
  "OV_block_step": 511993,
  "OV_frac": 0.14217209723371524,
  "GE2_frac": 0.03362055081333548,
  "peak_blocks": 352,
  "peak_step": 11288,
  "gpu_blocks": 145,
  "total_steps": 24836,
  "type1_count": 99,
  "type2_count": 59,
  "plot_path": "traces/requests_types_8k/all_traces_arrival_rate_CV/SS05_SM02_SL22_MS01_MM07_ML11_LS31_LM03_LL19/lognormal_lambda2.0x_cv1/lognormal_lambda2.0x_cv1.png"
}