{
  "PPR": 2.720616570327553,
  "TPI": 0.5629204672087168,
  "OV_block_step": 4135514,
  "OV_frac": 0.3288718092961897,
  "GE2_frac": 0.06805893763671633,
  "peak_blocks": 1412,
  "peak_step": 4302,
  "gpu_blocks": 519,
  "total_steps": 24229,
  "type1_count": 66,
  "type2_count": 29,
  "plot_path": "traces/requests_types_32k/all_traces_arrival_rate_CV/SS06_SM27_SL20_MS09_MM11_ML01_LS04_LM12_LL10/lognormal_lambda3.5x_cv7/lognormal_lambda3.5x_cv7.png"
}