{
  "PPR": 3.7628205128205128,
  "TPI": 0.6314629153325285,
  "OV_block_step": 2995849,
  "OV_frac": 0.5040197432263466,
  "GE2_frac": 0.1820901789932287,
  "peak_blocks": 1174,
  "peak_step": 11244,
  "gpu_blocks": 312,
  "total_steps": 19051,
  "type1_count": 68,
  "type2_count": 31,
  "plot_path": "traces/requests_types_16k/all_traces_arrival_rate_CV/SS08_SM22_SL00_MS03_MM03_ML08_LS25_LM08_LL23/lognormal_lambda3.5x_cv6/lognormal_lambda3.5x_cv6.png"
}