{
  "PPR": 2.970424107142857,
  "TPI": 0.16420135155218687,
  "OV_block_step": 30265148,
  "OV_frac": 0.07382409488028735,
  "GE2_frac": 0.017077989631688915,
  "peak_blocks": 5323,
  "peak_step": 33972,
  "gpu_blocks": 1792,
  "total_steps": 228774,
  "type1_count": 68,
  "type2_count": 44,
  "plot_path": "traces/request_types/SS25_SL25_LS25_LL25/bim50/bim50_vl_ov5.png"
}