{
  "PPR": 8.3171875,
  "TPI": 0.5961735162212489,
  "OV_block_step": 127284994,
  "OV_frac": 0.8693418094932116,
  "GE2_frac": 0.3237037425581578,
  "peak_blocks": 5323,
  "peak_step": 33972,
  "gpu_blocks": 640,
  "total_steps": 228774,
  "type1_count": 118,
  "type2_count": 57,
  "plot_path": "traces/request_types/SS25_SL25_LS25_LL25/bim50/bim50_hi_ov85.png"
}