{
  "PPR": 3.8220640569395017,
  "TPI": 0.668578712555768,
  "OV_block_step": 1170842,
  "OV_frac": 0.5311277895343273,
  "GE2_frac": 0.2295729764181007,
  "peak_blocks": 1074,
  "peak_step": 2091,
  "gpu_blocks": 281,
  "total_steps": 7845,
  "type1_count": 57,
  "type2_count": 37,
  "plot_path": "traces/requests_types_16k/all_traces_arrival_rate_CV/SS00_SM06_SL06_MS06_MM39_ML00_LS06_LM18_LL19/lognormal_lambda3.5x_cv7/lognormal_lambda3.5x_cv7.png"
}