{
  "PPR": 3.966442953020134,
  "TPI": 0.43943789664551225,
  "OV_block_step": 698431,
  "OV_frac": 0.42497337949582287,
  "GE2_frac": 0.157388939256573,
  "peak_blocks": 591,
  "peak_step": 3537,
  "gpu_blocks": 149,
  "total_steps": 11030,
  "type1_count": 51,
  "type2_count": 32,
  "plot_path": "traces/requests_types_8k/all_traces_arrival_rate_CV/SS08_SM22_SL00_MS03_MM03_ML08_LS25_LM08_LL23/lognormal_lambda4.5x_cv2/lognormal_lambda4.5x_cv2.png"
}