{
  "PPR": 3.6853146853146854,
  "TPI": 0.7839681637293917,
  "OV_block_step": 875333,
  "OV_frac": 0.8699843363004249,
  "GE2_frac": 0.40164866401364413,
  "peak_blocks": 527,
  "peak_step": 4853,
  "gpu_blocks": 143,
  "total_steps": 7036,
  "type1_count": 59,
  "type2_count": 27,
  "plot_path": "traces/requests_types_8k/all_traces_arrival_rate_CV/SS18_SM08_SL17_MS21_MM06_ML10_LS10_LM03_LL07/lognormal_lambda4.5x_cv2/lognormal_lambda4.5x_cv2.png"
}