{
  "PPR": 2.642611683848797,
  "TPI": 0.3498438197233378,
  "OV_block_step": 6035729,
  "OV_frac": 0.23138483678892738,
  "GE2_frac": 0.0960954930834449,
  "peak_blocks": 1538,
  "peak_step": 28432,
  "gpu_blocks": 582,
  "total_steps": 44820,
  "type1_count": 37,
  "type2_count": 38,
  "plot_path": "traces/requests_types_32k/all_traces_arrival_rate_CV/SS10_SM24_SL05_MS05_MM03_ML14_LS09_LM12_LL18/lognormal_lambda2.5x_cv1/lognormal_lambda2.5x_cv1.png"
}