{
  "PPR": 4.74954954954955,
  "TPI": 0.5969331872946331,
  "OV_block_step": 11492364,
  "OV_frac": 1.0309151728647896,
  "GE2_frac": 0.37931892860698996,
  "peak_blocks": 2636,
  "peak_step": 12816,
  "gpu_blocks": 555,
  "total_steps": 20086,
  "type1_count": 33,
  "type2_count": 8,
  "plot_path": "traces/requests_types_32k/all_traces_arrival_rate_CV/SS02_SM04_SL04_MS04_MM15_ML55_LS04_LM04_LL05/lognormal_lambda4.5x_cv1/lognormal_lambda4.5x_cv1.png"
}