{
  "PPR": 7.980891719745223,
  "TPI": 0.7689148292261133,
  "OV_block_step": 4603549,
  "OV_frac": 1.5846286290999914,
  "GE2_frac": 0.5237786424556853,
  "peak_blocks": 2506,
  "peak_step": 824,
  "gpu_blocks": 314,
  "total_steps": 9252,
  "type1_count": 17,
  "type2_count": 20,
  "plot_path": "traces/requests_types_16k/all_traces_arrival_rate_CV/SS00_SM00_SL00_MS00_MM00_ML00_LS00_LM00_LL100/lognormal_lambda2.5x_cv3/lognormal_lambda2.5x_cv3.png"
}