{
  "PPR": 6.048780487804878,
  "TPI": 0.2697829388995051,
  "OV_block_step": 13781562,
  "OV_frac": 0.3431244166550147,
  "GE2_frac": 0.11099678246525226,
  "peak_blocks": 3968,
  "peak_step": 18550,
  "gpu_blocks": 656,
  "total_steps": 61227,
  "type1_count": 40,
  "type2_count": 37,
  "plot_path": "traces/requests_types_32k/all_traces_arrival_rate_CV/SS02_SM02_SL02_MS01_MM01_ML02_LS01_LM03_LL86/lognormal_lambda3.0x_cv4/lognormal_lambda3.0x_cv4.png"
}