{
  "PPR": 8.36875,
  "TPI": 0.566989515169542,
  "OV_block_step": 114013528,
  "OV_frac": 0.8279397377862879,
  "GE2_frac": 0.3169709250446163,
  "peak_blocks": 5356,
  "peak_step": 177263,
  "gpu_blocks": 640,
  "total_steps": 215168,
  "type1_count": 116,
  "type2_count": 65,
  "plot_path": "traces/request_types/SS23_SL38_LS15_LL22/bim50/bim50_hi_ov81.png"
}