{
  "PPR": 2.7895833333333333,
  "TPI": 0.15213693486020227,
  "OV_block_step": 22227390,
  "OV_frac": 0.05380337980089976,
  "GE2_frac": 0.008844251933372993,
  "peak_blocks": 5356,
  "peak_step": 177263,
  "gpu_blocks": 1920,
  "total_steps": 215168,
  "type1_count": 69,
  "type2_count": 50,
  "plot_path": "traces/request_types/SS23_SL38_LS15_LL22/bim50/bim50_vl_ov5.png"
}