{
  "PPR": 2.447227191413238,
  "TPI": 0.27742213291230083,
  "OV_block_step": 2790503,
  "OV_frac": 0.14330286428249916,
  "GE2_frac": 0.04202669728721114,
  "peak_blocks": 1368,
  "peak_step": 24321,
  "gpu_blocks": 559,
  "total_steps": 34835,
  "type1_count": 36,
  "type2_count": 30,
  "plot_path": "traces/requests_types_32k/all_traces_arrival_rate_CV/SS06_SM63_SL03_MS03_MM03_ML06_LS03_LM09_LL04/lognormal_lambda1.5x_cv1/lognormal_lambda1.5x_cv1.png"
}