{
  "PPR": 2.8372093023255816,
  "TPI": 0.18132744448533922,
  "OV_block_step": 2529191,
  "OV_frac": 0.09251404633195424,
  "GE2_frac": 0.03674395779658938,
  "peak_blocks": 1586,
  "peak_step": 38453,
  "gpu_blocks": 559,
  "total_steps": 48906,
  "type1_count": 29,
  "type2_count": 22,
  "plot_path": "traces/requests_types_32k/all_traces_arrival_rate_CV/SS06_SM63_SL03_MS03_MM03_ML06_LS03_LM09_LL04/lognormal_lambda1.5x_cv1/lognormal_lambda1.5x_cv1.png"
}