{
  "PPR": 2.0078740157480315,
  "TPI": 0.0744376086037665,
  "OV_block_step": 66611,
  "OV_frac": 0.024632323439258252,
  "GE2_frac": 0.00046963790917202837,
  "peak_blocks": 255,
  "peak_step": 2611,
  "gpu_blocks": 127,
  "total_steps": 21293,
  "type1_count": 37,
  "type2_count": 37,
  "plot_path": "traces/requests_types_8k/all_traces_arrival_rate_CV/SS05_SM22_SL01_MS13_MM01_ML37_LS03_LM03_LL15/lognormal_lambda1.0x_cv3/lognormal_lambda1.0x_cv3.png"
}