{
  "PPR": 8.953198127925116,
  "TPI": 0.42653784741955564,
  "OV_block_step": 27665335,
  "OV_frac": 1.1680238420058846,
  "GE2_frac": 0.32045140862222943,
  "peak_blocks": 5739,
  "peak_step": 26521,
  "gpu_blocks": 641,
  "total_steps": 36951,
  "type1_count": 22,
  "type2_count": 26,
  "plot_path": "traces/requests_types_32k/all_traces_arrival_rate_CV/SS00_SM00_SL00_MS00_MM00_ML00_LS33_LM33_LL34/lognormal_lambda3.5x_cv4/lognormal_lambda3.5x_cv4.png"
}