{
  "PPR": 4.119800332778702,
  "TPI": 0.34662023245080353,
  "OV_block_step": 9625550,
  "OV_frac": 0.3360023954816491,
  "GE2_frac": 0.11974992657239962,
  "peak_blocks": 2476,
  "peak_step": 27471,
  "gpu_blocks": 601,
  "total_steps": 47666,
  "type1_count": 42,
  "type2_count": 33,
  "plot_path": "traces/requests_types_32k/all_traces_arrival_rate_CV/SS09_SM11_SL08_MS09_MM08_ML09_LS18_LM23_LL05/lognormal_lambda3.0x_cv1/lognormal_lambda3.0x_cv1.png"
}