{
  "PPR": 3.5256849315068495,
  "TPI": 0.7335178139052231,
  "OV_block_step": 11610452,
  "OV_frac": 0.687682841885303,
  "GE2_frac": 0.33237634036665514,
  "peak_blocks": 2059,
  "peak_step": 28235,
  "gpu_blocks": 584,
  "total_steps": 28910,
  "type1_count": 64,
  "type2_count": 16,
  "plot_path": "traces/requests_types_32k/all_traces_arrival_rate_CV/SS15_SM02_SL11_MS22_MM03_ML32_LS00_LM00_LL14/lognormal_lambda4.0x_cv1/lognormal_lambda4.0x_cv1.png"
}