{
  "PPR": 3.314885496183206,
  "TPI": 0.39470446793043673,
  "OV_block_step": 6620827,
  "OV_frac": 0.3532731093925614,
  "GE2_frac": 0.18559525806631996,
  "peak_blocks": 1737,
  "peak_step": 28224,
  "gpu_blocks": 524,
  "total_steps": 35766,
  "type1_count": 59,
  "type2_count": 23,
  "plot_path": "traces/requests_types_32k/all_traces_arrival_rate_CV/SS03_SM42_SL05_MS03_MM05_ML25_LS13_LM02_LL00/lognormal_lambda4.5x_cv4/lognormal_lambda4.5x_cv4.png"
}