{
  "PPR": 4.470689655172414,
  "TPI": 0.6024562650554831,
  "OV_block_step": 14004154,
  "OV_frac": 0.953484701790794,
  "GE2_frac": 0.4365201595387592,
  "peak_blocks": 2593,
  "peak_step": 11314,
  "gpu_blocks": 580,
  "total_steps": 25323,
  "type1_count": 27,
  "type2_count": 11,
  "plot_path": "traces/requests_types_32k/all_traces_arrival_rate_CV/SS15_SM17_SL08_MS09_MM06_ML17_LS06_LM14_LL09/lognormal_lambda5.0x_cv3/lognormal_lambda5.0x_cv3.png"
}