{
  "PPR": 4.638623326959847,
  "TPI": 0.8679475645803881,
  "OV_block_step": 7781551,
  "OV_frac": 0.9560906439006818,
  "GE2_frac": 0.4397892301760699,
  "peak_blocks": 2426,
  "peak_step": 7063,
  "gpu_blocks": 523,
  "total_steps": 15562,
  "type1_count": 37,
  "type2_count": 33,
  "plot_path": "traces/requests_types_32k/all_traces_arrival_rate_CV/SS06_SM01_SL07_MS08_MM02_ML49_LS05_LM19_LL03/lognormal_lambda4.5x_cv7/lognormal_lambda4.5x_cv7.png"
}