{
  "PPR": 3.3333333333333335,
  "TPI": 0.37442293283058997,
  "OV_block_step": 7859221,
  "OV_frac": 0.338609880728142,
  "GE2_frac": 0.1634640949411452,
  "peak_blocks": 1870,
  "peak_step": 32660,
  "gpu_blocks": 561,
  "total_steps": 41373,
  "type1_count": 52,
  "type2_count": 28,
  "plot_path": "traces/requests_types_32k/all_traces_arrival_rate_CV/SS11_SM11_SL11_MS11_MM11_ML11_LS11_LM11_LL11/lognormal_lambda3.0x_cv1/lognormal_lambda3.0x_cv1.png"
}