{
  "PPR": 1.7640845070422535,
  "TPI": 0.4062684801892371,
  "OV_block_step": 37455634,
  "OV_frac": 0.10343889181708406,
  "GE2_frac": 0.0,
  "peak_blocks": 13026,
  "peak_step": 18565,
  "gpu_blocks": 7384,
  "total_steps": 49039,
  "type1_count": 78,
  "type2_count": 29,
  "plot_path": "traces/request_types/SS07_SL67_LS17_LL07/per05/per05_lo_ov11.png"
}