{
  "PPR": 2.428864441543912,
  "TPI": 0.5692815922021248,
  "OV_block_step": 86436309,
  "OV_frac": 0.3286599697348429,
  "GE2_frac": 0.0708823589388038,
  "peak_blocks": 13026,
  "peak_step": 18565,
  "gpu_blocks": 5363,
  "total_steps": 49039,
  "type1_count": 52,
  "type2_count": 14,
  "plot_path": "traces/request_types/SS07_SL67_LS17_LL07/per05/per05_md_ov33.png"
}