{
  "PPR": 2.993106617647059,
  "TPI": 0.6145516833540652,
  "OV_block_step": 115724367,
  "OV_frac": 0.5422434588001986,
  "GE2_frac": 0.21242276555394685,
  "peak_blocks": 13026,
  "peak_step": 18565,
  "gpu_blocks": 4352,
  "total_steps": 49039,
  "type1_count": 41,
  "type2_count": 11,
  "plot_path": "traces/request_types/SS07_SL67_LS17_LL07/per05/per05_mh_ov54.png"
}