{
  "PPR": 2.9789090909090907,
  "TPI": 0.1943935249161003,
  "OV_block_step": 43990421,
  "OV_frac": 0.11278178126337973,
  "GE2_frac": 0.04529879579232353,
  "peak_blocks": 8192,
  "peak_step": 14905,
  "gpu_blocks": 2750,
  "total_steps": 141836,
  "type1_count": 34,
  "type2_count": 24,
  "plot_path": "traces/requests_types_96k/all_traces_arrival_rate_CV/SS06_SM27_SL20_MS09_MM11_ML01_LS04_LM12_LL10/lognormal_lambda2.0x_cv1/lognormal_lambda2.0x_cv1.png"
}