{
  "batch_size": 4,
  "max_model_len": 32384,
  "num_gpu_blocks_override": 2054,
  "arrival_pattern": "TokenScaledArrival(scale=05)",
  "vocab": [200, 30000],
  "requests": {
    "request_0": {"category": "SS_I816-1216_O816-1216", "input_length": 908, "output_length": 1107, "arrival_time": 0, "sched_time": 0, "wait_time": 0, "slo": 0.05153812579649279},
    "request_1": {"category": "SL_I400-608_O13104-19648", "input_length": 486, "output_length": 13369, "arrival_time": 0, "sched_time": 0, "wait_time": 0, "slo": 0.06339876508400184},
    "request_2": {"category": "SS_I1632-2448_O400-608", "input_length": 2288, "output_length": 508, "arrival_time": 0, "sched_time": 0, "wait_time": 0, "slo": 0.05232048722246784},
    "request_3": {"category": "SS_I192-304_O1632-2448", "input_length": 227, "output_length": 2336, "arrival_time": 0, "sched_time": 0, "wait_time": 0, "slo": 0.05208708106081331},
    "request_4": {"category": "SS_I816-1216_O192-304", "input_length": 1192, "output_length": 243, "arrival_time": 966, "sched_time": 966, "wait_time": 0, "slo": 0.05095711475031414},
    "request_5": {"category": "SS_I400-608_O400-608", "input_length": 463, "output_length": 455, "arrival_time": 1208, "sched_time": 1208, "wait_time": 0, "slo": 0.05043921352466869},
    "request_6": {"category": "SS_I400-608_O400-608", "input_length": 510, "output_length": 473, "arrival_time": 1450, "sched_time": 1450, "wait_time": 0, "slo": 0.05050432683156802},
    "request_7": {"category": "SS_I1632-2448_O192-304", "input_length": 2408, "output_length": 285, "arrival_time": 1691, "sched_time": 1691, "wait_time": 0, "slo": 0.052217307674611975},
    "request_8": {"category": "SS_I400-608_O192-304", "input_length": 407, "output_length": 293, "arrival_time": 1933, "sched_time": 1933, "wait_time": 0, "slo": 0.050220833510760156},
    "request_9": {"category": "LS_I6544-9824_O400-608", "input_length": 7690, "output_length": 500, "arrival_time": 2175, "sched_time": 2175, "wait_time": 0, "slo": 0.057723889951929314},
    "request_10": {"category": "SS_I192-304_O192-304", "input_length": 195, "output_length": 244, "arrival_time": 2416, "sched_time": 2416, "wait_time": 0, "slo": 0.04995937853997976},
    "request_11": {"category": "SL_I816-1216_O13104-19648", "input_length": 1201, "output_length": 16953, "arrival_time": 2658, "sched_time": 2658, "wait_time": 0, "slo": 0.06770525902800535},
    "request_12": {"category": "SL_I400-608_O6544-9824", "input_length": 588, "output_length": 7652, "arrival_time": 2900, "sched_time": 2900, "wait_time": 0, "slo": 0.05777397711108265},
    "request_13": {"category": "SL_I816-1216_O6544-9824", "input_length": 1089, "output_length": 9330, "arrival_time": 3141, "sched_time": 3141, "wait_time": 0, "slo": 0.05995677550698486},
    "request_14": {"category": "SS_I192-304_O1632-2448", "input_length": 294, "output_length": 1793, "arrival_time": 3383, "sched_time": 10553, "wait_time": 7170, "slo": 0.05161025130567359},
    "request_15": {"category": "SS_I400-608_O1632-2448", "input_length": 545, "output_length": 1899, "arrival_time": 3625, "sched_time": 12347, "wait_time": 8722, "slo": 0.051967873622028385},
    "request_16": {"category": "LS_I6544-9824_O1632-2448", "input_length": 6559, "output_length": 2160, "arrival_time": 3867, "sched_time": 12472, "wait_time": 8605, "slo": 0.058253812095771566},
    "request_17": {"category": "SS_I816-1216_O400-608", "input_length": 1109, "output_length": 574, "arrival_time": 4108, "sched_time": 13370, "wait_time": 9262, "slo": 0.05120554705971467},
    "request_18": {"category": "SS_I192-304_O816-1216", "input_length": 252, "output_length": 1070, "arrival_time": 4350, "sched_time": 13945, "wait_time": 9595, "slo": 0.050843917770627606},
    "request_19": {"category": "SS_I816-1216_O1632-2448", "input_length": 920, "output_length": 1915, "arrival_time": 4592, "sched_time": 14247, "wait_time": 9655, "slo": 0.05235955520660744},
    "request_20": {"category": "SL_I400-608_O6544-9824", "input_length": 440, "output_length": 8924, "arrival_time": 4833, "sched_time": 14633, "wait_time": 9800, "slo": 0.058899936448849555},
    "request_21": {"category": "SS_I1632-2448_O192-304", "input_length": 1760, "output_length": 218, "arrival_time": 5075, "sched_time": 15016, "wait_time": 9941, "slo": 0.05150106129871933},
    "request_22": {"category": "SS_I192-304_O192-304", "input_length": 225, "output_length": 231, "arrival_time": 5295, "sched_time": 15235, "wait_time": 9940, "slo": 0.049976408174091894},
    "request_23": {"category": "SS_I816-1216_O816-1216", "input_length": 1113, "output_length": 1150, "arrival_time": 5528, "sched_time": 15467, "wait_time": 9939, "slo": 0.05178655810589332},
    "request_24": {"category": "SL_I400-608_O13104-19648", "input_length": 593, "output_length": 13435, "arrival_time": 5800, "sched_time": 16163, "wait_time": 10363, "slo": 0.06357206665467238},
    "request_25": {"category": "SL_I816-1216_O6544-9824", "input_length": 887, "output_length": 6895, "arrival_time": 6042, "sched_time": 16618, "wait_time": 10576, "slo": 0.057315178733238124},
    "request_26": {"category": "SS_I816-1216_O400-608", "input_length": 877, "output_length": 522, "arrival_time": 6283, "sched_time": 19612, "wait_time": 13329, "slo": 0.05092105199572374},
    "request_27": {"category": "SL_I192-304_O13104-19648", "input_length": 251, "output_length": 19388, "arrival_time": 6525, "sched_time": 20135, "wait_time": 13610, "slo": 0.06919284765485931},
    "request_28": {"category": "SL_I400-608_O3264-4912", "input_length": 449, "output_length": 4233, "arrival_time": 6767, "sched_time": 23514, "wait_time": 16747, "slo": 0.05420977486573153},
    "request_29": {"category": "SS_I1632-2448_O400-608", "input_length": 2051, "output_length": 418, "arrival_time": 7009, "sched_time": 23558, "wait_time": 16549, "slo": 0.05199291720160505},
    "request_30": {"category": "SS_I816-1216_O816-1216", "input_length": 1201, "output_length": 1098, "arrival_time": 7250, "sched_time": 23977, "wait_time": 16727, "slo": 0.05182262086048372},
    "request_31": {"category": "SL_I400-608_O13104-19648", "input_length": 607, "output_length": 18589, "arrival_time": 7492, "sched_time": 25076, "wait_time": 17584, "slo": 0.06874907542476079},
    "request_32": {"category": "SL_I400-608_O13104-19648", "input_length": 565, "output_length": 14827, "arrival_time": 7734, "sched_time": 27748, "wait_time": 20014, "slo": 0.06493844435637527},
    "request_33": {"category": "SS_I816-1216_O816-1216", "input_length": 927, "output_length": 992, "arrival_time": 7975, "sched_time": 29599, "wait_time": 21624, "slo": 0.051441958450918396},
    "request_34": {"category": "SS_I400-608_O816-1216", "input_length": 539, "output_length": 1180, "arrival_time": 8217, "sched_time": 30592, "wait_time": 22375, "slo": 0.05124160981430507},
    "request_35": {"category": "SL_I192-304_O13104-19648", "input_length": 217, "output_length": 17257, "arrival_time": 8459, "sched_time": 31773, "wait_time": 23314, "slo": 0.06702407366352003},
    "request_36": {"category": "SS_I192-304_O400-608", "input_length": 271, "output_length": 434, "arrival_time": 8700, "sched_time": 39524, "wait_time": 30824, "slo": 0.05022584222667549},
    "request_37": {"category": "SS_I192-304_O400-608", "input_length": 303, "output_length": 447, "arrival_time": 8942, "sched_time": 39959, "wait_time": 31017, "slo": 0.05027092066991349},
    "request_38": {"category": "SS_I816-1216_O192-304", "input_length": 970, "output_length": 252, "arrival_time": 9184, "sched_time": 40407, "wait_time": 31223, "slo": 0.050743743452320945},
    "request_39": {"category": "SS_I400-608_O192-304", "input_length": 558, "output_length": 234, "arrival_time": 9425, "sched_time": 40660, "wait_time": 31235, "slo": 0.05031299388360229},
    "request_40": {"category": "SL_I400-608_O13104-19648", "input_length": 571, "output_length": 19251, "arrival_time": 9661, "sched_time": 40895, "wait_time": 31234, "slo": 0.06937616665736052},