{
  "PPR": 4.75,
  "TPI": 0.6835820895522388,
  "OV_block_step": 441141,
  "OV_frac": 0.5414633248232522,
  "GE2_frac": 0.21567164179104478,
  "peak_blocks": 722,
  "peak_step": 3576,
  "gpu_blocks": 152,
  "total_steps": 5360,
  "type1_count": 47,
  "type2_count": 32,
  "plot_path": "traces/requests_types_8k/all_traces_arrival_rate_CV/SS07_SM02_SL09_MS02_MM02_ML07_LS02_LM57_LL10/lognormal_lambda4.0x_cv2/lognormal_lambda4.0x_cv2.png"
}