{
  "PPR": 2.4860557768924303,
  "TPI": 0.42705900669469093,
  "OV_block_step": 582169,
  "OV_frac": 0.18055413407866278,
  "GE2_frac": 0.031215942705900668,
  "peak_blocks": 624,
  "peak_step": 9343,
  "gpu_blocks": 251,
  "total_steps": 12846,
  "type1_count": 52,
  "type2_count": 37,
  "plot_path": "traces/requests_types_16k/all_traces_arrival_rate_CV/SS15_SM17_SL08_MS09_MM06_ML17_LS06_LM14_LL09/lognormal_lambda2.0x_cv2/lognormal_lambda2.0x_cv2.png"
}