{
  "PPR": 4.861740785603046,
  "TPI": 0.8263901633327216,
  "OV_block_step": 182464727,
  "OV_frac": 1.4486031591020463,
  "GE2_frac": 0.7431180033033584,
  "peak_blocks": 28096,
  "peak_step": 2557,
  "gpu_blocks": 5779,
  "total_steps": 21796,
  "type1_count": 10,
  "type2_count": 5,
  "plot_path": "traces/SS12_SL06_LS43_LL37/bim05/bim05_sv_ov1p4.png"
}