{
  "PPR": 3.533333333333333,
  "TPI": 0.7044219186131923,
  "OV_block_step": 2452523,
  "OV_frac": 0.6320951858123346,
  "GE2_frac": 0.27361539591596884,
  "peak_blocks": 1007,
  "peak_step": 1138,
  "gpu_blocks": 285,
  "total_steps": 13614,
  "type1_count": 72,
  "type2_count": 18,
  "plot_path": "traces/requests_types_16k/all_traces_arrival_rate_CV/SS05_SM22_SL01_MS13_MM01_ML37_LS03_LM03_LL15/lognormal_lambda5.0x_cv2/lognormal_lambda5.0x_cv2.png"
}