{
  "PPR": 2.6597110754414124,
  "TPI": 0.2811483948356956,
  "OV_block_step": 7375302,
  "OV_frac": 0.18684879527616946,
  "GE2_frac": 0.056283342277218346,
  "peak_blocks": 1657,
  "peak_step": 29275,
  "gpu_blocks": 623,
  "total_steps": 63358,
  "type1_count": 48,
  "type2_count": 27,
  "plot_path": "traces/requests_types_32k/all_traces_arrival_rate_CV/SS11_SM02_SL03_MS00_MM36_ML08_LS16_LM20_LL04/lognormal_lambda1.0x_cv5/lognormal_lambda1.0x_cv5.png"
}