{
  "PPR": 3.56993006993007,
  "TPI": 0.5158015472094102,
  "OV_block_step": 11048563,
  "OV_frac": 0.4713783239480582,
  "GE2_frac": 0.1898870097859775,
  "peak_blocks": 2042,
  "peak_step": 10709,
  "gpu_blocks": 572,
  "total_steps": 40977,
  "type1_count": 59,
  "type2_count": 22,
  "plot_path": "traces/requests_types_32k/all_traces_arrival_rate_CV/SS18_SM04_SL04_MS07_MM51_ML04_LS07_LM02_LL03/lognormal_lambda3.5x_cv6/lognormal_lambda3.5x_cv6.png"
}