{
  "PPR": 2.3636363636363638,
  "TPI": 0.23982503780549277,
  "OV_block_step": 4027930,
  "OV_frac": 0.10632445084631299,
  "GE2_frac": 0.022228003707377354,
  "peak_blocks": 1456,
  "peak_step": 12889,
  "gpu_blocks": 616,
  "total_steps": 61499,
  "type1_count": 64,
  "type2_count": 44,
  "plot_path": "traces/requests_types_32k/all_traces_arrival_rate_CV/SS18_SM08_SL17_MS21_MM06_ML10_LS10_LM03_LL07/lognormal_lambda2.0x_cv1/lognormal_lambda2.0x_cv1.png"
}