{
  "PPR": 2.896103896103896,
  "TPI": 0.23995912913621,
  "OV_block_step": 224170,
  "OV_frac": 0.11441085833917713,
  "GE2_frac": 0.03371846262673898,
  "peak_blocks": 446,
  "peak_step": 4572,
  "gpu_blocks": 154,
  "total_steps": 12723,
  "type1_count": 48,
  "type2_count": 28,
  "plot_path": "traces/requests_types_8k/all_traces_arrival_rate_CV/SS11_SM11_SL11_MS11_MM11_ML11_LS11_LM11_LL11/lognormal_lambda2.5x_cv2/lognormal_lambda2.5x_cv2.png"
}