{
  "PPR": 1.5208597782855209,
  "TPI": 0.3117375982651125,
  "OV_block_step": 20564933,
  "OV_frac": 0.04717494561558665,
  "GE2_frac": 0.0,
  "peak_blocks": 17972,
  "peak_step": 15868,
  "gpu_blocks": 11817,
  "total_steps": 36890,
  "type1_count": 72,
  "type2_count": 60,
  "plot_path": "traces/request_types/SS00_SL50_LS00_LL50/poi05/poi05_vl_ov5.png"
}