{
  "PPR": 2.6986531986531985,
  "TPI": 0.1869691681210006,
  "OV_block_step": 9839617,
  "OV_frac": 0.10143603554399305,
  "GE2_frac": 0.0350326076972536,
  "peak_blocks": 1603,
  "peak_step": 121724,
  "gpu_blocks": 594,
  "total_steps": 163305,
  "type1_count": 134,
  "type2_count": 49,
  "plot_path": "traces/requests_types_32k/all_traces_arrival_rate_CV/SS01_SM18_SL11_MS32_MM14_ML02_LS14_LM07_LL01/lognormal_lambda1.2x_cv3/lognormal_lambda1.2x_cv3.png"
}