{
  "PPR": 4.02076124567474,
  "TPI": 0.3891942072038619,
  "OV_block_step": 3220175,
  "OV_frac": 0.4137569271608952,
  "GE2_frac": 0.1811362792424805,
  "peak_blocks": 1162,
  "peak_step": 4928,
  "gpu_blocks": 289,
  "total_steps": 26930,
  "type1_count": 56,
  "type2_count": 23,
  "plot_path": "traces/requests_types_16k/all_traces_arrival_rate_CV/SS19_SM26_SL11_MS14_MM09_ML02_LS10_LM01_LL08/lognormal_lambda5.0x_cv2/lognormal_lambda5.0x_cv2.png"
}