{
  "PPR": 2.622413793103448,
  "TPI": 0.1219377339231031,
  "OV_block_step": 4763201,
  "OV_frac": 0.06985722624397227,
  "GE2_frac": 0.027058523307247364,
  "peak_blocks": 1521,
  "peak_step": 64624,
  "gpu_blocks": 580,
  "total_steps": 117560,
  "type1_count": 42,
  "type2_count": 32,
  "plot_path": "traces/requests_types_32k/all_traces_arrival_rate_CV/SS15_SM17_SL08_MS09_MM06_ML17_LS06_LM14_LL09/lognormal_lambda1.0x_cv2/lognormal_lambda1.0x_cv2.png"
}