{
  "PPR": 2.834224598930481,
  "TPI": 0.2630570279182997,
  "OV_block_step": 5033772,
  "OV_frac": 0.15492076201200405,
  "GE2_frac": 0.06134429116524802,
  "peak_blocks": 1590,
  "peak_step": 39380,
  "gpu_blocks": 561,
  "total_steps": 57919,
  "type1_count": 55,
  "type2_count": 47,
  "plot_path": "traces/requests_types_32k/all_traces_arrival_rate_CV/SS11_SM11_SL11_MS11_MM11_ML11_LS11_LM11_LL11/lognormal_lambda1.5x_cv1/lognormal_lambda1.5x_cv1.png"
}