{
  "PPR": 6.5298181818181815,
  "TPI": 0.8401478271782711,
  "OV_block_step": 1215996451,
  "OV_frac": 1.4603730939883734,
  "GE2_frac": 0.5844028455741018,
  "peak_blocks": 17957,
  "peak_step": 88470,
  "gpu_blocks": 2750,
  "total_steps": 302786,
  "type1_count": 50,
  "type2_count": 28,
  "plot_path": "traces/sy_requests/all_traces_arrival_rate_CV/SS02_SM02_SL02_MS01_MM01_ML02_LS01_LM03_LL86/lognormal_lambda4.0x_cv1/lognormal_lambda4.0x_cv1.png"
}