{
  "PPR": 5.095238095238095,
  "TPI": 0.4894948591864104,
  "OV_block_step": 449568,
  "OV_frac": 0.4557123698831343,
  "GE2_frac": 0.14751899865891818,
  "peak_blocks": 749,
  "peak_step": 4184,
  "gpu_blocks": 147,
  "total_steps": 6711,
  "type1_count": 52,
  "type2_count": 26,
  "plot_path": "traces/requests_types_8k/all_traces_arrival_rate_CV/SS19_SM26_SL11_MS14_MM09_ML02_LS10_LM01_LL08/lognormal_lambda2.5x_cv7/lognormal_lambda2.5x_cv7.png"
}