{
  "PPR": 2.1878354203935597,
  "TPI": 0.28402302889423464,
  "OV_block_step": 2495095,
  "OV_frac": 0.12064484462623595,
  "GE2_frac": 0.005892369651593373,
  "peak_blocks": 1223,
  "peak_step": 27035,
  "gpu_blocks": 559,
  "total_steps": 36997,
  "type1_count": 47,
  "type2_count": 21,
  "plot_path": "traces/requests_types_32k/all_traces_arrival_rate_CV/SS06_SM63_SL03_MS03_MM03_ML06_LS03_LM09_LL04/lognormal_lambda2.0x_cv4/lognormal_lambda2.0x_cv4.png"
}