{
  "PPR": 1.7128205128205127,
  "TPI": 0.10227299070403598,
  "OV_block_step": 29231455,
  "OV_frac": 0.018886351149660866,
  "GE2_frac": 0.0,
  "peak_blocks": 7682,
  "peak_step": 316454,
  "gpu_blocks": 4485,
  "total_steps": 345096,
  "type1_count": 46,
  "type2_count": 27,
  "plot_path": "traces/requests_types_128k_bs8/all_traces_arrival_rate_CV/SS15_SM02_SL11_MS22_MM03_ML32_LS00_LM00_LL14/lognormal_lambda2.5x_cv1/lognormal_lambda2.5x_cv1.png"
}