{
  "PPR": 4.02491103202847,
  "TPI": 0.25986436498150434,
  "OV_block_step": 787196,
  "OV_frac": 0.17271327081806653,
  "GE2_frac": 0.06732429099876695,
  "peak_blocks": 1131,
  "peak_step": 4330,
  "gpu_blocks": 281,
  "total_steps": 16220,
  "type1_count": 40,
  "type2_count": 38,
  "plot_path": "traces/requests_types_16k/all_traces_arrival_rate_CV/SS00_SM06_SL06_MS06_MM39_ML00_LS06_LM18_LL19/lognormal_lambda3.0x_cv6/lognormal_lambda3.0x_cv6.png"
}