{
  "PPR": 5.185714285714286,
  "TPI": 0.8088709677419355,
  "OV_block_step": 1470867,
  "OV_frac": 1.2103908821593152,
  "GE2_frac": 0.5418202764976958,
  "peak_blocks": 726,
  "peak_step": 5874,
  "gpu_blocks": 140,
  "total_steps": 8680,
  "type1_count": 44,
  "type2_count": 22,
  "plot_path": "traces/requests_types_8k/all_traces_arrival_rate_CV/SS06_SM02_SL13_MS06_MM04_ML06_LS51_LM09_LL05/lognormal_lambda2.5x_cv4/lognormal_lambda2.5x_cv4.png"
}