{
  "PPR": 3.342541436464088,
  "TPI": 0.3976531227723858,
  "OV_block_step": 1971431,
  "OV_frac": 0.1990803307908931,
  "GE2_frac": 0.04501836924932829,
  "peak_blocks": 1815,
  "peak_step": 9220,
  "gpu_blocks": 543,
  "total_steps": 18237,
  "type1_count": 52,
  "type2_count": 32,
  "plot_path": "traces/requests_types_32k/all_traces_arrival_rate_CV/SS54_SM10_SL01_MS02_MM09_ML02_LS06_LM14_LL01/lognormal_lambda3.5x_cv1/lognormal_lambda3.5x_cv1.png"
}