{
  "PPR": 6.389583333333333,
  "TPI": 0.5346038378482768,
  "OV_block_step": 233095941,
  "OV_frac": 0.7104767519180463,
  "GE2_frac": 0.2547387887193712,
  "peak_blocks": 6134,
  "peak_step": 218547,
  "gpu_blocks": 960,
  "total_steps": 341754,
  "type1_count": 151,
  "type2_count": 73,
  "plot_path": "traces/request_types/all_traces/SS00_SL25_LS00_LL75/bim50/bim50_hi_ov79.png"
}