{
  "PPR": 3.748407643312102,
  "TPI": 0.33411342538419536,
  "OV_block_step": 2525894,
  "OV_frac": 0.3137627118980931,
  "GE2_frac": 0.15473125828847803,
  "peak_blocks": 1177,
  "peak_step": 5285,
  "gpu_blocks": 314,
  "total_steps": 25638,
  "type1_count": 29,
  "type2_count": 55,
  "plot_path": "traces/requests_types_16k/all_traces_arrival_rate_CV/SS00_SM00_SL00_MS00_MM00_ML00_LS00_LM00_LL100/lognormal_lambda1.0x_cv3/lognormal_lambda1.0x_cv3.png"
}