{
  "PPR": 3.829181494661922,
  "TPI": 0.44258389490164046,
  "OV_block_step": 4043223,
  "OV_frac": 0.48971118202225633,
  "GE2_frac": 0.22619290722210877,
  "peak_blocks": 2152,
  "peak_step": 10815,
  "gpu_blocks": 562,
  "total_steps": 14691,
  "type1_count": 32,
  "type2_count": 9,
  "plot_path": "traces/requests_types_32k/all_traces_arrival_rate_CV/SS04_SM15_SL55_MS02_MM04_ML04_LS04_LM04_LL05/lognormal_lambda5.0x_cv2/lognormal_lambda5.0x_cv2.png"
}