{
  "PPR": 5.4295081967213115,
  "TPI": 0.4337595358332438,
  "OV_block_step": 2878734,
  "OV_frac": 0.5070630778525594,
  "GE2_frac": 0.21231331256043837,
  "peak_blocks": 1656,
  "peak_step": 11411,
  "gpu_blocks": 305,
  "total_steps": 18614,
  "type1_count": 28,
  "type2_count": 35,
  "plot_path": "traces/requests_types_16k/all_traces_arrival_rate_CV/SS02_SM02_SL02_MS01_MM01_ML02_LS01_LM03_LL86/lognormal_lambda1.5x_cv6/lognormal_lambda1.5x_cv6.png"
}