{
  "PPR": 1.864003659094374,
  "TPI": 0.615903603583275,
  "OV_block_step": 65224273,
  "OV_frac": 0.2243888447546728,
  "GE2_frac": 0.0,
  "peak_blocks": 12226,
  "peak_step": 24972,
  "gpu_blocks": 6559,
  "total_steps": 44317,
  "type1_count": 93,
  "type2_count": 31,
  "plot_path": "traces/request_types/SS10_SL16_LS51_LL22/uni05/uni05_ml_ov23.png"
}