{
  "PPR": 1.74419895636727,
  "TPI": 0.6622787493375729,
  "OV_block_step": 100218150,
  "OV_frac": 0.23586000854661177,
  "GE2_frac": 0.0,
  "peak_blocks": 15710,
  "peak_step": 21925,
  "gpu_blocks": 9007,
  "total_steps": 47175,
  "type1_count": 83,
  "type2_count": 31,
  "plot_path": "traces/request_types/SS18_SL17_LS19_LL45/per05/per05_ml_ov24.png"
}