{
  "PPR": 2.3977411477411477,
  "TPI": 0.7265924748277689,
  "OV_block_step": 181566242,
  "OV_frac": 0.5874207821266645,
  "GE2_frac": 0.15938526762056174,
  "peak_blocks": 15710,
  "peak_step": 21925,
  "gpu_blocks": 6552,
  "total_steps": 47175,
  "type1_count": 45,
  "type2_count": 7,
  "plot_path": "traces/request_types/SS18_SL17_LS19_LL45/per05/per05_mh_ov59.png"
}