{
  "PPR": 7.58125,
  "TPI": 0.8128800442233278,
  "OV_block_step": 1274179,
  "OV_frac": 2.2011107656163627,
  "GE2_frac": 0.6876727473742399,
  "peak_blocks": 1213,
  "peak_step": 683,
  "gpu_blocks": 160,
  "total_steps": 3618,
  "type1_count": 10,
  "type2_count": 18,
  "plot_path": "traces/requests_types_8k/all_traces_arrival_rate_CV/SS02_SM02_SL02_MS01_MM01_ML02_LS01_LM03_LL86/lognormal_lambda4.5x_cv2/lognormal_lambda4.5x_cv2.png"
}