{
  "PPR": 2.611336032388664,
  "TPI": 0.22943410740901005,
  "OV_block_step": 701225,
  "OV_frac": 0.13649538974643166,
  "GE2_frac": 0.02452040963507861,
  "peak_blocks": 645,
  "peak_step": 7321,
  "gpu_blocks": 247,
  "total_steps": 20799,
  "type1_count": 37,
  "type2_count": 28,
  "plot_path": "traces/requests_types_16k/all_traces_arrival_rate_CV/SS02_SM04_SL04_MS04_MM15_ML55_LS04_LM04_LL05/lognormal_lambda1.5x_cv3/lognormal_lambda1.5x_cv3.png"
}