{
  "PPR": 3.2267206477732793,
  "TPI": 0.36612346211957697,
  "OV_block_step": 757017,
  "OV_frac": 0.1653812947251324,
  "GE2_frac": 0.042682926829268296,
  "peak_blocks": 797,
  "peak_step": 14112,
  "gpu_blocks": 247,
  "total_steps": 18532,
  "type1_count": 83,
  "type2_count": 44,
  "plot_path": "traces/requests_types_16k/all_traces_arrival_rate_CV/SS02_SM04_SL04_MS04_MM15_ML55_LS04_LM04_LL05/lognormal_lambda3.0x_cv5/lognormal_lambda3.0x_cv5.png"
}