{
  "PPR": 3.35,
  "TPI": 0.27791068580542266,
  "OV_block_step": 209914,
  "OV_frac": 0.14946029847345638,
  "GE2_frac": 0.05512360446570973,
  "peak_blocks": 469,
  "peak_step": 8771,
  "gpu_blocks": 140,
  "total_steps": 10032,
  "type1_count": 61,
  "type2_count": 44,
  "plot_path": "traces/requests_types_8k/all_traces_arrival_rate_CV/SS06_SM27_SL20_MS09_MM11_ML01_LS04_LM12_LL10/lognormal_lambda4.0x_cv6/lognormal_lambda4.0x_cv6.png"
}