{
  "PPR": 4.207207207207207,
  "TPI": 0.20005104738291007,
  "OV_block_step": 10123051,
  "OV_frac": 0.33253234273817306,
  "GE2_frac": 0.15806457493938122,
  "peak_blocks": 2335,
  "peak_step": 15057,
  "gpu_blocks": 555,
  "total_steps": 54851,
  "type1_count": 16,
  "type2_count": 17,
  "plot_path": "traces/requests_types_32k/all_traces_arrival_rate_CV/SS02_SM04_SL04_MS04_MM15_ML55_LS04_LM04_LL05/lognormal_lambda1.5x_cv2/lognormal_lambda1.5x_cv2.png"
}