{
  "PPR": 6.115853658536586,
  "TPI": 0.47562309330570424,
  "OV_block_step": 1561560,
  "OV_frac": 0.548075019689931,
  "GE2_frac": 0.21395268520117425,
  "peak_blocks": 1003,
  "peak_step": 13013,
  "gpu_blocks": 164,
  "total_steps": 17373,
  "type1_count": 78,
  "type2_count": 43,
  "plot_path": "traces/requests_types_8k/all_traces_arrival_rate_CV/SS00_SM00_SL00_MS00_MM00_ML00_LS33_LM00_LL67/lognormal_lambda2.0x_cv5/lognormal_lambda2.0x_cv5.png"
}