{
  "PPR": 4.5358649789029535,
  "TPI": 0.5723835387507834,
  "OV_block_step": 1079883,
  "OV_frac": 0.47592107315963855,
  "GE2_frac": 0.21339043242114059,
  "peak_blocks": 1075,
  "peak_step": 3248,
  "gpu_blocks": 237,
  "total_steps": 9574,
  "type1_count": 69,
  "type2_count": 19,
  "plot_path": "traces/requests_types_16k/all_traces_arrival_rate_CV/SS04_SM15_SL55_MS02_MM04_ML04_LS04_LM04_LL05/lognormal_lambda2.5x_cv6/lognormal_lambda2.5x_cv6.png"
}