{
  "PPR": 5.509274873524452,
  "TPI": 0.7931820536731945,
  "OV_block_step": 5828087,
  "OV_frac": 1.0183545711608317,
  "GE2_frac": 0.3630711843332297,
  "peak_blocks": 3267,
  "peak_step": 3216,
  "gpu_blocks": 593,
  "total_steps": 9651,
  "type1_count": 35,
  "type2_count": 23,
  "plot_path": "traces/requests_types_32k/all_traces_arrival_rate_CV/SS07_SM02_SL09_MS02_MM02_ML07_LS02_LM57_LL10/lognormal_lambda4.5x_cv4/lognormal_lambda4.5x_cv4.png"
}