{
  "PPR": 4.948553054662379,
  "TPI": 0.5911465754725943,
  "OV_block_step": 9725565,
  "OV_frac": 0.7426596652246543,
  "GE2_frac": 0.3632088914220576,
  "peak_blocks": 3078,
  "peak_step": 5857,
  "gpu_blocks": 622,
  "total_steps": 21054,
  "type1_count": 30,
  "type2_count": 32,
  "plot_path": "traces/requests_types_32k/all_traces_arrival_rate_CV/SS00_SM00_SL00_MS00_MM00_ML00_LS00_LM33_LL67/lognormal_lambda1.2x_cv4/lognormal_lambda1.2x_cv4.png"
}