{
  "PPR": 1.2237020929600435,
  "TPI": 0.01347471355777444,
  "OV_block_step": 3742727,
  "OV_frac": 0.0011985765680932057,
  "GE2_frac": 0.0,
  "peak_blocks": 4502,
  "peak_step": 794476,
  "gpu_blocks": 3679,
  "total_steps": 848775,
  "type1_count": 19,
  "type2_count": 13,
  "plot_path": "traces/requests_types_128k_bs8/all_traces_arrival_rate_CV/SS03_SM24_SL03_MS36_MM03_ML12_LS06_LM06_LL07/lognormal_lambda1.5x_cv1/lognormal_lambda1.5x_cv1.png"
}