{
  "PPR": 3.9395017793594307,
  "TPI": 0.45600879824035195,
  "OV_block_step": 987013,
  "OV_frac": 0.35117994194755353,
  "GE2_frac": 0.18156368726254749,
  "peak_blocks": 1107,
  "peak_step": 4972,
  "gpu_blocks": 281,
  "total_steps": 10002,
  "type1_count": 42,
  "type2_count": 33,
  "plot_path": "traces/requests_types_16k/all_traces_arrival_rate_CV/SS00_SM06_SL06_MS06_MM39_ML00_LS06_LM18_LL19/lognormal_lambda4.5x_cv2/lognormal_lambda4.5x_cv2.png"
}