{
  "PPR": 4.818505338078292,
  "TPI": 0.37356034051076614,
  "OV_block_step": 1022247,
  "OV_frac": 0.3643354711782977,
  "GE2_frac": 0.1529293940911367,
  "peak_blocks": 1354,
  "peak_step": 1694,
  "gpu_blocks": 281,
  "total_steps": 9985,
  "type1_count": 32,
  "type2_count": 23,
  "plot_path": "traces/requests_types_16k/all_traces_arrival_rate_CV/SS00_SM06_SL06_MS06_MM39_ML00_LS06_LM18_LL19/lognormal_lambda2.5x_cv6/lognormal_lambda2.5x_cv6.png"
}