{
  "PPR": 1.8875219683655535,
  "TPI": 0.05156078793995538,
  "OV_block_step": 11355197,
  "OV_frac": 0.012502347425020294,
  "GE2_frac": 0.0,
  "peak_blocks": 3222,
  "peak_step": 124724,
  "gpu_blocks": 1707,
  "total_steps": 532071,
  "type1_count": 39,
  "type2_count": 27,
  "plot_path": "traces/request_types/SS18_SL17_LS19_LL45/bur05/bur05_vl_ov5.png"
}