{
  "PPR": 1.976687116564417,
  "TPI": 0.059031595407379844,
  "OV_block_step": 13615903,
  "OV_frac": 0.015699624155284503,
  "GE2_frac": 0.0,
  "peak_blocks": 3222,
  "peak_step": 124724,
  "gpu_blocks": 1630,
  "total_steps": 532071,
  "type1_count": 43,
  "type2_count": 34,
  "plot_path": "traces/request_types/SS18_SL17_LS19_LL45/bur05/bur05_lo_ov6.png"
}