{
  "PPR": 4.448473282442748,
  "TPI": 0.5081319604959025,
  "OV_block_step": 8052879,
  "OV_frac": 0.6458537379557255,
  "GE2_frac": 0.3030048329480983,
  "peak_blocks": 2331,
  "peak_step": 11911,
  "gpu_blocks": 524,
  "total_steps": 23795,
  "type1_count": 37,
  "type2_count": 20,
  "plot_path": "traces/requests_types_32k/all_traces_arrival_rate_CV/SS03_SM42_SL05_MS03_MM05_ML25_LS13_LM02_LL00/lognormal_lambda4.5x_cv5/lognormal_lambda4.5x_cv5.png"
}