{
  "PPR": 1.6582278481012658,
  "TPI": 0.07261565688687333,
  "OV_block_step": 158052,
  "OV_frac": 0.01844111594583876,
  "GE2_frac": 0.0,
  "peak_blocks": 393,
  "peak_step": 9988,
  "gpu_blocks": 237,
  "total_steps": 36163,
  "type1_count": 30,
  "type2_count": 21,
  "plot_path": "traces/requests_types_16k/all_traces_arrival_rate_CV/SS04_SM15_SL55_MS02_MM04_ML04_LS04_LM04_LL05/lognormal_lambda1.0x_cv1/lognormal_lambda1.0x_cv1.png"
}