{
  "PPR": 3.9118773946360155,
  "TPI": 0.5321937321937322,
  "OV_block_step": 575570,
  "OV_frac": 0.4188507202555734,
  "GE2_frac": 0.17056030389363722,
  "peak_blocks": 1021,
  "peak_step": 982,
  "gpu_blocks": 261,
  "total_steps": 5265,
  "type1_count": 30,
  "type2_count": 6,
  "plot_path": "traces/requests_types_16k/all_traces_arrival_rate_CV/SS06_SM63_SL03_MS03_MM03_ML06_LS03_LM09_LL04/lognormal_lambda5.0x_cv7/lognormal_lambda5.0x_cv7.png"
}