{
  "PPR": 7.001607717041801,
  "TPI": 0.8345060769441652,
  "OV_block_step": 12926755,
  "OV_frac": 1.8991651566007193,
  "GE2_frac": 0.7211002467330714,
  "peak_blocks": 4355,
  "peak_step": 2875,
  "gpu_blocks": 622,
  "total_steps": 10943,
  "type1_count": 13,
  "type2_count": 15,
  "plot_path": "traces/requests_types_32k/all_traces_arrival_rate_CV/SS00_SM00_SL00_MS00_MM00_ML00_LS00_LM33_LL67/lognormal_lambda4.0x_cv3/lognormal_lambda4.0x_cv3.png"
}