{
  "PPR": 4.8896103896103895,
  "TPI": 0.4683847767455799,
  "OV_block_step": 361715,
  "OV_frac": 0.3519326792476328,
  "GE2_frac": 0.08330836080311657,
  "peak_blocks": 753,
  "peak_step": 2866,
  "gpu_blocks": 154,
  "total_steps": 6674,
  "type1_count": 44,
  "type2_count": 31,
  "plot_path": "traces/requests_types_8k/all_traces_arrival_rate_CV/SS11_SM11_SL11_MS11_MM11_ML11_LS11_LM11_LL11/lognormal_lambda3.0x_cv2/lognormal_lambda3.0x_cv2.png"
}