{
  "PPR": 4.07098121085595,
  "TPI": 0.2760682354231803,
  "OV_block_step": 1993993,
  "OV_frac": 0.22833770142370316,
  "GE2_frac": 0.09697767538807525,
  "peak_blocks": 1950,
  "peak_step": 11397,
  "gpu_blocks": 479,
  "total_steps": 18231,
  "type1_count": 17,
  "type2_count": 13,
  "plot_path": "traces/requests_types_32k/all_traces_arrival_rate_CV/SS55_SM04_SL04_MS04_MM02_ML15_LS04_LM04_LL05/lognormal_lambda2.5x_cv4/lognormal_lambda2.5x_cv4.png"
}