{
  "PPR": 3.1496598639455784,
  "TPI": 0.46645687312258616,
  "OV_block_step": 452431,
  "OV_frac": 0.44024630306993345,
  "GE2_frac": 0.21870976970390502,
  "peak_blocks": 463,
  "peak_step": 2951,
  "gpu_blocks": 147,
  "total_steps": 6991,
  "type1_count": 36,
  "type2_count": 15,
  "plot_path": "traces/requests_types_8k/all_traces_arrival_rate_CV/SS04_SM15_SL55_MS02_MM04_ML04_LS04_LM04_LL05/lognormal_lambda3.5x_cv1/lognormal_lambda3.5x_cv1.png"
}