{
  "PPR": 8.175084175084175,
  "TPI": 0.5401752826114569,
  "OV_block_step": 31881141,
  "OV_frac": 1.3634435296698728,
  "GE2_frac": 0.41778229391591515,
  "peak_blocks": 4856,
  "peak_step": 34255,
  "gpu_blocks": 594,
  "total_steps": 39365,
  "type1_count": 28,
  "type2_count": 18,
  "plot_path": "traces/requests_types_32k/all_traces_arrival_rate_CV/SS01_SM18_SL11_MS32_MM14_ML02_LS14_LM07_LL01/lognormal_lambda5.0x_cv7/lognormal_lambda5.0x_cv7.png"
}