{
  "PPR": 4.5514950166112955,
  "TPI": 0.14527027027027026,
  "OV_block_step": 2721336,
  "OV_frac": 0.18180870714093306,
  "GE2_frac": 0.08397683397683398,
  "peak_blocks": 1370,
  "peak_step": 41166,
  "gpu_blocks": 301,
  "total_steps": 49728,
  "type1_count": 41,
  "type2_count": 35,
  "plot_path": "traces/requests_types_16k/all_traces_arrival_rate_CV/SS07_SM08_SL06_MS09_MM09_ML09_LS07_LM08_LL38/lognormal_lambda2.0x_cv6/lognormal_lambda2.0x_cv6.png"
}