{
  "PPR": 2.010980616824215,
  "TPI": 0.5255480809004419,
  "OV_block_step": 120019465,
  "OV_frac": 0.2494915101508418,
  "GE2_frac": 0.0016763546905275075,
  "peak_blocks": 21061,
  "peak_step": 28968,
  "gpu_blocks": 10473,
  "total_steps": 45933,
  "type1_count": 65,
  "type2_count": 31,
  "plot_path": "traces/SS00_SL00_LS00_LL100/tsa05/tsa05_md_ov25.png"
}