{
  "PPR": 3.0990037359900375,
  "TPI": 0.5606671260815391,
  "OV_block_step": 98644962,
  "OV_frac": 0.2137767587513579,
  "GE2_frac": 0.03103834722019198,
  "peak_blocks": 9954,
  "peak_step": 127136,
  "gpu_blocks": 3212,
  "total_steps": 143661,
  "type1_count": 93,
  "type2_count": 139,
  "plot_path": "traces/requests_types_128k_bs8/all_traces_arrival_rate_CV/SS00_SM00_SL00_MS00_MM00_ML00_LS33_LM66_LL01/lognormal_lambda3.0x_cv1/lognormal_lambda3.0x_cv1.png"
}