{
  "PPR": 1.9284855769230769,
  "TPI": 0.11883915151858888,
  "OV_block_step": 15560107,
  "OV_frac": 0.03314744151570397,
  "GE2_frac": 0.0,
  "peak_blocks": 3209,
  "peak_step": 256773,
  "gpu_blocks": 1664,
  "total_steps": 282104,
  "type1_count": 79,
  "type2_count": 48,
  "plot_path": "traces/request_types/all_traces/SS00_SL50_LS50_LL00/bim50/bim50_vl_ov4.png"
}