{
  "PPR": 2.50703125,
  "TPI": 0.2322618608740039,
  "OV_block_step": 33542485,
  "OV_frac": 0.09289150953637665,
  "GE2_frac": 0.013292969968522247,
  "peak_blocks": 3209,
  "peak_step": 256773,
  "gpu_blocks": 1280,
  "total_steps": 282104,
  "type1_count": 132,
  "type2_count": 85,
  "plot_path": "traces/request_types/all_traces/SS00_SL50_LS50_LL00/bim50/bim50_lo_ov12.png"
}