{
  "PPR": 3.8569711538461537,
  "TPI": 0.4325957802796132,
  "OV_block_step": 75562332,
  "OV_frac": 0.3219384006498422,
  "GE2_frac": 0.11899866715821115,
  "peak_blocks": 3209,
  "peak_step": 256773,
  "gpu_blocks": 832,
  "total_steps": 282104,
  "type1_count": 196,
  "type2_count": 97,
  "plot_path": "traces/request_types/all_traces/SS00_SL50_LS50_LL00/bim50/bim50_md_ov37.png"
}