{
  "PPR": 4.985576923076923,
  "TPI": 0.5869605936171746,
  "OV_block_step": 88651857,
  "OV_frac": 0.5117436915706582,
  "GE2_frac": 0.18530365247460556,
  "peak_blocks": 4148,
  "peak_step": 144429,
  "gpu_blocks": 832,
  "total_steps": 208215,
  "type1_count": 177,
  "type2_count": 74,
  "plot_path": "traces/request_types/all_traces/SS12_SL38_LS27_LL21/bim50/bim50_mh_ov52.png"
}