{
  "PPR": 2.025390625,
  "TPI": 0.11305621593064862,
  "OV_block_step": 13724287,
  "OV_frac": 0.0321845784968362,
  "GE2_frac": 0.0006915928247244435,
  "peak_blocks": 4148,
  "peak_step": 144429,
  "gpu_blocks": 2048,
  "total_steps": 208215,
  "type1_count": 47,
  "type2_count": 46,
  "plot_path": "traces/request_types/all_traces/SS12_SL38_LS27_LL21/bim50/bim50_vl_ov4.png"
}