{
  "PPR": 5.072368421052632,
  "TPI": 0.4791004827775971,
  "OV_block_step": 24969433,
  "OV_frac": 0.5136471768964523,
  "GE2_frac": 0.16283112789854165,
  "peak_blocks": 3084,
  "peak_step": 76053,
  "gpu_blocks": 608,
  "total_steps": 79954,
  "type1_count": 98,
  "type2_count": 31,
  "plot_path": "traces/requests_types_32k/all_traces_arrival_rate_CV/SS10_SM00_SL12_MS50_MM04_ML04_LS04_LM08_LL09/lognormal_lambda4.5x_cv7/lognormal_lambda4.5x_cv7.png"
}