{
  "PPR": 4.521634615384615,
  "TPI": 0.5852134941096002,
  "OV_block_step": 88919164,
  "OV_frac": 0.5111900625741153,
  "GE2_frac": 0.18709134304942387,
  "peak_blocks": 3762,
  "peak_step": 57392,
  "gpu_blocks": 832,
  "total_steps": 209069,
  "type1_count": 136,
  "type2_count": 73,
  "plot_path": "traces/request_types/SS26_SL12_LS36_LL24/bim50/bim50_mh_ov58.png"
}