{
  "PPR": 2.9390625,
  "TPI": 0.3351812081178941,
  "OV_block_step": 44483133,
  "OV_frac": 0.1662247758216187,
  "GE2_frac": 0.05094968646714721,
  "peak_blocks": 3762,
  "peak_step": 57392,
  "gpu_blocks": 1280,
  "total_steps": 209069,
  "type1_count": 111,
  "type2_count": 90,
  "plot_path": "traces/request_types/SS26_SL12_LS36_LL24/bim50/bim50_ml_ov20.png"
}