{
  "PPR": 5.34375,
  "TPI": 0.6544585758768636,
  "OV_block_step": 105474686,
  "OV_frac": 0.7166150752100546,
  "GE2_frac": 0.27443092950174347,
  "peak_blocks": 3762,
  "peak_step": 57392,
  "gpu_blocks": 704,
  "total_steps": 209069,
  "type1_count": 129,
  "type2_count": 66,
  "plot_path": "traces/request_types/SS26_SL12_LS36_LL24/bim50/bim50_hi_ov80.png"
}