{
  "PPR": 3.62,
  "TPI": 0.7309352517985611,
  "OV_block_step": 667493,
  "OV_frac": 0.7114233946176393,
  "GE2_frac": 0.32549960031974423,
  "peak_blocks": 543,
  "peak_step": 2123,
  "gpu_blocks": 150,
  "total_steps": 6255,
  "type1_count": 65,
  "type2_count": 40,
  "plot_path": "traces/requests_types_8k/all_traces_arrival_rate_CV/SS00_SM00_SL00_MS00_MM00_ML00_LS33_LM66_LL01/lognormal_lambda4.5x_cv1/lognormal_lambda4.5x_cv1.png"
}