{
  "PPR": 1.2738012508686587,
  "TPI": 0.009705660542336573,
  "OV_block_step": 899537,
  "OV_frac": 0.0011387256915452388,
  "GE2_frac": 0.0,
  "peak_blocks": 3666,
  "peak_step": 82608,
  "gpu_blocks": 2878,
  "total_steps": 274479,
  "type1_count": 4,
  "type2_count": 12,
  "plot_path": "traces/requests_types_128k_bs8/all_traces_arrival_rate_CV/SS54_SM10_SL01_MS02_MM09_ML02_LS06_LM14_LL01/lognormal_lambda1.0x_cv1/lognormal_lambda1.0x_cv1.png"
}