{
  "PPR": 4.022887323943662,
  "TPI": 0.4142030077763694,
  "OV_block_step": 14609958,
  "OV_frac": 0.4405768394754123,
  "GE2_frac": 0.2009694768935631,
  "peak_blocks": 2285,
  "peak_step": 10548,
  "gpu_blocks": 568,
  "total_steps": 58382,
  "type1_count": 60,
  "type2_count": 29,
  "plot_path": "traces/requests_types_32k/all_traces_arrival_rate_CV/SS08_SM22_SL00_MS03_MM03_ML08_LS25_LM08_LL23/lognormal_lambda4.5x_cv5/lognormal_lambda4.5x_cv5.png"
}