{
  "PPR": 3.8384615384615386,
  "TPI": 0.5526984601584691,
  "OV_block_step": 412390,
  "OV_frac": 0.47424589164759595,
  "GE2_frac": 0.1565256391089849,
  "peak_blocks": 499,
  "peak_step": 4672,
  "gpu_blocks": 130,
  "total_steps": 6689,
  "type1_count": 49,
  "type2_count": 26,
  "plot_path": "traces/requests_types_8k/all_traces_arrival_rate_CV/SS03_SM35_SL00_MS13_MM01_ML28_LS01_LM18_LL02/lognormal_lambda5.0x_cv6/lognormal_lambda5.0x_cv6.png"
}