{
  "PPR": 4.278545454545455,
  "TPI": 0.49205282357685515,
  "OV_block_step": 385594162,
  "OV_frac": 0.649939782740517,
  "GE2_frac": 0.2913686572076185,
  "peak_blocks": 11766,
  "peak_step": 181127,
  "gpu_blocks": 2750,
  "total_steps": 215737,
  "type1_count": 47,
  "type2_count": 22,
  "plot_path": "traces/sy_requests/all_traces_arrival_rate_CV/SS19_SM26_SL11_MS14_MM09_ML02_LS10_LM01_LL08/lognormal_lambda3.5x_cv1/lognormal_lambda3.5x_cv1.png"
}