{
  "PPR": 4.1806020066889635,
  "TPI": 0.14231494344115897,
  "OV_block_step": 877309,
  "OV_frac": 0.07278586556630855,
  "GE2_frac": 0.017786267116491367,
  "peak_blocks": 1250,
  "peak_step": 24124,
  "gpu_blocks": 299,
  "total_steps": 40312,
  "type1_count": 37,
  "type2_count": 35,
  "plot_path": "traces/requests_types_16k/all_traces_arrival_rate_CV/SS10_SM24_SL05_MS05_MM03_ML14_LS09_LM12_LL18/lognormal_lambda1.0x_cv5/lognormal_lambda1.0x_cv5.png"
}