{
  "PPR": 1.692845615922539,
  "TPI": 0.2354191368934428,
  "OV_block_step": 6708261,
  "OV_frac": 0.0807295914104361,
  "GE2_frac": 0.0,
  "peak_blocks": 3147,
  "peak_step": 16183,
  "gpu_blocks": 1859,
  "total_steps": 44699,
  "type1_count": 55,
  "type2_count": 32,
  "plot_path": "traces/request_types_request_52_for_both_dyn_arrival_rate_CV/all_traces_arrival_rate_CV/SS06_SM02_SL13_MS06_MM04_ML06_LS51_LM09_LL05/lognormal_lambda3.0x_cv7/lognormal_lambda3.0x_cv7.png"
}