{
  "PPR": 3.835714285714286,
  "TPI": 0.461439588688946,
  "OV_block_step": 220230,
  "OV_frac": 0.2888489586065789,
  "GE2_frac": 0.09878810135879544,
  "peak_blocks": 537,
  "peak_step": 3649,
  "gpu_blocks": 140,
  "total_steps": 5446,
  "type1_count": 50,
  "type2_count": 41,
  "plot_path": "traces/requests_types_8k/all_traces_arrival_rate_CV/SS06_SM27_SL20_MS09_MM11_ML01_LS04_LM12_LL10/lognormal_lambda4.0x_cv4/lognormal_lambda4.0x_cv4.png"
}