{
  "PPR": 9.946428571428571,
  "TPI": 0.4912041884816754,
  "OV_block_step": 2595674,
  "OV_frac": 1.6178471702817252,
  "GE2_frac": 0.3930890052356021,
  "peak_blocks": 1671,
  "peak_step": 2713,
  "gpu_blocks": 168,
  "total_steps": 9550,
  "type1_count": 9,
  "type2_count": 5,
  "plot_path": "traces/requests_types_8k/all_traces_arrival_rate_CV/SS00_SM00_SL00_MS00_MM00_ML00_LS33_LM33_LL34/lognormal_lambda4.5x_cv7/lognormal_lambda4.5x_cv7.png"
}