{
  "PPR": 1.368846002363135,
  "TPI": 0.631437969924812,
  "OV_block_step": 34054181,
  "OV_frac": 0.10504729293201495,
  "GE2_frac": 0.0,
  "peak_blocks": 20853,
  "peak_step": 7973,
  "gpu_blocks": 15234,
  "total_steps": 21280,
  "type1_count": 81,
  "type2_count": 25,
  "plot_path": "traces/SS10_SL16_LS51_LL22/bim05/bim05_lo_ov10.png"
}