{
  "PPR": 1.5853686372974207,
  "TPI": 0.35681912898520524,
  "OV_block_step": 32008656,
  "OV_frac": 0.09515321208162755,
  "GE2_frac": 0.0,
  "peak_blocks": 13891,
  "peak_step": 19856,
  "gpu_blocks": 8762,
  "total_steps": 38392,
  "type1_count": 57,
  "type2_count": 11,
  "plot_path": "traces/SS28_SL29_LS27_LL15/tsa05/tsa05_lo_ov10.png"
}