{
  "PPR": 3.50316301703163,
  "TPI": 0.5201575277898737,
  "OV_block_step": 140770838,
  "OV_frac": 0.32779190411907533,
  "GE2_frac": 0.08955923800956077,
  "peak_blocks": 7199,
  "peak_step": 52977,
  "gpu_blocks": 2055,
  "total_steps": 208979,
  "type1_count": 109,
  "type2_count": 57,
  "plot_path": "traces/requests_types_64k/all_traces_arrival_rate_CV/SS05_SM22_SL01_MS13_MM01_ML37_LS03_LM03_LL15/lognormal_lambda2.5x_cv1/lognormal_lambda2.5x_cv1.png"
}