{
  "PPR": 2.7662337662337664,
  "TPI": 0.33480812641083524,
  "OV_block_step": 6381587,
  "OV_frac": 0.18708296443962358,
  "GE2_frac": 0.05749887133182844,
  "peak_blocks": 1704,
  "peak_step": 30259,
  "gpu_blocks": 616,
  "total_steps": 55375,
  "type1_count": 83,
  "type2_count": 31,
  "plot_path": "traces/requests_types_32k/all_traces_arrival_rate_CV/SS18_SM08_SL17_MS21_MM06_ML10_LS10_LM03_LL07/lognormal_lambda1.0x_cv7/lognormal_lambda1.0x_cv7.png"
}