{
  "PPR": 3.1441281138790034,
  "TPI": 0.15978541736883498,
  "OV_block_step": 1998426,
  "OV_frac": 0.09987411946596428,
  "GE2_frac": 0.026373441186383552,
  "peak_blocks": 1767,
  "peak_step": 27235,
  "gpu_blocks": 562,
  "total_steps": 35604,
  "type1_count": 15,
  "type2_count": 15,
  "plot_path": "traces/requests_types_32k/all_traces_arrival_rate_CV/SS04_SM15_SL55_MS02_MM04_ML04_LS04_LM04_LL05/lognormal_lambda1.5x_cv2/lognormal_lambda1.5x_cv2.png"
}