{
  "PPR": 5.9324324324324325,
  "TPI": 0.6435487502814682,
  "OV_block_step": 743757,
  "OV_frac": 1.1315886365987695,
  "GE2_frac": 0.36005404188245893,
  "peak_blocks": 878,
  "peak_step": 2043,
  "gpu_blocks": 148,
  "total_steps": 4441,
  "type1_count": 26,
  "type2_count": 12,
  "plot_path": "traces/requests_types_8k/all_traces_arrival_rate_CV/SS10_SM24_SL05_MS05_MM03_ML14_LS09_LM12_LL18/lognormal_lambda4.5x_cv7/lognormal_lambda4.5x_cv7.png"
}