{
  "PPR": 3.6163934426229507,
  "TPI": 0.6743212016175621,
  "OV_block_step": 2410826,
  "OV_frac": 0.5707934388347492,
  "GE2_frac": 0.2623483535528596,
  "peak_blocks": 1103,
  "peak_step": 6912,
  "gpu_blocks": 305,
  "total_steps": 13848,
  "type1_count": 50,
  "type2_count": 51,
  "plot_path": "traces/requests_types_16k/all_traces_arrival_rate_CV/SS02_SM02_SL02_MS01_MM01_ML02_LS01_LM03_LL86/lognormal_lambda2.0x_cv1/lognormal_lambda2.0x_cv1.png"
}