{
  "PPR": 2.71875,
  "TPI": 0.5956934862137543,
  "OV_block_step": 16424349,
  "OV_frac": 0.33162773340733553,
  "GE2_frac": 0.10280144368877213,
  "peak_blocks": 1653,
  "peak_step": 38473,
  "gpu_blocks": 608,
  "total_steps": 81458,
  "type1_count": 159,
  "type2_count": 56,
  "plot_path": "traces/requests_types_32k/all_traces_arrival_rate_CV/SS10_SM00_SL12_MS50_MM04_ML04_LS04_LM08_LL09/lognormal_lambda2.5x_cv1/lognormal_lambda2.5x_cv1.png"
}