{
  "PPR": 3.2864864864864867,
  "TPI": 0.32363611156041316,
  "OV_block_step": 7760627,
  "OV_frac": 0.32310723274976805,
  "GE2_frac": 0.15617995702105045,
  "peak_blocks": 1824,
  "peak_step": 16587,
  "gpu_blocks": 555,
  "total_steps": 43277,
  "type1_count": 46,
  "type2_count": 29,
  "plot_path": "traces/requests_types_32k/all_traces_arrival_rate_CV/SS02_SM04_SL04_MS04_MM15_ML55_LS04_LM04_LL05/lognormal_lambda2.0x_cv4/lognormal_lambda2.0x_cv4.png"
}