{
  "PPR": 4.529209621993127,
  "TPI": 0.6819918049864574,
  "OV_block_step": 4189528,
  "OV_frac": 0.9998613401226555,
  "GE2_frac": 0.4612125842072366,
  "peak_blocks": 1318,
  "peak_step": 9902,
  "gpu_blocks": 291,
  "total_steps": 14399,
  "type1_count": 43,
  "type2_count": 31,
  "plot_path": "traces/requests_types_16k/all_traces_arrival_rate_CV/SS11_SM02_SL03_MS00_MM36_ML08_LS16_LM20_LL04/lognormal_lambda4.5x_cv6/lognormal_lambda4.5x_cv6.png"
}