{
  "PPR": 7.52037617554859,
  "TPI": 0.8098846787479407,
  "OV_block_step": 6213133,
  "OV_frac": 2.1391439820003133,
  "GE2_frac": 0.5801208127402526,
  "peak_blocks": 2399,
  "peak_step": 5295,
  "gpu_blocks": 319,
  "total_steps": 9105,
  "type1_count": 31,
  "type2_count": 17,
  "plot_path": "traces/requests_types_16k/all_traces_arrival_rate_CV/SS11_SM11_SL11_MS11_MM11_ML11_LS11_LM11_LL11/lognormal_lambda3.0x_cv7/lognormal_lambda3.0x_cv7.png"
}