{
  "PPR": 3.1944444444444446,
  "TPI": 0.3358608006790211,
  "OV_block_step": 1604581,
  "OV_frac": 0.15763083337262854,
  "GE2_frac": 0.027641816381383504,
  "peak_blocks": 920,
  "peak_step": 31662,
  "gpu_blocks": 288,
  "total_steps": 35345,
  "type1_count": 93,
  "type2_count": 44,
  "plot_path": "traces/requests_types_16k/all_traces_arrival_rate_CV/SS09_SM11_SL08_MS09_MM08_ML09_LS18_LM23_LL05/lognormal_lambda1.0x_cv3/lognormal_lambda1.0x_cv3.png"
}