{
  "PPR": 2.7162838444758117,
  "TPI": 0.7405500339280725,
  "OV_block_step": 221381182,
  "OV_frac": 0.5669519999098126,
  "GE2_frac": 0.23101025825250468,
  "peak_blocks": 21168,
  "peak_step": 23477,
  "gpu_blocks": 7793,
  "total_steps": 50106,
  "type1_count": 50,
  "type2_count": 17,
  "plot_path": "traces/request_types/SS07_SL05_LS02_LL84/tsa05/tsa05_mh_ov57.png"
}