{
  "PPR": 2.4713541666666665,
  "TPI": 0.22476838487439893,
  "OV_block_step": 42519928,
  "OV_frac": 0.10726267844988033,
  "GE2_frac": 0.02174140476365764,
  "peak_blocks": 3796,
  "peak_step": 107359,
  "gpu_blocks": 1536,
  "total_steps": 258079,
  "type1_count": 105,
  "type2_count": 65,
  "plot_path": "traces/request_types/all_traces/SS00_SL00_LS100_LL00/bim50/bim50_lo_ov11.png"
}