{
  "PPR": 1.5144986607662747,
  "TPI": 0.5001655537773854,
  "OV_block_step": 29217756,
  "OV_frac": 0.09388435760497635,
  "GE2_frac": 0.0,
  "peak_blocks": 13005,
  "peak_step": 14054,
  "gpu_blocks": 8587,
  "total_steps": 36242,
  "type1_count": 97,
  "type2_count": 46,
  "plot_path": "traces/SS00_SL00_LS75_LL25/uni05/uni05_lo_ov10.png"
}