{
  "PPR": 3.061224489795918,
  "TPI": 0.319760366938126,
  "OV_block_step": 387115,
  "OV_frac": 0.24650710232609377,
  "GE2_frac": 0.11036225779275484,
  "peak_blocks": 450,
  "peak_step": 2109,
  "gpu_blocks": 147,
  "total_steps": 10683,
  "type1_count": 49,
  "type2_count": 30,
  "plot_path": "traces/requests_types_8k/all_traces_arrival_rate_CV/SS04_SM15_SL55_MS02_MM04_ML04_LS04_LM04_LL05/lognormal_lambda2.5x_cv2/lognormal_lambda2.5x_cv2.png"
}