{
  "PPR": 7.037671232876712,
  "TPI": 0.6134676564156946,
  "OV_block_step": 17268209,
  "OV_frac": 1.2060058335670634,
  "GE2_frac": 0.41279876009462435,
  "peak_blocks": 4110,
  "peak_step": 9158,
  "gpu_blocks": 584,
  "total_steps": 24518,
  "type1_count": 13,
  "type2_count": 4,
  "plot_path": "traces/requests_types_32k/all_traces_arrival_rate_CV/SS15_SM02_SL11_MS22_MM03_ML32_LS00_LM00_LL14/lognormal_lambda3.5x_cv5/lognormal_lambda3.5x_cv5.png"
}