{
  "PPR": 2.6785714285714284,
  "TPI": 0.2835314091680815,
  "OV_block_step": 107198,
  "OV_frac": 0.11607142857142858,
  "GE2_frac": 0.01540140674266311,
  "peak_blocks": 300,
  "peak_step": 4847,
  "gpu_blocks": 112,
  "total_steps": 8246,
  "type1_count": 67,
  "type2_count": 26,
  "plot_path": "traces/requests_types_8k/all_traces_arrival_rate_CV/SS03_SM42_SL05_MS03_MM05_ML25_LS13_LM02_LL00/lognormal_lambda1.5x_cv3/lognormal_lambda1.5x_cv3.png"
}