{
  "PPR": 6.459807073954984,
  "TPI": 0.5601834634932441,
  "OV_block_step": 8803686,
  "OV_frac": 0.5848450895773619,
  "GE2_frac": 0.22978389322755258,
  "peak_blocks": 4018,
  "peak_step": 6429,
  "gpu_blocks": 622,
  "total_steps": 24201,
  "type1_count": 34,
  "type2_count": 33,
  "plot_path": "traces/requests_types_32k/all_traces_arrival_rate_CV/SS00_SM00_SL00_MS00_MM00_ML00_LS00_LM33_LL67/lognormal_lambda1.2x_cv6/lognormal_lambda1.2x_cv6.png"
}