{
  "PPR": 3.010438413361169,
  "TPI": 0.38247305728871245,
  "OV_block_step": 1884082,
  "OV_frac": 0.22310637234643454,
  "GE2_frac": 0.07396483267158253,
  "peak_blocks": 1442,
  "peak_step": 14670,
  "gpu_blocks": 479,
  "total_steps": 17630,
  "type1_count": 28,
  "type2_count": 25,
  "plot_path": "traces/requests_types_32k/all_traces_arrival_rate_CV/SS55_SM04_SL04_MS04_MM02_ML15_LS04_LM04_LL05/lognormal_lambda2.5x_cv3/lognormal_lambda2.5x_cv3.png"
}