{
  "PPR": 3.9,
  "TPI": 0.5387210325608683,
  "OV_block_step": 426804,
  "OV_frac": 0.481535302479861,
  "GE2_frac": 0.1914051041361103,
  "peak_blocks": 507,
  "peak_step": 4562,
  "gpu_blocks": 130,
  "total_steps": 6818,
  "type1_count": 42,
  "type2_count": 21,
  "plot_path": "traces/requests_types_8k/all_traces_arrival_rate_CV/SS03_SM35_SL00_MS13_MM01_ML28_LS01_LM18_LL02/lognormal_lambda4.5x_cv5/lognormal_lambda4.5x_cv5.png"
}