{
  "PPR": 3.463768115942029,
  "TPI": 0.16224122412241224,
  "OV_block_step": 127254,
  "OV_frac": 0.20750009783587053,
  "GE2_frac": 0.10452295229522952,
  "peak_blocks": 239,
  "peak_step": 7994,
  "gpu_blocks": 69,
  "total_steps": 8888,
  "type1_count": 30,
  "type2_count": 20,
  "plot_path": "traces/requests_types_8k/all_traces_arrival_rate_CV/SS14_SM21_SL27_MS03_MM10_ML05_LS17_LM02_LL01/lognormal_lambda1.0x_cv5/lognormal_lambda1.0x_cv5.png"
}