{
  "PPR": 7.4375,
  "TPI": 0.8482344102178813,
  "OV_block_step": 8121700,
  "OV_frac": 1.5133813041870894,
  "GE2_frac": 0.5184072126220887,
  "peak_blocks": 2499,
  "peak_step": 4654,
  "gpu_blocks": 336,
  "total_steps": 15972,
  "type1_count": 31,
  "type2_count": 22,
  "plot_path": "traces/requests_types_16k/all_traces_arrival_rate_CV/SS00_SM00_SL00_MS00_MM00_ML00_LS33_LM33_LL34/lognormal_lambda2.5x_cv7/lognormal_lambda2.5x_cv7.png"
}