{
  "PPR": 2.85667215815486,
  "TPI": 0.12122764477533782,
  "OV_block_step": 2746831,
  "OV_frac": 0.05151528296674119,
  "GE2_frac": 0.014355156358503238,
  "peak_blocks": 1734,
  "peak_step": 69481,
  "gpu_blocks": 607,
  "total_steps": 87843,
  "type1_count": 38,
  "type2_count": 33,
  "plot_path": "traces/requests_types_32k/all_traces_arrival_rate_CV/SS07_SM08_SL06_MS09_MM09_ML09_LS07_LM08_LL38/lognormal_lambda1.5x_cv1/lognormal_lambda1.5x_cv1.png"
}