{
  "PPR": 3.3694545454545453,
  "TPI": 0.18249886412196206,
  "OV_block_step": 333915022,
  "OV_frac": 0.20508914634945918,
  "GE2_frac": 0.09734770366842158,
  "peak_blocks": 9266,
  "peak_step": 577087,
  "gpu_blocks": 2750,
  "total_steps": 592053,
  "type1_count": 21,
  "type2_count": 11,
  "plot_path": "traces/sy_requests/all_traces_arrival_rate_CV/SS18_SM08_SL17_MS21_MM06_ML10_LS10_LM03_LL07/lognormal_lambda1.0x_cv1/lognormal_lambda1.0x_cv1.png"
}