{
  "PPR": 4.993006993006993,
  "TPI": 0.5928712871287128,
  "OV_block_step": 879766,
  "OV_frac": 0.8121729095986522,
  "GE2_frac": 0.3772937293729373,
  "peak_blocks": 714,
  "peak_step": 5455,
  "gpu_blocks": 143,
  "total_steps": 7575,
  "type1_count": 61,
  "type2_count": 33,
  "plot_path": "traces/requests_types_8k/all_traces_arrival_rate_CV/SS18_SM08_SL17_MS21_MM06_ML10_LS10_LM03_LL07/lognormal_lambda3.5x_cv4/lognormal_lambda3.5x_cv4.png"
}