{
  "PPR": 5.06839422259983,
  "TPI": 0.6921349035715432,
  "OV_block_step": 113751247,
  "OV_frac": 1.550638091144131,
  "GE2_frac": 0.5474761736674902,
  "peak_blocks": 11931,
  "peak_step": 14297,
  "gpu_blocks": 2354,
  "total_steps": 31163,
  "type1_count": 17,
  "type2_count": 12,
  "plot_path": "traces/SS37_SL21_LS05_LL35/per05/per05_sv_ov1p6.png"
}