{
  "PPR": 8.166926677067083,
  "TPI": 0.6437508318913883,
  "OV_block_step": 25253569,
  "OV_frac": 1.3109657768448366,
  "GE2_frac": 0.41617862371888725,
  "peak_blocks": 5235,
  "peak_step": 18420,
  "gpu_blocks": 641,
  "total_steps": 30052,
  "type1_count": 27,
  "type2_count": 37,
  "plot_path": "traces/requests_types_32k/all_traces_arrival_rate_CV/SS00_SM00_SL00_MS00_MM00_ML00_LS33_LM33_LL34/lognormal_lambda4.0x_cv2/lognormal_lambda4.0x_cv2.png"
}