{
  "PPR": 5.2047244094488185,
  "TPI": 0.5519219736087206,
  "OV_block_step": 2449302,
  "OV_frac": 1.1064740401425726,
  "GE2_frac": 0.4072289156626506,
  "peak_blocks": 1322,
  "peak_step": 6785,
  "gpu_blocks": 254,
  "total_steps": 8715,
  "type1_count": 20,
  "type2_count": 11,
  "plot_path": "traces/requests_types_16k/all_traces_arrival_rate_CV/SS03_SM42_SL05_MS03_MM05_ML25_LS13_LM02_LL00/lognormal_lambda4.5x_cv2/lognormal_lambda4.5x_cv2.png"
}