{
  "PPR": 3.1168384879725086,
  "TPI": 0.22895454545454547,
  "OV_block_step": 1513458,
  "OV_frac": 0.11820196813495783,
  "GE2_frac": 0.036727272727272726,
  "peak_blocks": 907,
  "peak_step": 39346,
  "gpu_blocks": 291,
  "total_steps": 44000,
  "type1_count": 69,
  "type2_count": 53,
  "plot_path": "traces/requests_types_16k/all_traces_arrival_rate_CV/SS11_SM02_SL03_MS00_MM36_ML08_LS16_LM20_LL04/lognormal_lambda1.5x_cv2/lognormal_lambda1.5x_cv2.png"
}