{
  "PPR": 5.225806451612903,
  "TPI": 0.704119850187266,
  "OV_block_step": 1986262,
  "OV_frac": 0.6665935054300404,
  "GE2_frac": 0.2846441947565543,
  "peak_blocks": 1458,
  "peak_step": 2384,
  "gpu_blocks": 279,
  "total_steps": 10680,
  "type1_count": 59,
  "type2_count": 25,
  "plot_path": "traces/requests_types_16k/all_traces_arrival_rate_CV/SS00_SM00_SL00_MS00_MM00_ML00_LS33_LM66_LL01/lognormal_lambda5.0x_cv3/lognormal_lambda5.0x_cv3.png"
}