{
  "PPR": 6.172955974842767,
  "TPI": 0.10454237791026509,
  "OV_block_step": 3509248,
  "OV_frac": 0.10232052618132785,
  "GE2_frac": 0.034946361183484626,
  "peak_blocks": 1963,
  "peak_step": 1113,
  "gpu_blocks": 318,
  "total_steps": 107851,
  "type1_count": 52,
  "type2_count": 39,
  "plot_path": "traces/requests_types_16k/all_traces_arrival_rate_CV/SS00_SM00_SL00_MS00_MM00_ML00_LS33_LM00_LL67/lognormal_lambda2.0x_cv7/lognormal_lambda2.0x_cv7.png"
}