{
  "PPR": 4.009124087591241,
  "TPI": 0.3837429908512163,
  "OV_block_step": 4955209,
  "OV_frac": 0.3812282216695907,
  "GE2_frac": 0.1732788060204899,
  "peak_blocks": 2197,
  "peak_step": 12348,
  "gpu_blocks": 548,
  "total_steps": 23719,
  "type1_count": 46,
  "type2_count": 25,
  "plot_path": "traces/requests_types_32k/all_traces_arrival_rate_CV/SS03_SM35_SL00_MS13_MM01_ML28_LS01_LM18_LL02/lognormal_lambda5.0x_cv7/lognormal_lambda5.0x_cv7.png"
}