{
  "PPR": 7.3119266055045875,
  "TPI": 0.6608594657375145,
  "OV_block_step": 3302881,
  "OV_frac": 1.3034654170627915,
  "GE2_frac": 0.5032907471931862,
  "peak_blocks": 2391,
  "peak_step": 3979,
  "gpu_blocks": 327,
  "total_steps": 7749,
  "type1_count": 20,
  "type2_count": 18,
  "plot_path": "traces/requests_types_16k/all_traces_arrival_rate_CV/SS00_SM00_SL00_MS00_MM00_ML00_LS00_LM33_LL67/lognormal_lambda2.5x_cv4/lognormal_lambda2.5x_cv4.png"
}