{
  "PPR": 1.8909774436090225,
  "TPI": 0.09311610275436545,
  "OV_block_step": 187029,
  "OV_frac": 0.02835490347031429,
  "GE2_frac": 0.0,
  "peak_blocks": 503,
  "peak_step": 18404,
  "gpu_blocks": 266,
  "total_steps": 24797,
  "type1_count": 24,
  "type2_count": 18,
  "plot_path": "traces/requests_types_16k/all_traces_arrival_rate_CV/SS03_SM35_SL00_MS13_MM01_ML28_LS01_LM18_LL02/lognormal_lambda1.0x_cv2/lognormal_lambda1.0x_cv2.png"
}