{
  "PPR": 3.0839160839160837,
  "TPI": 0.12042917758979486,
  "OV_block_step": 641413,
  "OV_frac": 0.12122390190550511,
  "GE2_frac": 0.05856598470311613,
  "peak_blocks": 441,
  "peak_step": 30460,
  "gpu_blocks": 143,
  "total_steps": 37001,
  "type1_count": 43,
  "type2_count": 18,
  "plot_path": "traces/requests_types_8k/all_traces_arrival_rate_CV/SS18_SM08_SL17_MS21_MM06_ML10_LS10_LM03_LL07/lognormal_lambda1.0x_cv7/lognormal_lambda1.0x_cv7.png"
}