{
  "PPR": 3.2907383136740935,
  "TPI": 0.8279060636548796,
  "OV_block_step": 157194763,
  "OV_frac": 0.8426049661596535,
  "GE2_frac": 0.4625653358199799,
  "peak_blocks": 15065,
  "peak_step": 19152,
  "gpu_blocks": 4578,
  "total_steps": 40751,
  "type1_count": 51,
  "type2_count": 12,
  "plot_path": "traces/request_types/SS00_SL50_LS00_LL50/tsa05/tsa05_hi_ov84.png"
}