{
  "PPR": 2.7504215851602023,
  "TPI": 0.2193332446690606,
  "OV_block_step": 6556543,
  "OV_frac": 0.1225402859878826,
  "GE2_frac": 0.04649332801347697,
  "peak_blocks": 1631,
  "peak_step": 52612,
  "gpu_blocks": 593,
  "total_steps": 90228,
  "type1_count": 69,
  "type2_count": 50,
  "plot_path": "traces/requests_types_32k/all_traces_arrival_rate_CV/SS05_SM02_SL22_MS01_MM07_ML11_LS31_LM03_LL19/lognormal_lambda1.0x_cv2/lognormal_lambda1.0x_cv2.png"
}