{
  "PPR": 2.3893034825870645,
  "TPI": 0.525612270327828,
  "OV_block_step": 161849272,
  "OV_frac": 0.3508236474574498,
  "GE2_frac": 0.08056367384852398,
  "peak_blocks": 24973,
  "peak_step": 21393,
  "gpu_blocks": 10452,
  "total_steps": 44139,
  "type1_count": 64,
  "type2_count": 10,
  "plot_path": "traces/request_types/SS03_SL00_LS04_LL91/per05/per05_md_ov35.png"
}