{
  "PPR": 4.697916666666667,
  "TPI": 0.7161978825980571,
  "OV_block_step": 107042168,
  "OV_frac": 0.8441615361864153,
  "GE2_frac": 0.36488843665964094,
  "peak_blocks": 7216,
  "peak_step": 51134,
  "gpu_blocks": 1536,
  "total_steps": 82554,
  "type1_count": 60,
  "type2_count": 17,
  "plot_path": "traces/requests_types_48k/all_traces_arrival_rate_CV/SS03_SM35_SL00_MS13_MM01_ML28_LS01_LM18_LL02/lognormal_lambda4.0x_cv1/lognormal_lambda4.0x_cv1.png"
}