{
  "PPR": 3.590909090909091,
  "TPI": 0.7582961677126452,
  "OV_block_step": 396233229,
  "OV_frac": 0.7695810417703541,
  "GE2_frac": 0.35143276805982104,
  "peak_blocks": 9875,
  "peak_step": 108062,
  "gpu_blocks": 2750,
  "total_steps": 187225,
  "type1_count": 72,
  "type2_count": 30,
  "plot_path": "traces/sy_requests/all_traces_arrival_rate_CV/SS07_SM08_SL06_MS09_MM09_ML09_LS07_LM08_LL38/lognormal_lambda4.0x_cv1/lognormal_lambda4.0x_cv1.png"
}