{
  "PPR": 2.4536082474226806,
  "TPI": 0.325088431127757,
  "OV_block_step": 1600408,
  "OV_frac": 0.1430421308988049,
  "GE2_frac": 0.027023512276321264,
  "peak_blocks": 714,
  "peak_step": 11876,
  "gpu_blocks": 291,
  "total_steps": 38448,
  "type1_count": 83,
  "type2_count": 53,
  "plot_path": "traces/requests_types_16k/all_traces_arrival_rate_CV/SS11_SM02_SL03_MS00_MM36_ML08_LS16_LM20_LL04/lognormal_lambda1.5x_cv1/lognormal_lambda1.5x_cv1.png"
}