{
  "PPR": 4.578032888613094,
  "TPI": 0.8420486755937836,
  "OV_block_step": 203797813,
  "OV_frac": 1.5451161704799097,
  "GE2_frac": 0.6483970286384517,
  "peak_blocks": 14755,
  "peak_step": 11284,
  "gpu_blocks": 3223,
  "total_steps": 40924,
  "type1_count": 15,
  "type2_count": 10,
  "plot_path": "traces/SS00_SL50_LS00_LL50/uni05/uni05_sv_ov1p5.png"
}