{
  "PPR": 2.905511811023622,
  "TPI": 0.26632421219006225,
  "OV_block_step": 141208,
  "OV_frac": 0.10983641368645969,
  "GE2_frac": 0.01778129013138398,
  "peak_blocks": 369,
  "peak_step": 521,
  "gpu_blocks": 127,
  "total_steps": 10123,
  "type1_count": 72,
  "type2_count": 54,
  "plot_path": "traces/requests_types_8k/all_traces_arrival_rate_CV/SS05_SM22_SL01_MS13_MM01_ML37_LS03_LM03_LL15/lognormal_lambda2.5x_cv3/lognormal_lambda2.5x_cv3.png"
}