{
  "PPR": 1.2740740740740741,
  "TPI": 0.03932519576232151,
  "OV_block_step": 9782,
  "OV_frac": 0.004171997884572735,
  "GE2_frac": 0.0,
  "peak_blocks": 172,
  "peak_step": 13437,
  "gpu_blocks": 135,
  "total_steps": 17368,
  "type1_count": 18,
  "type2_count": 16,
  "plot_path": "traces/requests_types_8k/all_traces_arrival_rate_CV/SS15_SM13_SL18_MS00_MM19_ML17_LS06_LM03_LL09/lognormal_lambda1.0x_cv1/lognormal_lambda1.0x_cv1.png"
}