{
  "PPR": 2.3376623376623376,
  "TPI": 0.36822695035460995,
  "OV_block_step": 279618,
  "OV_frac": 0.1716975223358202,
  "GE2_frac": 0.01966903073286052,
  "peak_blocks": 360,
  "peak_step": 3176,
  "gpu_blocks": 154,
  "total_steps": 10575,
  "type1_count": 54,
  "type2_count": 39,
  "plot_path": "traces/requests_types_8k/all_traces_arrival_rate_CV/SS11_SM11_SL11_MS11_MM11_ML11_LS11_LM11_LL11/lognormal_lambda2.0x_cv2/lognormal_lambda2.0x_cv2.png"
}