{
  "PPR": 5.7725752508361206,
  "TPI": 0.7777218249571961,
  "OV_block_step": 2902550,
  "OV_frac": 0.9776941367320012,
  "GE2_frac": 0.36196998690703996,
  "peak_blocks": 1726,
  "peak_step": 4652,
  "gpu_blocks": 299,
  "total_steps": 9929,
  "type1_count": 50,
  "type2_count": 31,
  "plot_path": "traces/requests_types_16k/all_traces_arrival_rate_CV/SS10_SM24_SL05_MS05_MM03_ML14_LS09_LM12_LL18/lognormal_lambda4.5x_cv1/lognormal_lambda4.5x_cv1.png"
}