{
  "PPR": 2.0666449405246863,
  "TPI": 0.6079705226413264,
  "OV_block_step": 63011359,
  "OV_frac": 0.24889588359498424,
  "GE2_frac": 0.007126927179288277,
  "peak_blocks": 25366,
  "peak_step": 2938,
  "gpu_blocks": 12274,
  "total_steps": 20626,
  "type1_count": 32,
  "type2_count": 12,
  "plot_path": "traces/SS14_SL39_LS12_LL33/bim05/bim05_md_ov25.png"
}