{
  "PPR": 3.255807983570787,
  "TPI": 0.8423349170949287,
  "OV_block_step": 131659312,
  "OV_frac": 0.819300770991817,
  "GE2_frac": 0.38490255017938524,
  "peak_blocks": 25366,
  "peak_step": 2938,
  "gpu_blocks": 7791,
  "total_steps": 20626,
  "type1_count": 16,
  "type2_count": 8,
  "plot_path": "traces/SS14_SL39_LS12_LL33/bim05/bim05_hi_ov82.png"
}