{
  "PPR": 2.713740458015267,
  "TPI": 0.2400198416977592,
  "OV_block_step": 2842145,
  "OV_frac": 0.11697847261402844,
  "GE2_frac": 0.051243341169366144,
  "peak_blocks": 1422,
  "peak_step": 29709,
  "gpu_blocks": 524,
  "total_steps": 46367,
  "type1_count": 49,
  "type2_count": 23,
  "plot_path": "traces/requests_types_32k/all_traces_arrival_rate_CV/SS03_SM42_SL05_MS03_MM05_ML25_LS13_LM02_LL00/lognormal_lambda2.5x_cv1/lognormal_lambda2.5x_cv1.png"
}