{
  "PPR": 4.629370629370629,
  "TPI": 0.2557719592415839,
  "OV_block_step": 792281,
  "OV_frac": 0.35730856271292233,
  "GE2_frac": 0.12840190893847542,
  "peak_blocks": 662,
  "peak_step": 14201,
  "gpu_blocks": 143,
  "total_steps": 15506,
  "type1_count": 52,
  "type2_count": 23,
  "plot_path": "traces/requests_types_8k/all_traces_arrival_rate_CV/SS18_SM08_SL17_MS21_MM06_ML10_LS10_LM03_LL07/lognormal_lambda1.5x_cv5/lognormal_lambda1.5x_cv5.png"
}