{
  "PPR": 5.532450896669514,
  "TPI": 0.8769244906312914,
  "OV_block_step": 374641193,
  "OV_frac": 1.3363157589370807,
  "GE2_frac": 0.6379660337323632,
  "peak_blocks": 12957,
  "peak_step": 55933,
  "gpu_blocks": 2342,
  "total_steps": 119707,
  "type1_count": 36,
  "type2_count": 25,
  "plot_path": "traces/requests_types_128k/all_traces_arrival_rate_CV/SS00_SM00_SL00_MS00_MM00_ML00_LS33_LM66_LL01/lognormal_lambda4.0x_cv1/lognormal_lambda4.0x_cv1.png"
}