{
  "PPR": 3.6,
  "TPI": 0.5076314651177162,
  "OV_block_step": 998710,
  "OV_frac": 0.44081090385854643,
  "GE2_frac": 0.20033368349502564,
  "peak_blocks": 504,
  "peak_step": 2520,
  "gpu_blocks": 140,
  "total_steps": 16183,
  "type1_count": 86,
  "type2_count": 34,
  "plot_path": "traces/requests_types_8k/all_traces_arrival_rate_CV/SS06_SM02_SL13_MS06_MM04_ML06_LS51_LM09_LL05/lognormal_lambda1.5x_cv6/lognormal_lambda1.5x_cv6.png"
}