{
  "PPR": 3.5519591141396933,
  "TPI": 0.5467583612531594,
  "OV_block_step": 8992575,
  "OV_frac": 0.4502306633738645,
  "GE2_frac": 0.18709222359372243,
  "peak_blocks": 2085,
  "peak_step": 19162,
  "gpu_blocks": 587,
  "total_steps": 34026,
  "type1_count": 75,
  "type2_count": 35,
  "plot_path": "traces/requests_types_32k/all_traces_arrival_rate_CV/SS19_SM26_SL11_MS14_MM09_ML02_LS10_LM01_LL08/lognormal_lambda3.5x_cv1/lognormal_lambda3.5x_cv1.png"
}