{
  "PPR": 4.354368932038835,
  "TPI": 0.7352828546562228,
  "OV_block_step": 10723213,
  "OV_frac": 0.6040549119679136,
  "GE2_frac": 0.21855526544821585,
  "peak_blocks": 2691,
  "peak_step": 13074,
  "gpu_blocks": 618,
  "total_steps": 28725,
  "type1_count": 65,
  "type2_count": 44,
  "plot_path": "traces/requests_types_32k/all_traces_arrival_rate_CV/SS00_SM00_SL00_MS00_MM00_ML00_LS33_LM66_LL01/lognormal_lambda3.5x_cv2/lognormal_lambda3.5x_cv2.png"
}