{
  "PPR": 3.3473684210526318,
  "TPI": 0.13484018940514944,
  "OV_block_step": 915052,
  "OV_frac": 0.059387185038654644,
  "GE2_frac": 0.014575318141461971,
  "peak_blocks": 954,
  "peak_step": 7678,
  "gpu_blocks": 285,
  "total_steps": 54064,
  "type1_count": 61,
  "type2_count": 46,
  "plot_path": "traces/requests_types_16k/all_traces_arrival_rate_CV/SS05_SM22_SL01_MS13_MM01_ML37_LS03_LM03_LL15/lognormal_lambda1.0x_cv2/lognormal_lambda1.0x_cv2.png"
}