{
  "PPR": 1.296260927055021,
  "TPI": 0.6713002891786313,
  "OV_block_step": 26409598,
  "OV_frac": 0.09842360953655888,
  "GE2_frac": 0.0,
  "peak_blocks": 17646,
  "peak_step": 9094,
  "gpu_blocks": 13613,
  "total_steps": 19711,
  "type1_count": 72,
  "type2_count": 14,
  "plot_path": "traces/SS28_SL29_LS27_LL15/bim05/bim05_lo_ov10.png"
}