{
  "PPR": 2.1565040650406506,
  "TPI": 0.42744930604701215,
  "OV_block_step": 89557087,
  "OV_frac": 0.15208946198569392,
  "GE2_frac": 0.009650420816835013,
  "peak_blocks": 7427,
  "peak_step": 119965,
  "gpu_blocks": 3444,
  "total_steps": 170977,
  "type1_count": 120,
  "type2_count": 77,
  "plot_path": "traces/requests_types_128k_bs8/all_traces_arrival_rate_CV/SS05_SM22_SL01_MS13_MM01_ML37_LS03_LM03_LL15/lognormal_lambda4.0x_cv1/lognormal_lambda4.0x_cv1.png"
}