{
  "PPR": 5.274725274725275,
  "TPI": 0.39212390443030376,
  "OV_block_step": 3484573,
  "OV_frac": 0.7662386638854403,
  "GE2_frac": 0.2698403169648217,
  "peak_blocks": 1440,
  "peak_step": 6175,
  "gpu_blocks": 273,
  "total_steps": 16658,
  "type1_count": 23,
  "type2_count": 19,
  "plot_path": "traces/requests_types_16k/all_traces_arrival_rate_CV/SS18_SM04_SL04_MS07_MM51_ML04_LS07_LM02_LL03/lognormal_lambda3.0x_cv4/lognormal_lambda3.0x_cv4.png"
}