{
  "PPR": 5.34452296819788,
  "TPI": 0.7436590753294234,
  "OV_block_step": 16240996,
  "OV_frac": 1.092784645540972,
  "GE2_frac": 0.49771498210069315,
  "peak_blocks": 3025,
  "peak_step": 4431,
  "gpu_blocks": 566,
  "total_steps": 26258,
  "type1_count": 45,
  "type2_count": 16,
  "plot_path": "traces/requests_types_32k/all_traces_arrival_rate_CV/SS00_SM06_SL06_MS06_MM39_ML00_LS06_LM18_LL19/lognormal_lambda5.0x_cv3/lognormal_lambda5.0x_cv3.png"
}