{
  "PPR": 1.6638126168684184,
  "TPI": 0.43497695208828047,
  "OV_block_step": 44608940,
  "OV_frac": 0.10220728205399059,
  "GE2_frac": 0.0,
  "peak_blocks": 16906,
  "peak_step": 29128,
  "gpu_blocks": 10161,
  "total_steps": 42954,
  "type1_count": 49,
  "type2_count": 44,
  "plot_path": "traces/SS18_SL17_LS19_LL45/poi05/poi05_lo_ov10.png"
}