{
  "PPR": 4.5109612141652615,
  "TPI": 0.5680386194790132,
  "OV_block_step": 16701552,
  "OV_frac": 0.8828721952977099,
  "GE2_frac": 0.38616344315225226,
  "peak_blocks": 2675,
  "peak_step": 5681,
  "gpu_blocks": 593,
  "total_steps": 31901,
  "type1_count": 28,
  "type2_count": 13,
  "plot_path": "traces/requests_types_32k/all_traces_arrival_rate_CV/SS05_SM02_SL22_MS01_MM07_ML11_LS31_LM03_LL19/lognormal_lambda5.0x_cv1/lognormal_lambda5.0x_cv1.png"
}