{
  "PPR": 3.6929133858267718,
  "TPI": 0.8719876614613457,
  "OV_block_step": 574313,
  "OV_frac": 0.8718237143433993,
  "GE2_frac": 0.3682282629651051,
  "peak_blocks": 469,
  "peak_step": 4112,
  "gpu_blocks": 127,
  "total_steps": 5187,
  "type1_count": 52,
  "type2_count": 22,
  "plot_path": "traces/requests_types_8k/all_traces_arrival_rate_CV/SS15_SM17_SL08_MS09_MM06_ML17_LS06_LM14_LL09/lognormal_lambda4.0x_cv6/lognormal_lambda4.0x_cv6.png"
}