{
  "PPR": 2.1698181818181816,
  "TPI": 0.2819002975146591,
  "OV_block_step": 77514379,
  "OV_frac": 0.11631150696370367,
  "GE2_frac": 0.004893930453369426,
  "peak_blocks": 5967,
  "peak_step": 128746,
  "gpu_blocks": 2750,
  "total_steps": 242341,
  "type1_count": 53,
  "type2_count": 39,
  "plot_path": "traces/sy_requests/all_traces_arrival_rate_CV/SS18_SM04_SL04_MS07_MM51_ML04_LS07_LM02_LL03/lognormal_lambda2.0x_cv1/lognormal_lambda2.0x_cv1.png"
}