{
  "PPR": 3.7106227106227108,
  "TPI": 0.49317803660565723,
  "OV_block_step": 499204,
  "OV_frac": 0.3042572513454377,
  "GE2_frac": 0.12346089850249584,
  "peak_blocks": 1013,
  "peak_step": 3699,
  "gpu_blocks": 273,
  "total_steps": 6010,
  "type1_count": 73,
  "type2_count": 22,
  "plot_path": "traces/requests_types_16k/all_traces_arrival_rate_CV/SS06_SM27_SL20_MS09_MM11_ML01_LS04_LM12_LL10/lognormal_lambda3.5x_cv3/lognormal_lambda3.5x_cv3.png"
}