{
  "PPR": 3.621970920840065,
  "TPI": 0.4841446030892903,
  "OV_block_step": 9306657,
  "OV_frac": 0.35134220727523,
  "GE2_frac": 0.1573855537120557,
  "peak_blocks": 2242,
  "peak_step": 17600,
  "gpu_blocks": 619,
  "total_steps": 42793,
  "type1_count": 49,
  "type2_count": 55,
  "plot_path": "traces/requests_types_32k/all_traces_arrival_rate_CV/SS00_SM00_SL00_MS00_MM00_ML00_LS00_LM00_LL100/lognormal_lambda1.5x_cv1/lognormal_lambda1.5x_cv1.png"
}