{
  "PPR": 3.290529695024077,
  "TPI": 0.4957816724154004,
  "OV_block_step": 9491222,
  "OV_frac": 0.3550551472926285,
  "GE2_frac": 0.1370606879835928,
  "peak_blocks": 2050,
  "peak_step": 12284,
  "gpu_blocks": 623,
  "total_steps": 42908,
  "type1_count": 56,
  "type2_count": 42,
  "plot_path": "traces/requests_types_32k/all_traces_arrival_rate_CV/SS11_SM02_SL03_MS00_MM36_ML08_LS16_LM20_LL04/lognormal_lambda3.5x_cv4/lognormal_lambda3.5x_cv4.png"
}