{
  "PPR": 1.3575070821529744,
  "TPI": 0.017517827707072706,
  "OV_block_step": 1694955,
  "OV_frac": 0.002469557110618108,
  "GE2_frac": 0.0,
  "peak_blocks": 2396,
  "peak_step": 45196,
  "gpu_blocks": 1765,
  "total_steps": 388861,
  "type1_count": 10,
  "type2_count": 11,
  "plot_path": "traces/SS30_SL52_LS11_LL05/bur05/bur05_sk_ov1.png"
}