{
  "PPR": 1.6725521669341894,
  "TPI": 0.11374722292816095,
  "OV_block_step": 2037365,
  "OV_frac": 0.026809493250159227,
  "GE2_frac": 0.0,
  "peak_blocks": 1042,
  "peak_step": 32242,
  "gpu_blocks": 623,
  "total_steps": 121981,
  "type1_count": 52,
  "type2_count": 32,
  "plot_path": "traces/requests_types_32k/all_traces_arrival_rate_CV/SS11_SM02_SL03_MS00_MM36_ML08_LS16_LM20_LL04/lognormal_lambda1.0x_cv1/lognormal_lambda1.0x_cv1.png"
}