{
  "PPR": 1.5439045183290707,
  "TPI": 0.14686044254658384,
  "OV_block_step": 1268158,
  "OV_frac": 0.026230677762598423,
  "GE2_frac": 0.0,
  "peak_blocks": 1811,
  "peak_step": 32450,
  "gpu_blocks": 1173,
  "total_steps": 41216,
  "type1_count": 27,
  "type2_count": 29,
  "plot_path": "traces/requests_types_32k_bs8/all_traces_arrival_rate_CV/SS11_SM11_SL11_MS11_MM11_ML11_LS11_LM11_LL11/lognormal_lambda2.0x_cv1/lognormal_lambda2.0x_cv1.png"
}