{
  "PPR": 4.691358024691358,
  "TPI": 0.8533519621301313,
  "OV_block_step": 541140567,
  "OV_frac": 1.208763520983856,
  "GE2_frac": 0.5250975813503598,
  "peak_blocks": 10260,
  "peak_step": 190731,
  "gpu_blocks": 2187,
  "total_steps": 204701,
  "type1_count": 73,
  "type2_count": 31,
  "plot_path": "traces/requests_types_64k/all_traces_arrival_rate_CV/SS00_SM00_SL00_MS00_MM00_ML00_LS00_LM00_LL100/lognormal_lambda3.0x_cv1/lognormal_lambda3.0x_cv1.png"
}