{
  "PPR": 3.0072463768115942,
  "TPI": 0.5773895343906369,
  "OV_block_step": 723407,
  "OV_frac": 0.44458313206215994,
  "GE2_frac": 0.20354507675345604,
  "peak_blocks": 415,
  "peak_step": 5685,
  "gpu_blocks": 138,
  "total_steps": 11791,
  "type1_count": 107,
  "type2_count": 38,
  "plot_path": "traces/requests_types_8k/all_traces_arrival_rate_CV/SS06_SM06_SL19_MS24_MM08_ML20_LS10_LM05_LL02/lognormal_lambda3.5x_cv1/lognormal_lambda3.5x_cv1.png"
}