{
  "PPR": 7.8161764705882355,
  "TPI": 0.8865384615384615,
  "OV_block_step": 171119,
  "OV_frac": 2.4196691176470586,
  "GE2_frac": 0.8403846153846154,
  "peak_blocks": 1063,
  "peak_step": 141,
  "gpu_blocks": 136,
  "total_steps": 520,
  "type1_count": 5,
  "type2_count": 8,
  "plot_path": "traces/requests_types_8k/all_traces_arrival_rate_CV/SS00_SM00_SL00_MS00_MM00_ML00_LS00_LM99_LL01/lognormal_lambda2.5x_cv5/lognormal_lambda2.5x_cv5.png"
}