{
  "PPR": 5.013671875,
  "TPI": 0.6320009731336218,
  "OV_block_step": 220245201,
  "OV_frac": 0.7071104641504231,
  "GE2_frac": 0.3169391002459135,
  "peak_blocks": 5134,
  "peak_step": 190264,
  "gpu_blocks": 1024,
  "total_steps": 304172,
  "type1_count": 131,
  "type2_count": 99,
  "plot_path": "traces/request_types/SS00_SL00_LS00_LL100/bim50/bim50_hi_ov78.png"
}