{
  "PPR": 2.864955357142857,
  "TPI": 0.38899701484686294,
  "OV_block_step": 105584034,
  "OV_frac": 0.19370508077784,
  "GE2_frac": 0.05049116946990519,
  "peak_blocks": 5134,
  "peak_step": 190264,
  "gpu_blocks": 1792,
  "total_steps": 304172,
  "type1_count": 158,
  "type2_count": 113,
  "plot_path": "traces/request_types/SS00_SL00_LS00_LL100/bim50/bim50_ml_ov23.png"
}