{
  "PPR": 1.8037137527556384,
  "TPI": 0.5312603845240921,
  "OV_block_step": 114039189,
  "OV_frac": 0.2295099601470146,
  "GE2_frac": 0.0,
  "peak_blocks": 21273,
  "peak_step": 26804,
  "gpu_blocks": 11794,
  "total_steps": 42130,
  "type1_count": 64,
  "type2_count": 18,
  "plot_path": "traces/request_types/SS06_SL07_LS05_LL80/tsa05/tsa05_ml_ov23.png"
}