{
  "PPR": 3.8445945945945947,
  "TPI": 0.3226804986195934,
  "OV_block_step": 418963,
  "OV_frac": 0.23683017494194605,
  "GE2_frac": 0.09085585208734209,
  "peak_blocks": 569,
  "peak_step": 7707,
  "gpu_blocks": 148,
  "total_steps": 11953,
  "type1_count": 57,
  "type2_count": 34,
  "plot_path": "traces/requests_types_8k/all_traces_arrival_rate_CV/SS10_SM24_SL05_MS05_MM03_ML14_LS09_LM12_LL18/lognormal_lambda1.5x_cv3/lognormal_lambda1.5x_cv3.png"
}