{
  "PPR": 2.5316455696202533,
  "TPI": 0.5235143034275086,
  "OV_block_step": 871286,
  "OV_frac": 0.32559669084110526,
  "GE2_frac": 0.08599769728102029,
  "peak_blocks": 600,
  "peak_step": 10816,
  "gpu_blocks": 237,
  "total_steps": 11291,
  "type1_count": 66,
  "type2_count": 38,
  "plot_path": "traces/requests_types_16k/all_traces_arrival_rate_CV/SS04_SM15_SL55_MS02_MM04_ML04_LS04_LM04_LL05/lognormal_lambda3.0x_cv5/lognormal_lambda3.0x_cv5.png"
}