{
  "PPR": 2.5526315789473686,
  "TPI": 0.418697282099344,
  "OV_block_step": 479220,
  "OV_frac": 0.21105657771420117,
  "GE2_frac": 0.03807403936269916,
  "peak_blocks": 679,
  "peak_step": 513,
  "gpu_blocks": 266,
  "total_steps": 8536,
  "type1_count": 57,
  "type2_count": 34,
  "plot_path": "traces/requests_types_16k/all_traces_arrival_rate_CV/SS03_SM35_SL00_MS13_MM01_ML28_LS01_LM18_LL02/lognormal_lambda3.5x_cv3/lognormal_lambda3.5x_cv3.png"
}