{
  "PPR": 2.0757575757575757,
  "TPI": 0.1421151439299124,
  "OV_block_step": 107164,
  "OV_frac": 0.050804035347214324,
  "GE2_frac": 0.0030663329161451816,
  "peak_blocks": 274,
  "peak_step": 3849,
  "gpu_blocks": 132,
  "total_steps": 15980,
  "type1_count": 60,
  "type2_count": 48,
  "plot_path": "traces/requests_types_8k/all_traces_arrival_rate_CV/SS06_SM01_SL07_MS08_MM02_ML49_LS05_LM19_LL03/lognormal_lambda2.0x_cv4/lognormal_lambda2.0x_cv4.png"
}