{
  "PPR": 5.111778846153846,
  "TPI": 0.669767229262607,
  "OV_block_step": 162638239,
  "OV_frac": 0.744586976281956,
  "GE2_frac": 0.30834218936286106,
  "peak_blocks": 4253,
  "peak_step": 196118,
  "gpu_blocks": 832,
  "total_steps": 262533,
  "type1_count": 165,
  "type2_count": 82,
  "plot_path": "traces/request_types/all_traces/SS00_SL00_LS75_LL25/bim50/bim50_hi_ov85.png"
}