{
  "PPR": 6.322181818181818,
  "TPI": 0.7522320111546213,
  "OV_block_step": 1052900453,
  "OV_frac": 1.1889760914728633,
  "GE2_frac": 0.4581624065660722,
  "peak_blocks": 17386,
  "peak_step": 216077,
  "gpu_blocks": 2750,
  "total_steps": 322019,
  "type1_count": 65,
  "type2_count": 31,
  "plot_path": "traces/sy_requests/all_traces_arrival_rate_CV/SS02_SM04_SL04_MS04_MM15_ML55_LS04_LM04_LL05/lognormal_lambda3.5x_cv1/lognormal_lambda3.5x_cv1.png"
}