{
  "PPR": 1.8125,
  "TPI": 0.3022676628653821,
  "OV_block_step": 650760,
  "OV_frac": 0.0952018145048031,
  "GE2_frac": 0.0,
  "peak_blocks": 812,
  "peak_step": 13303,
  "gpu_blocks": 448,
  "total_steps": 15258,
  "type1_count": 25,
  "type2_count": 29,
  "plot_path": "traces/request_types/all_traces/SS54_SM10_SL01_MS02_MM09_ML02_LS06_LM14_LL01/bim50/bim50_lo_ov11.png"
}