{
  "PPR": 4.06,
  "TPI": 0.714182723817014,
  "OV_block_step": 2533487,
  "OV_frac": 0.8302159522873247,
  "GE2_frac": 0.3856337658933019,
  "peak_blocks": 812,
  "peak_step": 13303,
  "gpu_blocks": 200,
  "total_steps": 15258,
  "type1_count": 57,
  "type2_count": 38,
  "plot_path": "traces/request_types/all_traces/SS54_SM10_SL01_MS02_MM09_ML02_LS06_LM14_LL01/bim50/bim50_hi_ov80.png"
}