{
  "PPR": 2.3068181818181817,
  "TPI": 0.4414733254686066,
  "OV_block_step": 1206398,
  "OV_frac": 0.22462098869147631,
  "GE2_frac": 0.027592082841787914,
  "peak_blocks": 812,
  "peak_step": 13303,
  "gpu_blocks": 352,
  "total_steps": 15258,
  "type1_count": 34,
  "type2_count": 40,
  "plot_path": "traces/request_types/all_traces/SS54_SM10_SL01_MS02_MM09_ML02_LS06_LM14_LL01/bim50/bim50_ml_ov22.png"
}