{
  "PPR": 4.703549060542797,
  "TPI": 0.46426383500102103,
  "OV_block_step": 2830128,
  "OV_frac": 0.6032682444153317,
  "GE2_frac": 0.3010006126199714,
  "peak_blocks": 2253,
  "peak_step": 3475,
  "gpu_blocks": 479,
  "total_steps": 9794,
  "type1_count": 20,
  "type2_count": 20,
  "plot_path": "traces/requests_types_32k/all_traces_arrival_rate_CV/SS55_SM04_SL04_MS04_MM02_ML15_LS04_LM04_LL05/lognormal_lambda4.0x_cv6/lognormal_lambda4.0x_cv6.png"
}