{
  "PPR": 1.6723044397463003,
  "TPI": 0.4069800980674935,
  "OV_block_step": 714054,
  "OV_frac": 0.10885693012523394,
  "GE2_frac": 0.0,
  "peak_blocks": 1582,
  "peak_step": 2341,
  "gpu_blocks": 946,
  "total_steps": 6934,
  "type1_count": 74,
  "type2_count": 37,
  "plot_path": "traces/request_types/SS100_SL00_LS00_LL00/poi05/poi05_lo_ov11.png"
}