{
  "PPR": 1.4826616682286786,
  "TPI": 0.3253533314104413,
  "OV_block_step": 407326,
  "OV_frac": 0.055054633471458975,
  "GE2_frac": 0.0,
  "peak_blocks": 1582,
  "peak_step": 2341,
  "gpu_blocks": 1067,
  "total_steps": 6934,
  "type1_count": 63,
  "type2_count": 39,
  "plot_path": "traces/request_types/SS100_SL00_LS00_LL00/poi05/poi05_vl_ov5.png"
}