{
  "PPR": 1.465201465201465,
  "TPI": 0.031412884842588085,
  "OV_block_step": 49912,
  "OV_frac": 0.006353041866281146,
  "GE2_frac": 0.0,
  "peak_blocks": 400,
  "peak_step": 26340,
  "gpu_blocks": 273,
  "total_steps": 28778,
  "type1_count": 12,
  "type2_count": 15,
  "plot_path": "traces/requests_types_16k/all_traces_arrival_rate_CV/SS06_SM27_SL20_MS09_MM11_ML01_LS04_LM12_LL10/lognormal_lambda1.0x_cv1/lognormal_lambda1.0x_cv1.png"
}