{
  "PPR": 2.3386837881219904,
  "TPI": 0.333061423092335,
  "OV_block_step": 5494267,
  "OV_frac": 0.12620997415554838,
  "GE2_frac": 0.023527391379014252,
  "peak_blocks": 1457,
  "peak_step": 28318,
  "gpu_blocks": 623,
  "total_steps": 69876,
  "type1_count": 75,
  "type2_count": 43,
  "plot_path": "traces/requests_types_32k/all_traces_arrival_rate_CV/SS11_SM02_SL03_MS00_MM36_ML08_LS16_LM20_LL04/lognormal_lambda1.2x_cv1/lognormal_lambda1.2x_cv1.png"
}