{
  "PPR": 2.0938317757009344,
  "TPI": 0.5205367146722051,
  "OV_block_step": 47208883,
  "OV_frac": 0.24114148280747225,
  "GE2_frac": 0.01005656819610308,
  "peak_blocks": 11202,
  "peak_step": 18127,
  "gpu_blocks": 5350,
  "total_steps": 36593,
  "type1_count": 62,
  "type2_count": 35,
  "plot_path": "traces/SS13_SL07_LS74_LL04/per05/per05_md_ov24.png"
}