{
  "PPR": 4.298701298701299,
  "TPI": 0.517206132879046,
  "OV_block_step": 504161,
  "OV_frac": 0.5577125600123897,
  "GE2_frac": 0.22146507666098808,
  "peak_blocks": 662,
  "peak_step": 1951,
  "gpu_blocks": 154,
  "total_steps": 5870,
  "type1_count": 32,
  "type2_count": 15,
  "plot_path": "traces/requests_types_8k/all_traces_arrival_rate_CV/SS11_SM11_SL11_MS11_MM11_ML11_LS11_LM11_LL11/lognormal_lambda4.5x_cv3/lognormal_lambda4.5x_cv3.png"
}