{
  "PPR": 4.95,
  "TPI": 0.3782608695652174,
  "OV_block_step": 582637,
  "OV_frac": 0.4947664741847826,
  "GE2_frac": 0.21752717391304346,
  "peak_blocks": 792,
  "peak_step": 3239,
  "gpu_blocks": 160,
  "total_steps": 7360,
  "type1_count": 26,
  "type2_count": 28,
  "plot_path": "traces/requests_types_8k/all_traces_arrival_rate_CV/SS07_SM08_SL06_MS09_MM09_ML09_LS07_LM08_LL38/lognormal_lambda2.5x_cv2/lognormal_lambda2.5x_cv2.png"
}