{
  "PPR": 3.64,
  "TPI": 0.6778385534613106,
  "OV_block_step": 303430473,
  "OV_frac": 0.48051751479889654,
  "GE2_frac": 0.2125518238511654,
  "peak_blocks": 10010,
  "peak_step": 178405,
  "gpu_blocks": 2750,
  "total_steps": 229624,
  "type1_count": 100,
  "type2_count": 42,
  "plot_path": "traces/requests_types_96k/all_traces_arrival_rate_CV/SS10_SM00_SL12_MS50_MM04_ML04_LS04_LM08_LL09/lognormal_lambda3.5x_cv1/lognormal_lambda3.5x_cv1.png"
}