{
  "PPR": 5.474025974025974,
  "TPI": 0.8334946757018393,
  "OV_block_step": 484425,
  "OV_frac": 1.0150425566688877,
  "GE2_frac": 0.4485317844465957,
  "peak_blocks": 843,
  "peak_step": 2167,
  "gpu_blocks": 154,
  "total_steps": 3099,
  "type1_count": 39,
  "type2_count": 26,
  "plot_path": "traces/requests_types_8k/all_traces_arrival_rate_CV/SS00_SM00_SL00_MS00_MM00_ML00_LS00_LM66_LL34/lognormal_lambda4.5x_cv1/lognormal_lambda4.5x_cv1.png"
}