{
  "PPR": 1.919134396355353,
  "TPI": 0.04731808008093488,
  "OV_block_step": 5881720,
  "OV_frac": 0.009109250838442537,
  "GE2_frac": 0.0,
  "peak_blocks": 3370,
  "peak_step": 64982,
  "gpu_blocks": 1756,
  "total_steps": 367703,
  "type1_count": 30,
  "type2_count": 25,
  "plot_path": "traces/SS12_SL06_LS43_LL37/bur05/bur05_lo_ov6.png"
}