{
  "PPR": 4.515151515151516,
  "TPI": 0.5256383203207428,
  "OV_block_step": 270700,
  "OV_frac": 0.43274057306553615,
  "GE2_frac": 0.18822536400084405,
  "peak_blocks": 596,
  "peak_step": 2576,
  "gpu_blocks": 132,
  "total_steps": 4739,
  "type1_count": 38,
  "type2_count": 36,
  "plot_path": "traces/requests_types_8k/all_traces_arrival_rate_CV/SS06_SM01_SL07_MS08_MM02_ML49_LS05_LM19_LL03/lognormal_lambda3.0x_cv6/lognormal_lambda3.0x_cv6.png"
}