{
  "batch_size": 4,
  "max_model_len": 32384,
  "num_gpu_blocks_override": 12254,
  "arrival_pattern": "UniformArrival(max_step=23572)",
  "vocab": [200, 30000],
  "requests": {
    "request_0": {"category": "LL_I3264-4912_O13104-19648", "input_length": 4588, "output_length": 15652, "arrival_time": 0, "sched_time": 0, "wait_time": 0, "slo": 0.06979489530788237},
    "request_1": {"category": "LS_I3264-4912_O1632-2448", "input_length": 3367, "output_length": 2047, "arrival_time": 0, "sched_time": 0, "wait_time": 0, "slo": 0.05494305087573631},
    "request_2": {"category": "LS_I6544-9824_O400-608", "input_length": 9173, "output_length": 414, "arrival_time": 0, "sched_time": 0, "wait_time": 0, "slo": 0.059123325178673414},
    "request_3": {"category": "LL_I13104-19648_O3264-4912", "input_length": 14851, "output_length": 3720, "arrival_time": 0, "sched_time": 0, "wait_time": 0, "slo": 0.06812298593534413},
    "request_4": {"category": "LS_I3264-4912_O1632-2448", "input_length": 3641, "output_length": 1965, "arrival_time": 860, "sched_time": 860, "wait_time": 0, "slo": 0.05513538556688511},
    "request_5": {"category": "LL_I3264-4912_O3264-4912", "input_length": 4759, "output_length": 4146, "arrival_time": 1379, "sched_time": 2048, "wait_time": 669, "slo": 0.05844013632782197},
    "request_6": {"category": "LL_I3264-4912_O3264-4912", "input_length": 3443, "output_length": 3278, "arrival_time": 1622, "sched_time": 2826, "wait_time": 1204, "slo": 0.05625232921600441},
    "request_7": {"category": "LL_I3264-4912_O3264-4912", "input_length": 3343, "output_length": 4755, "arrival_time": 1688, "sched_time": 3721, "wait_time": 2033, "slo": 0.05763172957908718},
    "request_8": {"category": "SL_I1632-2448_O6544-9824", "input_length": 1669, "output_length": 9048, "arrival_time": 1943, "sched_time": 6105, "wait_time": 4162, "slo": 0.06025529497553872},
    "request_9": {"category": "LS_I6544-9824_O816-1216", "input_length": 7439, "output_length": 1018, "arrival_time": 2199, "sched_time": 6195, "wait_time": 3996, "slo": 0.05799135538180811},
    "request_10": {"category": "LS_I6544-9824_O400-608", "input_length": 7803, "output_length": 492, "arrival_time": 2611, "sched_time": 7214, "wait_time": 4603, "slo": 0.05782907298615131},
    "request_11": {"category": "LS_I6544-9824_O816-1216", "input_length": 7326, "output_length": 999, "arrival_time": 2693, "sched_time": 7707, "wait_time": 5014, "slo": 0.05785912528164331},
    "request_12": {"category": "LL_I3264-4912_O3264-4912", "input_length": 4254, "output_length": 4910, "arrival_time": 2741, "sched_time": 8477, "wait_time": 5736, "slo": 0.05869958781223622},
    "request_13": {"category": "LL_I6544-9824_O6544-9824", "input_length": 7955, "output_length": 8317, "arrival_time": 3126, "sched_time": 8707, "wait_time": 5581, "slo": 0.06581997835747393},
    "request_14": {"category": "LS_I13104-19648_O816-1216", "input_length": 19055, "output_length": 938, "arrival_time": 3398, "sched_time": 13388, "wait_time": 9990, "slo": 0.0695474647416649},
    "request_15": {"category": "LS_I13104-19648_O816-1216", "input_length": 15405, "output_length": 905, "arrival_time": 3766, "sched_time": 14327, "wait_time": 10561, "slo": 0.06585804459843045},
    "request_16": {"category": "LS_I6544-9824_O192-304", "input_length": 7381, "output_length": 211, "arrival_time": 3967, "sched_time": 15154, "wait_time": 11187, "slo": 0.05712484752845546},
    "request_17": {"category": "LS_I6544-9824_O1632-2448", "input_length": 7807, "output_length": 2183, "arrival_time": 4016, "sched_time": 15233, "wait_time": 11217, "slo": 0.05952702768144927},
    "request_18": {"category": "LS_I13104-19648_O400-608", "input_length": 13582, "output_length": 544, "arrival_time": 4398, "sched_time": 15366, "wait_time": 10968, "slo": 0.06367023748661291},
    "request_19": {"category": "LS_I3264-4912_O400-608", "input_length": 3478, "output_length": 467, "arrival_time": 4438, "sched_time": 15653, "wait_time": 11215, "slo": 0.053471490139811416},
    "request_20": {"category": "LS_I3264-4912_O400-608", "input_length": 4854, "output_length": 571, "arrival_time": 4459, "sched_time": 15911, "wait_time": 11452, "slo": 0.054954070050750044},
    "request_21": {"category": "LL_I6544-9824_O6544-9824", "input_length": 7700, "output_length": 6731, "arrival_time": 4540, "sched_time": 16121, "wait_time": 11581, "slo": 0.06397576915744824},
    "request_22": {"category": "LL_I13104-19648_O6544-9824", "input_length": 17562, "output_length": 7133, "arrival_time": 4589, "sched_time": 16483, "wait_time": 11894, "slo": 0.07425766118844426},
    "request_23": {"category": "LL_I3264-4912_O13104-19648", "input_length": 4157, "output_length": 16261, "arrival_time": 4645, "sched_time": 17025, "wait_time": 12380, "slo": 0.06997320559446824},
    "request_24": {"category": "LS_I13104-19648_O816-1216", "input_length": 17490, "output_length": 1203, "arrival_time": 4924, "sched_time": 17417, "wait_time": 12493, "slo": 0.06824519860367827},
    "request_25": {"category": "LL_I13104-19648_O6544-9824", "input_length": 13502, "output_length": 6610, "arrival_time": 5147, "sched_time": 18621, "wait_time": 13474, "slo": 0.06966667218044983},
    "request_26": {"category": "LL_I6544-9824_O13104-19648", "input_length": 7810, "output_length": 17467, "arrival_time": 5519, "sched_time": 22853, "wait_time": 17334, "slo": 0.07484067572098904},
    "request_27": {"category": "SL_I1632-2448_O6544-9824", "input_length": 2252, "output_length": 8405, "arrival_time": 5791, "sched_time": 23617, "wait_time": 17826, "slo": 0.060195190384554724},
    "request_28": {"category": "LS_I3264-4912_O400-608", "input_length": 4833, "output_length": 494, "arrival_time": 6322, "sched_time": 25232, "wait_time": 18910, "slo": 0.05485589921880951},
    "request_29": {"category": "LS_I13104-19648_O816-1216", "input_length": 15756, "output_length": 1009, "arrival_time": 6337, "sched_time": 25727, "wait_time": 19390, "slo": 0.06631383774672578},
    "request_30": {"category": "LS_I13104-19648_O1632-2448", "input_length": 15174, "output_length": 2292, "arrival_time": 6971, "sched_time": 26737, "wait_time": 19766, "slo": 0.06701605971805549},
    "request_31": {"category": "LS_I13104-19648_O1632-2448", "input_length": 17816, "output_length": 2102, "arrival_time": 7229, "sched_time": 29030, "wait_time": 21801, "slo": 0.0694723340029349},
    "request_32": {"category": "LL_I13104-19648_O3264-4912", "input_length": 14647, "output_length": 3447, "arrival_time": 7263, "sched_time": 31133, "wait_time": 23870, "slo": 0.06764515443702135},
    "request_33": {"category": "LL_I6544-9824_O6544-9824", "input_length": 7730, "output_length": 7190, "arrival_time": 8092, "sched_time": 32023, "wait_time": 23931, "slo": 0.06446562157396782},
    "request_34": {"category": "LL_I3264-4912_O6544-9824", "input_length": 3409, "output_length": 6758, "arrival_time": 8163, "sched_time": 33287, "wait_time": 25124, "slo": 0.059704336224852064},
    "request_35": {"category": "SL_I816-1216_O13104-19648", "input_length": 1003, "output_length": 18330, "arrival_time": 8604, "sched_time": 34581, "wait_time": 25977, "slo": 0.06888631424084092},
    "request_36": {"category": "SL_I1632-2448_O13104-19648", "input_length": 1835, "output_length": 17111, "arrival_time": 8719, "sched_time": 39214, "wait_time": 30495, "slo": 0.06849863962899413},
    "request_37": {"category": "SL_I816-1216_O13104-19648", "input_length": 1120, "output_length": 15801, "arrival_time": 8769, "sched_time": 40046, "wait_time": 31277, "slo": 0.06647010968328418},
    "request_38": {"category": "LL_I13104-19648_O6544-9824", "input_length": 18713, "output_length": 8443, "arrival_time": 9220, "sched_time": 40321, "wait_time": 31101, "slo": 0.07672295116197127},
    "request_39": {"category": "LS_I13104-19648_O1632-2448", "input_length": 19055, "output_length": 2443, "arrival_time": 9338, "sched_time": 48765, "wait_time": 39427, "slo": 0.07105508823218021},