{
  "PPR": 5.6978967495219885,
  "TPI": 0.33365505008347246,
  "OV_block_step": 5980715,
  "OV_frac": 0.29829407162032323,
  "GE2_frac": 0.11034015025041737,
  "peak_blocks": 2980,
  "peak_step": 30731,
  "gpu_blocks": 523,
  "total_steps": 38336,
  "type1_count": 38,
  "type2_count": 31,
  "plot_path": "traces/requests_types_32k/all_traces_arrival_rate_CV/SS06_SM01_SL07_MS08_MM02_ML49_LS05_LM19_LL03/lognormal_lambda2.5x_cv6/lognormal_lambda2.5x_cv6.png"
}