{
  "PPR": 6.690515806988353,
  "TPI": 0.5748548459133542,
  "OV_block_step": 16249975,
  "OV_frac": 1.2076028563381411,
  "GE2_frac": 0.40719071013845465,
  "peak_blocks": 4021,
  "peak_step": 9360,
  "gpu_blocks": 601,
  "total_steps": 22390,
  "type1_count": 27,
  "type2_count": 23,
  "plot_path": "traces/requests_types_32k/all_traces_arrival_rate_CV/SS09_SM11_SL08_MS09_MM08_ML09_LS18_LM23_LL05/lognormal_lambda4.0x_cv5/lognormal_lambda4.0x_cv5.png"
}