{
  "PPR": 5.045454545454546,
  "TPI": 0.4589278827612804,
  "OV_block_step": 446448,
  "OV_frac": 0.5590075177425736,
  "GE2_frac": 0.1986116467412264,
  "peak_blocks": 777,
  "peak_step": 3519,
  "gpu_blocks": 154,
  "total_steps": 5186,
  "type1_count": 30,
  "type2_count": 29,
  "plot_path": "traces/requests_types_8k/all_traces_arrival_rate_CV/SS00_SM00_SL00_MS00_MM00_ML00_LS00_LM66_LL34/lognormal_lambda2.0x_cv2/lognormal_lambda2.0x_cv2.png"
}