{
  "PPR": 5.072992700729927,
  "TPI": 0.6538051840454492,
  "OV_block_step": 6900730,
  "OV_frac": 0.7452108529234661,
  "GE2_frac": 0.36051603740087584,
  "peak_blocks": 2780,
  "peak_step": 8714,
  "gpu_blocks": 548,
  "total_steps": 16898,
  "type1_count": 50,
  "type2_count": 41,
  "plot_path": "traces/requests_types_32k/all_traces_arrival_rate_CV/SS03_SM35_SL00_MS13_MM01_ML28_LS01_LM18_LL02/lognormal_lambda4.5x_cv5/lognormal_lambda4.5x_cv5.png"
}