{
  "PPR": 6.354107648725212,
  "TPI": 0.9212010498017662,
  "OV_block_step": 595222446,
  "OV_frac": 1.6813805437393186,
  "GE2_frac": 0.6991950987978334,
  "peak_blocks": 17944,
  "peak_step": 83632,
  "gpu_blocks": 2824,
  "total_steps": 125357,
  "type1_count": 26,
  "type2_count": 16,
  "plot_path": "traces/requests_types_128k/all_traces_arrival_rate_CV/SS00_SM00_SL00_MS00_MM00_ML00_LS00_LM66_LL34/lognormal_lambda4.0x_cv1/lognormal_lambda4.0x_cv1.png"
}