{
  "PPR": 5.189097103918228,
  "TPI": 0.7608567287562402,
  "OV_block_step": 14718413,
  "OV_frac": 1.3459636808504043,
  "GE2_frac": 0.5322346878522733,
  "peak_blocks": 3046,
  "peak_step": 9021,
  "gpu_blocks": 587,
  "total_steps": 18629,
  "type1_count": 23,
  "type2_count": 12,
  "plot_path": "traces/requests_types_32k/all_traces_arrival_rate_CV/SS19_SM26_SL11_MS14_MM09_ML02_LS10_LM01_LL08/lognormal_lambda4.0x_cv6/lognormal_lambda4.0x_cv6.png"
}