{
  "PPR": 5.289132197891322,
  "TPI": 0.685150049982659,
  "OV_block_step": 176393547,
  "OV_frac": 1.4592943249690373,
  "GE2_frac": 0.5886121141644736,
  "peak_blocks": 13043,
  "peak_step": 18568,
  "gpu_blocks": 2466,
  "total_steps": 49017,
  "type1_count": 16,
  "type2_count": 4,
  "plot_path": "traces/SS07_SL67_LS17_LL07/tsa05/tsa05_sv_ov1p5.png"
}