{
  "PPR": 1.6600985221674878,
  "TPI": 0.10707092899776631,
  "OV_block_step": 331196,
  "OV_frac": 0.011948496020817764,
  "GE2_frac": 0.0,
  "peak_blocks": 1685,
  "peak_step": 4977,
  "gpu_blocks": 1015,
  "total_steps": 27309,
  "type1_count": 21,
  "type2_count": 36,
  "plot_path": "traces/requests_types_32k_bs8/all_traces_arrival_rate_CV/SS07_SM02_SL09_MS02_MM02_ML07_LS02_LM57_LL10/lognormal_lambda2.0x_cv1/lognormal_lambda2.0x_cv1.png"
}