{
  "PPR": 2.786259541984733,
  "TPI": 0.2953465044267085,
  "OV_block_step": 4371856,
  "OV_frac": 0.1819363391604818,
  "GE2_frac": 0.06938811112564874,
  "peak_blocks": 1460,
  "peak_step": 31169,
  "gpu_blocks": 524,
  "total_steps": 45858,
  "type1_count": 49,
  "type2_count": 32,
  "plot_path": "traces/requests_types_32k/all_traces_arrival_rate_CV/SS03_SM42_SL05_MS03_MM05_ML25_LS13_LM02_LL00/lognormal_lambda1.5x_cv7/lognormal_lambda1.5x_cv7.png"
}