{
  "PPR": 5.279569892473118,
  "TPI": 0.7393185505678745,
  "OV_block_step": 2235924,
  "OV_frac": 0.8668539227830213,
  "GE2_frac": 0.37047052460789615,
  "peak_blocks": 1473,
  "peak_step": 1988,
  "gpu_blocks": 279,
  "total_steps": 9245,
  "type1_count": 43,
  "type2_count": 25,
  "plot_path": "traces/requests_types_16k/all_traces_arrival_rate_CV/SS00_SM00_SL00_MS00_MM00_ML00_LS33_LM66_LL01/lognormal_lambda4.5x_cv3/lognormal_lambda4.5x_cv3.png"
}