{
  "PPR": 2.449950568462679,
  "TPI": 0.479520378860396,
  "OV_block_step": 40987847,
  "OV_frac": 0.2551882070482364,
  "GE2_frac": 0.05572069121870119,
  "peak_blocks": 19825,
  "peak_step": 2770,
  "gpu_blocks": 8092,
  "total_steps": 19849,
  "type1_count": 30,
  "type2_count": 15,
  "plot_path": "traces/SS37_SL21_LS05_LL35/bim05/bim05_md_ov25.png"
}