{
  "batch_size": 4,
  "max_model_len": 32384,
  "num_gpu_blocks_override": 11819,
  "arrival_pattern": "BimodalArrival(l1=0.00848169226724116,l2=0.1,p=0.7,max=16843)",
  "vocab": [200, 30000],
  "requests": {
    "request_0": {"category": "SS_I816-1216_O192-304", "input_length": 1125, "output_length": 198, "arrival_time": 0, "sched_time": 0, "wait_time": 0, "slo": 0.05084491951381068},
    "request_1": {"category": "SS_I816-1216_O400-608", "input_length": 1209, "output_length": 546, "arrival_time": 0, "sched_time": 0, "wait_time": 0, "slo": 0.05127767256889546},
    "request_2": {"category": "SS_I816-1216_O816-1216", "input_length": 1084, "output_length": 1146, "arrival_time": 0, "sched_time": 0, "wait_time": 0, "slo": 0.05175350058085212},
    "request_3": {"category": "LL_I6544-9824_O13104-19648", "input_length": 6777, "output_length": 17627, "arrival_time": 0, "sched_time": 0, "wait_time": 0, "slo": 0.07396615392217187},
    "request_4": {"category": "LS_I13104-19648_O1632-2448", "input_length": 15717, "output_length": 2277, "arrival_time": 93, "sched_time": 199, "wait_time": 106, "slo": 0.06754498011871468},
    "request_5": {"category": "SS_I1632-2448_O1632-2448", "input_length": 1884, "output_length": 1785, "arrival_time": 116, "sched_time": 547, "wait_time": 431, "slo": 0.05319500902128502},
    "request_6": {"category": "LL_I3264-4912_O6544-9824", "input_length": 3631, "output_length": 9643, "arrival_time": 155, "sched_time": 1147, "wait_time": 992, "slo": 0.06281675229464012},
    "request_7": {"category": "SS_I400-608_O400-608", "input_length": 442, "output_length": 589, "arrival_time": 248, "sched_time": 2333, "wait_time": 2085, "slo": 0.050552410504355216},
    "request_8": {"category": "SS_I192-304_O400-608", "input_length": 220, "output_length": 514, "arrival_time": 253, "sched_time": 2477, "wait_time": 2224, "slo": 0.05025489277898442},
    "request_9": {"category": "SS_I816-1216_O192-304", "input_length": 1216, "output_length": 294, "arrival_time": 275, "sched_time": 2923, "wait_time": 2648, "slo": 0.051032245489044135},
    "request_10": {"category": "SS_I1632-2448_O400-608", "input_length": 2267, "output_length": 536, "arrival_time": 283, "sched_time": 2992, "wait_time": 2709, "slo": 0.052327499424749305},
    "request_11": {"category": "SS_I816-1216_O400-608", "input_length": 917, "output_length": 571, "arrival_time": 284, "sched_time": 3218, "wait_time": 2934, "slo": 0.05101020713901667},
    "request_12": {"category": "SS_I400-608_O816-1216", "input_length": 569, "output_length": 867, "arrival_time": 418, "sched_time": 3529, "wait_time": 3111, "slo": 0.050958116493497206},
    "request_13": {"category": "SS_I192-304_O1632-2448", "input_length": 294, "output_length": 1933, "arrival_time": 468, "sched_time": 3790, "wait_time": 3322, "slo": 0.05175049535130292},
    "request_14": {"category": "LL_I6544-9824_O13104-19648", "input_length": 9011, "output_length": 19371, "arrival_time": 477, "sched_time": 4397, "wait_time": 3920, "slo": 0.07795108830441097},
    "request_15": {"category": "SS_I816-1216_O400-608", "input_length": 1052, "output_length": 425, "arrival_time": 498, "sched_time": 5724, "wait_time": 5226, "slo": 0.05099918796400294},
    "request_16": {"category": "LL_I6544-9824_O6544-9824", "input_length": 7504, "output_length": 7890, "arrival_time": 500, "sched_time": 6150, "wait_time": 5650, "slo": 0.06494044784274142},
    "request_17": {"category": "SL_I192-304_O3264-4912", "input_length": 297, "output_length": 3340, "arrival_time": 545, "sched_time": 10791, "wait_time": 10246, "slo": 0.05316295323942689},
    "request_18": {"category": "LS_I13104-19648_O400-608", "input_length": 19047, "output_length": 535, "arrival_time": 671, "sched_time": 14041, "wait_time": 13370, "slo": 0.06913574829342452},
    "request_19": {"category": "SS_I816-1216_O1632-2448", "input_length": 840, "output_length": 1989, "arrival_time": 685, "sched_time": 14132, "wait_time": 13447, "slo": 0.05235354474750904},
    "request_20": {"category": "LL_I6544-9824_O3264-4912", "input_length": 7693, "output_length": 4068, "arrival_time": 726, "sched_time": 14577, "wait_time": 13851, "slo": 0.0613011148586603},
    "request_21": {"category": "SS_I400-608_O816-1216", "input_length": 509, "output_length": 1029, "arrival_time": 737, "sched_time": 16122, "wait_time": 15385, "slo": 0.05106029429817},
    "request_22": {"category": "SL_I400-608_O6544-9824", "input_length": 435, "output_length": 6593, "arrival_time": 788, "sched_time": 17152, "wait_time": 16364, "slo": 0.05655986437320588},
    "request_23": {"category": "SL_I400-608_O6544-9824", "input_length": 590, "output_length": 9248, "arrival_time": 804, "sched_time": 17628, "wait_time": 16824, "slo": 0.05937476271762314},
    "request_24": {"category": "SS_I816-1216_O400-608", "input_length": 975, "output_length": 433, "arrival_time": 824, "sched_time": 18646, "wait_time": 17822, "slo": 0.05093006768437134},
    "request_25": {"category": "SL_I816-1216_O3264-4912", "input_length": 865, "output_length": 4054, "arrival_time": 825, "sched_time": 19080, "wait_time": 18255, "slo": 0.05444718800011832},
    "request_26": {"category": "LL_I3264-4912_O3264-4912", "input_length": 3290, "output_length": 4342, "arrival_time": 883, "sched_time": 23135, "wait_time": 22252, "slo": 0.05716491725577813},
    "request_27": {"category": "LS_I13104-19648_O192-304", "input_length": 17437, "output_length": 208, "arrival_time": 883, "sched_time": 23746, "wait_time": 22863, "slo": 0.06719537174782442},
    "request_28": {"category": "LL_I6544-9824_O6544-9824", "input_length": 8668, "output_length": 7144, "arrival_time": 921, "sched_time": 23769, "wait_time": 22848, "slo": 0.06535917649326327},
    "request_29": {"category": "LL_I3264-4912_O3264-4912", "input_length": 4660, "output_length": 4904, "arrival_time": 1025, "sched_time": 23955, "wait_time": 22930, "slo": 0.05910028508546288},
    "request_30": {"category": "LS_I13104-19648_O192-304", "input_length": 14601, "output_length": 221, "arrival_time": 1066, "sched_time": 26877, "wait_time": 25811, "slo": 0.0643674507420273},
    "request_31": {"category": "SS_I400-608_O400-608", "input_length": 572, "output_length": 599, "arrival_time": 1091, "sched_time": 27099, "wait_time": 26008, "slo": 0.05069265454998455},
    "request_32": {"category": "SL_I192-304_O13104-19648", "input_length": 284, "output_length": 15313, "arrival_time": 1132, "sched_time": 27478, "wait_time": 26346, "slo": 0.06514380170890394},
    "request_33": {"category": "SL_I400-608_O6544-9824", "input_length": 600, "output_length": 7490, "arrival_time": 1150, "sched_time": 27699, "wait_time": 26549, "slo": 0.057623715633622646},
    "request_34": {"category": "LS_I13104-19648_O192-304", "input_length": 13171, "output_length": 204, "arrival_time": 1178, "sched_time": 28860, "wait_time": 27682, "slo": 0.06291792835612986},
    "request_35": {"category": "LL_I6544-9824_O13104-19648", "input_length": 8378, "output_length": 16745, "arrival_time": 1222, "sched_time": 29065, "wait_time": 27843, "slo": 0.07468640727079678},
    "request_36": {"category": "LS_I13104-19648_O400-608", "input_length": 17921, "output_length": 515, "arrival_time": 1327, "sched_time": 30914, "wait_time": 29587, "slo": 0.06798775060563014},
    "request_37": {"category": "SS_I1632-2448_O192-304", "input_length": 1812, "output_length": 288, "arrival_time": 1333, "sched_time": 31430, "wait_time": 30097, "slo": 0.051623273967053455},
    "request_38": {"category": "SS_I400-608_O816-1216", "input_length": 489, "output_length": 1204, "arrival_time": 1350, "sched_time": 31719, "wait_time": 30369, "slo": 0.05121556449154533},
    "request_39": {"category": "SS_I816-1216_O192-304", "input_length": 1078, "output_length": 269, "arrival_time": 1350, "sched_time": 32924, "wait_time": 31574, "slo": 0.05086896135020427},
    "request_40": {"category": "SS_I400-608_O400-608", "input_length": 464, "output_length": 428, "arrival_time": 1391,