{
  "PPR": 2.617917847025496,
  "TPI": 0.2348217094083905,
  "OV_block_step": 146582053,
  "OV_frac": 0.0966054642649121,
  "GE2_frac": 0.007236221307768329,
  "peak_blocks": 7393,
  "peak_step": 385177,
  "gpu_blocks": 2824,
  "total_steps": 537297,
  "type1_count": 64,
  "type2_count": 59,
  "plot_path": "traces/requests_types_128k/all_traces_arrival_rate_CV/SS00_SM00_SL00_MS00_MM00_ML00_LS00_LM66_LL34/lognormal_lambda1.0x_cv1/lognormal_lambda1.0x_cv1.png"
}