{
  "PPR": 8.308196721311475,
  "TPI": 0.5146875971401927,
  "OV_block_step": 3267863,
  "OV_frac": 0.832631715731488,
  "GE2_frac": 0.27401305564190237,
  "peak_blocks": 2534,
  "peak_step": 3445,
  "gpu_blocks": 305,
  "total_steps": 12868,
  "type1_count": 36,
  "type2_count": 24,
  "plot_path": "traces/requests_types_16k/all_traces_arrival_rate_CV/SS02_SM02_SL02_MS01_MM01_ML02_LS01_LM03_LL86/lognormal_lambda3.5x_cv2/lognormal_lambda3.5x_cv2.png"
}