{
  "PPR": 2.906474820143885,
  "TPI": 0.27278124072425053,
  "OV_block_step": 938046,
  "OV_frac": 0.20031262612350012,
  "GE2_frac": 0.07663995250816266,
  "peak_blocks": 808,
  "peak_step": 11004,
  "gpu_blocks": 278,
  "total_steps": 16845,
  "type1_count": 36,
  "type2_count": 37,
  "plot_path": "traces/requests_types_16k/all_traces_arrival_rate_CV/SS07_SM02_SL09_MS02_MM02_ML07_LS02_LM57_LL10/lognormal_lambda2.0x_cv5/lognormal_lambda2.0x_cv5.png"
}