{
  "PPR": 4.136200716845878,
  "TPI": 0.4869540755327379,
  "OV_block_step": 1373929,
  "OV_frac": 0.34633073370201567,
  "GE2_frac": 0.11843308249525283,
  "peak_blocks": 1154,
  "peak_step": 1793,
  "gpu_blocks": 279,
  "total_steps": 14219,
  "type1_count": 57,
  "type2_count": 52,
  "plot_path": "traces/requests_types_16k/all_traces_arrival_rate_CV/SS00_SM00_SL00_MS00_MM00_ML00_LS33_LM66_LL01/lognormal_lambda2.5x_cv5/lognormal_lambda2.5x_cv5.png"
}