{
  "PPR": 3.9152215799614645,
  "TPI": 0.8278407439697762,
  "OV_block_step": 5898118,
  "OV_frac": 0.6605282888706345,
  "GE2_frac": 0.27009590235396685,
  "peak_blocks": 2032,
  "peak_step": 8453,
  "gpu_blocks": 519,
  "total_steps": 17205,
  "type1_count": 60,
  "type2_count": 20,
  "plot_path": "traces/requests_types_32k/all_traces_arrival_rate_CV/SS06_SM27_SL20_MS09_MM11_ML01_LS04_LM12_LL10/lognormal_lambda4.5x_cv7/lognormal_lambda4.5x_cv7.png"
}