{
  "PPR": 4.73125,
  "TPI": 0.6551810837696908,
  "OV_block_step": 22483561,
  "OV_frac": 0.7680742495381353,
  "GE2_frac": 0.3498693660701597,
  "peak_blocks": 1514,
  "peak_step": 68535,
  "gpu_blocks": 320,
  "total_steps": 91477,
  "type1_count": 101,
  "type2_count": 50,
  "plot_path": "traces/request_types/all_traces/SS06_SM02_SL13_MS06_MM04_ML06_LS51_LM09_LL05/bim50/bim50_hi_ov78.png"
}