{
  "PPR": 3.686991869918699,
  "TPI": 0.73585291113381,
  "OV_block_step": 1884492,
  "OV_frac": 0.7824858616308329,
  "GE2_frac": 0.3718079673135853,
  "peak_blocks": 907,
  "peak_step": 4686,
  "gpu_blocks": 246,
  "total_steps": 9790,
  "type1_count": 49,
  "type2_count": 25,
  "plot_path": "traces/requests_types_16k/all_traces_arrival_rate_CV/SS06_SM01_SL07_MS08_MM02_ML49_LS05_LM19_LL03/lognormal_lambda3.5x_cv5/lognormal_lambda3.5x_cv5.png"
}