{
  "PPR": 3.6126126126126126,
  "TPI": 0.3803564333957659,
  "OV_block_step": 7394074,
  "OV_frac": 0.37807639071047894,
  "GE2_frac": 0.16754639877405075,
  "peak_blocks": 2005,
  "peak_step": 16108,
  "gpu_blocks": 555,
  "total_steps": 35238,
  "type1_count": 46,
  "type2_count": 19,
  "plot_path": "traces/requests_types_32k/all_traces_arrival_rate_CV/SS02_SM04_SL04_MS04_MM15_ML55_LS04_LM04_LL05/lognormal_lambda2.5x_cv1/lognormal_lambda2.5x_cv1.png"
}