{
  "PPR": 3.3643620619672574,
  "TPI": 0.703585357830929,
  "OV_block_step": 258658552,
  "OV_frac": 0.8222457025945757,
  "GE2_frac": 0.44845167050420565,
  "peak_blocks": 24866,
  "peak_step": 19368,
  "gpu_blocks": 7391,
  "total_steps": 42562,
  "type1_count": 32,
  "type2_count": 16,
  "plot_path": "traces/SS03_SL00_LS04_LL91/poi05/poi05_hi_ov82.png"
}