{
  "PPR": 1.5838216560509555,
  "TPI": 0.42049245806118135,
  "OV_block_step": 66550241,
  "OV_frac": 0.09959280234723897,
  "GE2_frac": 0.0,
  "peak_blocks": 24866,
  "peak_step": 19368,
  "gpu_blocks": 15700,
  "total_steps": 42562,
  "type1_count": 76,
  "type2_count": 28,
  "plot_path": "traces/SS03_SL00_LS04_LL91/poi05/poi05_lo_ov10.png"
}