{
  "PPR": 3.0579710144927534,
  "TPI": 0.5682883465330532,
  "OV_block_step": 225164,
  "OV_frac": 0.26371798745850933,
  "GE2_frac": 0.03782123807984484,
  "peak_blocks": 422,
  "peak_step": 2276,
  "gpu_blocks": 138,
  "total_steps": 6187,
  "type1_count": 65,
  "type2_count": 35,
  "plot_path": "traces/requests_types_8k/all_traces_arrival_rate_CV/SS18_SM04_SL04_MS07_MM51_ML04_LS07_LM02_LL03/lognormal_lambda3.5x_cv3/lognormal_lambda3.5x_cv3.png"
}