{
  "PPR": 1.3047703180212014,
  "TPI": 0.008441157035363332,
  "OV_block_step": 113449,
  "OV_frac": 0.0010681470452146627,
  "GE2_frac": 0.0,
  "peak_blocks": 1477,
  "peak_step": 59383,
  "gpu_blocks": 1132,
  "total_steps": 93826,
  "type1_count": 3,
  "type2_count": 10,
  "plot_path": "traces/requests_types_32k_bs8/all_traces_arrival_rate_CV/SS00_SM06_SL06_MS06_MM39_ML00_LS06_LM18_LL19/lognormal_lambda1.0x_cv1/lognormal_lambda1.0x_cv1.png"
}