{
  "PPR": 5.934895833333333,
  "TPI": 0.44165900471210207,
  "OV_block_step": 18350260,
  "OV_frac": 0.6865178631287592,
  "GE2_frac": 0.2650270083898402,
  "peak_blocks": 2279,
  "peak_step": 8410,
  "gpu_blocks": 384,
  "total_steps": 69608,
  "type1_count": 54,
  "type2_count": 22,
  "plot_path": "traces/request_types/all_traces/SS19_SM26_SL11_MS14_MM09_ML02_LS10_LM01_LL08/bim50/bim50_hi_ov76.png"
}