{
  "PPR": 3.9869791666666665,
  "TPI": 0.4346386365707689,
  "OV_block_step": 4261228,
  "OV_frac": 0.33711905449058743,
  "GE2_frac": 0.12467721845854726,
  "peak_blocks": 1531,
  "peak_step": 9332,
  "gpu_blocks": 384,
  "total_steps": 32917,
  "type1_count": 31,
  "type2_count": 32,
  "plot_path": "traces/request_types/all_traces/SS10_SM24_SL05_MS05_MM03_ML14_LS09_LM12_LL18/bim50/bim50_md_ov37.png"
}