{
  "PPR": 4.784375,
  "TPI": 0.48998997478506545,
  "OV_block_step": 5242162,
  "OV_frac": 0.4976685679132363,
  "GE2_frac": 0.18145639031503477,
  "peak_blocks": 1531,
  "peak_step": 9332,
  "gpu_blocks": 320,
  "total_steps": 32917,
  "type1_count": 41,
  "type2_count": 30,
  "plot_path": "traces/request_types/all_traces/SS10_SM24_SL05_MS05_MM03_ML14_LS09_LM12_LL18/bim50/bim50_mh_ov54.png"
}