{
  "PPR": 3.7423423423423423,
  "TPI": 0.148639874918843,
  "OV_block_step": 7038438,
  "OV_frac": 0.16803633541718369,
  "GE2_frac": 0.07784447006134806,
  "peak_blocks": 2077,
  "peak_step": 33479,
  "gpu_blocks": 555,
  "total_steps": 75471,
  "type1_count": 38,
  "type2_count": 23,
  "plot_path": "traces/requests_types_32k/all_traces_arrival_rate_CV/SS06_SM06_SL19_MS24_MM08_ML20_LS10_LM05_LL02/lognormal_lambda1.2x_cv3/lognormal_lambda1.2x_cv3.png"
}