{
  "PPR": 4.28046875,
  "TPI": 0.3957061917032081,
  "OV_block_step": 110763898,
  "OV_frac": 0.32598848497091754,
  "GE2_frac": 0.1235364585687808,
  "peak_blocks": 5479,
  "peak_step": 192564,
  "gpu_blocks": 1280,
  "total_steps": 265452,
  "type1_count": 139,
  "type2_count": 58,
  "plot_path": "traces/request_types/all_traces/SS00_SL50_LS00_LL50/bim50/bim50_md_ov33.png"
}