{
  "PPR": 1.8510216529429704,
  "TPI": 0.37865757599235556,
  "OV_block_step": 33823632,
  "OV_frac": 0.13319939843182937,
  "GE2_frac": 0.0,
  "peak_blocks": 12139,
  "peak_step": 17766,
  "gpu_blocks": 6558,
  "total_steps": 38721,
  "type1_count": 59,
  "type2_count": 33,
  "plot_path": "traces/request_types/SS12_SL38_LS27_LL21/tsa05/tsa05_lo_ov13.png"
}