{
  "PPR": 3.2109375,
  "TPI": 0.546060606060606,
  "OV_block_step": 174185,
  "OV_frac": 0.41236979166666665,
  "GE2_frac": 0.11303030303030304,
  "peak_blocks": 411,
  "peak_step": 1521,
  "gpu_blocks": 128,
  "total_steps": 3300,
  "type1_count": 29,
  "type2_count": 13,
  "plot_path": "traces/requests_types_8k/all_traces_arrival_rate_CV/SS55_SM04_SL04_MS04_MM02_ML15_LS04_LM04_LL05/lognormal_lambda3.5x_cv5/lognormal_lambda3.5x_cv5.png"
}