{
  "PPR": 3.4402573529411766,
  "TPI": 0.46175609216997293,
  "OV_block_step": 106321456,
  "OV_frac": 0.35999309819523767,
  "GE2_frac": 0.14253927907019578,
  "peak_blocks": 3743,
  "peak_step": 16313,
  "gpu_blocks": 1088,
  "total_steps": 271455,
  "type1_count": 142,
  "type2_count": 99,
  "plot_path": "traces/request_types/SS00_SL50_LS00_LL50/bim50/bim50_md_ov36.png"
}