{
  "PPR": 2.2493990384615383,
  "TPI": 0.2528816930983036,
  "OV_block_step": 52828271,
  "OV_frac": 0.11695404031763304,
  "GE2_frac": 0.01893131458252749,
  "peak_blocks": 3743,
  "peak_step": 16313,
  "gpu_blocks": 1664,
  "total_steps": 271455,
  "type1_count": 109,
  "type2_count": 93,
  "plot_path": "traces/request_types/SS00_SL50_LS00_LL50/bim50/bim50_lo_ov11.png"
}