{
  "PPR": 2.653179190751445,
  "TPI": 0.37328450665662755,
  "OV_block_step": 3130690,
  "OV_frac": 0.20644642171691144,
  "GE2_frac": 0.08436291454190767,
  "peak_blocks": 1377,
  "peak_step": 27412,
  "gpu_blocks": 519,
  "total_steps": 29219,
  "type1_count": 69,
  "type2_count": 35,
  "plot_path": "traces/requests_types_32k/all_traces_arrival_rate_CV/SS06_SM27_SL20_MS09_MM11_ML01_LS04_LM12_LL10/lognormal_lambda2.0x_cv1/lognormal_lambda2.0x_cv1.png"
}