{
  "PPR": 3.279935275080906,
  "TPI": 0.1129494137755255,
  "OV_block_step": 5068438,
  "OV_frac": 0.061481273704271616,
  "GE2_frac": 0.01721940687876698,
  "peak_blocks": 2027,
  "peak_step": 31386,
  "gpu_blocks": 618,
  "total_steps": 133396,
  "type1_count": 48,
  "type2_count": 54,
  "plot_path": "traces/requests_types_32k/all_traces_arrival_rate_CV/SS00_SM00_SL00_MS00_MM00_ML00_LS33_LM66_LL01/lognormal_lambda1.0x_cv4/lognormal_lambda1.0x_cv4.png"
}