{
  "PPR": 4.796052631578948,
  "TPI": 0.4600370423137199,
  "OV_block_step": 351499,
  "OV_frac": 0.3294619491455523,
  "GE2_frac": 0.13420715201595668,
  "peak_blocks": 729,
  "peak_step": 5354,
  "gpu_blocks": 152,
  "total_steps": 7019,
  "type1_count": 52,
  "type2_count": 36,
  "plot_path": "traces/requests_types_8k/all_traces_arrival_rate_CV/SS07_SM02_SL09_MS02_MM02_ML07_LS02_LM57_LL10/lognormal_lambda3.5x_cv4/lognormal_lambda3.5x_cv4.png"
}