{
  "PPR": 1.8579881656804733,
  "TPI": 0.270070440125893,
  "OV_block_step": 5039432,
  "OV_frac": 0.06771318075171338,
  "GE2_frac": 0.0,
  "peak_blocks": 3454,
  "peak_step": 18022,
  "gpu_blocks": 1859,
  "total_steps": 40034,
  "type1_count": 64,
  "type2_count": 35,
  "plot_path": "traces/request_types_request_52_for_both_dyn_arrival_rate_CV/all_traces_arrival_rate_CV/SS06_SM02_SL13_MS06_MM04_ML06_LS51_LM09_LL05/lognormal_lambda4.0x_cv5/lognormal_lambda4.0x_cv5.png"
}