{
  "PPR": 3.595779220779221,
  "TPI": 0.6405463695183321,
  "OV_block_step": 12070081,
  "OV_frac": 0.7043237720223702,
  "GE2_frac": 0.3239036664270309,
  "peak_blocks": 2215,
  "peak_step": 10412,
  "gpu_blocks": 616,
  "total_steps": 27820,
  "type1_count": 55,
  "type2_count": 24,
  "plot_path": "traces/requests_types_32k/all_traces_arrival_rate_CV/SS18_SM08_SL17_MS21_MM06_ML10_LS10_LM03_LL07/lognormal_lambda5.0x_cv3/lognormal_lambda5.0x_cv3.png"
}