{
  "PPR": 5.0199203187251,
  "TPI": 0.33789718419013176,
  "OV_block_step": 1601189,
  "OV_frac": 0.54931878445059,
  "GE2_frac": 0.22578145182123482,
  "peak_blocks": 1260,
  "peak_step": 1795,
  "gpu_blocks": 251,
  "total_steps": 11613,
  "type1_count": 24,
  "type2_count": 21,
  "plot_path": "traces/requests_types_16k/all_traces_arrival_rate_CV/SS15_SM17_SL08_MS09_MM06_ML17_LS06_LM14_LL09/lognormal_lambda4.0x_cv7/lognormal_lambda4.0x_cv7.png"
}