{
  "PPR": 12.807926829268293,
  "TPI": 0.9721299174616786,
  "OV_block_step": 21538979,
  "OV_frac": 3.5195422286653995,
  "GE2_frac": 0.925501125522564,
  "peak_blocks": 8402,
  "peak_step": 962,
  "gpu_blocks": 656,
  "total_steps": 9329,
  "type1_count": 6,
  "type2_count": 3,
  "plot_path": "traces/requests_types_32k/all_traces_arrival_rate_CV/SS02_SM02_SL02_MS01_MM01_ML02_LS01_LM03_LL86/lognormal_lambda4.5x_cv7/lognormal_lambda4.5x_cv7.png"
}