{
  "PPR": 4.202898550724638,
  "TPI": 0.6554621848739496,
  "OV_block_step": 126607,
  "OV_frac": 0.5506854915879396,
  "GE2_frac": 0.1923769507803121,
  "peak_blocks": 290,
  "peak_step": 1914,
  "gpu_blocks": 69,
  "total_steps": 3332,
  "type1_count": 51,
  "type2_count": 35,
  "plot_path": "traces/requests_types_8k/all_traces_arrival_rate_CV/SS14_SM21_SL27_MS03_MM10_ML05_LS17_LM02_LL01/lognormal_lambda2.5x_cv6/lognormal_lambda2.5x_cv6.png"
}