{
  "PPR": 5.414634146341464,
  "TPI": 0.23991386787092142,
  "OV_block_step": 1331791,
  "OV_frac": 0.24286499474439371,
  "GE2_frac": 0.0879863624128959,
  "peak_blocks": 888,
  "peak_step": 14302,
  "gpu_blocks": 164,
  "total_steps": 33437,
  "type1_count": 52,
  "type2_count": 51,
  "plot_path": "traces/requests_types_8k/all_traces_arrival_rate_CV/SS00_SM00_SL00_MS00_MM00_ML00_LS33_LM00_LL67/lognormal_lambda1.0x_cv6/lognormal_lambda1.0x_cv6.png"
}