{
  "PPR": 3.868131868131868,
  "TPI": 0.6216309367891363,
  "OV_block_step": 2826636,
  "OV_frac": 0.7137228939117682,
  "GE2_frac": 0.3371475839250017,
  "peak_blocks": 1056,
  "peak_step": 6593,
  "gpu_blocks": 273,
  "total_steps": 14507,
  "type1_count": 58,
  "type2_count": 18,
  "plot_path": "traces/requests_types_16k/all_traces_arrival_rate_CV/SS18_SM04_SL04_MS07_MM51_ML04_LS07_LM02_LL03/lognormal_lambda3.5x_cv1/lognormal_lambda3.5x_cv1.png"
}