{
  "PPR": 5.461454545454545,
  "TPI": 0.7595553175756649,
  "OV_block_step": 527776893,
  "OV_frac": 0.8155862812319632,
  "GE2_frac": 0.3480328412249165,
  "peak_blocks": 15019,
  "peak_step": 32625,
  "gpu_blocks": 2750,
  "total_steps": 235314,
  "type1_count": 87,
  "type2_count": 50,
  "plot_path": "traces/requests_types_96k/all_traces_arrival_rate_CV/SS00_SM00_SL00_MS00_MM00_ML00_LS33_LM66_LL01/lognormal_lambda4.0x_cv1/lognormal_lambda4.0x_cv1.png"
}