{
  "PPR": 5.405454545454545,
  "TPI": 0.5194228831090758,
  "OV_block_step": 67137362,
  "OV_frac": 0.4316633870576265,
  "GE2_frac": 0.12300864614459749,
  "peak_blocks": 14865,
  "peak_step": 49493,
  "gpu_blocks": 2750,
  "total_steps": 56557,
  "type1_count": 29,
  "type2_count": 59,
  "plot_path": "traces/sy_requests/all_traces_arrival_rate_CV/SS00_SM00_SL00_MS00_MM00_ML00_LS33_LM66_LL01/lognormal_lambda3.0x_cv1/lognormal_lambda3.0x_cv1.png"
}