{
  "PPR": 1.1920387305002689,
  "TPI": 0.035184042771951474,
  "OV_block_step": 283271,
  "OV_frac": 0.0031334188834307468,
  "GE2_frac": 0.0,
  "peak_blocks": 2216,
  "peak_step": 39609,
  "gpu_blocks": 1859,
  "total_steps": 48630,
  "type1_count": 9,
  "type2_count": 17,
  "plot_path": "traces/request_types_request_52_for_both_dyn_arrival_rate_CV/all_traces_arrival_rate_CV/SS06_SM02_SL13_MS06_MM04_ML06_LS51_LM09_LL05/lognormal_lambda4.0x_cv2/lognormal_lambda4.0x_cv2.png"
}