{
  "PPR": 1.3648989898989898,
  "TPI": 0.3560753187536942,
  "OV_block_step": 14486962,
  "OV_frac": 0.04290302449376727,
  "GE2_frac": 0.0,
  "peak_blocks": 12972,
  "peak_step": 18723,
  "gpu_blocks": 9504,
  "total_steps": 35529,
  "type1_count": 78,
  "type2_count": 67,
  "plot_path": "traces/request_types/SS00_SL00_LS75_LL25/per05/per05_vl_ov4.png"
}