{
  "PPR": 2.0414545454545454,
  "TPI": 0.17614425232306674,
  "OV_block_step": 73432507,
  "OV_frac": 0.05273727832004862,
  "GE2_frac": 0.0009025645076875981,
  "peak_blocks": 5614,
  "peak_step": 53090,
  "gpu_blocks": 2750,
  "total_steps": 506335,
  "type1_count": 87,
  "type2_count": 43,
  "plot_path": "traces/requests_types_96k/all_traces_arrival_rate_CV/SS15_SM02_SL11_MS22_MM03_ML32_LS00_LM00_LL14/lognormal_lambda1.5x_cv1/lognormal_lambda1.5x_cv1.png"
}