{
  "PPR": 6.642857142857143,
  "TPI": 0.34123604557486475,
  "OV_block_step": 1582240,
  "OV_frac": 0.6193772249376215,
  "GE2_frac": 0.21061111750489125,
  "peak_blocks": 1953,
  "peak_step": 3385,
  "gpu_blocks": 294,
  "total_steps": 8689,
  "type1_count": 14,
  "type2_count": 14,
  "plot_path": "traces/requests_types_16k/all_traces_arrival_rate_CV/SS00_SM00_SL00_MS00_MM00_ML00_LS00_LM66_LL34/lognormal_lambda4.0x_cv6/lognormal_lambda4.0x_cv6.png"
}