{
  "PPR": 7.292207792207792,
  "TPI": 0.7510063254744106,
  "OV_block_step": 957897,
  "OV_frac": 1.7884158682031022,
  "GE2_frac": 0.6170212765957447,
  "peak_blocks": 1123,
  "peak_step": 628,
  "gpu_blocks": 154,
  "total_steps": 3478,
  "type1_count": 12,
  "type2_count": 13,
  "plot_path": "traces/requests_types_8k/all_traces_arrival_rate_CV/SS00_SM00_SL00_MS00_MM00_ML00_LS00_LM33_LL67/lognormal_lambda4.0x_cv5/lognormal_lambda4.0x_cv5.png"
}