{
  "PPR": 3.3066666666666666,
  "TPI": 0.3954570843418358,
  "OV_block_step": 512974,
  "OV_frac": 0.31836033016818716,
  "GE2_frac": 0.14447961273505866,
  "peak_blocks": 496,
  "peak_step": 9006,
  "gpu_blocks": 150,
  "total_steps": 10742,
  "type1_count": 58,
  "type2_count": 50,
  "plot_path": "traces/requests_types_8k/all_traces_arrival_rate_CV/SS00_SM00_SL00_MS00_MM00_ML00_LS33_LM66_LL01/lognormal_lambda2.5x_cv4/lognormal_lambda2.5x_cv4.png"
}