{
  "PPR": 1.9984375,
  "TPI": 0.2285263987391647,
  "OV_block_step": 8186094,
  "OV_frac": 0.07521948105218589,
  "GE2_frac": 0.0,
  "peak_blocks": 2558,
  "peak_step": 8809,
  "gpu_blocks": 1280,
  "total_steps": 85023,
  "type1_count": 42,
  "type2_count": 38,
  "plot_path": "traces/request_types/all_traces/SS83_SL00_LS08_LL08/bim50/bim50_lo_ov11.png"
}