{
  "PPR": 2.5125448028673834,
  "TPI": 0.4639402918320568,
  "OV_block_step": 2109668,
  "OV_frac": 0.2113695435282387,
  "GE2_frac": 0.030552915525241794,
  "peak_blocks": 701,
  "peak_step": 32153,
  "gpu_blocks": 279,
  "total_steps": 35774,
  "type1_count": 138,
  "type2_count": 71,
  "plot_path": "traces/requests_types_16k/all_traces_arrival_rate_CV/SS03_SM24_SL03_MS36_MM03_ML12_LS06_LM06_LL07/lognormal_lambda2.5x_cv1/lognormal_lambda2.5x_cv1.png"
}