{
  "PPR": 5.925801011804385,
  "TPI": 0.5516153311718388,
  "OV_block_step": 16463323,
  "OV_frac": 0.8036929903217013,
  "GE2_frac": 0.2545159796201945,
  "peak_blocks": 3514,
  "peak_step": 19715,
  "gpu_blocks": 593,
  "total_steps": 34544,
  "type1_count": 33,
  "type2_count": 24,
  "plot_path": "traces/requests_types_32k/all_traces_arrival_rate_CV/SS05_SM02_SL22_MS01_MM07_ML11_LS31_LM03_LL19/lognormal_lambda2.0x_cv6/lognormal_lambda2.0x_cv6.png"
}