{
  "PPR": 3.9491407338597306,
  "TPI": 0.8338266953713671,
  "OV_block_step": 152510725,
  "OV_frac": 1.5885445701136138,
  "GE2_frac": 0.7016505202726947,
  "peak_blocks": 17005,
  "peak_step": 13882,
  "gpu_blocks": 4306,
  "total_steps": 22296,
  "type1_count": 28,
  "type2_count": 7,
  "plot_path": "traces/SS08_SL61_LS23_LL06/bim05/bim05_sv_ov1p6.png"
}