{
  "PPR": 2.2873563218390807,
  "TPI": 0.09621085191390644,
  "OV_block_step": 254609,
  "OV_frac": 0.03143167321696371,
  "GE2_frac": 0.007475190101817244,
  "peak_blocks": 597,
  "peak_step": 27511,
  "gpu_blocks": 261,
  "total_steps": 31036,
  "type1_count": 38,
  "type2_count": 36,
  "plot_path": "traces/requests_types_16k/all_traces_arrival_rate_CV/SS06_SM63_SL03_MS03_MM03_ML06_LS03_LM09_LL04/lognormal_lambda1.5x_cv3/lognormal_lambda1.5x_cv3.png"
}