{
  "PPR": 4.221354166666667,
  "TPI": 0.3623753792804508,
  "OV_block_step": 5514928,
  "OV_frac": 0.34585059159723225,
  "GE2_frac": 0.15202523720078986,
  "peak_blocks": 1621,
  "peak_step": 31937,
  "gpu_blocks": 384,
  "total_steps": 41526,
  "type1_count": 61,
  "type2_count": 47,
  "plot_path": "traces/request_types/all_traces/SS06_SM01_SL07_MS08_MM02_ML49_LS05_LM19_LL03/bim50/bim50_md_ov36.png"
}