{
  "PPR": 2.0779467680608366,
  "TPI": 0.11974827689541505,
  "OV_block_step": 2178410,
  "OV_frac": 0.04136913273725898,
  "GE2_frac": 0.004395165318150035,
  "peak_blocks": 2186,
  "peak_step": 35934,
  "gpu_blocks": 1052,
  "total_steps": 50055,
  "type1_count": 22,
  "type2_count": 23,
  "plot_path": "traces/requests_types_32k_bs8/all_traces_arrival_rate_CV/SS11_SM02_SL03_MS00_MM36_ML08_LS16_LM20_LL04/lognormal_lambda2.0x_cv1/lognormal_lambda2.0x_cv1.png"
}