{
  "PPR": 3.6959847036328872,
  "TPI": 0.39010246086355577,
  "OV_block_step": 3530833,
  "OV_frac": 0.2028519191957377,
  "GE2_frac": 0.052161894173852946,
  "peak_blocks": 1933,
  "peak_step": 25907,
  "gpu_blocks": 523,
  "total_steps": 33281,
  "type1_count": 68,
  "type2_count": 55,
  "plot_path": "traces/requests_types_32k/all_traces_arrival_rate_CV/SS06_SM01_SL07_MS08_MM02_ML49_LS05_LM19_LL03/lognormal_lambda1.5x_cv4/lognormal_lambda1.5x_cv4.png"
}