{
  "batch_size": 4,
  "max_model_len": 32384,
  "num_gpu_blocks_override": 2162,
  "arrival_pattern": "UniformArrival(max_step=27251)",
  "vocab": [200, 30000],
  "requests": {
    "request_0": {"category": "SS_I1632-2448_O192-304", "input_length": 1989, "output_length": 293, "arrival_time": 0, "sched_time": 0, "wait_time": 0, "slo": 0.051805591226371586},
    "request_1": {"category": "LS_I3264-4912_O400-608", "input_length": 4699, "output_length": 560, "arrival_time": 0, "sched_time": 0, "wait_time": 0, "slo": 0.05478778068236098},
    "request_2": {"category": "LS_I6544-9824_O400-608", "input_length": 7316, "output_length": 524, "arrival_time": 0, "sched_time": 0, "wait_time": 0, "slo": 0.05737327983785599},
    "request_3": {"category": "LS_I3264-4912_O400-608", "input_length": 3971, "output_length": 433, "arrival_time": 0, "sched_time": 0, "wait_time": 0, "slo": 0.053931290260839},
    "request_4": {"category": "SS_I1632-2448_O192-304", "input_length": 1923, "output_length": 272, "arrival_time": 562, "sched_time": 562, "wait_time": 0, "slo": 0.05171843956944479},
    "request_5": {"category": "SL_I192-304_O6544-9824", "input_length": 239, "output_length": 8354, "arrival_time": 836, "sched_time": 836, "wait_time": 0, "slo": 0.05812759245470517},
    "request_6": {"category": "SS_I816-1216_O816-1216", "input_length": 1064, "output_length": 829, "arrival_time": 1871, "sched_time": 1871, "wait_time": 0, "slo": 0.051415913128158665},
    "request_7": {"category": "SL_I400-608_O13104-19648", "input_length": 582, "output_length": 17526, "arrival_time": 2201, "sched_time": 2201, "wait_time": 0, "slo": 0.06765917884158429},
    "request_8": {"category": "SS_I1632-2448_O1632-2448", "input_length": 2217, "output_length": 1993, "arrival_time": 2264, "sched_time": 2264, "wait_time": 0, "slo": 0.053736952083324074},
    "request_9": {"category": "SS_I1632-2448_O192-304", "input_length": 1635, "output_length": 273, "arrival_time": 2612, "sched_time": 2701, "wait_time": 89, "slo": 0.05143093927590466},
    "request_10": {"category": "SL_I1632-2448_O13104-19648", "input_length": 2241, "output_length": 13768, "arrival_time": 2887, "sched_time": 2975, "wait_time": 88, "slo": 0.0655565199003274},
    "request_11": {"category": "SS_I400-608_O816-1216", "input_length": 520, "output_length": 1215, "arrival_time": 3457, "sched_time": 4258, "wait_time": 801, "slo": 0.05125763770523413},
    "request_12": {"category": "SS_I1632-2448_O1632-2448", "input_length": 1770, "output_length": 2150, "arrival_time": 4035, "sched_time": 5474, "wait_time": 1439, "slo": 0.05344644656023475},
    "request_13": {"category": "SL_I192-304_O6544-9824", "input_length": 245, "output_length": 9704, "arrival_time": 4152, "sched_time": 7625, "wait_time": 3473, "slo": 0.05948595621094354},
    "request_14": {"category": "SS_I192-304_O816-1216", "input_length": 208, "output_length": 1054, "arrival_time": 4541, "sched_time": 9191, "wait_time": 4650, "slo": 0.05078381317964361},
    "request_15": {"category": "LS_I6544-9824_O400-608", "input_length": 9175, "output_length": 548, "arrival_time": 4588, "sched_time": 10246, "wait_time": 5658, "slo": 0.059259562251570475},
    "request_16": {"category": "LS_I3264-4912_O816-1216", "input_length": 3419, "output_length": 1210, "arrival_time": 4592, "sched_time": 10795, "wait_time": 6203, "slo": 0.054156682477029},
    "request_17": {"category": "LS_I3264-4912_O816-1216", "input_length": 3856, "output_length": 1009, "arrival_time": 4617, "sched_time": 12006, "wait_time": 7389, "slo": 0.054393093868232725},
    "request_18": {"category": "SS_I192-304_O816-1216", "input_length": 285, "output_length": 917, "arrival_time": 4694, "sched_time": 13016, "wait_time": 8322, "slo": 0.05072370858865961},
    "request_19": {"category": "SL_I400-608_O6544-9824", "input_length": 575, "output_length": 8396, "arrival_time": 4840, "sched_time": 13934, "wait_time": 9094, "slo": 0.05850625137790436},
    "request_20": {"category": "SL_I192-304_O13104-19648", "input_length": 266, "output_length": 13286, "arrival_time": 4969, "sched_time": 16744, "wait_time": 11775, "slo": 0.06309523689953266},
    "request_21": {"category": "LS_I3264-4912_O1632-2448", "input_length": 3924, "output_length": 2425, "arrival_time": 5007, "sched_time": 17330, "wait_time": 12323, "slo": 0.055879680751903624},
    "request_22": {"category": "LS_I3264-4912_O1632-2448", "input_length": 4601, "output_length": 2011, "arrival_time": 5173, "sched_time": 19728, "wait_time": 14555, "slo": 0.056143139209050154},
    "request_23": {"category": "SS_I1632-2448_O400-608", "input_length": 2385, "output_length": 427, "arrival_time": 5449, "sched_time": 19756, "wait_time": 14307, "slo": 0.0523365151133969},
    "request_24": {"category": "SL_I192-304_O6544-9824", "input_length": 238, "output_length": 8991, "arrival_time": 5520, "sched_time": 20184, "wait_time": 14664, "slo": 0.05876470111913556},
    "request_25": {"category": "LS_I6544-9824_O1632-2448", "input_length": 7938, "output_length": 2287, "arrival_time": 5617, "sched_time": 21740, "wait_time": 16123, "slo": 0.05976243732946993},
    "request_26": {"category": "SL_I816-1216_O6544-9824", "input_length": 1015, "output_length": 9056, "arrival_time": 5857, "sched_time": 22331, "wait_time": 16474, "slo": 0.05960816887927767},
    "request_27": {"category": "SL_I400-608_O3264-4912", "input_length": 595, "output_length": 3966, "arrival_time": 5873, "sched_time": 24028, "wait_time": 18155, "slo": 0.05408856394058047},
    "request_28": {"category": "SL_I400-608_O13104-19648", "input_length": 525, "output_length": 13873, "arrival_time": 7046, "sched_time": 27995, "wait_time": 20949, "slo": 0.06394271163240703},
    "request_29": {"category": "SL_I192-304_O13104-19648", "input_length": 300, "output_length": 18913, "arrival_time": 7164, "sched_time": 29176, "wait_time": 22012, "slo": 0.06876610505887293},
    "request_30": {"category": "LS_I6544-9824_O816-1216", "input_length": 8248, "output_length": 980, "arrival_time": 7608, "sched_time": 30031, "wait_time": 22423, "slo": 0.05876369937595249},
    "request_31": {"category": "SS_I1632-2448_O400-608", "input_length": 1971, "output_length": 555, "arrival_time": 7828, "sched_time": 31012, "wait_time": 23184, "slo": 0.05205001656303985},
    "request_32": {"category": "SL_I192-304_O13104-19648", "input_length": 213, "output_length": 13516, "arrival_time": 8385, "sched_time": 31388, "wait_time": 23003, "slo": 0.06327254544293545},
    "request_33": {"category": "SS_I1632-2448_O192-304", "input_length": 2005, "output_length": 216, "arrival_time": 9417, "sched_time": 31568, "wait_time": 22151, "slo": 0.05174448489220452},
    "request_34": {"category": "SS_I816-1216_O1632-2448", "input_length": 894, "output_length": 2006, "arrival_time": 9494, "sched_time": 31785, "wait_time": 22291, "slo": 0.05242466851350677},
    "request_35": {"category": "SS_I1632-2448_O192-304", "input_length": 1722, "output_length": 214, "arrival_time": 9769, "sched_time": 33792, "wait_time": 24023, "slo": 0.05145898808503053},
    "request_36": {"category": "SS_I1632-2448_O816-1216", "input_length": 1867, "output_length": 1089, "arrival_time": 9983, "sched_time": 34007, "wait_time": 24024, "slo": 0.052480766131758505},
    "request_37": {"category": "SL_I400-608_O3264-4912", "input_length": 508, "output_length": 4132, "arrival_time": 10032, "sched_time": 35097, "wait_time": 25065, "slo": 0.05416770165204273},
    "request_38": {"category": "SL_I400-608_O13104-19648", "input_length": 460, "output_length": 14971, "arrival_time": 10112, "sched_time": 39230, "wait_time": 29118, "slo": 0.06497751234051488},
    "request_39": {"category": "SL_I816-1216_O3264-4912", "input_length": 1196, "output_length": 3686, "arrival_time": 10209, "sched_time": 41869, "wait_time": 31660, "slo": 0.05441012350234486},
    "request_40": {"category": "SL_I192-304_O13104-19648", "input_length": 285, "output_length": 16875, "arrival_time": 10418, "sched_time": 44905,