{
  "PPR": 5.774390243902439,
  "TPI": 0.29642545771578027,
  "OV_block_step": 1455011,
  "OV_frac": 0.36833222454780284,
  "GE2_frac": 0.15527047785112302,
  "peak_blocks": 947,
  "peak_step": 7608,
  "gpu_blocks": 164,
  "total_steps": 24087,
  "type1_count": 57,
  "type2_count": 35,
  "plot_path": "traces/requests_types_8k/all_traces_arrival_rate_CV/SS00_SM00_SL00_MS00_MM00_ML00_LS33_LM00_LL67/lognormal_lambda1.0x_cv4/lognormal_lambda1.0x_cv4.png"
}