{
  "PPR": 3.182758620689655,
  "TPI": 0.42974925213415377,
  "OV_block_step": 8462518,
  "OV_frac": 0.35485439783695477,
  "GE2_frac": 0.19427487413965028,
  "peak_blocks": 1846,
  "peak_step": 15348,
  "gpu_blocks": 580,
  "total_steps": 41117,
  "type1_count": 63,
  "type2_count": 39,
  "plot_path": "traces/requests_types_32k/all_traces_arrival_rate_CV/SS15_SM17_SL08_MS09_MM06_ML17_LS06_LM14_LL09/lognormal_lambda2.5x_cv2/lognormal_lambda2.5x_cv2.png"
}