{
  "PPR": 4.0236220472440944,
  "TPI": 0.47016608570842733,
  "OV_block_step": 276400,
  "OV_frac": 0.44625342480129293,
  "GE2_frac": 0.18289932335452122,
  "peak_blocks": 511,
  "peak_step": 1085,
  "gpu_blocks": 127,
  "total_steps": 4877,
  "type1_count": 45,
  "type2_count": 23,
  "plot_path": "traces/requests_types_8k/all_traces_arrival_rate_CV/SS05_SM22_SL01_MS13_MM01_ML37_LS03_LM03_LL15/lognormal_lambda3.5x_cv4/lognormal_lambda3.5x_cv4.png"
}