{
  "PPR": 1.5882846749370394,
  "TPI": 0.654098433804828,
  "OV_block_step": 49579318,
  "OV_frac": 0.206349783151405,
  "GE2_frac": 0.0,
  "peak_blocks": 17028,
  "peak_step": 14077,
  "gpu_blocks": 10721,
  "total_steps": 22411,
  "type1_count": 70,
  "type2_count": 7,
  "plot_path": "traces/request_types/SS08_SL61_LS23_LL06/bim05/bim05_ml_ov21.png"
}