{
  "PPR": 1.2564007968715414,
  "TPI": 0.40689839810807193,
  "OV_block_step": 12789349,
  "OV_frac": 0.042106754167397245,
  "GE2_frac": 0.0,
  "peak_blocks": 17028,
  "peak_step": 14077,
  "gpu_blocks": 13553,
  "total_steps": 22411,
  "type1_count": 39,
  "type2_count": 16,
  "plot_path": "traces/request_types/SS08_SL61_LS23_LL06/bim05/bim05_vl_ov4.png"
}