{
  "PPR": 5.840197693574959,
  "TPI": 0.4076774474979747,
  "OV_block_step": 7018872,
  "OV_frac": 0.7205842721683802,
  "GE2_frac": 0.2880912320059824,
  "peak_blocks": 3545,
  "peak_step": 14072,
  "gpu_blocks": 607,
  "total_steps": 16047,
  "type1_count": 13,
  "type2_count": 24,
  "plot_path": "traces/requests_types_32k/all_traces_arrival_rate_CV/SS00_SM00_SL00_MS00_MM00_ML00_LS00_LM66_LL34/lognormal_lambda2.0x_cv4/lognormal_lambda2.0x_cv4.png"
}