{
  "PPR": 3.286206896551724,
  "TPI": 0.23904921412007216,
  "OV_block_step": 9761326,
  "OV_frac": 0.21682391669406215,
  "GE2_frac": 0.10146869363566091,
  "peak_blocks": 1906,
  "peak_step": 30087,
  "gpu_blocks": 580,
  "total_steps": 77620,
  "type1_count": 47,
  "type2_count": 20,
  "plot_path": "traces/requests_types_32k/all_traces_arrival_rate_CV/SS15_SM17_SL08_MS09_MM06_ML17_LS06_LM14_LL09/lognormal_lambda2.0x_cv4/lognormal_lambda2.0x_cv4.png"
}