{
  "PPR": 4.44375,
  "TPI": 0.07375415282392027,
  "OV_block_step": 491811,
  "OV_frac": 0.06588401564676884,
  "GE2_frac": 0.02677097845890044,
  "peak_blocks": 711,
  "peak_step": 1889,
  "gpu_blocks": 160,
  "total_steps": 46655,
  "type1_count": 52,
  "type2_count": 40,
  "plot_path": "traces/requests_types_8k/all_traces_arrival_rate_CV/SS07_SM08_SL06_MS09_MM09_ML09_LS07_LM08_LL38/lognormal_lambda1.0x_cv7/lognormal_lambda1.0x_cv7.png"
}