{
  "PPR": 2.8126126126126128,
  "TPI": 0.22385586496468243,
  "OV_block_step": 4085719,
  "OV_frac": 0.10337807158803915,
  "GE2_frac": 0.025880833017370913,
  "peak_blocks": 1561,
  "peak_step": 56422,
  "gpu_blocks": 555,
  "total_steps": 71211,
  "type1_count": 87,
  "type2_count": 39,
  "plot_path": "traces/requests_types_32k/all_traces_arrival_rate_CV/SS06_SM06_SL19_MS24_MM08_ML20_LS10_LM05_LL02/lognormal_lambda2.5x_cv3/lognormal_lambda2.5x_cv3.png"
}