{
  "PPR": 13.26978998384491,
  "TPI": 0.7468104602805385,
  "OV_block_step": 21577569,
  "OV_frac": 2.457091311951042,
  "GE2_frac": 0.5652357792345105,
  "peak_blocks": 8214,
  "peak_step": 4828,
  "gpu_blocks": 619,
  "total_steps": 14187,
  "type1_count": 12,
  "type2_count": 11,
  "plot_path": "traces/requests_types_32k/all_traces_arrival_rate_CV/SS00_SM00_SL00_MS00_MM00_ML00_LS00_LM00_LL100/lognormal_lambda5.0x_cv6/lognormal_lambda5.0x_cv6.png"
}