{
  "PPR": 2.133211678832117,
  "TPI": 0.20694976052584116,
  "OV_block_step": 2214302,
  "OV_frac": 0.08097427066174968,
  "GE2_frac": 0.009899601210396585,
  "peak_blocks": 1169,
  "peak_step": 38844,
  "gpu_blocks": 548,
  "total_steps": 49901,
  "type1_count": 43,
  "type2_count": 45,
  "plot_path": "traces/requests_types_32k/all_traces_arrival_rate_CV/SS03_SM35_SL00_MS13_MM01_ML28_LS01_LM18_LL02/lognormal_lambda2.0x_cv4/lognormal_lambda2.0x_cv4.png"
}