{
  "PPR": 3.427536231884058,
  "TPI": 0.6105489388376466,
  "OV_block_step": 935773,
  "OV_frac": 0.6072323603578349,
  "GE2_frac": 0.2994537476493239,
  "peak_blocks": 473,
  "peak_step": 9361,
  "gpu_blocks": 138,
  "total_steps": 11167,
  "type1_count": 79,
  "type2_count": 32,
  "plot_path": "traces/requests_types_8k/all_traces_arrival_rate_CV/SS03_SM24_SL03_MS36_MM03_ML12_LS06_LM06_LL07/lognormal_lambda5.0x_cv1/lognormal_lambda5.0x_cv1.png"
}