{
  "PPR": 3.390625,
  "TPI": 0.4700247064907207,
  "OV_block_step": 87763097,
  "OV_frac": 0.32829429227993984,
  "GE2_frac": 0.12056001378966924,
  "peak_blocks": 3472,
  "peak_step": 106492,
  "gpu_blocks": 1024,
  "total_steps": 261065,
  "type1_count": 167,
  "type2_count": 91,
  "plot_path": "traces/request_types/SS14_SL39_LS12_LL33/bim50/bim50_md_ov33.png"
}