{
  "PPR": 6.79933110367893,
  "TPI": 0.7509639374007712,
  "OV_block_step": 3443828,
  "OV_frac": 1.3061713991827297,
  "GE2_frac": 0.4511227035608982,
  "peak_blocks": 2033,
  "peak_step": 4969,
  "gpu_blocks": 299,
  "total_steps": 8818,
  "type1_count": 36,
  "type2_count": 19,
  "plot_path": "traces/requests_types_16k/all_traces_arrival_rate_CV/SS10_SM24_SL05_MS05_MM03_ML14_LS09_LM12_LL18/lognormal_lambda5.0x_cv4/lognormal_lambda5.0x_cv4.png"
}