{
  "PPR": 5.464579901153212,
  "TPI": 0.617471145452782,
  "OV_block_step": 13422626,
  "OV_frac": 0.7149157046531321,
  "GE2_frac": 0.3356503184507452,
  "peak_blocks": 3317,
  "peak_step": 20066,
  "gpu_blocks": 607,
  "total_steps": 30931,
  "type1_count": 55,
  "type2_count": 23,
  "plot_path": "traces/requests_types_32k/all_traces_arrival_rate_CV/SS07_SM08_SL06_MS09_MM09_ML09_LS07_LM08_LL38/lognormal_lambda2.0x_cv3/lognormal_lambda2.0x_cv3.png"
}