{
  "PPR": 4.675457648153894,
  "TPI": 0.8525282277859597,
  "OV_block_step": 203757728,
  "OV_frac": 1.5517893222970454,
  "GE2_frac": 0.6796514482081493,
  "peak_blocks": 15069,
  "peak_step": 19145,
  "gpu_blocks": 3223,
  "total_steps": 40740,
  "type1_count": 11,
  "type2_count": 5,
  "plot_path": "traces/SS00_SL50_LS00_LL50/per05/per05_sv_ov1p6.png"
}