{
  "PPR": 2.636015325670498,
  "TPI": 0.5822161886984558,
  "OV_block_step": 381059,
  "OV_frac": 0.2477509194947184,
  "GE2_frac": 0.08179195655862888,
  "peak_blocks": 688,
  "peak_step": 367,
  "gpu_blocks": 261,
  "total_steps": 5893,
  "type1_count": 67,
  "type2_count": 37,
  "plot_path": "traces/requests_types_16k/all_traces_arrival_rate_CV/SS06_SM63_SL03_MS03_MM03_ML06_LS03_LM09_LL04/lognormal_lambda4.0x_cv5/lognormal_lambda4.0x_cv5.png"
}