{
  "PPR": 4.455882352941177,
  "TPI": 0.6469049694856146,
  "OV_block_step": 102649,
  "OV_frac": 0.6580401559054311,
  "GE2_frac": 0.27201394943330426,
  "peak_blocks": 606,
  "peak_step": 733,
  "gpu_blocks": 136,
  "total_steps": 1147,
  "type1_count": 28,
  "type2_count": 38,
  "plot_path": "traces/requests_types_8k/all_traces_arrival_rate_CV/SS00_SM00_SL00_MS00_MM00_ML00_LS00_LM99_LL01/lognormal_lambda2.5x_cv1/lognormal_lambda2.5x_cv1.png"
}