{
  "PPR": 5.255536626916525,
  "TPI": 0.7153503512078122,
  "OV_block_step": 12585409,
  "OV_frac": 0.9182893507580584,
  "GE2_frac": 0.38281651533321914,
  "peak_blocks": 3085,
  "peak_step": 11095,
  "gpu_blocks": 587,
  "total_steps": 23348,
  "type1_count": 49,
  "type2_count": 15,
  "plot_path": "traces/requests_types_32k/all_traces_arrival_rate_CV/SS19_SM26_SL11_MS14_MM09_ML02_LS10_LM01_LL08/lognormal_lambda4.0x_cv2/lognormal_lambda4.0x_cv2.png"
}