{
  "PPR": 3.6768858410649456,
  "TPI": 0.6253825382538254,
  "OV_block_step": 63217686,
  "OV_frac": 0.7651150673760397,
  "GE2_frac": 0.40345034503450344,
  "peak_blocks": 9115,
  "peak_step": 14855,
  "gpu_blocks": 2479,
  "total_steps": 33330,
  "type1_count": 29,
  "type2_count": 23,
  "plot_path": "traces/request_types/SS25_SL00_LS75_LL00/poi05/poi05_hi_ov77.png"
}