{
  "PPR": 3.0202120609675283,
  "TPI": 0.5776777677767777,
  "OV_block_step": 52344272,
  "OV_frac": 0.5203728325118794,
  "GE2_frac": 0.2928892889288929,
  "peak_blocks": 9115,
  "peak_step": 14855,
  "gpu_blocks": 3018,
  "total_steps": 33330,
  "type1_count": 34,
  "type2_count": 16,
  "plot_path": "traces/request_types/SS25_SL00_LS75_LL00/poi05/poi05_mh_ov52.png"
}