{
  "PPR": 7.623376623376624,
  "TPI": 0.49273935515628847,
  "OV_block_step": 572448,
  "OV_frac": 0.9148891964545423,
  "GE2_frac": 0.3822298793994585,
  "peak_blocks": 1174,
  "peak_step": 2078,
  "gpu_blocks": 154,
  "total_steps": 4063,
  "type1_count": 23,
  "type2_count": 14,
  "plot_path": "traces/requests_types_8k/all_traces_arrival_rate_CV/SS00_SM00_SL00_MS00_MM00_ML00_LS00_LM66_LL34/lognormal_lambda3.5x_cv6/lognormal_lambda3.5x_cv6.png"
}