{
  "PPR": 3.587890625,
  "TPI": 0.697281775888013,
  "OV_block_step": 68718246,
  "OV_frac": 0.6176186397317669,
  "GE2_frac": 0.25694051382580724,
  "peak_blocks": 5511,
  "peak_step": 30688,
  "gpu_blocks": 1536,
  "total_steps": 72437,
  "type1_count": 66,
  "type2_count": 35,
  "plot_path": "traces/requests_types_48k/all_traces_arrival_rate_CV/SS10_SM24_SL05_MS05_MM03_ML14_LS09_LM12_LL18/lognormal_lambda4.0x_cv1/lognormal_lambda4.0x_cv1.png"
}