{
  "PPR": 5.1173913043478265,
  "TPI": 0.6910856134157105,
  "OV_block_step": 731070,
  "OV_frac": 0.7013603745347097,
  "GE2_frac": 0.25485436893203883,
  "peak_blocks": 1177,
  "peak_step": 1219,
  "gpu_blocks": 230,
  "total_steps": 4532,
  "type1_count": 29,
  "type2_count": 8,
  "plot_path": "traces/requests_types_16k/all_traces_arrival_rate_CV/SS55_SM04_SL04_MS04_MM02_ML15_LS04_LM04_LL05/lognormal_lambda4.5x_cv7/lognormal_lambda4.5x_cv7.png"
}