{
  "PPR": 3.221476510067114,
  "TPI": 0.41128586106061804,
  "OV_block_step": 546113,
  "OV_frac": 0.2896694791324656,
  "GE2_frac": 0.11902315656366079,
  "peak_blocks": 480,
  "peak_step": 2621,
  "gpu_blocks": 149,
  "total_steps": 12653,
  "type1_count": 58,
  "type2_count": 44,
  "plot_path": "traces/requests_types_8k/all_traces_arrival_rate_CV/SS11_SM02_SL03_MS00_MM36_ML08_LS16_LM20_LL04/lognormal_lambda2.5x_cv6/lognormal_lambda2.5x_cv6.png"
}