{
  "PPR": 3.2287145242070117,
  "TPI": 0.5063059465575189,
  "OV_block_step": 6278803,
  "OV_frac": 0.3488117501305099,
  "GE2_frac": 0.13743303051479153,
  "peak_blocks": 1934,
  "peak_step": 7148,
  "gpu_blocks": 599,
  "total_steps": 30051,
  "type1_count": 46,
  "type2_count": 39,
  "plot_path": "traces/requests_types_32k/all_traces_arrival_rate_CV/SS15_SM13_SL18_MS00_MM19_ML17_LS06_LM03_LL09/lognormal_lambda2.5x_cv1/lognormal_lambda2.5x_cv1.png"
}