{
  "PPR": 5.039426523297491,
  "TPI": 0.4225727267979318,
  "OV_block_step": 1470275,
  "OV_frac": 0.2752286450819195,
  "GE2_frac": 0.08816002506920144,
  "peak_blocks": 1406,
  "peak_step": 13659,
  "gpu_blocks": 279,
  "total_steps": 19147,
  "type1_count": 68,
  "type2_count": 37,
  "plot_path": "traces/requests_types_16k/all_traces_arrival_rate_CV/SS00_SM00_SL00_MS00_MM00_ML00_LS33_LM66_LL01/lognormal_lambda4.0x_cv6/lognormal_lambda4.0x_cv6.png"
}