{
  "PPR": 4.762295081967213,
  "TPI": 0.6361982719417917,
  "OV_block_step": 204014,
  "OV_frac": 0.7604574359433125,
  "GE2_frac": 0.24920418371987266,
  "peak_blocks": 581,
  "peak_step": 1055,
  "gpu_blocks": 122,
  "total_steps": 2199,
  "type1_count": 18,
  "type2_count": 5,
  "plot_path": "traces/requests_types_8k/all_traces_arrival_rate_CV/SS06_SM63_SL03_MS03_MM03_ML06_LS03_LM09_LL04/lognormal_lambda4.0x_cv4/lognormal_lambda4.0x_cv4.png"
}