{
  "PPR": 4.6755852842809364,
  "TPI": 0.636838241292112,
  "OV_block_step": 2375945,
  "OV_frac": 0.6482016761421068,
  "GE2_frac": 0.289991027000571,
  "peak_blocks": 1398,
  "peak_step": 4352,
  "gpu_blocks": 299,
  "total_steps": 12259,
  "type1_count": 43,
  "type2_count": 32,
  "plot_path": "traces/requests_types_16k/all_traces_arrival_rate_CV/SS10_SM24_SL05_MS05_MM03_ML14_LS09_LM12_LL18/lognormal_lambda3.0x_cv3/lognormal_lambda3.0x_cv3.png"
}