{
  "PPR": 2.225563909774436,
  "TPI": 0.3012697542705764,
  "OV_block_step": 445517,
  "OV_frac": 0.1529986242668881,
  "GE2_frac": 0.019274687128893762,
  "peak_blocks": 592,
  "peak_step": 4819,
  "gpu_blocks": 266,
  "total_steps": 10947,
  "type1_count": 37,
  "type2_count": 30,
  "plot_path": "traces/requests_types_16k/all_traces_arrival_rate_CV/SS03_SM35_SL00_MS13_MM01_ML28_LS01_LM18_LL02/lognormal_lambda2.5x_cv2/lognormal_lambda2.5x_cv2.png"
}