{
  "PPR": 3.220727272727273,
  "TPI": 0.6661298166721878,
  "OV_block_step": 396028467,
  "OV_frac": 0.5075183138787951,
  "GE2_frac": 0.19592322927606307,
  "peak_blocks": 8857,
  "peak_step": 228314,
  "gpu_blocks": 2750,
  "total_steps": 283754,
  "type1_count": 90,
  "type2_count": 45,
  "plot_path": "traces/sy_requests/all_traces_arrival_rate_CV/SS03_SM35_SL00_MS13_MM01_ML28_LS01_LM18_LL02/lognormal_lambda2.5x_cv1/lognormal_lambda2.5x_cv1.png"
}