{
  "PPR": 2.5946988551518166,
  "TPI": 0.8169077306733167,
  "OV_block_step": 93909137,
  "OV_frac": 0.5828456298278694,
  "GE2_frac": 0.1854862842892768,
  "peak_blocks": 20851,
  "peak_step": 3485,
  "gpu_blocks": 8036,
  "total_steps": 20050,
  "type1_count": 31,
  "type2_count": 7,
  "plot_path": "traces/request_types/SS25_SL25_LS25_LL25/bim05/bim05_mh_ov58.png"
}