{
  "PPR": 3.1875,
  "TPI": 0.6240217761143246,
  "OV_block_step": 197565,
  "OV_frac": 0.5251706575365771,
  "GE2_frac": 0.19870704321197685,
  "peak_blocks": 408,
  "peak_step": 1017,
  "gpu_blocks": 128,
  "total_steps": 2939,
  "type1_count": 19,
  "type2_count": 15,
  "plot_path": "traces/requests_types_8k/all_traces_arrival_rate_CV/SS55_SM04_SL04_MS04_MM02_ML15_LS04_LM04_LL05/lognormal_lambda5.0x_cv4/lognormal_lambda5.0x_cv4.png"
}