{
  "PPR": 6.134146341463414,
  "TPI": 0.8816770812336222,
  "OV_block_step": 18447279,
  "OV_frac": 1.8894612735433947,
  "GE2_frac": 0.6671370019485319,
  "peak_blocks": 4024,
  "peak_step": 1878,
  "gpu_blocks": 656,
  "total_steps": 14883,
  "type1_count": 19,
  "type2_count": 16,
  "plot_path": "traces/requests_types_32k/all_traces_arrival_rate_CV/SS02_SM02_SL02_MS01_MM01_ML02_LS01_LM03_LL86/lognormal_lambda4.0x_cv1/lognormal_lambda4.0x_cv1.png"
}