{
  "PPR": 3.1918367346938776,
  "TPI": 0.43115805356469256,
  "OV_block_step": 241166,
  "OV_frac": 0.371313097098515,
  "GE2_frac": 0.14598264805733685,
  "peak_blocks": 782,
  "peak_step": 1656,
  "gpu_blocks": 245,
  "total_steps": 2651,
  "type1_count": 21,
  "type2_count": 19,
  "plot_path": "traces/requests_types_16k/all_traces_arrival_rate_CV/SS54_SM10_SL01_MS02_MM09_ML02_LS06_LM14_LL01/lognormal_lambda2.5x_cv4/lognormal_lambda2.5x_cv4.png"
}