{
  "PPR": 4.50179211469534,
  "TPI": 0.6507398734492551,
  "OV_block_step": 4468688,
  "OV_frac": 0.7980072177461767,
  "GE2_frac": 0.41502665537342437,
  "peak_blocks": 1256,
  "peak_step": 2768,
  "gpu_blocks": 279,
  "total_steps": 20071,
  "type1_count": 66,
  "type2_count": 19,
  "plot_path": "traces/requests_types_16k/all_traces_arrival_rate_CV/SS01_SM18_SL11_MS32_MM14_ML02_LS14_LM07_LL01/lognormal_lambda5.0x_cv5/lognormal_lambda5.0x_cv5.png"
}