{
  "PPR": 4.037946428571429,
  "TPI": 0.5497880571216922,
  "OV_block_step": 87582784,
  "OV_frac": 0.40227434403532186,
  "GE2_frac": 0.13817441046956666,
  "peak_blocks": 3618,
  "peak_step": 54083,
  "gpu_blocks": 896,
  "total_steps": 242990,
  "type1_count": 202,
  "type2_count": 107,
  "plot_path": "traces/request_types/all_traces/SS28_SL29_LS27_LL15/bim50/bim50_md_ov38.png"
}