{
  "PPR": 4.832865168539326,
  "TPI": 0.5134740314382847,
  "OV_block_step": 162589575,
  "OV_frac": 0.5124286572260288,
  "GE2_frac": 0.2141303981958329,
  "peak_blocks": 10323,
  "peak_step": 40897,
  "gpu_blocks": 2136,
  "total_steps": 148545,
  "type1_count": 67,
  "type2_count": 41,
  "plot_path": "traces/requests_types_64k/all_traces_arrival_rate_CV/SS07_SM08_SL06_MS09_MM09_ML09_LS07_LM08_LL38/lognormal_lambda2.5x_cv1/lognormal_lambda2.5x_cv1.png"
}