{
  "PPR": 4.9312714776632305,
  "TPI": 0.6236834614289781,
  "OV_block_step": 4713740,
  "OV_frac": 1.1527483094211681,
  "GE2_frac": 0.48911187019641333,
  "peak_blocks": 1435,
  "peak_step": 12493,
  "gpu_blocks": 291,
  "total_steps": 14052,
  "type1_count": 28,
  "type2_count": 35,
  "plot_path": "traces/requests_types_16k/all_traces_arrival_rate_CV/SS11_SM02_SL03_MS00_MM36_ML08_LS16_LM20_LL04/lognormal_lambda4.0x_cv7/lognormal_lambda4.0x_cv7.png"
}