{
  "PPR": 3.00625,
  "TPI": 0.2576082103680763,
  "OV_block_step": 28800592,
  "OV_frac": 0.127159333020622,
  "GE2_frac": 0.030901908481070602,
  "peak_blocks": 3848,
  "peak_step": 106799,
  "gpu_blocks": 1280,
  "total_steps": 176947,
  "type1_count": 86,
  "type2_count": 42,
  "plot_path": "traces/request_types/SS25_SL00_LS75_LL00/bim50/bim50_ml_ov22.png"
}