{
  "PPR": 3.0134228187919465,
  "TPI": 0.21141649048625794,
  "OV_block_step": 461636,
  "OV_frac": 0.1393652191947939,
  "GE2_frac": 0.0515046556610139,
  "peak_blocks": 449,
  "peak_step": 4007,
  "gpu_blocks": 149,
  "total_steps": 22231,
  "type1_count": 55,
  "type2_count": 37,
  "plot_path": "traces/requests_types_8k/all_traces_arrival_rate_CV/SS11_SM02_SL03_MS00_MM36_ML08_LS16_LM20_LL04/lognormal_lambda1.0x_cv4/lognormal_lambda1.0x_cv4.png"
}