{
  "PPR": 2.8763020833333335,
  "TPI": 0.36894592007657334,
  "OV_block_step": 45194863,
  "OV_frac": 0.17602141021950027,
  "GE2_frac": 0.03572625029911462,
  "peak_blocks": 4418,
  "peak_step": 46897,
  "gpu_blocks": 1536,
  "total_steps": 167160,
  "type1_count": 84,
  "type2_count": 59,
  "plot_path": "traces/requests_types_48k/all_traces_arrival_rate_CV/SS00_SM00_SL00_MS00_MM00_ML00_LS33_LM00_LL67/lognormal_lambda1.5x_cv1/lognormal_lambda1.5x_cv1.png"
}