{
  "PPR": 5.743636363636363,
  "TPI": 0.6117401241598841,
  "OV_block_step": 768588235,
  "OV_frac": 0.7027344615566776,
  "GE2_frac": 0.31957718254117917,
  "peak_blocks": 15795,
  "peak_step": 118034,
  "gpu_blocks": 2750,
  "total_steps": 397713,
  "type1_count": 77,
  "type2_count": 48,
  "plot_path": "traces/sy_requests/all_traces_arrival_rate_CV/SS11_SM11_SL11_MS11_MM11_ML11_LS11_LM11_LL11/lognormal_lambda3.0x_cv1/lognormal_lambda3.0x_cv1.png"
}