{
  "PPR": 1.9632451815329448,
  "TPI": 0.5129622186495176,
  "OV_block_step": 65566624,
  "OV_frac": 0.24608868122043331,
  "GE2_frac": 0.0,
  "peak_blocks": 13140,
  "peak_step": 23687,
  "gpu_blocks": 6693,
  "total_steps": 39808,
  "type1_count": 47,
  "type2_count": 20,
  "plot_path": "traces/SS00_SL00_LS100_LL00/per05/per05_md_ov25.png"
}