{
  "PPR": 4.8379970544918995,
  "TPI": 0.8609324758842444,
  "OV_block_step": 167969603,
  "OV_frac": 1.5535690885469695,
  "GE2_frac": 0.5739801045016077,
  "peak_blocks": 13140,
  "peak_step": 23687,
  "gpu_blocks": 2716,
  "total_steps": 39808,
  "type1_count": 33,
  "type2_count": 14,
  "plot_path": "traces/SS00_SL00_LS100_LL00/per05/per05_sv_ov1p6.png"
}