{
  "PPR": 2.21640625,
  "TPI": 0.2157622739018088,
  "OV_block_step": 114511,
  "OV_frac": 0.11558361595607235,
  "GE2_frac": 0.028423772609819122,
  "peak_blocks": 2837,
  "peak_step": 602,
  "gpu_blocks": 1280,
  "total_steps": 774,
  "type1_count": 13,
  "type2_count": 43,
  "plot_path": "traces/case234/token_static_batch_dyn/C2_bim50_low.png"
}