{
  "PPR": 2.4220779220779223,
  "TPI": 0.7643744030563515,
  "OV_block_step": 8076452,
  "OV_frac": 0.4174187639803686,
  "GE2_frac": 0.09172238140719516,
  "peak_blocks": 1492,
  "peak_step": 28755,
  "gpu_blocks": 616,
  "total_steps": 31410,
  "type1_count": 112,
  "type2_count": 44,
  "plot_path": "traces/requests_types_32k/all_traces_arrival_rate_CV/SS18_SM08_SL17_MS21_MM06_ML10_LS10_LM03_LL07/lognormal_lambda4.0x_cv1/lognormal_lambda4.0x_cv1.png"
}