{
  "PPR": 2.5151909722222223,
  "TPI": 0.2731377992500721,
  "OV_block_step": 85249308,
  "OV_frac": 0.1111689011523331,
  "GE2_frac": 0.023399192385347562,
  "peak_blocks": 5795,
  "peak_step": 149896,
  "gpu_blocks": 2304,
  "total_steps": 332832,
  "type1_count": 117,
  "type2_count": 93,
  "plot_path": "traces/request_types/all_traces/SS08_SL00_LS08_LL83/bim50/bim50_lo_ov13.png"
}