{
  "PPR": 3.0182291666666665,
  "TPI": 0.4153867416594558,
  "OV_block_step": 129101610,
  "OV_frac": 0.20202511139253437,
  "GE2_frac": 0.05847694933179502,
  "peak_blocks": 5795,
  "peak_step": 149896,
  "gpu_blocks": 1920,
  "total_steps": 332832,
  "type1_count": 181,
  "type2_count": 108,
  "plot_path": "traces/request_types/all_traces/SS08_SL00_LS08_LL83/bim50/bim50_ml_ov23.png"
}