{
  "PPR": 8.363636363636363,
  "TPI": 0.93210244192972,
  "OV_block_step": 671026,
  "OV_frac": 2.5951826612934417,
  "GE2_frac": 0.8338296605122096,
  "peak_blocks": 1288,
  "peak_step": 271,
  "gpu_blocks": 154,
  "total_steps": 1679,
  "type1_count": 7,
  "type2_count": 4,
  "plot_path": "traces/requests_types_8k/all_traces_arrival_rate_CV/SS00_SM00_SL00_MS00_MM00_ML00_LS00_LM66_LL34/lognormal_lambda3.5x_cv5/lognormal_lambda3.5x_cv5.png"
}