{
  "PPR": 1.4849629522010752,
  "TPI": 0.2864229765013055,
  "OV_block_step": 11722064,
  "OV_frac": 0.05558243358120377,
  "GE2_frac": 0.0,
  "peak_blocks": 10221,
  "peak_step": 19593,
  "gpu_blocks": 6883,
  "total_steps": 30640,
  "type1_count": 56,
  "type2_count": 23,
  "plot_path": "traces/request_types/SS00_SL50_LS50_LL00/poi05/poi05_vl_ov5.png"
}