{
  "PPR": 3.392300033189512,
  "TPI": 0.8129242819843342,
  "OV_block_step": 74615288,
  "OV_frac": 0.808239231389826,
  "GE2_frac": 0.40225195822454307,
  "peak_blocks": 10221,
  "peak_step": 19593,
  "gpu_blocks": 3013,
  "total_steps": 30640,
  "type1_count": 52,
  "type2_count": 22,
  "plot_path": "traces/request_types/SS00_SL50_LS50_LL00/poi05/poi05_hi_ov81.png"
}