{
  "PPR": 1.9900700934579438,
  "TPI": 0.4746083550913838,
  "OV_block_step": 32667619,
  "OV_frac": 0.20758869837038302,
  "GE2_frac": 0.0,
  "peak_blocks": 10221,
  "peak_step": 19593,
  "gpu_blocks": 5136,
  "total_steps": 30640,
  "type1_count": 49,
  "type2_count": 19,
  "plot_path": "traces/request_types/SS00_SL50_LS50_LL00/poi05/poi05_ml_ov21.png"
}