{
  "batch_size": 4,
  "max_model_len": 32384,
  "num_gpu_blocks_override": 16384,
  "arrival_pattern": "UniformArrival(max_step=30407)",
  "vocab": [200, 30000],
  "requests": {
    "request_0": {"category": "LL_I13104-19648_O6544-9824", "input_length": 17259, "output_length": 8707, "arrival_time": 0, "sched_time": 0, "wait_time": 0, "slo": 0.07553087677412196},
    "request_1": {"category": "LL_I6544-9824_O3264-4912", "input_length": 8609, "output_length": 4147, "arrival_time": 0, "sched_time": 0, "wait_time": 0, "slo": 0.06229784932581161},
    "request_2": {"category": "LL_I3264-4912_O13104-19648", "input_length": 4374, "output_length": 16499, "arrival_time": 0, "sched_time": 0, "wait_time": 0, "slo": 0.07042899874276355},
    "request_3": {"category": "LL_I3264-4912_O3264-4912", "input_length": 3907, "output_length": 4766, "arrival_time": 0, "sched_time": 0, "wait_time": 0, "slo": 0.0582077319093505},
    "request_4": {"category": "LL_I13104-19648_O3264-4912", "input_length": 14832, "output_length": 4600, "arrival_time": 1396, "sched_time": 4148, "wait_time": 2752, "slo": 0.06898548681596452},
    "request_5": {"category": "LL_I13104-19648_O3264-4912", "input_length": 18233, "output_length": 4613, "arrival_time": 1542, "sched_time": 4767, "wait_time": 3225, "slo": 0.07240543804295403},
    "request_6": {"category": "LS_I13104-19648_O400-608", "input_length": 14352, "output_length": 506, "arrival_time": 2001, "sched_time": 8708, "wait_time": 6707, "slo": 0.06440351349661769},
    "request_7": {"category": "LL_I6544-9824_O13104-19648", "input_length": 8958, "output_length": 19508, "arrival_time": 2184, "sched_time": 8749, "wait_time": 6565, "slo": 0.07803523473178857},
    "request_8": {"category": "LS_I13104-19648_O400-608", "input_length": 13194, "output_length": 492, "arrival_time": 2330, "sched_time": 9215, "wait_time": 6885, "slo": 0.06322947048606359},
    "request_9": {"category": "LL_I13104-19648_O3264-4912", "input_length": 13565, "output_length": 4607, "arrival_time": 2430, "sched_time": 9381, "wait_time": 6951, "slo": 0.06772329040530055},
    "request_10": {"category": "SS_I816-1216_O400-608", "input_length": 899, "output_length": 529, "arrival_time": 2796, "sched_time": 9708, "wait_time": 6912, "slo": 0.05095010254803267},
    "request_11": {"category": "LL_I3264-4912_O6544-9824", "input_length": 4191, "output_length": 9484, "arrival_time": 3107, "sched_time": 10238, "wait_time": 7131, "slo": 0.06321845131104985},
    "request_12": {"category": "LL_I3264-4912_O3264-4912", "input_length": 4805, "output_length": 4893, "arrival_time": 3258, "sched_time": 13989, "wait_time": 10731, "slo": 0.05923451867199381},
    "request_13": {"category": "LS_I13104-19648_O192-304", "input_length": 15570, "output_length": 270, "arrival_time": 3629, "sched_time": 16500, "wait_time": 12871, "slo": 0.06538722530238913},
    "request_14": {"category": "LL_I13104-19648_O3264-4912", "input_length": 17936, "output_length": 3502, "arrival_time": 3871, "sched_time": 16771, "wait_time": 12900, "slo": 0.0709949836411962},
    "request_15": {"category": "LS_I13104-19648_O400-608", "input_length": 13859, "output_length": 463, "arrival_time": 4855, "sched_time": 18883, "wait_time": 14028, "slo": 0.06386657915049397},
    "request_16": {"category": "LL_I3264-4912_O13104-19648", "input_length": 4416, "output_length": 19406, "arrival_time": 5030, "sched_time": 19347, "wait_time": 14317, "slo": 0.07338313938962708},
    "request_17": {"category": "LL_I6544-9824_O13104-19648", "input_length": 8280, "output_length": 13737, "arrival_time": 5071, "sched_time": 19723, "wait_time": 14652, "slo": 0.07157499294419178},
    "request_18": {"category": "SS_I192-304_O1632-2448", "input_length": 303, "output_length": 2244, "arrival_time": 5599, "sched_time": 20274, "wait_time": 14675, "slo": 0.052071053169884245},
    "request_19": {"category": "LL_I3264-4912_O3264-4912", "input_length": 3910, "output_length": 4335, "arrival_time": 5748, "sched_time": 22519, "wait_time": 16771, "slo": 0.057778985826997975},
    "request_20": {"category": "LS_I13104-19648_O816-1216", "input_length": 13546, "output_length": 1155, "arrival_time": 6008, "sched_time": 26855, "wait_time": 20847, "slo": 0.06424623981687623},
    "request_21": {"category": "LL_I13104-19648_O6544-9824", "input_length": 14057, "output_length": 6670, "arrival_time": 6070, "sched_time": 28011, "wait_time": 21941, "slo": 0.07028274423803582},
    "request_22": {"category": "LS_I13104-19648_O192-304", "input_length": 17711, "output_length": 221, "arrival_time": 6076, "sched_time": 28258, "wait_time": 22182, "slo": 0.06748287204136455},
    "request_23": {"category": "LL_I3264-4912_O6544-9824", "input_length": 3519, "output_length": 7932, "arrival_time": 6299, "sched_time": 28480, "wait_time": 22181, "slo": 0.060990574471909635},
    "request_24": {"category": "LL_I13104-19648_O6544-9824", "input_length": 14122, "output_length": 6619, "arrival_time": 7037, "sched_time": 33461, "wait_time": 26424, "slo": 0.07029676864259875},
    "request_25": {"category": "LS_I13104-19648_O192-304", "input_length": 13160, "output_length": 283, "arrival_time": 7040, "sched_time": 34682, "wait_time": 27642, "slo": 0.06298604689257839},
    "request_26": {"category": "SS_I400-608_O816-1216", "input_length": 543, "output_length": 1206, "arrival_time": 7325, "sched_time": 34966, "wait_time": 27641, "slo": 0.05127166210979706},
    "request_27": {"category": "LL_I3264-4912_O13104-19648", "input_length": 4736, "output_length": 17109, "arrival_time": 8099, "sched_time": 36173, "wait_time": 28074, "slo": 0.07140269311670433},
    "request_28": {"category": "LL_I6544-9824_O3264-4912", "input_length": 6732, "output_length": 4529, "arrival_time": 8176, "sched_time": 36413, "wait_time": 28237, "slo": 0.06080024326712698},
    "request_29": {"category": "LS_I13104-19648_O192-304", "input_length": 15252, "output_length": 265, "arrival_time": 8317, "sched_time": 38754, "wait_time": 30437, "slo": 0.06506366225425861},
    "request_30": {"category": "LL_I13104-19648_O6544-9824", "input_length": 18806, "output_length": 7234, "arrival_time": 8576, "sched_time": 39020, "wait_time": 30444, "slo": 0.07560500576966889},
    "request_31": {"category": "LL_I6544-9824_O6544-9824", "input_length": 8296, "output_length": 9260, "arrival_time": 9080, "sched_time": 40081, "wait_time": 31001, "slo": 0.06710621660453149},
    "request_32": {"category": "LS_I13104-19648_O1632-2448", "input_length": 14933, "output_length": 1926, "arrival_time": 10463, "sched_time": 40943, "wait_time": 30480, "slo": 0.06640800160593405},
    "request_33": {"category": "LL_I3264-4912_O3264-4912", "input_length": 3675, "output_length": 3506, "arrival_time": 10953, "sched_time": 42870, "wait_time": 31917, "slo": 0.05671313108021507},
    "request_34": {"category": "LL_I6544-9824_O13104-19648", "input_length": 8358, "output_length": 16712, "arrival_time": 11283, "sched_time": 46255, "wait_time": 34972, "slo": 0.07463331488209425},
    "request_35": {"category": "LS_I13104-19648_O400-608", "input_length": 16204, "output_length": 608, "arrival_time": 11621, "sched_time": 46377, "wait_time": 34756, "slo": 0.06636091967632991},
    "request_36": {"category": "LL_I6544-9824_O13104-19648", "input_length": 9681, "output_length": 14233, "arrival_time": 11720, "sched_time": 46986, "wait_time": 35266, "slo": 0.0734752997624692},
    "request_37": {"category": "LL_I13104-19648_O6544-9824", "input_length": 16397, "output_length": 6859, "arrival_time": 12084, "sched_time": 49342, "wait_time": 37258, "slo": 0.07281615274801136},
    "request_38": {"category": "LL_I3264-4912_O3264-4912", "input_length": 4640, "output_length": 4886, "arrival_time": 12159, "sched_time": 53283, "wait_time": 41124, "slo": 0.05906221884450635},
    "request_39": {"category": "LL_I6544-9824_O6544-9824", "input_length": 8922, "output_length": 8795, "arrival_time": 12215, "sched_time": 56202, "wait_time": 43987, "slo": 0.06726749725700523},