{
  "PPR": 1.67431640625,
  "TPI": 0.2842339008142117,
  "OV_block_step": 58824990,
  "OV_frac": 0.0805327693527732,
  "GE2_frac": 0.0,
  "peak_blocks": 27432,
  "peak_step": 20281,
  "gpu_blocks": 16384,
  "total_steps": 44583,
  "type1_count": 43,
  "type2_count": 25,
  "plot_path": "traces/SS03_SL00_LS04_LL91/uni05/uni05_sk_ov8.png"
}