{
  "PPR": 3.887218045112782,
  "TPI": 0.49819744869661675,
  "OV_block_step": 586648,
  "OV_frac": 0.3058019424601437,
  "GE2_frac": 0.06655574043261231,
  "peak_blocks": 1034,
  "peak_step": 1490,
  "gpu_blocks": 266,
  "total_steps": 7212,
  "type1_count": 53,
  "type2_count": 28,
  "plot_path": "traces/requests_types_16k/all_traces_arrival_rate_CV/SS03_SM35_SL00_MS13_MM01_ML28_LS01_LM18_LL02/lognormal_lambda4.5x_cv6/lognormal_lambda4.5x_cv6.png"
}