{
  "PPR": 1.6129121640343584,
  "TPI": 0.04222935919141014,
  "OV_block_step": 6744726,
  "OV_frac": 0.010511571693127143,
  "GE2_frac": 0.0,
  "peak_blocks": 5821,
  "peak_step": 74706,
  "gpu_blocks": 3609,
  "total_steps": 177791,
  "type1_count": 18,
  "type2_count": 20,
  "plot_path": "traces/requests_types_128k_bs8/all_traces_arrival_rate_CV/SS04_SM15_SL55_MS02_MM04_ML04_LS04_LM04_LL05/lognormal_lambda4.0x_cv1/lognormal_lambda4.0x_cv1.png"
}