{
  "PPR": 4.5358649789029535,
  "TPI": 0.6640207822196565,
  "OV_block_step": 1498098,
  "OV_frac": 0.9122656382731905,
  "GE2_frac": 0.3879347669216337,
  "peak_blocks": 1075,
  "peak_step": 3321,
  "gpu_blocks": 237,
  "total_steps": 6929,
  "type1_count": 53,
  "type2_count": 15,
  "plot_path": "traces/requests_types_16k/all_traces_arrival_rate_CV/SS04_SM15_SL55_MS02_MM04_ML04_LS04_LM04_LL05/lognormal_lambda4.5x_cv4/lognormal_lambda4.5x_cv4.png"
}