{
  "PPR": 4.273684210526316,
  "TPI": 0.38607046070460704,
  "OV_block_step": 2205861,
  "OV_frac": 0.4195047782056768,
  "GE2_frac": 0.18097560975609756,
  "peak_blocks": 1218,
  "peak_step": 12696,
  "gpu_blocks": 285,
  "total_steps": 18450,
  "type1_count": 53,
  "type2_count": 26,
  "plot_path": "traces/requests_types_16k/all_traces_arrival_rate_CV/SS05_SM22_SL01_MS13_MM01_ML37_LS03_LM03_LL15/lognormal_lambda3.0x_cv4/lognormal_lambda3.0x_cv4.png"
}