{
  "PPR": 3.767584097859327,
  "TPI": 0.2350826476910533,
  "OV_block_step": 1404952,
  "OV_frac": 0.15923539013550092,
  "GE2_frac": 0.05792750722704025,
  "peak_blocks": 1232,
  "peak_step": 14490,
  "gpu_blocks": 327,
  "total_steps": 26982,
  "type1_count": 32,
  "type2_count": 54,
  "plot_path": "traces/requests_types_16k/all_traces_arrival_rate_CV/SS00_SM00_SL00_MS00_MM00_ML00_LS00_LM33_LL67/lognormal_lambda1.0x_cv3/lognormal_lambda1.0x_cv3.png"
}