{
  "PPR": 3.2682481751824817,
  "TPI": 0.3701627195102304,
  "OV_block_step": 2779022,
  "OV_frac": 0.1634028686707614,
  "GE2_frac": 0.03273723215724182,
  "peak_blocks": 1791,
  "peak_step": 30146,
  "gpu_blocks": 548,
  "total_steps": 31035,
  "type1_count": 59,
  "type2_count": 38,
  "plot_path": "traces/requests_types_32k/all_traces_arrival_rate_CV/SS05_SM22_SL01_MS13_MM01_ML37_LS03_LM03_LL15/lognormal_lambda2.5x_cv7/lognormal_lambda2.5x_cv7.png"
}