{
  "PPR": 4.004065040650406,
  "TPI": 0.690780660090123,
  "OV_block_step": 2128745,
  "OV_frac": 1.05388320050537,
  "GE2_frac": 0.49969553038606745,
  "peak_blocks": 985,
  "peak_step": 5498,
  "gpu_blocks": 246,
  "total_steps": 8211,
  "type1_count": 35,
  "type2_count": 17,
  "plot_path": "traces/requests_types_16k/all_traces_arrival_rate_CV/SS06_SM01_SL07_MS08_MM02_ML49_LS05_LM19_LL03/lognormal_lambda4.0x_cv7/lognormal_lambda4.0x_cv7.png"
}