{
  "PPR": 7.845637583892618,
  "TPI": 0.8444658789486376,
  "OV_block_step": 1284650,
  "OV_frac": 2.0790480059167864,
  "GE2_frac": 0.691825415963347,
  "peak_blocks": 1169,
  "peak_step": 2167,
  "gpu_blocks": 149,
  "total_steps": 4147,
  "type1_count": 10,
  "type2_count": 8,
  "plot_path": "traces/requests_types_8k/all_traces_arrival_rate_CV/SS11_SM02_SL03_MS00_MM36_ML08_LS16_LM20_LL04/lognormal_lambda3.5x_cv5/lognormal_lambda3.5x_cv5.png"
}