{
  "PPR": 3.383522727272727,
  "TPI": 0.4419399646426381,
  "OV_block_step": 24373567,
  "OV_frac": 0.3122771587301197,
  "GE2_frac": 0.12314644442039181,
  "peak_blocks": 2382,
  "peak_step": 47123,
  "gpu_blocks": 704,
  "total_steps": 110868,
  "type1_count": 115,
  "type2_count": 48,
  "plot_path": "traces/request_types/SS41_SL16_LS41_LL00/bim50/bim50_md_ov32.png"
}