{
  "PPR": 5.362204724409449,
  "TPI": 0.6476921006593999,
  "OV_block_step": 2461888,
  "OV_frac": 1.3043294901015856,
  "GE2_frac": 0.4817655766384067,
  "peak_blocks": 1362,
  "peak_step": 5292,
  "gpu_blocks": 254,
  "total_steps": 7431,
  "type1_count": 21,
  "type2_count": 13,
  "plot_path": "traces/requests_types_16k/all_traces_arrival_rate_CV/SS03_SM42_SL05_MS03_MM05_ML25_LS13_LM02_LL00/lognormal_lambda4.0x_cv2/lognormal_lambda4.0x_cv2.png"
}