{
  "PPR": 1.7145454545454546,
  "TPI": 0.11304369401781506,
  "OV_block_step": 13104302,
  "OV_frac": 0.019705732109573014,
  "GE2_frac": 0.0,
  "peak_blocks": 4715,
  "peak_step": 218637,
  "gpu_blocks": 2750,
  "total_steps": 241818,
  "type1_count": 24,
  "type2_count": 25,
  "plot_path": "traces/sy_requests/all_traces_arrival_rate_CV/SS10_SM00_SL12_MS50_MM04_ML04_LS04_LM08_LL09/lognormal_lambda1.0x_cv1/lognormal_lambda1.0x_cv1.png"
}