{
  "PPR": 7.420731707317073,
  "TPI": 0.5432509728538609,
  "OV_block_step": 19668491,
  "OV_frac": 1.4057131507657614,
  "GE2_frac": 0.42242955600356324,
  "peak_blocks": 4868,
  "peak_step": 7005,
  "gpu_blocks": 656,
  "total_steps": 21329,
  "type1_count": 10,
  "type2_count": 10,
  "plot_path": "traces/requests_types_32k/all_traces_arrival_rate_CV/SS02_SM02_SL02_MS01_MM01_ML02_LS01_LM03_LL86/lognormal_lambda3.5x_cv5/lognormal_lambda3.5x_cv5.png"
}