{
  "PPR": 3.4294545454545453,
  "TPI": 0.4005374447447291,
  "OV_block_step": 263285899,
  "OV_frac": 0.29369369609552193,
  "GE2_frac": 0.08459233036900245,
  "peak_blocks": 9431,
  "peak_step": 164969,
  "gpu_blocks": 2750,
  "total_steps": 325987,
  "type1_count": 74,
  "type2_count": 51,
  "plot_path": "traces/sy_requests/all_traces_arrival_rate_CV/SS07_SM08_SL06_MS09_MM09_ML09_LS07_LM08_LL38/lognormal_lambda2.0x_cv1/lognormal_lambda2.0x_cv1.png"
}