{
  "PPR": 2.357933579335793,
  "TPI": 0.40815824608249596,
  "OV_block_step": 1690205,
  "OV_frac": 0.2191314320563626,
  "GE2_frac": 0.029021151008362025,
  "peak_blocks": 639,
  "peak_step": 8433,
  "gpu_blocks": 271,
  "total_steps": 28462,
  "type1_count": 82,
  "type2_count": 29,
  "plot_path": "traces/requests_types_16k/all_traces_arrival_rate_CV/SS06_SM06_SL19_MS24_MM08_ML20_LS10_LM05_LL02/lognormal_lambda2.0x_cv1/lognormal_lambda2.0x_cv1.png"
}