{
  "PPR": 1.8304347826086957,
  "TPI": 0.07487248580502358,
  "OV_block_step": 139030,
  "OV_frac": 0.02908662596812459,
  "GE2_frac": 0.0,
  "peak_blocks": 421,
  "peak_step": 12150,
  "gpu_blocks": 230,
  "total_steps": 20782,
  "type1_count": 14,
  "type2_count": 12,
  "plot_path": "traces/requests_types_16k/all_traces_arrival_rate_CV/SS55_SM04_SL04_MS04_MM02_ML15_LS04_LM04_LL05/lognormal_lambda1.5x_cv3/lognormal_lambda1.5x_cv3.png"
}