{
  "PPR": 3.150273224043716,
  "TPI": 0.6220146523028982,
  "OV_block_step": 109765763,
  "OV_frac": 0.4720000256283934,
  "GE2_frac": 0.22261742695488634,
  "peak_blocks": 5765,
  "peak_step": 41662,
  "gpu_blocks": 1830,
  "total_steps": 127079,
  "type1_count": 101,
  "type2_count": 42,
  "plot_path": "traces/requests_types_64k/all_traces_arrival_rate_CV/SS15_SM13_SL18_MS00_MM19_ML17_LS06_LM03_LL09/lognormal_lambda3.5x_cv1/lognormal_lambda3.5x_cv1.png"
}