{
  "PPR": 2.9908700322234156,
  "TPI": 0.7852260130557951,
  "OV_block_step": 111155599,
  "OV_frac": 0.45954616126339815,
  "GE2_frac": 0.13235158270722996,
  "peak_blocks": 5569,
  "peak_step": 53545,
  "gpu_blocks": 1862,
  "total_steps": 129904,
  "type1_count": 104,
  "type2_count": 56,
  "plot_path": "traces/requests_types_64k/all_traces_arrival_rate_CV/SS10_SM24_SL05_MS05_MM03_ML14_LS09_LM12_LL18/lognormal_lambda2.5x_cv1/lognormal_lambda2.5x_cv1.png"
}