{
  "PPR": 3.7890772128060264,
  "TPI": 0.5525327470916919,
  "OV_block_step": 16638014,
  "OV_frac": 0.5740287569603688,
  "GE2_frac": 0.2492076577814418,
  "peak_blocks": 2012,
  "peak_step": 38808,
  "gpu_blocks": 531,
  "total_steps": 54585,
  "type1_count": 81,
  "type2_count": 20,
  "plot_path": "traces/requests_types_32k/all_traces_arrival_rate_CV/SS03_SM24_SL03_MS36_MM03_ML12_LS06_LM06_LL07/lognormal_lambda3.0x_cv4/lognormal_lambda3.0x_cv4.png"
}