{
  "PPR": 3.905564924114671,
  "TPI": 0.7103344768439108,
  "OV_block_step": 16344223,
  "OV_frac": 0.9849173630414682,
  "GE2_frac": 0.461942538593482,
  "peak_blocks": 2316,
  "peak_step": 4918,
  "gpu_blocks": 593,
  "total_steps": 27984,
  "type1_count": 31,
  "type2_count": 15,
  "plot_path": "traces/requests_types_32k/all_traces_arrival_rate_CV/SS05_SM02_SL22_MS01_MM07_ML11_LS31_LM03_LL19/lognormal_lambda4.5x_cv1/lognormal_lambda4.5x_cv1.png"
}