{
  "PPR": 6.095541401273885,
  "TPI": 0.618274411395675,
  "OV_block_step": 3523287,
  "OV_frac": 0.8281540509018223,
  "GE2_frac": 0.3430511476861761,
  "peak_blocks": 1914,
  "peak_step": 11620,
  "gpu_blocks": 314,
  "total_steps": 13549,
  "type1_count": 35,
  "type2_count": 34,
  "plot_path": "traces/requests_types_16k/all_traces_arrival_rate_CV/SS00_SM00_SL00_MS00_MM00_ML00_LS00_LM00_LL100/lognormal_lambda2.0x_cv2/lognormal_lambda2.0x_cv2.png"
}