{
  "PPR": 6.641927083333333,
  "TPI": 0.53773783890671,
  "OV_block_step": 143106746,
  "OV_frac": 0.818811393655432,
  "GE2_frac": 0.24470712308300743,
  "peak_blocks": 5101,
  "peak_step": 179026,
  "gpu_blocks": 768,
  "total_steps": 227570,
  "type1_count": 113,
  "type2_count": 83,
  "plot_path": "traces/request_types/all_traces/SS00_SL00_LS75_LL25/bim50/bim50_hi_ov83.png"
}