{
  "PPR": 3.3209635416666665,
  "TPI": 0.24437755415915982,
  "OV_block_step": 76584237,
  "OV_frac": 0.21909535218559126,
  "GE2_frac": 0.09406775937074306,
  "peak_blocks": 5101,
  "peak_step": 179026,
  "gpu_blocks": 1536,
  "total_steps": 227570,
  "type1_count": 51,
  "type2_count": 57,
  "plot_path": "traces/request_types/all_traces/SS00_SL00_LS75_LL25/bim50/bim50_ml_ov22.png"
}