{
  "PPR": 3.98515625,
  "TPI": 0.326721448345564,
  "OV_block_step": 92958352,
  "OV_frac": 0.31912691699257373,
  "GE2_frac": 0.141600386694204,
  "peak_blocks": 5101,
  "peak_step": 179026,
  "gpu_blocks": 1280,
  "total_steps": 227570,
  "type1_count": 92,
  "type2_count": 82,
  "plot_path": "traces/request_types/all_traces/SS00_SL00_LS75_LL25/bim50/bim50_md_ov33.png"
}