{
  "PPR": 1.9986979166666667,
  "TPI": 0.19494713609737882,
  "OV_block_step": 16166113,
  "OV_frac": 0.05865921955959753,
  "GE2_frac": 0.0,
  "peak_blocks": 3070,
  "peak_step": 106830,
  "gpu_blocks": 1536,
  "total_steps": 179423,
  "type1_count": 86,
  "type2_count": 48,
  "plot_path": "traces/request_types/SS25_SL00_LS75_LL00/bim50/bim50_lo_ov13.png"
}