{
  "PPR": 3.6899038461538463,
  "TPI": 0.4505052306560474,
  "OV_block_step": 53869789,
  "OV_frac": 0.36086422893428893,
  "GE2_frac": 0.16136169833298963,
  "peak_blocks": 3070,
  "peak_step": 106830,
  "gpu_blocks": 832,
  "total_steps": 179423,
  "type1_count": 134,
  "type2_count": 52,
  "plot_path": "traces/request_types/SS25_SL00_LS75_LL00/bim50/bim50_mh_ov51.png"
}