{
  "PPR": 1.4990234375,
  "TPI": 0.07271642988914465,
  "OV_block_step": 4506938,
  "OV_frac": 0.012265168458405555,
  "GE2_frac": 0.0,
  "peak_blocks": 3070,
  "peak_step": 106830,
  "gpu_blocks": 2048,
  "total_steps": 179423,
  "type1_count": 36,
  "type2_count": 37,
  "plot_path": "traces/request_types/SS25_SL00_LS75_LL00/bim50/bim50_vl_ov4.png"
}