{
  "PPR": 4.1834239130434785,
  "TPI": 0.46526532431879813,
  "OV_block_step": 68882387,
  "OV_frac": 0.3137105172014523,
  "GE2_frac": 0.10873419970301643,
  "peak_blocks": 3079,
  "peak_step": 133530,
  "gpu_blocks": 736,
  "total_steps": 298333,
  "type1_count": 265,
  "type2_count": 124,
  "plot_path": "traces/request_types/SS00_SL100_LS00_LL00/bim50/bim50_md_ov35.png"
}