{
  "PPR": 5.345486111111111,
  "TPI": 0.5822151756594142,
  "OV_block_step": 93968864,
  "OV_frac": 0.5468399033592961,
  "GE2_frac": 0.20809632189533173,
  "peak_blocks": 3079,
  "peak_step": 133530,
  "gpu_blocks": 576,
  "total_steps": 298333,
  "type1_count": 306,
  "type2_count": 107,
  "plot_path": "traces/request_types/SS00_SL100_LS00_LL00/bim50/bim50_mh_ov59.png"
}