{
  "PPR": 2.038483093592378,
  "TPI": 0.3714250109041062,
  "OV_block_step": 41781438,
  "OV_frac": 0.2431689765896165,
  "GE2_frac": 0.008629821172658732,
  "peak_blocks": 10912,
  "peak_step": 14269,
  "gpu_blocks": 5353,
  "total_steps": 32098,
  "type1_count": 38,
  "type2_count": 19,
  "plot_path": "traces/SS00_SL12_LS87_LL00/tsa05/tsa05_md_ov24.png"
}