{
  "PPR": 6.190476190476191,
  "TPI": 0.627428406965031,
  "OV_block_step": 1656199,
  "OV_frac": 0.7093342481617773,
  "GE2_frac": 0.2587422650741114,
  "peak_blocks": 1040,
  "peak_step": 8098,
  "gpu_blocks": 168,
  "total_steps": 13898,
  "type1_count": 76,
  "type2_count": 46,
  "plot_path": "traces/requests_types_8k/all_traces_arrival_rate_CV/SS00_SM00_SL00_MS00_MM00_ML00_LS33_LM33_LL34/lognormal_lambda2.5x_cv2/lognormal_lambda2.5x_cv2.png"
}