{
  "PPR": 2.1941391941391943,
  "TPI": 0.48509575353871776,
  "OV_block_step": 396499,
  "OV_frac": 0.24186133045416974,
  "GE2_frac": 0.053621981681931725,
  "peak_blocks": 599,
  "peak_step": 1036,
  "gpu_blocks": 273,
  "total_steps": 6005,
  "type1_count": 70,
  "type2_count": 43,
  "plot_path": "traces/requests_types_16k/all_traces_arrival_rate_CV/SS06_SM27_SL20_MS09_MM11_ML01_LS04_LM12_LL10/lognormal_lambda4.0x_cv2/lognormal_lambda4.0x_cv2.png"
}