{
  "PPR": 5.813755795981453,
  "TPI": 0.9556155073347254,
  "OV_block_step": 555953176,
  "OV_frac": 1.3931414141792804,
  "GE2_frac": 0.6636467399058353,
  "peak_blocks": 15046,
  "peak_step": 77898,
  "gpu_blocks": 2588,
  "total_steps": 154198,
  "type1_count": 44,
  "type2_count": 17,
  "plot_path": "traces/requests_types_128k/all_traces_arrival_rate_CV/SS05_SM02_SL22_MS01_MM07_ML11_LS31_LM03_LL19/lognormal_lambda4.0x_cv1/lognormal_lambda4.0x_cv1.png"
}