{
  "PPR": 2.954861111111111,
  "TPI": 0.49996300406955235,
  "OV_block_step": 1514890,
  "OV_frac": 0.3891997574711226,
  "GE2_frac": 0.14731779504254533,
  "peak_blocks": 851,
  "peak_step": 7959,
  "gpu_blocks": 288,
  "total_steps": 13515,
  "type1_count": 37,
  "type2_count": 20,
  "plot_path": "traces/requests_types_16k/all_traces_arrival_rate_CV/SS15_SM13_SL18_MS00_MM19_ML17_LS06_LM03_LL09/lognormal_lambda3.5x_cv5/lognormal_lambda3.5x_cv5.png"
}