{
  "PPR": 2.9875296912114013,
  "TPI": 0.25958995044136574,
  "OV_block_step": 82361072,
  "OV_frac": 0.12391685500298974,
  "GE2_frac": 0.03338366896048484,
  "peak_blocks": 10062,
  "peak_step": 175308,
  "gpu_blocks": 3368,
  "total_steps": 197342,
  "type1_count": 68,
  "type2_count": 52,
  "plot_path": "traces/requests_types_128k_bs8/all_traces_arrival_rate_CV/SS09_SM11_SL08_MS09_MM08_ML09_LS18_LM23_LL05/lognormal_lambda3.5x_cv1/lognormal_lambda3.5x_cv1.png"
}