{
  "PPR": 3.203125,
  "TPI": 0.5243691023658013,
  "OV_block_step": 56177225,
  "OV_frac": 0.37966712888590726,
  "GE2_frac": 0.15976165512659476,
  "peak_blocks": 4920,
  "peak_step": 48743,
  "gpu_blocks": 1536,
  "total_steps": 96331,
  "type1_count": 74,
  "type2_count": 54,
  "plot_path": "traces/requests_types_48k/all_traces_arrival_rate_CV/SS07_SM08_SL06_MS09_MM09_ML09_LS07_LM08_LL38/lognormal_lambda2.5x_cv1/lognormal_lambda2.5x_cv1.png"
}