{
  "PPR": 1.6502551786250375,
  "TPI": 0.2605791794527966,
  "OV_block_step": 16815886,
  "OV_frac": 0.04339375787347799,
  "GE2_frac": 0.0,
  "peak_blocks": 16491,
  "peak_step": 19267,
  "gpu_blocks": 9993,
  "total_steps": 38779,
  "type1_count": 56,
  "type2_count": 19,
  "plot_path": "traces/request_types/SS43_SL12_LS12_LL31/uni05/uni05_vl_ov4.png"
}