{
  "PPR": 2.6654275092936803,
  "TPI": 0.617009206013564,
  "OV_block_step": 82567751,
  "OV_frac": 0.3441388742087638,
  "GE2_frac": 0.04603006782021197,
  "peak_blocks": 16491,
  "peak_step": 19267,
  "gpu_blocks": 6187,
  "total_steps": 38779,
  "type1_count": 44,
  "type2_count": 11,
  "plot_path": "traces/request_types/SS43_SL12_LS12_LL31/uni05/uni05_md_ov34.png"
}