{
  "PPR": 3.308788121990369,
  "TPI": 0.7242321875241755,
  "OV_block_step": 113517442,
  "OV_frac": 0.5873378063626551,
  "GE2_frac": 0.2622553443874262,
  "peak_blocks": 16491,
  "peak_step": 19267,
  "gpu_blocks": 4984,
  "total_steps": 38779,
  "type1_count": 37,
  "type2_count": 11,
  "plot_path": "traces/request_types/SS43_SL12_LS12_LL31/uni05/uni05_mh_ov59.png"
}