{
  "PPR": 3.943328550932568,
  "TPI": 0.7796229918254726,
  "OV_block_step": 137213647,
  "OV_frac": 0.8460902168783414,
  "GE2_frac": 0.39949457180432707,
  "peak_blocks": 16491,
  "peak_step": 19267,
  "gpu_blocks": 4182,
  "total_steps": 38779,
  "type1_count": 31,
  "type2_count": 8,
  "plot_path": "traces/request_types/SS43_SL12_LS12_LL31/uni05/uni05_hi_ov85.png"
}