{
  "PPR": 2.566854990583804,
  "TPI": 0.39926184588236757,
  "OV_block_step": 8073945,
  "OV_frac": 0.18895216278566718,
  "GE2_frac": 0.02382224652359235,
  "peak_blocks": 1363,
  "peak_step": 17376,
  "gpu_blocks": 531,
  "total_steps": 80471,
  "type1_count": 128,
  "type2_count": 50,
  "plot_path": "traces/requests_types_32k/all_traces_arrival_rate_CV/SS03_SM24_SL03_MS36_MM03_ML12_LS06_LM06_LL07/lognormal_lambda2.0x_cv1/lognormal_lambda2.0x_cv1.png"
}