{
  "PPR": 3.1095406360424027,
  "TPI": 0.16113499214681326,
  "OV_block_step": 4050999,
  "OV_frac": 0.07395678731782637,
  "GE2_frac": 0.021265603042076548,
  "peak_blocks": 1760,
  "peak_step": 51087,
  "gpu_blocks": 566,
  "total_steps": 96776,
  "type1_count": 46,
  "type2_count": 55,
  "plot_path": "traces/requests_types_32k/all_traces_arrival_rate_CV/SS00_SM06_SL06_MS06_MM39_ML00_LS06_LM18_LL19/lognormal_lambda1.0x_cv1/lognormal_lambda1.0x_cv1.png"
}