{
  "PPR": 3.5259515570934257,
  "TPI": 0.8274171119080729,
  "OV_block_step": 3232332,
  "OV_frac": 0.8186005849657867,
  "GE2_frac": 0.3817609602576301,
  "peak_blocks": 1019,
  "peak_step": 12762,
  "gpu_blocks": 289,
  "total_steps": 13663,
  "type1_count": 71,
  "type2_count": 26,
  "plot_path": "traces/requests_types_16k/all_traces_arrival_rate_CV/SS19_SM26_SL11_MS14_MM09_ML02_LS10_LM01_LL08/lognormal_lambda3.0x_cv5/lognormal_lambda3.0x_cv5.png"
}