{
  "PPR": 1.95951288945121,
  "TPI": 0.6637369513894815,
  "OV_block_step": 48841968,
  "OV_frac": 0.2197142191895984,
  "GE2_frac": 0.0,
  "peak_blocks": 12390,
  "peak_step": 16794,
  "gpu_blocks": 6323,
  "total_steps": 35157,
  "type1_count": 80,
  "type2_count": 34,
  "plot_path": "traces/request_types/SS25_SL25_LS25_LL25/poi05/poi05_ml_ov22.png"
}