{
  "PPR": 2.5911458333333335,
  "TPI": 0.44256434553073143,
  "OV_block_step": 41418701,
  "OV_frac": 0.16591886667081998,
  "GE2_frac": 0.008146639511201629,
  "peak_blocks": 3980,
  "peak_step": 70795,
  "gpu_blocks": 1536,
  "total_steps": 162521,
  "type1_count": 114,
  "type2_count": 62,
  "plot_path": "traces/requests_types_48k/all_traces_arrival_rate_CV/SS05_SM22_SL01_MS13_MM01_ML37_LS03_LM03_LL15/lognormal_lambda2.5x_cv1/lognormal_lambda2.5x_cv1.png"
}