{
  "PPR": 9.602218700475436,
  "TPI": 0.5602140384010073,
  "OV_block_step": 30571489,
  "OV_frac": 1.5250006110679621,
  "GE2_frac": 0.44488511174063583,
  "peak_blocks": 6059,
  "peak_step": 26661,
  "gpu_blocks": 631,
  "total_steps": 31770,
  "type1_count": 17,
  "type2_count": 16,
  "plot_path": "traces/requests_types_32k/all_traces_arrival_rate_CV/SS00_SM00_SL00_MS00_MM00_ML00_LS33_LM00_LL67/lognormal_lambda4.5x_cv5/lognormal_lambda4.5x_cv5.png"
}