{
  "PPR": 3.0327868852459017,
  "TPI": 0.12418843321673087,
  "OV_block_step": 1574593,
  "OV_frac": 0.07026909308688017,
  "GE2_frac": 0.022322340034572404,
  "peak_blocks": 925,
  "peak_step": 65348,
  "gpu_blocks": 305,
  "total_steps": 73469,
  "type1_count": 51,
  "type2_count": 63,
  "plot_path": "traces/requests_types_16k/all_traces_arrival_rate_CV/SS02_SM02_SL02_MS01_MM01_ML02_LS01_LM03_LL86/lognormal_lambda1.0x_cv3/lognormal_lambda1.0x_cv3.png"
}