{
  "PPR": 2.0135135135135136,
  "TPI": 0.08062668194292719,
  "OV_block_step": 141044,
  "OV_frac": 0.025392342330340253,
  "GE2_frac": 0.00018651248301404172,
  "peak_blocks": 298,
  "peak_step": 5990,
  "gpu_blocks": 148,
  "total_steps": 37531,
  "type1_count": 55,
  "type2_count": 31,
  "plot_path": "traces/requests_types_8k/all_traces_arrival_rate_CV/SS15_SM02_SL11_MS22_MM03_ML32_LS00_LM00_LL14/lognormal_lambda1.0x_cv4/lognormal_lambda1.0x_cv4.png"
}