{
  "PPR": 4.731958762886598,
  "TPI": 0.5312053358742258,
  "OV_block_step": 8970064,
  "OV_frac": 0.48951821818822794,
  "GE2_frac": 0.1878354772113705,
  "peak_blocks": 2754,
  "peak_step": 23286,
  "gpu_blocks": 582,
  "total_steps": 31485,
  "type1_count": 56,
  "type2_count": 34,
  "plot_path": "traces/requests_types_32k/all_traces_arrival_rate_CV/SS10_SM24_SL05_MS05_MM03_ML14_LS09_LM12_LL18/lognormal_lambda1.5x_cv7/lognormal_lambda1.5x_cv7.png"
}