{
  "PPR": 1.7182254196642686,
  "TPI": 0.043906527475810336,
  "OV_block_step": 1036504,
  "OV_frac": 0.005156633493596804,
  "GE2_frac": 0.0,
  "peak_blocks": 2866,
  "peak_step": 9557,
  "gpu_blocks": 1668,
  "total_steps": 120506,
  "type1_count": 16,
  "type2_count": 19,
  "plot_path": "traces/SS83_SL00_LS08_LL08/bur05/bur05_sk_ov1.png"
}