{
  "PPR": 2.6882241051357427,
  "TPI": 0.6808424463345484,
  "OV_block_step": 77189365,
  "OV_frac": 0.36040592901812435,
  "GE2_frac": 0.05297691373025516,
  "peak_blocks": 15546,
  "peak_step": 13066,
  "gpu_blocks": 5783,
  "total_steps": 37035,
  "type1_count": 44,
  "type2_count": 16,
  "plot_path": "traces/request_types/SS14_SL39_LS12_LL33/poi05/poi05_md_ov36.png"
}