{
  "PPR": 4.311594202898551,
  "TPI": 0.46317096878712605,
  "OV_block_step": 3311377,
  "OV_frac": 0.6478962497906463,
  "GE2_frac": 0.30051841451560646,
  "peak_blocks": 1190,
  "peak_step": 9350,
  "gpu_blocks": 276,
  "total_steps": 18518,
  "type1_count": 61,
  "type2_count": 26,
  "plot_path": "traces/requests_types_16k/all_traces_arrival_rate_CV/SS15_SM02_SL11_MS22_MM03_ML32_LS00_LM00_LL14/lognormal_lambda4.0x_cv7/lognormal_lambda4.0x_cv7.png"
}