{
  "batch_size": 4,
  "max_model_len": 32384,
  "num_gpu_blocks_override": 3217,
  "arrival_pattern": "PeriodicArrival(interval=273)",
  "vocab": [200, 30000],
  "requests": {
    "request_0": {"category": "SS_I1632-2448_O192-304", "input_length": 1989, "output_length": 293, "arrival_time": 0, "sched_time": 0, "wait_time": 0, "slo": 0.051805591226371586},
    "request_1": {"category": "LS_I3264-4912_O400-608", "input_length": 4699, "output_length": 560, "arrival_time": 0, "sched_time": 0, "wait_time": 0, "slo": 0.05478778068236098},
    "request_2": {"category": "LS_I6544-9824_O400-608", "input_length": 7316, "output_length": 524, "arrival_time": 0, "sched_time": 0, "wait_time": 0, "slo": 0.05737327983785599},
    "request_3": {"category": "LS_I3264-4912_O400-608", "input_length": 3971, "output_length": 433, "arrival_time": 0, "sched_time": 0, "wait_time": 0, "slo": 0.053931290260839},
    "request_4": {"category": "SS_I1632-2448_O192-304", "input_length": 1923, "output_length": 272, "arrival_time": 562, "sched_time": 562, "wait_time": 0, "slo": 0.05171843956944479},
    "request_5": {"category": "SL_I192-304_O6544-9824", "input_length": 239, "output_length": 8354, "arrival_time": 836, "sched_time": 836, "wait_time": 0, "slo": 0.05812759245470517},
    "request_6": {"category": "SS_I816-1216_O816-1216", "input_length": 1064, "output_length": 829, "arrival_time": 1638, "sched_time": 1638, "wait_time": 0, "slo": 0.051415913128158665},
    "request_7": {"category": "SL_I400-608_O13104-19648", "input_length": 582, "output_length": 17526, "arrival_time": 1911, "sched_time": 1911, "wait_time": 0, "slo": 0.06765917884158429},
    "request_8": {"category": "SS_I1632-2448_O1632-2448", "input_length": 2217, "output_length": 1993, "arrival_time": 2184, "sched_time": 2184, "wait_time": 0, "slo": 0.053736952083324074},
    "request_9": {"category": "SS_I1632-2448_O192-304", "input_length": 1635, "output_length": 273, "arrival_time": 2457, "sched_time": 2468, "wait_time": 11, "slo": 0.05143093927590466},
    "request_10": {"category": "SL_I1632-2448_O13104-19648", "input_length": 2241, "output_length": 13768, "arrival_time": 2730, "sched_time": 2742, "wait_time": 12, "slo": 0.0655565199003274},
    "request_11": {"category": "SS_I400-608_O816-1216", "input_length": 520, "output_length": 1215, "arrival_time": 3003, "sched_time": 4178, "wait_time": 1175, "slo": 0.05125763770523413},
    "request_12": {"category": "SS_I1632-2448_O1632-2448", "input_length": 1770, "output_length": 2150, "arrival_time": 3276, "sched_time": 5394, "wait_time": 2118, "slo": 0.05344644656023475},
    "request_13": {"category": "SL_I192-304_O6544-9824", "input_length": 245, "output_length": 9704, "arrival_time": 3549, "sched_time": 7545, "wait_time": 3996, "slo": 0.05948595621094354},
    "request_14": {"category": "SS_I192-304_O816-1216", "input_length": 208, "output_length": 1054, "arrival_time": 3822, "sched_time": 9191, "wait_time": 5369, "slo": 0.05078381317964361},
    "request_15": {"category": "LS_I6544-9824_O400-608", "input_length": 9175, "output_length": 548, "arrival_time": 4095, "sched_time": 10246, "wait_time": 6151, "slo": 0.059259562251570475},
    "request_16": {"category": "LS_I3264-4912_O816-1216", "input_length": 3419, "output_length": 1210, "arrival_time": 4368, "sched_time": 10795, "wait_time": 6427, "slo": 0.054156682477029},
    "request_17": {"category": "LS_I3264-4912_O816-1216", "input_length": 3856, "output_length": 1009, "arrival_time": 4641, "sched_time": 12006, "wait_time": 7365, "slo": 0.054393093868232725},
    "request_18": {"category": "SS_I192-304_O816-1216", "input_length": 285, "output_length": 917, "arrival_time": 4914, "sched_time": 13016, "wait_time": 8102, "slo": 0.05072370858865961},
    "request_19": {"category": "SL_I400-608_O6544-9824", "input_length": 575, "output_length": 8396, "arrival_time": 5187, "sched_time": 13934, "wait_time": 8747, "slo": 0.05850625137790436},
    "request_20": {"category": "SL_I192-304_O13104-19648", "input_length": 266, "output_length": 13286, "arrival_time": 5460, "sched_time": 16511, "wait_time": 11051, "slo": 0.06309523689953266},
    "request_21": {"category": "LS_I3264-4912_O1632-2448", "input_length": 3924, "output_length": 2425, "arrival_time": 5733, "sched_time": 17250, "wait_time": 11517, "slo": 0.055879680751903624},
    "request_22": {"category": "LS_I3264-4912_O1632-2448", "input_length": 4601, "output_length": 2011, "arrival_time": 6006, "sched_time": 19438, "wait_time": 13432, "slo": 0.056143139209050154},
    "request_23": {"category": "SS_I1632-2448_O400-608", "input_length": 2385, "output_length": 427, "arrival_time": 6279, "sched_time": 19676, "wait_time": 13397, "slo": 0.0523365151133969},
    "request_24": {"category": "SL_I192-304_O6544-9824", "input_length": 238, "output_length": 8991, "arrival_time": 6552, "sched_time": 20104, "wait_time": 13552, "slo": 0.05876470111913556},
    "request_25": {"category": "LS_I6544-9824_O1632-2448", "input_length": 7938, "output_length": 2287, "arrival_time": 6825, "sched_time": 21450, "wait_time": 14625, "slo": 0.05976243732946993},
    "request_26": {"category": "SL_I816-1216_O6544-9824", "input_length": 1015, "output_length": 9056, "arrival_time": 7098, "sched_time": 22331, "wait_time": 15233, "slo": 0.05960816887927767},
    "request_27": {"category": "SL_I400-608_O3264-4912", "input_length": 595, "output_length": 3966, "arrival_time": 7371, "sched_time": 23738, "wait_time": 16367, "slo": 0.05408856394058047},
    "request_28": {"category": "SL_I400-608_O13104-19648", "input_length": 525, "output_length": 13873, "arrival_time": 7644, "sched_time": 27705, "wait_time": 20061, "slo": 0.06394271163240703},
    "request_29": {"category": "SL_I192-304_O13104-19648", "input_length": 300, "output_length": 18913, "arrival_time": 7917, "sched_time": 29096, "wait_time": 21179, "slo": 0.06876610505887293},
    "request_30": {"category": "LS_I6544-9824_O816-1216", "input_length": 8248, "output_length": 980, "arrival_time": 8190, "sched_time": 29798, "wait_time": 21608, "slo": 0.05876369937595249},
    "request_31": {"category": "SS_I1632-2448_O400-608", "input_length": 1971, "output_length": 555, "arrival_time": 8463, "sched_time": 30779, "wait_time": 22316, "slo": 0.05205001656303985},
    "request_32": {"category": "SL_I192-304_O13104-19648", "input_length": 213, "output_length": 13516, "arrival_time": 8736, "sched_time": 31335, "wait_time": 22599, "slo": 0.06327254544293545},
    "request_33": {"category": "SS_I1632-2448_O192-304", "input_length": 2005, "output_length": 216, "arrival_time": 9009, "sched_time": 31388, "wait_time": 22379, "slo": 0.05174448489220452},
    "request_34": {"category": "SS_I816-1216_O1632-2448", "input_length": 894, "output_length": 2006, "arrival_time": 9227, "sched_time": 31605, "wait_time": 22378, "slo": 0.05242466851350677},
    "request_35": {"category": "SS_I1632-2448_O192-304", "input_length": 1722, "output_length": 214, "arrival_time": 9555, "sched_time": 33612, "wait_time": 24057, "slo": 0.05145898808503053},
    "request_36": {"category": "SS_I1632-2448_O816-1216", "input_length": 1867, "output_length": 1089, "arrival_time": 9771, "sched_time": 33827, "wait_time": 24056, "slo": 0.052480766131758505},
    "request_37": {"category": "SL_I400-608_O3264-4912", "input_length": 508, "output_length": 4132, "arrival_time": 10101, "sched_time": 34917, "wait_time": 24816, "slo": 0.05416770165204273},
    "request_38": {"category": "SL_I400-608_O13104-19648", "input_length": 460, "output_length": 14971, "arrival_time": 10374, "sched_time": 39050, "wait_time": 28676, "slo": 0.06497751234051488},
    "request_39": {"category": "SL_I816-1216_O3264-4912", "input_length": 1196, "output_length": 3686, "arrival_time": 10647, "sched_time": 41579, "wait_time": 30932, "slo": 0.05441012350234486},
    "request_40": {"category": "SL_I192-304_O13104-19648", "input_length": 285, "output_length": 16875, "arrival_time": 10920, "sched_time": 44852,