{
  "PPR": 2.444856348470806,
  "TPI": 0.13262210471688127,
  "OV_block_step": 58544258,
  "OV_frac": 0.07004433785611129,
  "GE2_frac": 0.01586322102909548,
  "peak_blocks": 5276,
  "peak_step": 222291,
  "gpu_blocks": 2158,
  "total_steps": 387311,
  "type1_count": 31,
  "type2_count": 28,
  "plot_path": "traces/requests_types_128k/all_traces_arrival_rate_CV/SS55_SM04_SL04_MS04_MM02_ML15_LS04_LM04_LL05/lognormal_lambda1.0x_cv1/lognormal_lambda1.0x_cv1.png"
}