{
  "PPR": 4.4086629001883235,
  "TPI": 0.5571627316993331,
  "OV_block_step": 17962608,
  "OV_frac": 0.6920881993054077,
  "GE2_frac": 0.2906420066287491,
  "peak_blocks": 2341,
  "peak_step": 10078,
  "gpu_blocks": 531,
  "total_steps": 48878,
  "type1_count": 78,
  "type2_count": 26,
  "plot_path": "traces/requests_types_32k/all_traces_arrival_rate_CV/SS03_SM24_SL03_MS36_MM03_ML12_LS06_LM06_LL07/lognormal_lambda1.5x_cv7/lognormal_lambda1.5x_cv7.png"
}