{
  "PPR": 1.4379465027413192,
  "TPI": 0.37689889225163814,
  "OV_block_step": 20008881,
  "OV_frac": 0.09767832963468454,
  "GE2_frac": 0.0,
  "peak_blocks": 8655,
  "peak_step": 19185,
  "gpu_blocks": 6019,
  "total_steps": 34033,
  "type1_count": 65,
  "type2_count": 16,
  "plot_path": "traces/SS25_SL00_LS75_LL00/per05/per05_lo_ov10.png"
}