{
  "PPR": 4.6482758620689655,
  "TPI": 0.7919689936455,
  "OV_block_step": 13332437,
  "OV_frac": 1.035961978675361,
  "GE2_frac": 0.4953805939880121,
  "peak_blocks": 2696,
  "peak_step": 5482,
  "gpu_blocks": 580,
  "total_steps": 22189,
  "type1_count": 39,
  "type2_count": 14,
  "plot_path": "traces/requests_types_32k/all_traces_arrival_rate_CV/SS15_SM17_SL08_MS09_MM06_ML17_LS06_LM14_LL09/lognormal_lambda4.0x_cv4/lognormal_lambda4.0x_cv4.png"
}