{
  "PPR": 5.654761904761905,
  "TPI": 0.14163667632727156,
  "OV_block_step": 5360526,
  "OV_frac": 0.12702591188072412,
  "GE2_frac": 0.04150609892034778,
  "peak_blocks": 1900,
  "peak_step": 1076,
  "gpu_blocks": 336,
  "total_steps": 125596,
  "type1_count": 80,
  "type2_count": 44,
  "plot_path": "traces/requests_types_16k/all_traces_arrival_rate_CV/SS00_SM00_SL00_MS00_MM00_ML00_LS33_LM33_LL34/lognormal_lambda1.5x_cv7/lognormal_lambda1.5x_cv7.png"
}