{
  "PPR": 3.711864406779661,
  "TPI": 0.411094030233154,
  "OV_block_step": 12317247,
  "OV_frac": 0.2971601592864246,
  "GE2_frac": 0.09546502690238279,
  "peak_blocks": 1971,
  "peak_step": 11146,
  "gpu_blocks": 531,
  "total_steps": 78060,
  "type1_count": 113,
  "type2_count": 39,
  "plot_path": "traces/requests_types_32k/all_traces_arrival_rate_CV/SS03_SM24_SL03_MS36_MM03_ML12_LS06_LM06_LL07/lognormal_lambda4.0x_cv4/lognormal_lambda4.0x_cv4.png"
}